file_path,standardized_z
1001_TME07-1_30x_Str_05B_xyz-3495-18394-128,0.547008547
1002_TME07-1_30x_Str_05B_xyz-3553-9333-260,0.893162393
1004_TME07-1_30x_Str_05B_xyz-3861-13906-168,0.717948718
1005_TME07-1_30x_Str_05B_xyz-4211-18593-355,0.487179487
1006_TME07-1_30x_Str_05B_xyz-4413-17905-16,0.068376068
1007_TME07-1_30x_Str_05B_xyz-4417-18113-366,0.44017094
1008_TME07-1_30x_Str_05B_xyz-4527-20831-183,0.782051282
1009_TME07-1_30x_Str_05B_xyz-4694-5498-443,0.111111111
1010_TME07-1_30x_Str_05B_xyz-4730-6000-377,0.393162393
1011_TME07-1_30x_Str_05B_xyz-4815-12437-198,0.846153846
1012_TME07-1_30x_Str_05B_xyz-4854-8522-416,0.226495726
1013_TME07-1_30x_Str_05B_xyz-4988-12549-399,0.299145299
1014_TME07-1_30x_Str_05B_xyz-5291-16566-88,0.376068376
1015_TME07-1_30x_Str_05B_xyz-5347-8517-183,0.782051282
1016_TME07-1_30x_Str_05B_xyz-5369-19096-133,0.568376068
1017_TME07-1_30x_Str_05B_xyz-5406-9296-196,0.837606838
1018_TME07-1_30x_Str_05B_xyz-5469-9333-275,0.829059829
1019_TME07-1_30x_Str_05B_xyz-5495-12046-244,0.961538462
1020_TME07-1_30x_Str_05B_xyz-5496-19282-343,0.538461538
1021_TME07-1_30x_Str_05B_xyz-5500-20987-56,0.239316239
1022_TME07-1_30x_Str_05B_xyz-5502-16160-235,1
1024_TME07-1_30x_Str_05B_xyz-6035-8827-40,0.170940171
1025_TME07-1_30x_Str_05B_xyz-6108-10727-265,0.871794872
1027_TME07-1_30x_Str_05B_xyz-6181-15170-224,0.957264957
1030_TME07-1_30x_Str_05B_xyz-6446-13031-439,0.128205128
1031_TME07-1_30x_Str_05B_xyz-6453-9860-353,0.495726496
1032_TME07-1_30x_Str_05B_xyz-6480-10486-316,0.653846154
1033_TME07-1_30x_Str_05B_xyz-6534-9317-68,0.290598291
1034_TME07-1_30x_Str_05B_xyz-6543-14537-392,0.329059829
1035_TME07-1_30x_Str_05B_xyz-6585-8468-74,0.316239316
1036_TME07-1_30x_Str_05B_xyz-6670-8037-95,0.405982906
1037_TME07-1_30x_Str_05B_xyz-6689-6307-418,0.217948718
1038_TME07-1_30x_Str_05B_xyz-6715-9318-66,0.282051282
1039_TME07-1_30x_Str_05B_xyz-6744-11033-442,0.115384615
1040_TME07-1_30x_Str_05B_xyz-6857-19532-357,0.478632479
1041_TME07-1_30x_Str_05B_xyz-6948-15961-244,0.961538462
1042_TME07-1_30x_Str_05B_xyz-6988-8478-90,0.384615385
1043_TME07-1_30x_Str_05B_xyz-7115-14487-317,0.64957265
1044_TME07-1_30x_Str_05B_xyz-7158-16545-376,0.397435897
1045_TME07-1_30x_Str_05B_xyz-7176-6781-320,0.636752137
1047_TME07-1_30x_Str_05B_xyz-7265-19054-43,0.183760684
1049_TME07-1_30x_Str_05B_xyz-7313-11251-62,0.264957265
1050_TME07-1_30x_Str_05B_xyz-7362-6817-222,0.948717949
1052_TME07-1_30x_Str_05B_xyz-7492-9920-74,0.316239316
1054_TME07-1_30x_Str_05B_xyz-7698-13325-345,0.52991453
1055_TME07-1_30x_Str_05B_xyz-7719-11796-267,0.863247863
1058_TME07-1_30x_Str_05B_xyz-8129-11849-392,0.329059829
1059_TME07-1_30x_Str_05B_xyz-8456-13056-34,0.145299145
1060_TME07-1_30x_Str_05B_xyz-8483-11090-376,0.397435897
1061_TME07-1_30x_Str_05B_xyz-8542-17177-396,0.311965812
1062_TME07-1_30x_Str_05B_xyz-8599-15946-373,0.41025641
1063_TME07-1_30x_Str_05B_xyz-8610-14426-172,0.735042735
1064_TME07-1_30x_Str_05B_xyz-8707-16761-435,0.145299145
1065_TME07-1_30x_Str_05B_xyz-8748-13234-355,0.487179487
1066_TME07-1_30x_Str_05B_xyz-8754-12129-213,0.91025641
1067_TME07-1_30x_Str_05B_xyz-8801-10203-435,0.145299145
1068_TME07-1_30x_Str_05B_xyz-8823-15687-431,0.162393162
1069_TME07-1_30x_Str_05B_xyz-8995-8554-150,0.641025641
1070_TME07-1_30x_Str_05B_xyz-9047-14928-46,0.196581197
1071_TME07-1_30x_Str_05B_xyz-9178-13106-358,0.474358974
1072_TME07-1_30x_Str_05B_xyz-9261-11936-171,0.730769231
1073_TME07-1_30x_Str_05B_xyz-9308-16798-372,0.414529915
1074_TME07-1_30x_Str_05B_xyz-9366-10693-394,0.320512821
1075_TME07-1_30x_Str_05B_xyz-9605-14694-375,0.401709402
1076_TME07-1_30x_Str_05B_xyz-9740-15456-203,0.867521368
1077_TME07-1_30x_Str_05B_xyz-9847-15708-190,0.811965812
1079_TME07-1_30x_Str_05B_xyz-10612-14742-359,0.47008547
1080_TME07-1_30x_Str_05B_xyz-10708-12594-434,0.14957265
1081_TME07-1_30x_Str_05B_xyz-10994-15414-100,0.427350427
1083_TME07-1_30x_Str_06A_xyz-2086-6533-350,0.545833333
1084_TME07-1_30x_Str_06A_xyz-2429-6689-211,0.879166667
1087_TME07-1_30x_Str_06A_xyz-2709-4564-53,0.220833333
1088_TME07-1_30x_Str_06A_xyz-2830-5879-311,0.708333333
1089_TME07-1_30x_Str_06A_xyz-2930-5049-367,0.475
1091_TME07-1_30x_Str_06A_xyz-3471-7723-393,0.366666667
1093_TME07-1_30x_Str_06A_xyz-3680-3568-147,0.6125
1094_TME07-1_30x_Str_06A_xyz-3750-3769-111,0.4625
1095_TME07-1_30x_Str_06A_xyz-3932-8586-101,0.420833333
1097_TME07-1_30x_Str_06A_xyz-4355-1880-316,0.6875
1098_TME07-1_30x_Str_06A_xyz-4598-3915-400,0.3375
1099_TME07-1_30x_Str_06A_xyz-4770-11103-130,0.541666667
1100_TME07-1_30x_Str_06A_xyz-4864-4524-423,0.241666667
1101_TME07-1_30x_Str_06A_xyz-4958-9257-160,0.666666667
1102_TME07-1_30x_Str_06A_xyz-4985-4971-52,0.216666667
1103_TME07-1_30x_Str_06A_xyz-5024-11645-361,0.5
1104_TME07-1_30x_Str_06A_xyz-5520-1643-52,0.216666667
1105_TME07-1_30x_Str_06A_xyz-5876-1093-340,0.5875
1106_TME07-1_30x_Str_06A_xyz-5879-11821-327,0.641666667
1108_TME07-1_30x_Str_06A_xyz-6088-1494-375,0.441666667
1109_TME07-1_30x_Str_06A_xyz-6096-1097-183,0.7625
1110_TME07-1_30x_Str_06A_xyz-6181-2154-80,0.333333333
1111_TME07-1_30x_Str_06A_xyz-6233-13389-102,0.425
1112_TME07-1_30x_Str_06A_xyz-6326-3013-52,0.216666667
1113_TME07-1_30x_Str_06A_xyz-6337-13711-331,0.625
1115_TME07-1_30x_Str_06A_xyz-6542-10803-106,0.441666667
1117_TME07-1_30x_Str_06A_xyz-6733-8822-163,0.679166667
1119_TME07-1_30x_Str_06A_xyz-6835-6198-446,0.145833333
1120_TME07-1_30x_Str_06A_xyz-6863-2397-397,0.35
1122_TME07-1_30x_Str_06A_xyz-6960-2706-85,0.354166667
1125_TME07-1_30x_Str_06A_xyz-7023-2129-167,0.695833333
1126_TME07-1_30x_Str_06A_xyz-7102-7520-409,0.3
1129_TME07-1_30x_Str_06A_xyz-7315-2224-243,0.991666667
1130_TME07-1_30x_Str_06A_xyz-7344-2798-128,0.533333333
1131_TME07-1_30x_Str_06A_xyz-7346-7696-358,0.5125
1133_TME07-1_30x_Str_06A_xyz-7397-1328-119,0.495833333
1134_TME07-1_30x_Str_06A_xyz-7417-12810-246,0.979166667
1135_TME07-1_30x_Str_06A_xyz-7652-8098-361,0.5
1136_TME07-1_30x_Str_06A_xyz-7673-2275-201,0.8375
1139_TME07-1_30x_Str_06A_xyz-7869-14076-388,0.3875
1140_TME07-1_30x_Str_06A_xyz-8119-1661-352,0.5375
1141_TME07-1_30x_Str_06A_xyz-8974-12633-387,0.391666667
1143_TME07-1_30x_Str_06A_xyz-9135-11695-378,0.429166667
1144_TME07-1_30x_Str_06A_xyz-9368-12209-381,0.416666667
1145_TME07-1_30x_Str_06A_xyz-9753-11021-414,0.279166667
1154_TME07-1_30x_Str_06B_xyz-1245-14696-365,0.459915612
1155_TME07-1_30x_Str_06B_xyz-1330-14285-196,0.827004219
1156_TME07-1_30x_Str_06B_xyz-1445-15385-397,0.324894515
1159_TME07-1_30x_Str_06B_xyz-2409-15505-329,0.611814346
1160_TME07-1_30x_Str_06B_xyz-2652-7487-409,0.274261603
1161_TME07-1_30x_Str_06B_xyz-2739-4214-415,0.248945148
1162_TME07-1_30x_Str_06B_xyz-2824-5053-409,0.274261603
1163_TME07-1_30x_Str_06B_xyz-2957-3206-289,0.780590717
1164_TME07-1_30x_Str_06B_xyz-2990-4352-364,0.464135021
1166_TME07-1_30x_Str_06B_xyz-3117-4262-225,0.949367089
1169_TME07-1_30x_Str_06B_xyz-3379-13634-33,0.139240506
1171_TME07-1_30x_Str_06B_xyz-3527-15496-360,0.481012658
1172_TME07-1_30x_Str_06B_xyz-3540-3489-379,0.400843882
1173_TME07-1_30x_Str_06B_xyz-3562-4153-404,0.29535865
1175_TME07-1_30x_Str_06B_xyz-3626-3754-80,0.337552743
1176_TME07-1_30x_Str_06B_xyz-3966-4340-141,0.594936709
1180_TME07-1_30x_Str_06B_xyz-4333-9181-311,0.687763713
1181_TME07-1_30x_Str_06B_xyz-4334-4450-187,0.789029536
1185_TME07-1_30x_Str_06B_xyz-4627-7022-284,0.801687764
1186_TME07-1_30x_Str_06B_xyz-4757-4295-391,0.35021097
1189_TME07-1_30x_Str_06B_xyz-4928-5190-54,0.227848101
1191_TME07-1_30x_Str_06B_xyz-5041-2986-64,0.270042194
1192_TME07-1_30x_Str_06B_xyz-5091-4511-103,0.434599156
1193_TME07-1_30x_Str_06B_xyz-5111-5525-391,0.35021097
1194_TME07-1_30x_Str_06B_xyz-5156-5036-231,0.974683544
1195_TME07-1_30x_Str_06B_xyz-5170-2759-203,0.856540084
1200_TME07-1_30x_Str_06B_xyz-5554-13036-161,0.679324895
1201_TME07-1_30x_Str_06B_xyz-5572-4805-52,0.219409283
1202_TME07-1_30x_Str_06B_xyz-5574-3157-329,0.611814346
1203_TME07-1_30x_Str_06B_xyz-5723-12189-20,0.084388186
1204_TME07-1_30x_Str_06B_xyz-5863-5891-42,0.17721519
1206_TME07-1_30x_Str_06B_xyz-5978-4819-336,0.582278481
1209_TME07-1_30x_Str_06B_xyz-6083-3964-379,0.400843882
1210_TME07-1_30x_Str_06B_xyz-6406-7350-177,0.746835443
1211_TME07-1_30x_Str_06B_xyz-6594-3879-91,0.383966245
1212_TME07-1_30x_Str_06B_xyz-6679-7099-271,0.856540084
1213_TME07-1_30x_Str_06B_xyz-6834-12003-42,0.17721519
1214_TME07-1_30x_Str_06B_xyz-7016-8333-175,0.738396624
1216_TME07-1_30x_Str_06B_xyz-7117-4906-291,0.772151899
1219_TME07-1_30x_Str_06B_xyz-7613-9692-17,0.071729958
1220_TME07-1_30x_Str_06B_xyz-7644-8247-112,0.47257384
1222_TME07-1_30x_Str_06B_xyz-8242-9198-214,0.902953586
1223_TME07-1_30x_Str_06B_xyz-8265-8016-129,0.544303797
1224_TME07-1_30x_Str_06B_xyz-8288-8864-379,0.400843882
1225_TME07-1_30x_Str_06B_xyz-8609-8359-278,0.827004219
1229_TME07-1_30x_Str_07A_xyz-2440-6796-367,0.477178423
1232_TME07-1_30x_Str_07A_xyz-2588-9334-384,0.406639004
1233_TME07-1_30x_Str_07A_xyz-2638-4153-386,0.398340249
1236_TME07-1_30x_Str_07A_xyz-2718-3606-312,0.705394191
1239_TME07-1_30x_Str_07A_xyz-2873-4788-390,0.381742739
123_TME07-1_30x_Str_01B_xyz-1793-10777-446,0.157024793
1240_TME07-1_30x_Str_07A_xyz-3022-6909-417,0.269709544
1241_TME07-1_30x_Str_07A_xyz-3205-9200-353,0.53526971
1243_TME07-1_30x_Str_07A_xyz-3323-9215-70,0.290456432
1244_TME07-1_30x_Str_07A_xyz-3416-5212-383,0.410788382
1245_TME07-1_30x_Str_07A_xyz-3428-4947-156,0.647302905
1246_TME07-1_30x_Str_07A_xyz-3480-4577-214,0.887966805
1249_TME07-1_30x_Str_07A_xyz-3846-2771-245,0.98340249
1250_TME07-1_30x_Str_07A_xyz-3961-3762-402,0.331950207
1251_TME07-1_30x_Str_07A_xyz-3971-2592-74,0.307053942
1253_TME07-1_30x_Str_07A_xyz-4181-4072-147,0.609958506
1254_TME07-1_30x_Str_07A_xyz-4416-3112-274,0.863070539
1255_TME07-1_30x_Str_07A_xyz-4640-10464-406,0.315352697
1256_TME07-1_30x_Str_07A_xyz-4644-1976-360,0.506224066
1259_TME07-1_30x_Str_07A_xyz-5261-10506-216,0.89626556
1260_TME07-1_30x_Str_07A_xyz-5559-2677-312,0.705394191
1261_TME07-1_30x_Str_07A_xyz-5606-1752-162,0.67219917
1264_TME07-1_30x_Str_07A_xyz-6002-1601-414,0.282157676
1265_TME07-1_30x_Str_07A_xyz-6114-2339-130,0.539419087
1266_TME07-1_30x_Str_07A_xyz-6228-1855-223,0.925311203
1269_TME07-1_30x_Str_07A_xyz-6689-1745-175,0.726141079
1270_TME07-1_30x_Str_07A_xyz-6719-2160-61,0.253112033
1271_TME07-1_30x_Str_07B_xyz-1220-2119-345,0.572614108
1273_TME07-1_30x_Str_07B_xyz-1497-2459-332,0.626556017
1274_TME07-1_30x_Str_07B_xyz-1610-3778-432,0.211618257
1275_TME07-1_30x_Str_07B_xyz-1660-1937-382,0.419087137
1280_TME07-1_30x_Str_07B_xyz-2365-4473-70,0.290456432
1281_TME07-1_30x_Str_07B_xyz-2394-10232-376,0.443983402
1282_TME07-1_30x_Str_07B_xyz-2432-7764-449,0.141078838
1284_TME07-1_30x_Str_07B_xyz-2631-4412-426,0.236514523
1285_TME07-1_30x_Str_07B_xyz-2660-4055-389,0.390041494
1286_TME07-1_30x_Str_07B_xyz-2718-5550-320,0.676348548
1289_TME07-1_30x_Str_07B_xyz-4119-5531-63,0.261410788
1290_TME07-1_30x_Str_07B_xyz-4339-6577-442,0.170124481
1292_TME07-1_30x_Str_07B_xyz-4611-5848-100,0.414937759
1293_TME07-1_30x_Str_07B_xyz-4613-5182-251,0.962655602
1294_TME07-1_30x_Str_07B_xyz-4956-6328-280,0.842323651
1295_TME07-1_30x_Str_08A_xyz-2305-7386-98,0.404958678
1296_TME07-1_30x_Str_08A_xyz-2594-6674-233,0.962809917
1299_TME07-1_30x_Str_08A_xyz-2710-6769-296,0.780991736
1301_TME07-1_30x_Str_08A_xyz-2829-8046-72,0.297520661
1302_TME07-1_30x_Str_08A_xyz-2992-6682-359,0.520661157
1303_TME07-1_30x_Str_08A_xyz-3183-6121-161,0.665289256
1304_TME07-1_30x_Str_08A_xyz-3209-6321-152,0.628099174
1306_TME07-1_30x_Str_08A_xyz-3316-7993-316,0.698347107
1309_TME07-1_30x_Str_08A_xyz-3711-7346-430,0.227272727
130_TME07-1_30x_Str_01B_xyz-2268-5179-347,0.566115702
1310_TME07-1_30x_Str_08A_xyz-3806-7438-172,0.710743802
1311_TME07-1_30x_Str_08A_xyz-3815-6862-377,0.446280992
1312_TME07-1_30x_Str_08A_xyz-3920-6187-454,0.128099174
1313_TME07-1_30x_Str_08A_xyz-4009-5375-371,0.47107438
1314_TME07-1_30x_Str_08A_xyz-4020-5853-449,0.148760331
1315_TME07-1_30x_Str_08A_xyz-4027-5448-425,0.247933884
131_TME07-1_30x_Str_01B_xyz-2433-8308-389,0.392561983
1321_TME07-1_30x_Str_08A_xyz-4368-5447-162,0.669421488
1322_TME07-1_30x_Str_08A_xyz-4388-5159-285,0.826446281
1324_TME07-1_30x_Str_08A_xyz-4938-4265-129,0.533057851
1326_TME07-1_30x_Str_08A_xyz-5196-3259-118,0.487603306
1329_TME07-1_30x_Str_08A_xyz-5363-4087-385,0.41322314
132_TME07-1_30x_Str_01B_xyz-2513-5740-323,0.665289256
1330_TME07-1_30x_Str_08A_xyz-5384-3419-448,0.152892562
1331_TME07-1_30x_Str_08A_xyz-5430-6011-398,0.359504132
1332_TME07-1_30x_Str_08A_xyz-5535-3601-360,0.516528926
1333_TME07-1_30x_Str_08A_xyz-5552-4269-427,0.239669421
1334_TME07-1_30x_Str_08A_xyz-5598-4573-359,0.520661157
1335_TME07-1_30x_Str_08A_xyz-5684-2612-54,0.223140496
1336_TME07-1_30x_Str_08A_xyz-5741-4133-376,0.450413223
1339_TME07-1_30x_Str_08A_xyz-6034-3108-431,0.223140496
1340_TME07-1_30x_Str_08B_xyz-1896-4592-413,0.286307054
1341_TME07-1_30x_Str_08B_xyz-1955-3890-244,0.987551867
1343_TME07-1_30x_Str_08B_xyz-2238-2766-353,0.53526971
1344_TME07-1_30x_Str_08B_xyz-2301-4628-451,0.128630705
1345_TME07-1_30x_Str_08B_xyz-2348-5769-326,0.647302905
1349_TME07-1_30x_Str_08B_xyz-2591-5525-463,0.078838174
1351_TME07-1_30x_Str_08B_xyz-2601-2887-102,0.423236515
1352_TME07-1_30x_Str_08B_xyz-2656-3595-271,0.875518672
1354_TME07-1_30x_Str_08B_xyz-2725-2830-74,0.307053942
1355_TME07-1_30x_Str_08B_xyz-2880-6712-36,0.149377593
1356_TME07-1_30x_Str_08B_xyz-2936-4503-216,0.89626556
1359_TME07-1_30x_Str_08B_xyz-3051-5899-226,0.937759336
1360_TME07-1_30x_Str_08B_xyz-3054-4255-199,0.825726141
1361_TME07-1_30x_Str_08B_xyz-3107-5765-360,0.506224066
1362_TME07-1_30x_Str_08B_xyz-3120-5689-61,0.253112033
1363_TME07-1_30x_Str_08B_xyz-3213-5938-325,0.651452282
1364_TME07-1_30x_Str_08B_xyz-3363-5130-170,0.705394191
1365_TME07-1_30x_Str_08B_xyz-3371-4599-352,0.539419087
1366_TME07-1_30x_Str_08B_xyz-3412-3741-320,0.67219917
1369_TME07-1_30x_Str_08B_xyz-3783-5122-411,0.294605809
1370_TME07-1_30x_Str_08B_xyz-3829-7198-330,0.630705394
1371_TME07-1_30x_Str_08B_xyz-3864-4238-53,0.219917012
1372_TME07-1_30x_Str_08B_xyz-4109-4381-390,0.381742739
1373_TME07-1_30x_Str_08B_xyz-4220-8624-132,0.547717842
1374_TME07-1_30x_Str_08B_xyz-4300-9980-291,0.79253112
1375_TME07-1_30x_Str_08B_xyz-4312-6777-64,0.265560166
1376_TME07-1_30x_Str_08B_xyz-4356-5956-205,0.850622407
1381_TME07-1_30x_Str_08B_xyz-4766-9413-178,0.738589212
1383_TME07-1_30x_Str_08B_xyz-4962-10077-45,0.186721992
149_TME07-1_30x_Str_01B_xyz-3717-9715-62,0.256198347
154_TME07-1_30x_Str_01B_xyz-3898-10758-110,0.454545455
159_TME07-1_30x_Str_01B_xyz-4205-11052-191,0.789256198
166_TME07-1_30x_Str_01B_xyz-4706-10442-112,0.462809917
180_TME07-1_30x_Str_01B_xyz-5643-13800-92,0.380165289
197_TME07-1_30x_Str_01B_xyz-7121-11360-174,0.719008264
207_TME07-1_30x_Str_02A_xyz-3664-13324-80,0.317460317
209_TME07-1_30x_Str_02A_xyz-3999-14422-100,0.396825397
210_TME07-1_30x_Str_02A_xyz-4152-12595-325,0.714285714
211_TME07-1_30x_Str_02A_xyz-4504-11422-113,0.448412698
212_TME07-1_30x_Str_02A_xyz-4676-11302-440,0.257936508
213_TME07-1_30x_Str_02A_xyz-4732-14541-168,0.666666667
214_TME07-1_30x_Str_02A_xyz-4761-14871-299,0.817460317
216_TME07-1_30x_Str_02A_xyz-4952-13720-363,0.563492063
217_TME07-1_30x_Str_02A_xyz-5125-11056-273,0.920634921
218_TME07-1_30x_Str_02A_xyz-5193-11810-360,0.575396825
219_TME07-1_30x_Str_02A_xyz-5368-12495-273,0.920634921
221_TME07-1_30x_Str_02A_xyz-5589-13456-405,0.396825397
222_TME07-1_30x_Str_02A_xyz-6013-7133-103,0.408730159
223_TME07-1_30x_Str_02A_xyz-6117-8246-110,0.436507937
225_TME07-1_30x_Str_02A_xyz-6267-15141-197,0.781746032
226_TME07-1_30x_Str_02A_xyz-6588-13921-279,0.896825397
227_TME07-1_30x_Str_02A_xyz-6623-13716-76,0.301587302
228_TME07-1_30x_Str_02A_xyz-6782-15035-403,0.404761905
229_TME07-1_30x_Str_02A_xyz-6876-14849-102,0.404761905
231_TME07-1_30x_Str_02A_xyz-7034-7224-214,0.849206349
232_TME07-1_30x_Str_02A_xyz-7052-8188-386,0.472222222
233_TME07-1_30x_Str_02A_xyz-7140-15691-47,0.186507937
234_TME07-1_30x_Str_02A_xyz-7202-11734-278,0.900793651
235_TME07-1_30x_Str_02A_xyz-7313-6143-63,0.25
236_TME07-1_30x_Str_02A_xyz-7372-10483-292,0.845238095
239_TME07-1_30x_Str_02A_xyz-7519-13748-217,0.861111111
240_TME07-1_30x_Str_02A_xyz-7531-10159-389,0.46031746
241_TME07-1_30x_Str_02A_xyz-7553-7933-140,0.555555556
242_TME07-1_30x_Str_02A_xyz-7715-5239-382,0.488095238
243_TME07-1_30x_Str_02A_xyz-7759-12995-92,0.365079365
246_TME07-1_30x_Str_02A_xyz-8169-13031-429,0.301587302
248_TME07-1_30x_Str_02A_xyz-8250-5541-121,0.48015873
249_TME07-1_30x_Str_02A_xyz-8360-12154-187,0.742063492
250_TME07-1_30x_Str_02A_xyz-8466-13683-167,0.662698413
251_TME07-1_30x_Str_02A_xyz-8481-13977-428,0.305555556
252_TME07-1_30x_Str_02A_xyz-8516-14675-426,0.313492063
253_TME07-1_30x_Str_02A_xyz-8559-8734-72,0.285714286
254_TME07-1_30x_Str_02A_xyz-8588-15103-338,0.662698413
255_TME07-1_30x_Str_02A_xyz-8649-14909-133,0.527777778
256_TME07-1_30x_Str_02A_xyz-8726-10030-295,0.833333333
257_TME07-1_30x_Str_02A_xyz-8843-12424-412,0.369047619
258_TME07-1_30x_Str_02A_xyz-8897-8091-130,0.515873016
259_TME07-1_30x_Str_02A_xyz-9233-11353-206,0.817460317
260_TME07-1_30x_Str_02A_xyz-9288-10629-229,0.908730159
261_TME07-1_30x_Str_02A_xyz-9316-7229-59,0.234126984
263_TME07-1_30x_Str_02A_xyz-9747-12592-60,0.238095238
264_TME07-1_30x_Str_02A_xyz-9782-14743-87,0.345238095
265_TME07-1_30x_Str_02A_xyz-9784-13329-407,0.388888889
267_TME07-1_30x_Str_02A_xyz-9878-12758-216,0.857142857
269_TME07-1_30x_Str_02A_xyz-10273-7616-84,0.333333333
273_TME07-1_30x_Str_02A_xyz-10757-7542-254,0.996031746
288_TME07-1_30x_Str_02B_xyz-2462-7404-122,0.497959184
289_TME07-1_30x_Str_02B_xyz-2831-14420-366,0.506122449
290_TME07-1_30x_Str_02B_xyz-2838-12460-381,0.444897959
291_TME07-1_30x_Str_02B_xyz-2885-11736-285,0.836734694
293_TME07-1_30x_Str_02B_xyz-2973-12717-175,0.714285714
294_TME07-1_30x_Str_02B_xyz-3099-11229-234,0.955102041
299_TME07-1_30x_Str_02B_xyz-3592-12717-290,0.816326531
300_TME07-1_30x_Str_02B_xyz-3616-13710-99,0.404081633
301_TME07-1_30x_Str_02B_xyz-3670-9146-275,0.87755102
302_TME07-1_30x_Str_02B_xyz-3670-15651-253,0.967346939
303_TME07-1_30x_Str_02B_xyz-3842-12746-298,0.783673469
307_TME07-1_30x_Str_02B_xyz-4230-9915-38,0.155102041
308_TME07-1_30x_Str_02B_xyz-4460-9559-310,0.734693878
310_TME07-1_30x_Str_02B_xyz-4666-5573-432,0.236734694
312_TME07-1_30x_Str_02B_xyz-5026-16903-185,0.755102041
313_TME07-1_30x_Str_02B_xyz-5046-6069-328,0.66122449
314_TME07-1_30x_Str_02B_xyz-5370-14601-372,0.481632653
316_TME07-1_30x_Str_02B_xyz-5760-16313-306,0.751020408
317_TME07-1_30x_Str_02B_xyz-6322-10679-250,0.979591837
318_TME07-1_30x_Str_02B_xyz-6466-12196-12,0.048979592
320_TME07-1_30x_Str_02B_xyz-6759-13338-422,0.27755102
322_TME07-1_30x_Str_02B_xyz-7089-11476-13,0.053061224
323_TME07-1_30x_Str_02B_xyz-7155-16217-142,0.579591837
324_TME07-1_30x_Str_02B_xyz-7199-10350-382,0.440816327
325_TME07-1_30x_Str_02B_xyz-7545-13268-339,0.616326531
328_TME07-1_30x_Str_02B_xyz-7776-16023-291,0.812244898
333_TME07-1_30x_Str_02B_xyz-8367-13528-239,0.975510204
334_TME07-1_30x_Str_02B_xyz-8381-12920-311,0.730612245
336_TME07-1_30x_Str_02B_xyz-8435-14330-280,0.857142857
337_TME07-1_30x_Str_02B_xyz-8838-13744-85,0.346938776
338_TME07-1_30x_Str_02B_xyz-9620-14279-135,0.551020408
340_TME07-1_30x_Str_03A_xyz-2731-12712-253,0.945606695
341_TME07-1_30x_Str_03A_xyz-3048-12793-418,0.255230126
343_TME07-1_30x_Str_03A_xyz-3069-13681-428,0.213389121
346_TME07-1_30x_Str_03A_xyz-3959-16075-280,0.832635983
347_TME07-1_30x_Str_03A_xyz-4053-17095-335,0.60251046
349_TME07-1_30x_Str_03A_xyz-4598-14198-377,0.426778243
350_TME07-1_30x_Str_03A_xyz-4609-10444-366,0.472803347
351_TME07-1_30x_Str_03A_xyz-4851-8717-255,0.937238494
352_TME07-1_30x_Str_03A_xyz-4860-18344-59,0.246861925
353_TME07-1_30x_Str_03A_xyz-4915-18034-329,0.627615063
354_TME07-1_30x_Str_03A_xyz-5075-17583-88,0.368200837
355_TME07-1_30x_Str_03A_xyz-5076-17034-309,0.711297071
356_TME07-1_30x_Str_03A_xyz-5142-12287-102,0.426778243
358_TME07-1_30x_Str_03A_xyz-5212-12074-429,0.209205021
361_TME07-1_30x_Str_03A_xyz-5722-16723-313,0.694560669
362_TME07-1_30x_Str_03A_xyz-5737-8285-75,0.313807531
363_TME07-1_30x_Str_03A_xyz-5745-11091-85,0.355648536
364_TME07-1_30x_Str_03A_xyz-5805-11693-27,0.112970711
365_TME07-1_30x_Str_03A_xyz-5815-10699-367,0.468619247
366_TME07-1_30x_Str_03A_xyz-5926-13951-360,0.49790795
368_TME07-1_30x_Str_03A_xyz-6134-18884-274,0.857740586
369_TME07-1_30x_Str_03A_xyz-6148-9067-393,0.359832636
372_TME07-1_30x_Str_03A_xyz-6428-12447-77,0.322175732
373_TME07-1_30x_Str_03A_xyz-6468-14539-115,0.481171548
374_TME07-1_30x_Str_03A_xyz-6477-14389-369,0.460251046
375_TME07-1_30x_Str_03A_xyz-6510-4991-307,0.719665272
376_TME07-1_30x_Str_03A_xyz-6543-9402-433,0.192468619
377_TME07-1_30x_Str_03A_xyz-6564-13609-329,0.627615063
379_TME07-1_30x_Str_03A_xyz-6664-9422-231,0.966527197
383_TME07-1_30x_Str_03A_xyz-6805-6070-26,0.108786611
385_TME07-1_30x_Str_03A_xyz-6924-18341-157,0.656903766
386_TME07-1_30x_Str_03A_xyz-6962-8236-434,0.188284519
391_TME07-1_30x_Str_03A_xyz-7341-6716-147,0.615062762
393_TME07-1_30x_Str_03A_xyz-7426-7402-246,0.974895397
394_TME07-1_30x_Str_03A_xyz-7447-9242-299,0.753138075
395_TME07-1_30x_Str_03A_xyz-7463-9559-187,0.782426778
396_TME07-1_30x_Str_03A_xyz-7494-12237-378,0.422594142
398_TME07-1_30x_Str_03A_xyz-7559-8215-134,0.560669456
399_TME07-1_30x_Str_03A_xyz-7590-9169-89,0.372384937
401_TME07-1_30x_Str_03A_xyz-7776-7816-291,0.786610879
402_TME07-1_30x_Str_03A_xyz-7796-5572-81,0.338912134
403_TME07-1_30x_Str_03A_xyz-7950-12753-428,0.213389121
404_TME07-1_30x_Str_03A_xyz-7986-5347-310,0.707112971
405_TME07-1_30x_Str_03A_xyz-8006-12055-210,0.878661088
406_TME07-1_30x_Str_03A_xyz-8027-12856-266,0.891213389
410_TME07-1_30x_Str_03A_xyz-8224-16184-408,0.29707113
411_TME07-1_30x_Str_03A_xyz-8353-10872-296,0.765690377
412_TME07-1_30x_Str_03A_xyz-8419-14860-256,0.933054393
413_TME07-1_30x_Str_03A_xyz-8550-16745-261,0.912133891
414_TME07-1_30x_Str_03A_xyz-8883-10860-273,0.861924686
415_TME07-1_30x_Str_03A_xyz-8886-14552-40,0.167364017
416_TME07-1_30x_Str_03A_xyz-8958-14606-424,0.230125523
418_TME07-1_30x_Str_03A_xyz-9144-14551-385,0.393305439
420_TME07-1_30x_Str_03A_xyz-9242-19312-301,0.744769874
421_TME07-1_30x_Str_03A_xyz-9302-17091-299,0.753138075
422_TME07-1_30x_Str_03A_xyz-9343-9231-58,0.242677824
423_TME07-1_30x_Str_03A_xyz-9484-17874-332,0.615062762
424_TME07-1_30x_Str_03A_xyz-9612-13516-248,0.966527197
425_TME07-1_30x_Str_03A_xyz-9643-17402-215,0.89958159
426_TME07-1_30x_Str_03A_xyz-9660-16228-372,0.447698745
427_TME07-1_30x_Str_03A_xyz-9708-6374-223,0.933054393
428_TME07-1_30x_Str_03A_xyz-9726-14033-262,0.907949791
429_TME07-1_30x_Str_03A_xyz-9818-10748-198,0.828451883
430_TME07-1_30x_Str_03A_xyz-9826-18134-132,0.552301255
431_TME07-1_30x_Str_03A_xyz-9925-17244-405,0.309623431
432_TME07-1_30x_Str_03A_xyz-9946-10865-430,0.205020921
433_TME07-1_30x_Str_03A_xyz-9949-9476-207,0.866108787
435_TME07-1_30x_Str_03A_xyz-9996-17151-133,0.556485356
436_TME07-1_30x_Str_03A_xyz-10023-18207-22,0.092050209
437_TME07-1_30x_Str_03A_xyz-10077-10519-298,0.757322176
438_TME07-1_30x_Str_03A_xyz-10132-8657-75,0.313807531
439_TME07-1_30x_Str_03A_xyz-10169-7338-264,0.89958159
440_TME07-1_30x_Str_03A_xyz-10200-15578-153,0.640167364
441_TME07-1_30x_Str_03A_xyz-10256-18623-402,0.322175732
443_TME07-1_30x_Str_03A_xyz-10338-15146-111,0.464435146
444_TME07-1_30x_Str_03A_xyz-10457-14196-422,0.238493724
447_TME07-1_30x_Str_03A_xyz-10763-13674-253,0.945606695
449_TME07-1_30x_Str_03A_xyz-10892-15825-166,0.694560669
450_TME07-1_30x_Str_03A_xyz-10895-5281-367,0.468619247
451_TME07-1_30x_Str_03A_xyz-10902-6869-198,0.828451883
453_TME07-1_30x_Str_03A_xyz-10993-11852-296,0.765690377
455_TME07-1_30x_Str_03A_xyz-11057-12150-434,0.188284519
456_TME07-1_30x_Str_03A_xyz-11068-9035-420,0.246861925
457_TME07-1_30x_Str_03A_xyz-11106-12058-240,1
461_TME07-1_30x_Str_03A_xyz-11422-15986-396,0.347280335
463_TME07-1_30x_Str_03A_xyz-11623-8774-410,0.288702929
464_TME07-1_30x_Str_03A_xyz-11660-6266-387,0.384937238
477_TME07-1_30x_Str_03B_xyz-3695-9574-308,0.699152542
479_TME07-1_30x_Str_03B_xyz-4108-15473-370,0.436440678
481_TME07-1_30x_Str_03B_xyz-4314-7644-347,0.533898305
482_TME07-1_30x_Str_03B_xyz-4521-11186-276,0.834745763
483_TME07-1_30x_Str_03B_xyz-4530-10901-416,0.241525424
484_TME07-1_30x_Str_03B_xyz-4560-14760-280,0.81779661
485_TME07-1_30x_Str_03B_xyz-4631-13104-277,0.830508475
486_TME07-1_30x_Str_03B_xyz-4771-7577-322,0.639830508
487_TME07-1_30x_Str_03B_xyz-4782-5906-409,0.271186441
488_TME07-1_30x_Str_03B_xyz-4855-14463-344,0.546610169
489_TME07-1_30x_Str_03B_xyz-4901-8970-353,0.508474576
490_TME07-1_30x_Str_03B_xyz-4943-4423-369,0.440677966
491_TME07-1_30x_Str_03B_xyz-5403-6174-370,0.436440678
492_TME07-1_30x_Str_03B_xyz-5443-18522-278,0.826271186
494_TME07-1_30x_Str_03B_xyz-5472-6721-123,0.521186441
495_TME07-1_30x_Str_03B_xyz-5526-3966-270,0.860169492
497_TME07-1_30x_Str_03B_xyz-5754-6448-381,0.389830508
498_TME07-1_30x_Str_03B_xyz-5758-9554-304,0.716101695
499_TME07-1_30x_Str_03B_xyz-5836-15496-197,0.834745763
500_TME07-1_30x_Str_03B_xyz-5908-18123-65,0.275423729
501_TME07-1_30x_Str_03B_xyz-6029-11804-286,0.792372881
502_TME07-1_30x_Str_03B_xyz-6041-15944-320,0.648305085
504_TME07-1_30x_Str_03B_xyz-6162-15779-377,0.406779661
505_TME07-1_30x_Str_03B_xyz-6194-19415-165,0.699152542
506_TME07-1_30x_Str_03B_xyz-6197-18355-403,0.296610169
507_TME07-1_30x_Str_03B_xyz-6225-4481-175,0.741525424
508_TME07-1_30x_Str_03B_xyz-6270-17964-204,0.86440678
509_TME07-1_30x_Str_03B_xyz-6275-4437-30,0.127118644
510_TME07-1_30x_Str_03B_xyz-6327-4853-383,0.381355932
511_TME07-1_30x_Str_03B_xyz-6735-10995-344,0.546610169
513_TME07-1_30x_Str_03B_xyz-6820-5024-212,0.898305085
514_TME07-1_30x_Str_03B_xyz-6828-19117-220,0.93220339
515_TME07-1_30x_Str_03B_xyz-6910-6322-302,0.724576271
516_TME07-1_30x_Str_03B_xyz-6996-3597-329,0.610169492
517_TME07-1_30x_Str_03B_xyz-7094-7542-55,0.233050847
518_TME07-1_30x_Str_03B_xyz-7216-8237-309,0.694915254
519_TME07-1_30x_Str_03B_xyz-7301-12877-125,0.529661017
520_TME07-1_30x_Str_03B_xyz-7360-10026-112,0.474576271
521_TME07-1_30x_Str_03B_xyz-7400-19132-186,0.788135593
523_TME07-1_30x_Str_03B_xyz-7625-16823-103,0.436440678
524_TME07-1_30x_Str_03B_xyz-7643-12910-448,0.105932203
525_TME07-1_30x_Str_03B_xyz-7705-13851-92,0.389830508
526_TME07-1_30x_Str_03B_xyz-7769-4731-254,0.927966102
528_TME07-1_30x_Str_03B_xyz-8097-6865-227,0.961864407
529_TME07-1_30x_Str_03B_xyz-8151-13130-233,0.987288136
530_TME07-1_30x_Str_03B_xyz-8187-7294-381,0.389830508
531_TME07-1_30x_Str_03B_xyz-8193-18011-205,0.868644068
532_TME07-1_30x_Str_03B_xyz-8204-6712-425,0.203389831
533_TME07-1_30x_Str_03B_xyz-8275-5424-30,0.127118644
534_TME07-1_30x_Str_03B_xyz-8299-9092-409,0.271186441
536_TME07-1_30x_Str_03B_xyz-8309-17444-434,0.165254237
537_TME07-1_30x_Str_03B_xyz-8433-9192-275,0.838983051
538_TME07-1_30x_Str_03B_xyz-8559-15750-70,0.296610169
539_TME07-1_30x_Str_03B_xyz-8666-7697-357,0.491525424
540_TME07-1_30x_Str_03B_xyz-8828-12447-367,0.449152542
542_TME07-1_30x_Str_03B_xyz-9042-7945-387,0.36440678
543_TME07-1_30x_Str_03B_xyz-9155-14691-388,0.360169492
544_TME07-1_30x_Str_03B_xyz-9191-10119-15,0.063559322
546_TME07-1_30x_Str_03B_xyz-9405-13011-423,0.211864407
547_TME07-1_30x_Str_03B_xyz-9469-9308-239,0.991525424
548_TME07-1_30x_Str_03B_xyz-9482-14123-364,0.461864407
550_TME07-1_30x_Str_03B_xyz-9578-11252-321,0.644067797
552_TME07-1_30x_Str_03B_xyz-9873-6124-319,0.652542373
553_TME07-1_30x_Str_03B_xyz-10059-9361-297,0.745762712
554_TME07-1_30x_Str_03B_xyz-10210-11333-80,0.338983051
555_TME07-1_30x_Str_03B_xyz-10234-15831-377,0.406779661
556_TME07-1_30x_Str_03B_xyz-10282-10730-137,0.580508475
557_TME07-1_30x_Str_03B_xyz-10317-8800-426,0.199152542
558_TME07-1_30x_Str_03B_xyz-10361-18269-124,0.525423729
559_TME07-1_30x_Str_03B_xyz-10606-16491-167,0.707627119
560_TME07-1_30x_Str_03B_xyz-10749-10022-42,0.177966102
561_TME07-1_30x_Str_03B_xyz-10759-13063-109,0.461864407
563_TME07-1_30x_Str_03B_xyz-10800-15686-355,0.5
564_TME07-1_30x_Str_03B_xyz-10817-10125-194,0.822033898
565_TME07-1_30x_Str_03B_xyz-10858-17694-296,0.75
566_TME07-1_30x_Str_03B_xyz-11080-14390-376,0.411016949
568_TME07-1_30x_Str_03B_xyz-11227-12245-17,0.072033898
569_TME07-1_30x_Str_03B_xyz-11258-11059-200,0.847457627
571_TME07-1_30x_Str_03B_xyz-11484-16417-171,0.724576271
572_TME07-1_30x_Str_03B_xyz-11613-10758-266,0.877118644
575_TME07-1_30x_Str_03B_xyz-11817-15440-46,0.194915254
576_TME07-1_30x_Str_03B_xyz-11968-9905-275,0.838983051
577_TME07-1_30x_Str_03B_xyz-12047-8295-235,0.995762712
578_TME07-1_30x_Str_03B_xyz-12340-13345-191,0.809322034
579_TME07-1_30x_Str_03B_xyz-12444-12223-413,0.254237288
580_TME07-1_30x_Str_03B_xyz-12627-14990-53,0.224576271
582_TME07-1_30x_Str_03B_xyz-12667-12270-13,0.055084746
583_TME07-1_30x_Str_03B_xyz-12757-12905-91,0.38559322
584_TME07-1_30x_Str_03B_xyz-12779-9706-178,0.754237288
585_TME07-1_30x_Str_03B_xyz-12785-13453-267,0.872881356
586_TME07-1_30x_Str_03B_xyz-12927-15631-234,0.991525424
589_TME07-1_30x_Str_03B_xyz-13306-14433-117,0.495762712
590_TME07-1_30x_Str_03B_xyz-13435-15445-111,0.470338983
591_TME07-1_30x_Str_03B_xyz-13462-14969-411,0.262711864
592_TME07-1_30x_Str_03B_xyz-13625-13261-178,0.754237288
594_TME07-1_30x_Str_04A_xyz-1860-11453-137,0.55465587
596_TME07-1_30x_Str_04A_xyz-2265-12003-400,0.384615385
597_TME07-1_30x_Str_04A_xyz-2488-10107-138,0.558704453
598_TME07-1_30x_Str_04A_xyz-2530-13888-395,0.4048583
599_TME07-1_30x_Str_04A_xyz-2538-12366-269,0.914979757
600_TME07-1_30x_Str_04A_xyz-2559-13842-278,0.87854251
603_TME07-1_30x_Str_04A_xyz-3177-13797-58,0.234817814
604_TME07-1_30x_Str_04A_xyz-3247-15151-411,0.340080972
605_TME07-1_30x_Str_04A_xyz-3279-16395-255,0.971659919
606_TME07-1_30x_Str_04A_xyz-3433-15676-346,0.603238866
607_TME07-1_30x_Str_04A_xyz-3483-13827-354,0.570850202
608_TME07-1_30x_Str_04A_xyz-3606-8252-391,0.421052632
610_TME07-1_30x_Str_04A_xyz-3691-10184-316,0.724696356
612_TME07-1_30x_Str_04A_xyz-3886-12642-315,0.728744939
614_TME07-1_30x_Str_04A_xyz-4523-9178-38,0.153846154
615_TME07-1_30x_Str_04A_xyz-4746-6550-275,0.890688259
617_TME07-1_30x_Str_04A_xyz-4823-11935-129,0.522267206
619_TME07-1_30x_Str_04A_xyz-4887-17617-126,0.510121457
622_TME07-1_30x_Str_04A_xyz-5019-7359-59,0.238866397
625_TME07-1_30x_Str_04A_xyz-5336-8469-441,0.218623482
626_TME07-1_30x_Str_04A_xyz-5342-16954-341,0.623481781
628_TME07-1_30x_Str_04A_xyz-5407-8287-32,0.129554656
629_TME07-1_30x_Str_04A_xyz-5420-13917-72,0.291497976
630_TME07-1_30x_Str_04A_xyz-5556-6124-418,0.311740891
631_TME07-1_30x_Str_04A_xyz-5589-13404-156,0.631578947
632_TME07-1_30x_Str_04A_xyz-5700-11301-313,0.736842105
633_TME07-1_30x_Str_04A_xyz-5710-11058-149,0.603238866
634_TME07-1_30x_Str_04A_xyz-5712-15782-197,0.79757085
636_TME07-1_30x_Str_04A_xyz-5895-9183-243,0.983805668
638_TME07-1_30x_Str_04A_xyz-5937-9920-379,0.469635628
640_TME07-1_30x_Str_04A_xyz-5963-11934-329,0.672064777
641_TME07-1_30x_Str_04A_xyz-6019-16445-219,0.886639676
642_TME07-1_30x_Str_04A_xyz-6084-9201-39,0.157894737
643_TME07-1_30x_Str_04A_xyz-6159-6201-432,0.255060729
645_TME07-1_30x_Str_04A_xyz-6299-9296-131,0.530364372
647_TME07-1_30x_Str_04A_xyz-6389-8308-406,0.360323887
648_TME07-1_30x_Str_04A_xyz-6408-13030-104,0.421052632
649_TME07-1_30x_Str_04A_xyz-6610-5248-327,0.680161943
652_TME07-1_30x_Str_04A_xyz-6858-13378-280,0.870445344
653_TME07-1_30x_Str_04A_xyz-6886-6690-218,0.882591093
654_TME07-1_30x_Str_04A_xyz-6887-13559-422,0.295546559
656_TME07-1_30x_Str_04A_xyz-7011-7019-378,0.473684211
657_TME07-1_30x_Str_04A_xyz-7073-5696-233,0.943319838
659_TME07-1_30x_Str_04A_xyz-7074-19373-357,0.558704453
660_TME07-1_30x_Str_04A_xyz-7126-13176-414,0.327935223
661_TME07-1_30x_Str_04A_xyz-7219-9498-292,0.821862348
662_TME07-1_30x_Str_04A_xyz-7228-8322-383,0.453441296
663_TME07-1_30x_Str_04A_xyz-7266-14497-142,0.574898785
665_TME07-1_30x_Str_04A_xyz-7368-4434-443,0.210526316
666_TME07-1_30x_Str_04A_xyz-7420-16041-73,0.295546559
667_TME07-1_30x_Str_04A_xyz-7440-7386-370,0.506072874
668_TME07-1_30x_Str_04A_xyz-7515-15780-423,0.291497976
671_TME07-1_30x_Str_04A_xyz-7635-13758-149,0.603238866
673_TME07-1_30x_Str_04A_xyz-7676-10808-69,0.279352227
674_TME07-1_30x_Str_04A_xyz-7701-16838-122,0.493927126
675_TME07-1_30x_Str_04A_xyz-7796-8944-169,0.684210526
676_TME07-1_30x_Str_04A_xyz-7857-18554-420,0.303643725
677_TME07-1_30x_Str_04A_xyz-7863-9263-20,0.08097166
680_TME07-1_30x_Str_04A_xyz-7929-16386-208,0.842105263
681_TME07-1_30x_Str_04A_xyz-7986-18092-416,0.319838057
682_TME07-1_30x_Str_04A_xyz-8030-7643-119,0.481781377
687_TME07-1_30x_Str_04A_xyz-8411-20489-292,0.821862348
688_TME07-1_30x_Str_04A_xyz-8538-10906-313,0.736842105
690_TME07-1_30x_Str_04A_xyz-8637-16049-127,0.51417004
691_TME07-1_30x_Str_04A_xyz-8878-12633-289,0.834008097
692_TME07-1_30x_Str_04A_xyz-8924-18200-55,0.222672065
694_TME07-1_30x_Str_04A_xyz-9049-7398-122,0.493927126
696_TME07-1_30x_Str_04A_xyz-9111-10010-267,0.923076923
697_TME07-1_30x_Str_04A_xyz-9168-8094-386,0.441295547
698_TME07-1_30x_Str_04A_xyz-9234-3941-432,0.255060729
699_TME07-1_30x_Str_04A_xyz-9235-6512-199,0.805668016
700_TME07-1_30x_Str_04A_xyz-9357-20580-49,0.198380567
702_TME07-1_30x_Str_04A_xyz-9372-7716-234,0.947368421
703_TME07-1_30x_Str_04A_xyz-9396-14329-240,0.971659919
706_TME07-1_30x_Str_04A_xyz-9734-20255-120,0.48582996
707_TME07-1_30x_Str_04A_xyz-9895-9410-165,0.668016194
708_TME07-1_30x_Str_04A_xyz-9909-14956-306,0.765182186
709_TME07-1_30x_Str_04A_xyz-10039-16948-382,0.457489879
710_TME07-1_30x_Str_04A_xyz-10078-17958-285,0.850202429
711_TME07-1_30x_Str_04A_xyz-10092-5517-414,0.327935223
713_TME07-1_30x_Str_04A_xyz-10171-7041-163,0.659919028
715_TME07-1_30x_Str_04A_xyz-10302-19525-221,0.894736842
717_TME07-1_30x_Str_04A_xyz-10383-9061-382,0.457489879
719_TME07-1_30x_Str_04A_xyz-10404-6412-383,0.453441296
720_TME07-1_30x_Str_04A_xyz-10409-11841-113,0.457489879
722_TME07-1_30x_Str_04A_xyz-10482-8620-203,0.821862348
723_TME07-1_30x_Str_04A_xyz-10540-10623-297,0.801619433
725_TME07-1_30x_Str_04A_xyz-10628-10618-223,0.902834008
726_TME07-1_30x_Str_04A_xyz-10717-19679-425,0.28340081
727_TME07-1_30x_Str_04A_xyz-10851-12832-256,0.967611336
728_TME07-1_30x_Str_04A_xyz-10868-6249-412,0.336032389
729_TME07-1_30x_Str_04A_xyz-10916-14767-111,0.449392713
731_TME07-1_30x_Str_04A_xyz-10985-19002-210,0.850202429
732_TME07-1_30x_Str_04A_xyz-11027-8578-353,0.574898785
733_TME07-1_30x_Str_04A_xyz-11074-14900-63,0.255060729
735_TME07-1_30x_Str_04A_xyz-11103-17442-139,0.562753036
736_TME07-1_30x_Str_04A_xyz-11190-12528-254,0.975708502
737_TME07-1_30x_Str_04A_xyz-11277-16201-193,0.781376518
738_TME07-1_30x_Str_04A_xyz-11282-11234-385,0.44534413
740_TME07-1_30x_Str_04A_xyz-11362-9323-172,0.696356275
741_TME07-1_30x_Str_04A_xyz-11431-12528-344,0.611336032
743_TME07-1_30x_Str_04A_xyz-11474-13062-411,0.340080972
744_TME07-1_30x_Str_04A_xyz-11511-14558-274,0.894736842
745_TME07-1_30x_Str_04A_xyz-11539-15772-234,0.947368421
746_TME07-1_30x_Str_04A_xyz-11551-8525-162,0.655870445
750_TME07-1_30x_Str_04A_xyz-11804-16965-346,0.603238866
751_TME07-1_30x_Str_04A_xyz-11845-12727-130,0.526315789
754_TME07-1_30x_Str_04A_xyz-12030-10912-425,0.28340081
755_TME07-1_30x_Str_04A_xyz-12350-14475-411,0.340080972
761_TME07-1_30x_Str_04B_xyz-2724-11266-149,0.605691057
762_TME07-1_30x_Str_04B_xyz-2845-13195-419,0.300813008
763_TME07-1_30x_Str_04B_xyz-2887-14588-449,0.178861789
765_TME07-1_30x_Str_04B_xyz-3114-11646-271,0.902439024
766_TME07-1_30x_Str_04B_xyz-3134-15966-364,0.524390244
767_TME07-1_30x_Str_04B_xyz-3305-9835-438,0.223577236
769_TME07-1_30x_Str_04B_xyz-3537-9307-319,0.707317073
770_TME07-1_30x_Str_04B_xyz-3741-12093-272,0.898373984
771_TME07-1_30x_Str_04B_xyz-3808-10277-201,0.817073171
772_TME07-1_30x_Str_04B_xyz-3945-10889-330,0.662601626
773_TME07-1_30x_Str_04B_xyz-3957-15940-105,0.426829268
774_TME07-1_30x_Str_04B_xyz-4049-17651-180,0.731707317
775_TME07-1_30x_Str_04B_xyz-4053-15227-107,0.43495935
776_TME07-1_30x_Str_04B_xyz-4327-12735-407,0.349593496
778_TME07-1_30x_Str_04B_xyz-4405-18666-315,0.723577236
779_TME07-1_30x_Str_04B_xyz-4580-19220-230,0.93495935
780_TME07-1_30x_Str_04B_xyz-4712-9542-76,0.308943089
782_TME07-1_30x_Str_04B_xyz-4829-12393-454,0.158536585
783_TME07-1_30x_Str_04B_xyz-4927-19214-406,0.353658537
784_TME07-1_30x_Str_04B_xyz-4942-17895-276,0.882113821
785_TME07-1_30x_Str_04B_xyz-5033-16109-303,0.772357724
786_TME07-1_30x_Str_04B_xyz-5080-5509-425,0.276422764
787_TME07-1_30x_Str_04B_xyz-5107-15669-401,0.37398374
789_TME07-1_30x_Str_04B_xyz-5423-8584-267,0.918699187
790_TME07-1_30x_Str_04B_xyz-5495-6926-319,0.707317073
793_TME07-1_30x_Str_04B_xyz-5687-11142-379,0.463414634
794_TME07-1_30x_Str_04B_xyz-5709-15339-431,0.25203252
795_TME07-1_30x_Str_04B_xyz-5887-9450-320,0.703252033
796_TME07-1_30x_Str_04B_xyz-5922-12901-78,0.317073171
798_TME07-1_30x_Str_04B_xyz-6234-7459-209,0.849593496
799_TME07-1_30x_Str_04B_xyz-6237-6540-121,0.491869919
800_TME07-1_30x_Str_04B_xyz-6263-8852-378,0.467479675
803_TME07-1_30x_Str_04B_xyz-6406-11163-444,0.199186992
804_TME07-1_30x_Str_04B_xyz-6482-9369-198,0.804878049
805_TME07-1_30x_Str_04B_xyz-6482-10058-248,0.995934959
806_TME07-1_30x_Str_04B_xyz-6591-4475-351,0.577235772
807_TME07-1_30x_Str_04B_xyz-6691-9373-396,0.394308943
808_TME07-1_30x_Str_04B_xyz-6721-16536-277,0.87804878
810_TME07-1_30x_Str_04B_xyz-6737-17233-42,0.170731707
814_TME07-1_30x_Str_04B_xyz-7254-4890-183,0.743902439
815_TME07-1_30x_Str_04B_xyz-7284-7147-286,0.841463415
816_TME07-1_30x_Str_04B_xyz-7394-7011-394,0.402439024
818_TME07-1_30x_Str_04B_xyz-7575-17059-389,0.422764228
819_TME07-1_30x_Str_04B_xyz-7658-6058-423,0.284552846
820_TME07-1_30x_Str_04B_xyz-7785-15085-278,0.87398374
821_TME07-1_30x_Str_04B_xyz-7807-5448-315,0.723577236
823_TME07-1_30x_Str_04B_xyz-8231-6766-258,0.955284553
824_TME07-1_30x_Str_04B_xyz-8241-7797-256,0.963414634
825_TME07-1_30x_Str_04B_xyz-8354-10152-339,0.62601626
826_TME07-1_30x_Str_04B_xyz-8387-4884-81,0.329268293
827_TME07-1_30x_Str_04B_xyz-8409-11382-184,0.74796748
828_TME07-1_30x_Str_04B_xyz-8446-17685-251,0.983739837
829_TME07-1_30x_Str_04B_xyz-8497-15869-108,0.43902439
830_TME07-1_30x_Str_04B_xyz-8593-7278-85,0.345528455
831_TME07-1_30x_Str_04B_xyz-8613-18051-217,0.882113821
832_TME07-1_30x_Str_04B_xyz-8658-12599-173,0.703252033
834_TME07-1_30x_Str_04B_xyz-8684-7883-408,0.345528455
835_TME07-1_30x_Str_04B_xyz-8746-18804-141,0.573170732
837_TME07-1_30x_Str_04B_xyz-9018-8723-183,0.743902439
838_TME07-1_30x_Str_04B_xyz-9036-12899-451,0.170731707
839_TME07-1_30x_Str_04B_xyz-9192-18783-388,0.426829268
841_TME07-1_30x_Str_04B_xyz-9431-8812-437,0.227642276
842_TME07-1_30x_Str_04B_xyz-9568-9214-445,0.195121951
843_TME07-1_30x_Str_04B_xyz-9627-6078-62,0.25203252
845_TME07-1_30x_Str_04B_xyz-9785-6552-145,0.589430894
846_TME07-1_30x_Str_04B_xyz-9808-18654-96,0.390243902
847_TME07-1_30x_Str_04B_xyz-9869-13941-410,0.337398374
848_TME07-1_30x_Str_04B_xyz-9959-17692-60,0.243902439
849_TME07-1_30x_Str_04B_xyz-10128-12740-434,0.239837398
850_TME07-1_30x_Str_04B_xyz-10151-17305-375,0.479674797
851_TME07-1_30x_Str_04B_xyz-10225-9408-346,0.597560976
854_TME07-1_30x_Str_04B_xyz-10696-12938-135,0.548780488
855_TME07-1_30x_Str_04B_xyz-10845-14187-177,0.719512195
856_TME07-1_30x_Str_04B_xyz-11086-10866-210,0.853658537
857_TME07-1_30x_Str_04B_xyz-11113-10427-424,0.280487805
858_TME07-1_30x_Str_04B_xyz-11189-14124-454,0.158536585
859_TME07-1_30x_Str_04B_xyz-11195-7688-358,0.548780488
860_TME07-1_30x_Str_04B_xyz-11465-13997-450,0.174796748
861_TME07-1_30x_Str_04B_xyz-11544-11770-277,0.87804878
862_TME07-1_30x_Str_04B_xyz-11550-12796-298,0.792682927
866_TME07-1_30x_Str_04B_xyz-11658-11428-116,0.471544715
867_TME07-1_30x_Str_04B_xyz-11755-12026-451,0.170731707
868_TME07-1_30x_Str_04B_xyz-12037-8419-59,0.239837398
869_TME07-1_30x_Str_04B_xyz-12433-13832-222,0.902439024
871_TME07-1_30x_Str_04B_xyz-12557-9611-274,0.890243902
873_TME07-1_30x_Str_04B_xyz-12602-14909-88,0.357723577
874_TME07-1_30x_Str_04B_xyz-12620-12678-341,0.617886179
875_TME07-1_30x_Str_04B_xyz-13135-10761-197,0.800813008
876_TME07-1_30x_Str_04B_xyz-13155-10135-143,0.581300813
878_TME07-1_30x_Str_04B_xyz-13279-11989-435,0.235772358
879_TME07-1_30x_Str_04B_xyz-13340-13079-437,0.227642276
882_TME07-1_30x_Str_05A_xyz-3273-11493-55,0.233050847
883_TME07-1_30x_Str_05A_xyz-3343-16756-221,0.936440678
884_TME07-1_30x_Str_05A_xyz-3659-14298-384,0.372881356
886_TME07-1_30x_Str_05A_xyz-4110-12842-397,0.31779661
887_TME07-1_30x_Str_05A_xyz-4216-17802-199,0.843220339
889_TME07-1_30x_Str_05A_xyz-4656-15385-434,0.161016949
890_TME07-1_30x_Str_05A_xyz-4780-11845-334,0.584745763
891_TME07-1_30x_Str_05A_xyz-4789-14557-211,0.894067797
892_TME07-1_30x_Str_05A_xyz-4820-10779-400,0.305084746
893_TME07-1_30x_Str_05A_xyz-5057-19528-181,0.766949153
894_TME07-1_30x_Str_05A_xyz-5370-15159-392,0.338983051
896_TME07-1_30x_Str_05A_xyz-5677-9635-41,0.173728814
897_TME07-1_30x_Str_05A_xyz-6039-19524-240,0.983050847
899_TME07-1_30x_Str_05A_xyz-6280-13778-264,0.881355932
900_TME07-1_30x_Str_05A_xyz-6318-16149-314,0.669491525
901_TME07-1_30x_Str_05A_xyz-6603-12120-210,0.889830508
902_TME07-1_30x_Str_05A_xyz-6716-7781-379,0.394067797
903_TME07-1_30x_Str_05A_xyz-6732-12419-387,0.360169492
904_TME07-1_30x_Str_05A_xyz-6850-14154-348,0.525423729
905_TME07-1_30x_Str_05A_xyz-6952-10754-117,0.495762712
906_TME07-1_30x_Str_05A_xyz-7005-17745-305,0.707627119
907_TME07-1_30x_Str_05A_xyz-7033-15212-349,0.521186441
908_TME07-1_30x_Str_05A_xyz-7149-12962-55,0.233050847
909_TME07-1_30x_Str_05A_xyz-7216-11476-376,0.406779661
910_TME07-1_30x_Str_05A_xyz-7243-14194-61,0.258474576
912_TME07-1_30x_Str_05A_xyz-7278-9337-219,0.927966102
913_TME07-1_30x_Str_05A_xyz-7307-7414-330,0.601694915
914_TME07-1_30x_Str_05A_xyz-7431-9157-260,0.898305085
915_TME07-1_30x_Str_05A_xyz-7512-9092-52,0.220338983
916_TME07-1_30x_Str_05A_xyz-7560-14798-408,0.271186441
918_TME07-1_30x_Str_05A_xyz-7900-9520-134,0.56779661
920_TME07-1_30x_Str_05A_xyz-7983-8943-359,0.478813559
922_TME07-1_30x_Str_05A_xyz-8143-9704-53,0.224576271
923_TME07-1_30x_Str_05A_xyz-8210-12053-379,0.394067797
924_TME07-1_30x_Str_05A_xyz-8252-10432-398,0.313559322
926_TME07-1_30x_Str_05A_xyz-8333-8985-82,0.347457627
927_TME07-1_30x_Str_05A_xyz-8468-10852-268,0.86440678
928_TME07-1_30x_Str_05A_xyz-8497-11694-186,0.788135593
929_TME07-1_30x_Str_05A_xyz-8673-11327-344,0.542372881
930_TME07-1_30x_Str_05A_xyz-8697-15318-353,0.504237288
931_TME07-1_30x_Str_05A_xyz-8809-12920-189,0.800847458
932_TME07-1_30x_Str_05A_xyz-8811-10493-230,0.974576271
933_TME07-1_30x_Str_05A_xyz-8893-10958-352,0.508474576
934_TME07-1_30x_Str_05A_xyz-8906-16957-275,0.834745763
935_TME07-1_30x_Str_05A_xyz-8950-11542-170,0.720338983
936_TME07-1_30x_Str_05A_xyz-9002-10440-400,0.305084746
937_TME07-1_30x_Str_05A_xyz-9093-17047-183,0.775423729
938_TME07-1_30x_Str_05A_xyz-9164-12543-187,0.792372881
939_TME07-1_30x_Str_05A_xyz-9185-21119-343,0.546610169
943_TME07-1_30x_Str_05A_xyz-9515-11529-180,0.762711864
944_TME07-1_30x_Str_05A_xyz-9588-21232-81,0.343220339
945_TME07-1_30x_Str_05A_xyz-9684-12468-340,0.559322034
946_TME07-1_30x_Str_05A_xyz-9735-13502-189,0.800847458
947_TME07-1_30x_Str_05A_xyz-9796-7289-391,0.343220339
948_TME07-1_30x_Str_05A_xyz-9815-10046-319,0.648305085
949_TME07-1_30x_Str_05A_xyz-9825-14736-374,0.415254237
950_TME07-1_30x_Str_05A_xyz-9848-12159-197,0.834745763
951_TME07-1_30x_Str_05A_xyz-9947-9861-265,0.877118644
952_TME07-1_30x_Str_05A_xyz-10099-19358-29,0.122881356
953_TME07-1_30x_Str_05A_xyz-10166-8312-414,0.245762712
955_TME07-1_30x_Str_05A_xyz-10439-10870-299,0.733050847
957_TME07-1_30x_Str_05A_xyz-10491-16565-372,0.423728814
958_TME07-1_30x_Str_05A_xyz-10591-18538-71,0.300847458
959_TME07-1_30x_Str_05A_xyz-10790-19100-101,0.427966102
961_TME07-1_30x_Str_05A_xyz-11197-19221-184,0.779661017
962_TME07-1_30x_Str_05A_xyz-11258-18542-131,0.555084746
963_TME07-1_30x_Str_05A_xyz-11266-12725-409,0.266949153
965_TME07-1_30x_Str_05A_xyz-11311-19524-413,0.25
966_TME07-1_30x_Str_05A_xyz-11411-11053-396,0.322033898
967_TME07-1_30x_Str_05A_xyz-11441-19828-84,0.355932203
968_TME07-1_30x_Str_05A_xyz-11455-15201-353,0.504237288
969_TME07-1_30x_Str_05A_xyz-11491-17025-374,0.415254237
970_TME07-1_30x_Str_05A_xyz-11543-12654-327,0.61440678
971_TME07-1_30x_Str_05A_xyz-11555-13576-356,0.491525424
972_TME07-1_30x_Str_05A_xyz-11776-21968-365,0.453389831
974_TME07-1_30x_Str_05A_xyz-12261-17226-171,0.724576271
975_TME07-1_30x_Str_05A_xyz-12555-17232-251,0.936440678
976_TME07-1_30x_Str_05A_xyz-12694-11750-420,0.220338983
977_TME07-1_30x_Str_05A_xyz-12734-20451-342,0.550847458
978_TME07-1_30x_Str_05A_xyz-12821-18300-326,0.618644068
979_TME07-1_30x_Str_05A_xyz-12872-11725-421,0.216101695
981_TME07-1_30x_Str_05A_xyz-13044-17835-374,0.415254237
982_TME07-1_30x_Str_05A_xyz-13525-16968-340,0.559322034
983_TME07-1_30x_Str_05A_xyz-13949-9876-166,0.703389831
986_TME07-1_30x_Str_05B_xyz-1192-16505-339,0.555555556
987_TME07-1_30x_Str_05B_xyz-1290-15658-261,0.888888889
989_TME07-1_30x_Str_05B_xyz-2126-17990-168,0.717948718
991_TME07-1_30x_Str_05B_xyz-2268-10636-431,0.162393162
992_TME07-1_30x_Str_05B_xyz-2480-10333-350,0.508547009
994_TME07-1_30x_Str_05B_xyz-2889-18649-203,0.867521368
995_TME07-1_30x_Str_05B_xyz-3000-13333-350,0.508547009
996_TME07-1_30x_Str_05B_xyz-3014-17145-62,0.264957265
997_TME07-1_30x_Str_05B_xyz-3052-19793-280,0.807692308
998_TME07-1_30x_Str_05B_xyz-3187-19124-31,0.132478632
999_TME07-1_30x_Str_05B_xyz-3269-9943-283,0.794871795
001_TME08-1_30x_Str_02A_xyz-10345-19733-278,0.900793651
003_TME08-1_30x_Str_02A_xyz-11130-7923-439,0.261904762
004_TME08-1_30x_Str_02A_xyz-11587-12677-155,0.615079365
005_TME08-1_30x_Str_02A_xyz-4061-11282-257,0.984126984
008_TME08-1_30x_Str_02A_xyz-4573-17451-417,0.349206349
009_TME08-1_30x_Str_02A_xyz-4946-13473-365,0.555555556
010_TME08-1_30x_Str_02A_xyz-5327-15200-156,0.619047619
012_TME08-1_30x_Str_02A_xyz-5809-14088-233,0.924603175
013_TME08-1_30x_Str_02A_xyz-6287-7988-142,0.563492063
014_TME08-1_30x_Str_02A_xyz-6835-7771-266,0.948412698
015_TME08-1_30x_Str_02A_xyz-7004-10472-71,0.281746032
016_TME08-1_30x_Str_02A_xyz-7047-11089-235,0.932539683
017_TME08-1_30x_Str_02A_xyz-7130-7915-307,0.785714286
018_TME08-1_30x_Str_02A_xyz-8846-14461-346,0.630952381
019_TME08-1_30x_Str_02A_xyz-9080-14208-208,0.825396825
020_TME08-1_30x_Str_02A_xyz-9433-19192-132,0.523809524
021_TME08-1_30x_Str_02A_xyz-9815-9367-430,0.297619048
022_TME08-1_30x_Str_02A_xyz-9882-16721-159,0.630952381
023_TME08-1_30x_Str_02B_xyz-10063-10352-58,0.2406639
024_TME08-1_30x_Str_02B_xyz-10067-18156-118,0.489626556
025_TME08-1_30x_Str_02B_xyz-10185-16288-425,0.236514523
026_TME08-1_30x_Str_02B_xyz-10359-11156-179,0.742738589
027_TME08-1_30x_Str_02B_xyz-10658-11627-219,0.908713693
028_TME08-1_30x_Str_02B_xyz-10758-17680-354,0.531120332
029_TME08-1_30x_Str_02B_xyz-10852-10901-362,0.497925311
030_TME08-1_30x_Str_02B_xyz-10914-13780-346,0.564315353
031_TME08-1_30x_Str_02B_xyz-11182-15012-249,0.966804979
032_TME08-1_30x_Str_02B_xyz-11213-14852-434,0.199170124
033_TME08-1_30x_Str_02B_xyz-12439-13244-190,0.788381743
034_TME08-1_30x_Str_02B_xyz-12505-14261-162,0.67219917
035_TME08-1_30x_Str_02B_xyz-4186-16209-317,0.684647303
036_TME08-1_30x_Str_02B_xyz-4992-8114-142,0.589211618
037_TME08-1_30x_Str_02B_xyz-5209-6844-359,0.510373444
038_TME08-1_30x_Str_02B_xyz-5301-16696-185,0.767634855
039_TME08-1_30x_Str_02B_xyz-5459-7797-366,0.481327801
040_TME08-1_30x_Str_02B_xyz-5564-6802-138,0.572614108
041_TME08-1_30x_Str_02B_xyz-5696-5659-340,0.589211618
042_TME08-1_30x_Str_02B_xyz-6153-10906-424,0.2406639
043_TME08-1_30x_Str_02B_xyz-6222-12469-179,0.742738589
045_TME08-1_30x_Str_02B_xyz-6311-10045-142,0.589211618
046_TME08-1_30x_Str_02B_xyz-6486-11008-315,0.692946058
048_TME08-1_30x_Str_02B_xyz-6982-12649-163,0.676348548
049_TME08-1_30x_Str_02B_xyz-7065-17876-424,0.2406639
052_TME08-1_30x_Str_02B_xyz-7366-8295-263,0.908713693
053_TME08-1_30x_Str_02B_xyz-7491-6388-182,0.755186722
054_TME08-1_30x_Str_02B_xyz-8031-18336-329,0.634854772
055_TME08-1_30x_Str_02B_xyz-8037-11498-276,0.854771784
056_TME08-1_30x_Str_02B_xyz-8273-10136-429,0.219917012
058_TME08-1_30x_Str_02B_xyz-8448-8738-118,0.489626556
059_TME08-1_30x_Str_02B_xyz-8530-17315-230,0.954356846
060_TME08-1_30x_Str_02B_xyz-8584-13825-352,0.539419087
061_TME08-1_30x_Str_02B_xyz-8964-13030-301,0.751037344
062_TME08-1_30x_Str_02B_xyz-9097-8349-357,0.518672199
063_TME08-1_30x_Str_02B_xyz-9575-12195-239,0.991701245
064_TME08-1_30x_Str_03A_xyz-10372-8705-348,0.566115702
065_TME08-1_30x_Str_03A_xyz-10373-17954-323,0.669421488
066_TME08-1_30x_Str_03A_xyz-10392-5866-261,0.925619835
067_TME08-1_30x_Str_03A_xyz-10495-20982-414,0.29338843
068_TME08-1_30x_Str_03A_xyz-10535-20694-384,0.417355372
069_TME08-1_30x_Str_03A_xyz-10556-9357-162,0.669421488
070_TME08-1_30x_Str_03A_xyz-10604-9246-388,0.400826446
071_TME08-1_30x_Str_03A_xyz-10644-15899-293,0.79338843
072_TME08-1_30x_Str_03A_xyz-10668-15163-288,0.814049587
073_TME08-1_30x_Str_03A_xyz-10906-13066-108,0.446280992
074_TME08-1_30x_Str_03A_xyz-10932-19151-251,0.966942149
075_TME08-1_30x_Str_03A_xyz-10983-21051-307,0.73553719
076_TME08-1_30x_Str_03A_xyz-11258-18537-144,0.595041322
077_TME08-1_30x_Str_03A_xyz-11426-7113-230,0.950413223
078_TME08-1_30x_Str_03A_xyz-11546-8419-169,0.698347107
079_TME08-1_30x_Str_03A_xyz-11559-21598-311,0.719008264
080_TME08-1_30x_Str_03A_xyz-11740-7919-229,0.946280992
081_TME08-1_30x_Str_03A_xyz-12206-20918-342,0.590909091
082_TME08-1_30x_Str_03A_xyz-12267-20141-376,0.450413223
083_TME08-1_30x_Str_03A_xyz-12407-20966-141,0.582644628
084_TME08-1_30x_Str_03A_xyz-12460-14277-271,0.884297521
089_TME08-1_30x_Str_03A_xyz-13329-15236-146,0.603305785
090_TME08-1_30x_Str_03A_xyz-13333-19563-83,0.342975207
095_TME08-1_30x_Str_03A_xyz-3503-16445-174,0.719008264
098_TME08-1_30x_Str_03A_xyz-4635-10547-425,0.247933884
099_TME08-1_30x_Str_03A_xyz-4688-19930-101,0.417355372
100_TME08-1_30x_Str_03A_xyz-5268-12685-60,0.247933884
101_TME08-1_30x_Str_03A_xyz-5758-15465-424,0.252066116
102_TME08-1_30x_Str_03A_xyz-6533-13636-343,0.58677686
104_TME08-1_30x_Str_03A_xyz-6881-11085-65,0.268595041
105_TME08-1_30x_Str_03A_xyz-7021-10753-343,0.58677686
107_TME08-1_30x_Str_03A_xyz-7298-10331-428,0.23553719
110_TME08-1_30x_Str_03A_xyz-7860-12055-62,0.256198347
111_TME08-1_30x_Str_03A_xyz-8053-15381-258,0.938016529
112_TME08-1_30x_Str_03A_xyz-8616-18866-432,0.219008264
113_TME08-1_30x_Str_03A_xyz-8706-12560-336,0.615702479
114_TME08-1_30x_Str_03A_xyz-9014-8269-335,0.619834711
115_TME08-1_30x_Str_03A_xyz-9041-15101-353,0.545454545
117_TME08-1_30x_Str_03A_xyz-9390-8311-432,0.219008264
118_TME08-1_30x_Str_03A_xyz-9639-17210-83,0.342975207
119_TME08-1_30x_Str_03A_xyz-9935-18172-146,0.603305785
121_TME08-1_30x_Str_03B_xyz-10188-18537-352,0.551440329
122_TME08-1_30x_Str_03B_xyz-10255-12463-390,0.395061728
123_TME08-1_30x_Str_03B_xyz-10331-8224-432,0.222222222
124_TME08-1_30x_Str_03B_xyz-10385-16980-320,0.683127572
125_TME08-1_30x_Str_03B_xyz-10399-8412-325,0.66255144
126_TME08-1_30x_Str_03B_xyz-10703-19209-262,0.9218107
127_TME08-1_30x_Str_03B_xyz-11019-19186-370,0.477366255
128_TME08-1_30x_Str_03B_xyz-11273-18406-188,0.773662551
129_TME08-1_30x_Str_03B_xyz-11305-15758-57,0.234567901
130_TME08-1_30x_Str_03B_xyz-11343-10481-212,0.872427984
131_TME08-1_30x_Str_03B_xyz-12266-18086-363,0.50617284
132_TME08-1_30x_Str_03B_xyz-12322-16889-151,0.621399177
133_TME08-1_30x_Str_03B_xyz-13184-18060-133,0.547325103
135_TME08-1_30x_Str_03B_xyz-2520-9479-325,0.66255144
139_TME08-1_30x_Str_03B_xyz-3356-9593-168,0.691358025
140_TME08-1_30x_Str_03B_xyz-3629-10828-209,0.860082305
141_TME08-1_30x_Str_03B_xyz-3747-20059-442,0.181069959
143_TME08-1_30x_Str_03B_xyz-3947-9611-244,0.995884774
144_TME08-1_30x_Str_03B_xyz-4810-8169-159,0.654320988
145_TME08-1_30x_Str_03B_xyz-5456-16325-363,0.50617284
147_TME08-1_30x_Str_03B_xyz-6007-22812-140,0.576131687
148_TME08-1_30x_Str_03B_xyz-6318-15796-423,0.259259259
149_TME08-1_30x_Str_03B_xyz-6327-17001-260,0.930041152
150_TME08-1_30x_Str_03B_xyz-7077-22209-413,0.300411523
151_TME08-1_30x_Str_03B_xyz-7141-17311-402,0.345679012
152_TME08-1_30x_Str_03B_xyz-9094-11637-212,0.872427984
153_TME08-1_30x_Str_03B_xyz-9376-11135-145,0.596707819
154_TME08-1_30x_Str_03B_xyz-9505-12642-353,0.547325103
155_TME08-1_30x_Str_03B_xyz-9555-9144-256,0.946502058
157_TME08-1_30x_Str_04A_xyz-10451-15218-381,0.419087137
158_TME08-1_30x_Str_04A_xyz-11274-22355-260,0.921161826
159_TME08-1_30x_Str_04A_xyz-12658-18203-130,0.539419087
160_TME08-1_30x_Str_04A_xyz-12836-10064-421,0.253112033
163_TME08-1_30x_Str_04A_xyz-3452-15544-239,0.991701245
165_TME08-1_30x_Str_04A_xyz-3920-16910-333,0.618257261
166_TME08-1_30x_Str_04A_xyz-4673-12742-345,0.56846473
167_TME08-1_30x_Str_04A_xyz-5329-12453-269,0.883817427
168_TME08-1_30x_Str_04A_xyz-7005-11977-229,0.950207469
169_TME08-1_30x_Str_04A_xyz-8144-16349-186,0.771784232
170_TME08-1_30x_Str_04A_xyz-9951-9843-315,0.692946058
171_TME08-1_30x_Str_04B_xyz-10068-18507-297,0.767634855
172_TME08-1_30x_Str_04B_xyz-10236-19315-225,0.933609959
173_TME08-1_30x_Str_04B_xyz-10354-16899-109,0.452282158
174_TME08-1_30x_Str_04B_xyz-10827-15241-122,0.506224066
175_TME08-1_30x_Str_04B_xyz-11840-14577-171,0.709543568
176_TME08-1_30x_Str_04B_xyz-1948-16766-343,0.576763485
177_TME08-1_30x_Str_04B_xyz-2128-17866-324,0.65560166
179_TME08-1_30x_Str_04B_xyz-3084-12252-305,0.734439834
180_TME08-1_30x_Str_04B_xyz-3475-22261-185,0.767634855
182_TME08-1_30x_Str_04B_xyz-3520-23082-210,0.871369295
183_TME08-1_30x_Str_04B_xyz-3536-19978-51,0.211618257
184_TME08-1_30x_Str_04B_xyz-4152-13957-280,0.838174274
186_TME08-1_30x_Str_04B_xyz-6205-12734-312,0.705394191
187_TME08-1_30x_Str_04B_xyz-6554-14275-356,0.522821577
189_TME08-1_30x_Str_04B_xyz-6999-18052-436,0.190871369
190_TME08-1_30x_Str_04B_xyz-7487-9576-352,0.539419087
191_TME08-1_30x_Str_04B_xyz-7663-9789-286,0.813278008
192_TME08-1_30x_Str_04B_xyz-8123-19219-270,0.87966805
193_TME08-1_30x_Str_04B_xyz-8448-19220-352,0.539419087
194_TME08-1_30x_Str_04B_xyz-8823-18427-216,0.89626556
195_TME08-1_30x_Str_04B_xyz-8891-10538-357,0.518672199
196_TME08-1_30x_Str_05A_xyz-4192-8886-266,0.886554622
198_TME08-1_30x_Str_05A_xyz-5390-8938-175,0.735294118
200_TME08-1_30x_Str_05A_xyz-7425-3857-327,0.630252101
201_TME08-1_30x_Str_05A_xyz-7769-15268-324,0.642857143
202_TME08-1_30x_Str_05A_xyz-7816-11503-382,0.399159664
204_TME08-1_30x_Str_05A_xyz-9784-14318-379,0.411764706
206_TME08-1_30x_Str_05B_xyz-3950-3603-413,0.264705882
207_TME08-1_30x_Str_05B_xyz-4470-2965-167,0.701680672
208_TME08-1_30x_Str_05B_xyz-4837-12528-149,0.62605042
209_TME08-1_30x_Str_05B_xyz-5148-14984-416,0.25210084
210_TME08-1_30x_Str_05B_xyz-5261-11107-405,0.298319328
211_TME08-1_30x_Str_05B_xyz-6533-7352-389,0.365546218
212_TME08-1_30x_Str_05B_xyz-7796-6533-346,0.546218487
213_TME08-1_30x_Str_05B_xyz-8001-8993-341,0.567226891
218_TME08-1_30x_Str_06A_xyz-3801-6015-420,0.227848101
219_TME08-1_30x_Str_06A_xyz-4907-7306-419,0.232067511
220_TME08-1_30x_Str_06A_xyz-5570-10845-304,0.717299578
221_TME08-1_30x_Str_06A_xyz-7500-4995-316,0.666666667
225_TME08-1_30x_Str_06B_xyz-3700-3252-334,0.6125
228_TME08-1_30x_Str_06B_xyz-7178-5542-141,0.5875
229_TME08-1_30x_Str_06B_xyz-7541-8610-145,0.604166667
230_TME08-1_30x_Str_06B_xyz-8399-6219-74,0.308333333
231_TME08-1_30x_Str_06B_xyz-8821-7017-72,0.3
232_TME08-1_30x_Str_06B_xyz-9270-8160-69,0.2875
233_TME08-1_30x_Str_07B_xyz-3312-4482-258,0.911016949
237_TME08-1_30x_Str_07B_xyz-5971-5978-279,0.822033898
238_TME08-1_30x_Str_07B_xyz-6900-7833-424,0.207627119
240_TME08-1_30x_Str_08A_xyz-5320-2948-241,0.947368421
241_TME08-1_30x_Str_08A_xyz-5423-3812-119,0.521929825
242_TME08-1_30x_Str_08A_xyz-5448-5622-225,0.986842105
243_TME08-1_30x_Str_08A_xyz-6167-3695-244,0.934210526
247_TME08-1_30x_Str_08B_xyz-3773-4288-86,0.370689655
248_TME08-1_30x_Str_08B_xyz-3935-3409-311,0.663793103
250_TME08-1_30x_Str_08B_xyz-4637-9417-332,0.573275862
251_TME08-1_30x_Str_08B_xyz-4999-9263-396,0.297413793
253_TME08-1_30x_Str_08B_xyz-5243-9372-332,0.573275862
254_TME08-1_30x_Str_08B_xyz-5662-6662-314,0.650862069
255_TME08-1_30x_Str_08B_xyz-6111-8608-358,0.461206897
256_TME08-1_30x_Str_08B_xyz-6199-7400-72,0.310344828
257_TME08-1_30x_Str_08B_xyz-6315-7335-129,0.556034483
258_TME08-1_30x_Str_08B_xyz-6787-7613-132,0.568965517
001_TME09-1_30x_Str_02A_xyz-6227-9797-56,0.232365145
002_TME09-1_30x_Str_02A_xyz-8173-9301-76,0.315352697
003_TME09-1_30x_Str_02A_xyz-9090-17963-369,0.468879668
011_TME09-1_30x_Str_02B_xyz-3725-11359-348,0.543933054
013_TME09-1_30x_Str_02B_xyz-3945-12449-296,0.761506276
014_TME09-1_30x_Str_02B_xyz-4781-7130-254,0.937238494
016_TME09-1_30x_Str_02B_xyz-5341-11420-380,0.410041841
017_TME09-1_30x_Str_02B_xyz-5347-11418-142,0.594142259
018_TME09-1_30x_Str_02B_xyz-5888-8861-50,0.209205021
019_TME09-1_30x_Str_02B_xyz-7162-10176-185,0.774058577
021_TME09-1_30x_Str_02B_xyz-7607-14424-266,0.887029289
022_TME09-1_30x_Str_02B_xyz-7699-17332-409,0.288702929
024_TME09-1_30x_Str_02B_xyz-7876-8132-63,0.263598326
025_TME09-1_30x_Str_02B_xyz-9323-10535-242,0.987447699
028_TME09-1_30x_Str_03A_xyz-2475-13307-370,0.483606557
033_TME09-1_30x_Str_03A_xyz-5457-10132-225,0.922131148
034_TME09-1_30x_Str_03A_xyz-6380-8216-355,0.545081967
035_TME09-1_30x_Str_03A_xyz-6550-10972-387,0.413934426
037_TME09-1_30x_Str_03A_xyz-8357-7736-373,0.471311475
038_TME09-1_30x_Str_03A_xyz-9152-11682-389,0.405737705
039_TME09-1_30x_Str_03A_xyz-9277-14657-63,0.258196721
040_TME09-1_30x_Str_03A_xyz-9419-11723-204,0.836065574
041_TME09-1_30x_Str_03A_xyz-9495-14170-167,0.68442623
042_TME09-1_30x_Str_03A_xyz-10020-9403-62,0.254098361
046_TME09-1_30x_Str_03B_xyz-4104-13498-345,0.56846473
049_TME09-1_30x_Str_03B_xyz-7622-8908-57,0.236514523
050_TME09-1_30x_Str_03B_xyz-8278-14414-298,0.763485477
052_TME09-1_30x_Str_03B_xyz-10870-11950-189,0.784232365
054_TME09-1_30x_Str_03B_xyz-11701-13027-76,0.315352697
056_TME09-1_30x_Str_03B_xyz-12036-10342-90,0.373443983
057_TME09-1_30x_Str_03B_xyz-12438-10878-82,0.340248963
058_TME09-1_30x_Str_04A_xyz-1858-12021-383,0.478087649
060_TME09-1_30x_Str_04A_xyz-6899-13102-86,0.342629482
063_TME09-1_30x_Str_04A_xyz-7982-9359-69,0.274900398
064_TME09-1_30x_Str_04A_xyz-8156-18423-314,0.752988048
066_TME09-1_30x_Str_04A_xyz-9686-10458-295,0.828685259
067_TME09-1_30x_Str_04A_xyz-10451-18667-265,0.948207171
068_TME09-1_30x_Str_04A_xyz-10761-9853-277,0.900398406
069_TME09-1_30x_Str_04A_xyz-11316-14111-297,0.820717131
070_TME09-1_30x_Str_04A_xyz-12954-19682-342,0.641434263
071_TME09-1_30x_Str_04A_xyz-13273-16360-366,0.545816733
080_TME09-1_30x_Str_04B_xyz-11498-14213-173,0.67578125
081_TME09-1_30x_Str_04B_xyz-12287-10776-412,0.390625
088_TME09-1_30x_Str_04B_xyz-13497-15452-70,0.2734375
093_TME09-1_30x_Str_05A_xyz-4851-15372-52,0.211382114
096_TME09-1_30x_Str_05A_xyz-5607-9760-377,0.471544715
098_TME09-1_30x_Str_05A_xyz-6634-9160-103,0.418699187
099_TME09-1_30x_Str_05A_xyz-7043-8180-350,0.581300813
101_TME09-1_30x_Str_05A_xyz-7375-7812-182,0.739837398
102_TME09-1_30x_Str_05A_xyz-7645-7756-333,0.650406504
103_TME09-1_30x_Str_05A_xyz-7881-8162-222,0.902439024
104_TME09-1_30x_Str_05A_xyz-10832-19499-454,0.158536585
105_TME09-1_30x_Str_05A_xyz-11337-20223-408,0.345528455
106_TME09-1_30x_Str_05B_xyz-9260-12195-369,0.485596708
107_TME09-1_30x_Str_05B_xyz-9367-9461-301,0.765432099
108_TME09-1_30x_Str_05B_xyz-12264-14399-422,0.267489712
109_TME09-1_30x_Str_06A_xyz-1868-12562-356,0.520833333
110_TME09-1_30x_Str_06A_xyz-2841-11560-230,0.958333333
111_TME09-1_30x_Str_06A_xyz-4748-10598-129,0.5375
112_TME09-1_30x_Str_06A_xyz-5364-7967-164,0.683333333
113_TME09-1_30x_Str_06A_xyz-5447-8011-60,0.25
115_TME09-1_30x_Str_06A_xyz-5983-12630-228,0.95
116_TME09-1_30x_Str_06A_xyz-6042-18913-222,0.925
117_TME09-1_30x_Str_06A_xyz-6627-13630-88,0.366666667
118_TME09-1_30x_Str_06A_xyz-6645-9652-37,0.154166667
119_TME09-1_30x_Str_06B_xyz-4741-8185-346,0.593495935
120_TME09-1_30x_Str_06B_xyz-5473-8333-405,0.353658537
121_TME09-1_30x_Str_06B_xyz-5493-18991-107,0.43495935
122_TME09-1_30x_Str_06B_xyz-5705-11879-358,0.544715447
123_TME09-1_30x_Str_06B_xyz-5941-16556-241,0.979674797
126_TME09-1_30x_Str_07A_xyz-1444-11748-423,0.345098039
127_TME09-1_30x_Str_07B_xyz-4267-10223-232,0.909803922
128_TME09-1_30x_Str_07B_xyz-4726-12848-215,0.843137255
129_TME09-1_30x_Str_07B_xyz-5539-10819-399,0.439215686
131_TME09-1_30x_Str_08A_xyz-2190-13425-311,0.756
132_TME09-1_30x_Str_08A_xyz-2530-12695-183,0.732
133_TME09-1_30x_Str_08A_xyz-2680-14417-111,0.444
134_TME09-1_30x_Str_08A_xyz-3731-11067-448,0.208
136_TME09-1_30x_Str_08A_xyz-4461-12168-353,0.588
138_TME09-1_30x_Str_08A_xyz-4701-13023-113,0.452
139_TME09-1_30x_Str_08A_xyz-4864-11117-335,0.66
140_TME09-1_30x_Str_08A_xyz-5231-10612-109,0.436
145_TME09-1_30x_Str_08B_xyz-2724-11158-312,0.730612245
146_TME09-1_30x_Str_08B_xyz-3073-11911-134,0.546938776
148_TME09-1_30x_Str_08B_xyz-3328-11398-452,0.159183673
151_TME09-1_30x_Str_08B_xyz-4419-13070-364,0.518367347
152_TME09-1_30x_Str_08B_xyz-4651-12838-397,0.383673469
153_TME09-1_30x_Str_08B_xyz-4686-14487-124,0.506122449
001_TME10-1_30x_Str_02A_xyz-3891-12982-405,0.52014652
002_TME10-1_30x_Str_02A_xyz-3911-13577-89,0.326007326
003_TME10-1_30x_Str_02A_xyz-4129-15906-446,0.36996337
004_TME10-1_30x_Str_02A_xyz-4728-17459-377,0.622710623
005_TME10-1_30x_Str_02A_xyz-4969-16394-399,0.542124542
006_TME10-1_30x_Str_02A_xyz-5776-9144-316,0.846153846
007_TME10-1_30x_Str_02A_xyz-5900-18054-342,0.750915751
008_TME10-1_30x_Str_02A_xyz-6045-15442-227,0.831501832
009_TME10-1_30x_Str_02A_xyz-6163-13363-131,0.47985348
010_TME10-1_30x_Str_02A_xyz-6218-8137-62,0.227106227
011_TME10-1_30x_Str_02A_xyz-6300-10775-343,0.747252747
012_TME10-1_30x_Str_02A_xyz-6577-7099-271,0.992673993
013_TME10-1_30x_Str_02A_xyz-6993-7889-57,0.208791209
014_TME10-1_30x_Str_02A_xyz-7455-8486-131,0.47985348
015_TME10-1_30x_Str_02A_xyz-7474-11143-104,0.380952381
016_TME10-1_30x_Str_02A_xyz-7985-7102-345,0.73992674
019_TME10-1_30x_Str_02A_xyz-8421-10278-69,0.252747253
020_TME10-1_30x_Str_02A_xyz-8630-10587-403,0.527472527
021_TME10-1_30x_Str_02A_xyz-9060-16693-85,0.311355311
022_TME10-1_30x_Str_02A_xyz-9178-6624-386,0.58974359
023_TME10-1_30x_Str_02A_xyz-9408-7513-87,0.318681319
024_TME10-1_30x_Str_02A_xyz-9709-7198-247,0.904761905
025_TME10-1_30x_Str_02A_xyz-9743-8745-370,0.648351648
026_TME10-1_30x_Str_02A_xyz-9856-16645-273,1
027_TME10-1_30x_Str_02A_xyz-9928-17981-293,0.93040293
028_TME10-1_30x_Str_02A_xyz-10022-7114-257,0.941391941
029_TME10-1_30x_Str_02A_xyz-10039-12918-435,0.41025641
030_TME10-1_30x_Str_02A_xyz-10040-17755-200,0.732600733
031_TME10-1_30x_Str_02A_xyz-10044-10426-228,0.835164835
032_TME10-1_30x_Str_02A_xyz-10194-9538-242,0.886446886
033_TME10-1_30x_Str_02A_xyz-10233-8039-115,0.421245421
034_TME10-1_30x_Str_02A_xyz-10276-17190-359,0.688644689
038_TME10-1_30x_Str_02A_xyz-10464-9966-440,0.391941392
040_TME10-1_30x_Str_02B_xyz-1796-15223-381,0.55513308
041_TME10-1_30x_Str_02B_xyz-2286-9002-351,0.669201521
042_TME10-1_30x_Str_02B_xyz-2320-8911-253,0.961977186
044_TME10-1_30x_Str_02B_xyz-2530-9713-399,0.486692015
045_TME10-1_30x_Str_02B_xyz-2872-8556-150,0.570342205
047_TME10-1_30x_Str_02B_xyz-3233-11874-439,0.33460076
048_TME10-1_30x_Str_02B_xyz-3294-15875-412,0.437262357
049_TME10-1_30x_Str_02B_xyz-3444-7875-390,0.520912548
051_TME10-1_30x_Str_02B_xyz-3782-7106-170,0.646387833
052_TME10-1_30x_Str_02B_xyz-3798-9102-113,0.429657795
054_TME10-1_30x_Str_02B_xyz-3948-12677-285,0.920152091
055_TME10-1_30x_Str_02B_xyz-4241-12973-166,0.631178707
056_TME10-1_30x_Str_02B_xyz-4596-9837-258,0.980988593
057_TME10-1_30x_Str_02B_xyz-4682-11606-122,0.463878327
058_TME10-1_30x_Str_02B_xyz-4821-9179-161,0.6121673
059_TME10-1_30x_Str_02B_xyz-4986-17994-163,0.619771863
060_TME10-1_30x_Str_02B_xyz-5099-15251-314,0.809885932
061_TME10-1_30x_Str_02B_xyz-5461-5320-89,0.338403042
062_TME10-1_30x_Str_02B_xyz-5501-12507-59,0.224334601
063_TME10-1_30x_Str_02B_xyz-5561-13753-145,0.551330798
064_TME10-1_30x_Str_02B_xyz-5564-10867-214,0.813688213
065_TME10-1_30x_Str_02B_xyz-5734-10510-120,0.456273764
066_TME10-1_30x_Str_02B_xyz-5738-10216-332,0.741444867
068_TME10-1_30x_Str_02B_xyz-5831-13499-101,0.384030418
069_TME10-1_30x_Str_02B_xyz-5880-13601-278,0.946768061
070_TME10-1_30x_Str_02B_xyz-5905-11319-95,0.36121673
071_TME10-1_30x_Str_02B_xyz-6006-5217-102,0.3878327
072_TME10-1_30x_Str_02B_xyz-6090-18520-110,0.418250951
073_TME10-1_30x_Str_02B_xyz-6157-6468-399,0.486692015
074_TME10-1_30x_Str_02B_xyz-6490-15322-231,0.878326996
075_TME10-1_30x_Str_02B_xyz-7142-13776-278,0.946768061
076_TME10-1_30x_Str_02B_xyz-7387-8612-205,0.779467681
077_TME10-1_30x_Str_02B_xyz-7434-9661-262,0.996197719
079_TME10-1_30x_Str_02B_xyz-7489-14101-313,0.813688213
080_TME10-1_30x_Str_02B_xyz-7529-9896-76,0.288973384
081_TME10-1_30x_Str_02B_xyz-7608-6957-325,0.768060837
082_TME10-1_30x_Str_02B_xyz-7682-7510-50,0.190114068
083_TME10-1_30x_Str_02B_xyz-7685-13974-319,0.790874525
085_TME10-1_30x_Str_02B_xyz-8356-15319-233,0.885931559
086_TME10-1_30x_Str_02B_xyz-8388-12217-297,0.874524715
089_TME10-1_30x_Str_02B_xyz-8923-12185-416,0.422053232
090_TME10-1_30x_Str_02B_xyz-8976-14875-242,0.920152091
091_TME10-1_30x_Str_02B_xyz-8993-15600-308,0.83269962
092_TME10-1_30x_Str_02B_xyz-9085-14252-351,0.669201521
093_TME10-1_30x_Str_02B_xyz-9408-10423-214,0.813688213
096_TME10-1_30x_Str_03A_xyz-3299-12766-221,0.87007874
098_TME10-1_30x_Str_03A_xyz-3444-11619-359,0.586614173
099_TME10-1_30x_Str_03A_xyz-3464-11309-80,0.31496063
101_TME10-1_30x_Str_03A_xyz-3578-13596-70,0.275590551
103_TME10-1_30x_Str_03A_xyz-3880-17390-201,0.791338583
104_TME10-1_30x_Str_03A_xyz-3947-10268-324,0.724409449
105_TME10-1_30x_Str_03A_xyz-4164-13875-312,0.771653543
108_TME10-1_30x_Str_03A_xyz-4439-18420-258,0.984251969
109_TME10-1_30x_Str_03A_xyz-4531-17040-139,0.547244094
110_TME10-1_30x_Str_03A_xyz-4541-9000-285,0.877952756
111_TME10-1_30x_Str_03A_xyz-4787-14531-158,0.622047244
112_TME10-1_30x_Str_03A_xyz-4814-11508-238,0.937007874
113_TME10-1_30x_Str_03A_xyz-4952-19014-72,0.283464567
114_TME10-1_30x_Str_03A_xyz-5020-19073-246,0.968503937
115_TME10-1_30x_Str_03A_xyz-5046-18233-170,0.669291339
116_TME10-1_30x_Str_03A_xyz-5111-15617-143,0.562992126
117_TME10-1_30x_Str_03A_xyz-5595-14402-292,0.850393701
118_TME10-1_30x_Str_03A_xyz-6002-15825-164,0.645669291
120_TME10-1_30x_Str_03A_xyz-6245-19273-210,0.826771654
121_TME10-1_30x_Str_03A_xyz-6333-12585-226,0.88976378
122_TME10-1_30x_Str_03A_xyz-6838-12981-422,0.338582677
123_TME10-1_30x_Str_03A_xyz-7415-16201-356,0.598425197
125_TME10-1_30x_Str_03A_xyz-7531-13853-24,0.094488189
126_TME10-1_30x_Str_03A_xyz-7532-11089-185,0.728346457
127_TME10-1_30x_Str_03A_xyz-7691-6866-175,0.688976378
128_TME10-1_30x_Str_03A_xyz-7707-7190-254,1
130_TME10-1_30x_Str_03A_xyz-8002-16486-147,0.578740157
132_TME10-1_30x_Str_03A_xyz-8343-6489-66,0.25984252
133_TME10-1_30x_Str_03A_xyz-8464-21009-114,0.448818898
135_TME10-1_30x_Str_03A_xyz-8660-16826-314,0.763779528
136_TME10-1_30x_Str_03A_xyz-8695-7195-266,0.952755906
137_TME10-1_30x_Str_03A_xyz-8733-13513-184,0.724409449
138_TME10-1_30x_Str_03A_xyz-8757-11654-291,0.854330709
139_TME10-1_30x_Str_03A_xyz-8787-20655-342,0.653543307
140_TME10-1_30x_Str_03A_xyz-8844-18527-46,0.181102362
143_TME10-1_30x_Str_03A_xyz-9318-7082-357,0.594488189
144_TME10-1_30x_Str_03A_xyz-9944-11594-433,0.295275591
146_TME10-1_30x_Str_03A_xyz-10207-10652-52,0.204724409
147_TME10-1_30x_Str_03A_xyz-10209-12353-196,0.771653543
150_TME10-1_30x_Str_03A_xyz-10952-7729-378,0.511811024
151_TME10-1_30x_Str_03A_xyz-11070-7436-346,0.637795276
152_TME10-1_30x_Str_03A_xyz-11072-19731-298,0.826771654
154_TME10-1_30x_Str_03A_xyz-12134-18035-317,0.751968504
157_TME10-1_30x_Str_03B_xyz-3778-20637-329,0.708661417
158_TME10-1_30x_Str_03B_xyz-3914-12798-142,0.559055118
160_TME10-1_30x_Str_03B_xyz-4158-14031-382,0.5
161_TME10-1_30x_Str_03B_xyz-4182-11572-392,0.460629921
162_TME10-1_30x_Str_03B_xyz-4356-15006-227,0.893700787
164_TME10-1_30x_Str_03B_xyz-4400-13738-143,0.562992126
165_TME10-1_30x_Str_03B_xyz-4667-18619-117,0.460629921
167_TME10-1_30x_Str_03B_xyz-4922-18343-313,0.771653543
168_TME10-1_30x_Str_03B_xyz-4978-9615-328,0.712598425
169_TME10-1_30x_Str_03B_xyz-5034-8804-434,0.295275591
170_TME10-1_30x_Str_03B_xyz-5179-11842-478,0.122047244
171_TME10-1_30x_Str_03B_xyz-5258-16119-335,0.68503937
172_TME10-1_30x_Str_03B_xyz-5409-13513-250,0.984251969
173_TME10-1_30x_Str_03B_xyz-5660-16319-299,0.826771654
174_TME10-1_30x_Str_03B_xyz-5819-13262-347,0.637795276
175_TME10-1_30x_Str_03B_xyz-6131-11985-220,0.866141732
176_TME10-1_30x_Str_03B_xyz-6231-12319-298,0.830708661
177_TME10-1_30x_Str_03B_xyz-6387-20380-85,0.334645669
178_TME10-1_30x_Str_03B_xyz-6731-14997-325,0.724409449
179_TME10-1_30x_Str_03B_xyz-6750-9268-391,0.464566929
180_TME10-1_30x_Str_03B_xyz-6950-13366-273,0.929133858
181_TME10-1_30x_Str_03B_xyz-7049-16469-230,0.905511811
182_TME10-1_30x_Str_03B_xyz-7184-11601-138,0.543307087
183_TME10-1_30x_Str_03B_xyz-7293-19071-297,0.834645669
184_TME10-1_30x_Str_03B_xyz-7817-13822-374,0.531496063
185_TME10-1_30x_Str_03B_xyz-7993-14448-363,0.57480315
186_TME10-1_30x_Str_03B_xyz-8279-9787-330,0.704724409
187_TME10-1_30x_Str_03B_xyz-8367-18903-135,0.531496063
188_TME10-1_30x_Str_03B_xyz-8441-13188-192,0.755905512
191_TME10-1_30x_Str_03B_xyz-9140-19405-354,0.61023622
192_TME10-1_30x_Str_03B_xyz-9250-13558-191,0.751968504
195_TME10-1_30x_Str_03B_xyz-9353-13904-399,0.433070866
196_TME10-1_30x_Str_03B_xyz-9401-14905-236,0.929133858
197_TME10-1_30x_Str_03B_xyz-9446-19266-183,0.720472441
198_TME10-1_30x_Str_03B_xyz-9449-12187-302,0.81496063
199_TME10-1_30x_Str_03B_xyz-9823-15905-418,0.358267717
201_TME10-1_30x_Str_03B_xyz-10009-15368-275,0.921259843
202_TME10-1_30x_Str_03B_xyz-10379-19304-75,0.295275591
203_TME10-1_30x_Str_03B_xyz-10998-12927-324,0.728346457
204_TME10-1_30x_Str_03B_xyz-11025-11518-103,0.405511811
205_TME10-1_30x_Str_03B_xyz-11304-16265-339,0.669291339
206_TME10-1_30x_Str_03B_xyz-11401-12272-175,0.688976378
207_TME10-1_30x_Str_03B_xyz-11411-9935-449,0.236220472
208_TME10-1_30x_Str_03B_xyz-11828-16117-417,0.362204724
209_TME10-1_30x_Str_03B_xyz-11875-16699-395,0.448818898
210_TME10-1_30x_Str_03B_xyz-12248-16807-112,0.440944882
211_TME10-1_30x_Str_03B_xyz-12600-17687-221,0.87007874
212_TME10-1_30x_Str_03B_xyz-12648-16119-318,0.751968504
214_TME10-1_30x_Str_03B_xyz-13096-16055-84,0.330708661
216_TME10-1_30x_Str_04A_xyz-1680-10788-63,0.250996016
217_TME10-1_30x_Str_04A_xyz-1681-13389-277,0.896414343
218_TME10-1_30x_Str_04A_xyz-2481-13053-252,0.996015936
219_TME10-1_30x_Str_04A_xyz-2931-9917-289,0.848605578
220_TME10-1_30x_Str_04A_xyz-2942-11247-77,0.306772908
222_TME10-1_30x_Str_04A_xyz-3358-11872-95,0.378486056
223_TME10-1_30x_Str_04A_xyz-3430-10125-212,0.844621514
224_TME10-1_30x_Str_04A_xyz-3553-13053-210,0.836653386
225_TME10-1_30x_Str_04A_xyz-3761-14541-376,0.501992032
226_TME10-1_30x_Str_04A_xyz-3801-8953-39,0.155378486
228_TME10-1_30x_Str_04A_xyz-4334-12244-25,0.099601594
229_TME10-1_30x_Str_04A_xyz-4620-8836-208,0.828685259
230_TME10-1_30x_Str_04A_xyz-4642-15412-149,0.593625498
231_TME10-1_30x_Str_04A_xyz-4926-8051-112,0.446215139
232_TME10-1_30x_Str_04A_xyz-5081-7597-377,0.498007968
233_TME10-1_30x_Str_04A_xyz-5108-19359-294,0.828685259
234_TME10-1_30x_Str_04A_xyz-5439-16357-293,0.832669323
235_TME10-1_30x_Str_04A_xyz-5636-11222-77,0.306772908
236_TME10-1_30x_Str_04A_xyz-5741-9535-173,0.689243028
237_TME10-1_30x_Str_04A_xyz-6027-12179-70,0.278884462
238_TME10-1_30x_Str_04A_xyz-6334-18422-354,0.589641434
239_TME10-1_30x_Str_04A_xyz-6516-9114-296,0.820717131
240_TME10-1_30x_Str_04A_xyz-6748-10554-103,0.410358566
241_TME10-1_30x_Str_04A_xyz-6944-20053-98,0.390438247
242_TME10-1_30x_Str_04A_xyz-7007-17495-29,0.115537849
243_TME10-1_30x_Str_04A_xyz-7043-9001-406,0.38247012
244_TME10-1_30x_Str_04A_xyz-7128-14630-128,0.509960159
246_TME10-1_30x_Str_04A_xyz-7296-12800-206,0.820717131
249_TME10-1_30x_Str_04A_xyz-7483-9490-194,0.772908367
250_TME10-1_30x_Str_04A_xyz-7806-15758-150,0.597609562
252_TME10-1_30x_Str_04A_xyz-8069-10320-104,0.414342629
254_TME10-1_30x_Str_04A_xyz-9030-15659-343,0.633466135
256_TME10-1_30x_Str_04A_xyz-9194-18149-390,0.446215139
257_TME10-1_30x_Str_04A_xyz-9228-19990-288,0.852589641
258_TME10-1_30x_Str_04A_xyz-9238-18008-254,0.988047809
259_TME10-1_30x_Str_04A_xyz-9318-18925-166,0.661354582
260_TME10-1_30x_Str_04A_xyz-9938-20737-147,0.585657371
261_TME10-1_30x_Str_04A_xyz-10570-18354-225,0.896414343
262_TME10-1_30x_Str_04A_xyz-10662-18832-433,0.274900398
263_TME10-1_30x_Str_04A_xyz-10673-19806-238,0.948207171
264_TME10-1_30x_Str_04A_xyz-10760-20172-148,0.589641434
265_TME10-1_30x_Str_04A_xyz-10951-19560-388,0.454183267
266_TME10-1_30x_Str_04A_xyz-11494-18673-129,0.513944223
268_TME10-1_30x_Str_04A_xyz-12036-19310-306,0.780876494
269_TME10-1_30x_Str_04B_xyz-2647-16508-284,0.877470356
271_TME10-1_30x_Str_04B_xyz-3491-5159-300,0.814229249
272_TME10-1_30x_Str_04B_xyz-3733-15549-325,0.71541502
273_TME10-1_30x_Str_04B_xyz-3835-5284-153,0.604743083
275_TME10-1_30x_Str_04B_xyz-3953-4325-124,0.490118577
277_TME10-1_30x_Str_04B_xyz-4115-10764-125,0.494071146
278_TME10-1_30x_Str_04B_xyz-4707-12620-341,0.652173913
279_TME10-1_30x_Str_04B_xyz-4725-16437-244,0.964426877
280_TME10-1_30x_Str_04B_xyz-5003-7709-292,0.845849802
283_TME10-1_30x_Str_04B_xyz-5372-15490-204,0.806324111
286_TME10-1_30x_Str_04B_xyz-5969-5516-35,0.138339921
287_TME10-1_30x_Str_04B_xyz-6156-8393-363,0.565217391
288_TME10-1_30x_Str_04B_xyz-6278-4346-238,0.940711462
290_TME10-1_30x_Str_04B_xyz-6644-4431-96,0.37944664
292_TME10-1_30x_Str_04B_xyz-6684-11189-311,0.770750988
293_TME10-1_30x_Str_04B_xyz-6778-12017-355,0.596837945
294_TME10-1_30x_Str_04B_xyz-6971-8153-365,0.557312253
296_TME10-1_30x_Str_04B_xyz-7026-4330-103,0.407114625
297_TME10-1_30x_Str_04B_xyz-7395-3336-208,0.822134387
298_TME10-1_30x_Str_04B_xyz-7484-8873-152,0.600790514
299_TME10-1_30x_Str_04B_xyz-7589-8585-224,0.885375494
300_TME10-1_30x_Str_04B_xyz-7651-9250-264,0.956521739
301_TME10-1_30x_Str_04B_xyz-7713-11440-156,0.616600791
302_TME10-1_30x_Str_04B_xyz-7868-7608-349,0.62055336
303_TME10-1_30x_Str_04B_xyz-8044-10425-365,0.557312253
305_TME10-1_30x_Str_04B_xyz-8412-12628-294,0.837944664
306_TME10-1_30x_Str_04B_xyz-8521-9832-260,0.972332016
307_TME10-1_30x_Str_04B_xyz-8986-8967-152,0.600790514
308_TME10-1_30x_Str_04B_xyz-9372-4137-359,0.581027668
309_TME10-1_30x_Str_04B_xyz-9596-8833-123,0.486166008
310_TME10-1_30x_Str_04B_xyz-9882-9408-302,0.806324111
311_TME10-1_30x_Str_04B_xyz-9916-11177-46,0.181818182
312_TME10-1_30x_Str_04B_xyz-10269-10027-39,0.154150198
313_TME10-1_30x_Str_04B_xyz-10388-10841-209,0.826086957
314_TME10-1_30x_Str_04B_xyz-10411-8145-327,0.707509881
316_TME10-1_30x_Str_04B_xyz-10516-9409-259,0.976284585
317_TME10-1_30x_Str_04B_xyz-10522-7098-213,0.841897233
318_TME10-1_30x_Str_04B_xyz-10610-9224-137,0.541501976
319_TME10-1_30x_Str_04B_xyz-10692-10649-438,0.268774704
320_TME10-1_30x_Str_04B_xyz-11132-10955-431,0.296442688
321_TME10-1_30x_Str_05A_xyz-1815-14633-314,0.737903226
323_TME10-1_30x_Str_05A_xyz-3037-17099-385,0.451612903
324_TME10-1_30x_Str_05A_xyz-3752-13805-401,0.387096774
325_TME10-1_30x_Str_05A_xyz-4481-13020-173,0.697580645
326_TME10-1_30x_Str_05A_xyz-5013-18695-437,0.241935484
327_TME10-1_30x_Str_05A_xyz-5091-9306-104,0.419354839
328_TME10-1_30x_Str_05A_xyz-5305-12952-68,0.274193548
330_TME10-1_30x_Str_05A_xyz-6206-11641-172,0.693548387
331_TME10-1_30x_Str_05A_xyz-6322-16204-254,0.97983871
332_TME10-1_30x_Str_05A_xyz-6618-20416-467,0.120967742
333_TME10-1_30x_Str_05A_xyz-6985-8827-246,0.991935484
335_TME10-1_30x_Str_05A_xyz-8849-20766-166,0.669354839
336_TME10-1_30x_Str_05A_xyz-9140-21650-455,0.169354839
337_TME10-1_30x_Str_05B_xyz-4261-17523-389,0.425101215
338_TME10-1_30x_Str_05B_xyz-4506-18455-187,0.75708502
340_TME10-1_30x_Str_05B_xyz-5219-19607-339,0.627530364
341_TME10-1_30x_Str_05B_xyz-5294-17383-433,0.246963563
342_TME10-1_30x_Str_05B_xyz-6085-18577-378,0.469635628
344_TME10-1_30x_Str_05B_xyz-6821-16093-128,0.518218623
345_TME10-1_30x_Str_05B_xyz-7446-7079-326,0.680161943
347_TME10-1_30x_Str_05B_xyz-7693-8992-359,0.546558704
348_TME10-1_30x_Str_05B_xyz-7787-7729-119,0.481781377
349_TME10-1_30x_Str_05B_xyz-8247-16591-317,0.71659919
350_TME10-1_30x_Str_05B_xyz-8301-9536-352,0.574898785
351_TME10-1_30x_Str_05B_xyz-8328-6915-198,0.801619433
353_TME10-1_30x_Str_05B_xyz-8509-7001-214,0.866396761
354_TME10-1_30x_Str_05B_xyz-8679-17586-431,0.255060729
355_TME10-1_30x_Str_05B_xyz-8727-15681-134,0.542510121
356_TME10-1_30x_Str_05B_xyz-8754-17395-341,0.619433198
357_TME10-1_30x_Str_05B_xyz-8859-16150-394,0.4048583
360_TME10-1_30x_Str_05B_xyz-9246-10097-156,0.631578947
362_TME10-1_30x_Str_05B_xyz-9422-7383-283,0.854251012
363_TME10-1_30x_Str_05B_xyz-9789-9840-242,0.979757085
364_TME10-1_30x_Str_05B_xyz-9933-8544-35,0.141700405
365_TME10-1_30x_Str_05B_xyz-10094-10127-187,0.75708502
366_TME10-1_30x_Str_05B_xyz-10735-13498-137,0.55465587
367_TME10-1_30x_Str_05B_xyz-10924-8955-133,0.538461538
368_TME10-1_30x_Str_05B_xyz-10999-11727-137,0.55465587
369_TME10-1_30x_Str_05B_xyz-11155-15563-153,0.619433198
370_TME10-1_30x_Str_05B_xyz-11469-11216-176,0.712550607
371_TME10-1_30x_Str_05B_xyz-11517-15805-192,0.777327935
373_TME10-1_30x_Str_05B_xyz-13208-11776-404,0.36437247
374_TME10-1_30x_Str_06A_xyz-1902-14406-291,0.849802372
375_TME10-1_30x_Str_06A_xyz-2319-12593-89,0.351778656
377_TME10-1_30x_Str_06A_xyz-2694-16377-258,0.980237154
378_TME10-1_30x_Str_06A_xyz-2822-17145-156,0.616600791
379_TME10-1_30x_Str_06A_xyz-2841-12104-127,0.501976285
380_TME10-1_30x_Str_06A_xyz-2891-15197-292,0.845849802
381_TME10-1_30x_Str_06A_xyz-2921-13862-290,0.853754941
382_TME10-1_30x_Str_06A_xyz-3352-16189-233,0.920948617
383_TME10-1_30x_Str_06A_xyz-3522-10493-226,0.893280632
384_TME10-1_30x_Str_06A_xyz-3553-14397-314,0.758893281
385_TME10-1_30x_Str_06A_xyz-3768-16671-261,0.968379447
386_TME10-1_30x_Str_06A_xyz-4257-9114-299,0.818181818
388_TME10-1_30x_Str_06A_xyz-4755-9554-347,0.628458498
389_TME10-1_30x_Str_06A_xyz-5036-9827-150,0.592885375
390_TME10-1_30x_Str_06A_xyz-5074-12707-421,0.335968379
391_TME10-1_30x_Str_06A_xyz-5321-9942-317,0.747035573
393_TME10-1_30x_Str_06A_xyz-5562-20655-294,0.837944664
394_TME10-1_30x_Str_06A_xyz-5650-13432-213,0.841897233
395_TME10-1_30x_Str_06A_xyz-5687-9733-253,1
396_TME10-1_30x_Str_06A_xyz-5701-17076-258,0.980237154
398_TME10-1_30x_Str_06A_xyz-5826-18646-358,0.584980237
399_TME10-1_30x_Str_06A_xyz-6198-11871-434,0.28458498
400_TME10-1_30x_Str_06A_xyz-6217-14150-110,0.434782609
401_TME10-1_30x_Str_06A_xyz-6454-10949-148,0.584980237
402_TME10-1_30x_Str_06A_xyz-6633-8978-445,0.241106719
404_TME10-1_30x_Str_06A_xyz-6838-15343-300,0.814229249
407_TME10-1_30x_Str_06A_xyz-6937-16154-419,0.343873518
412_TME10-1_30x_Str_06A_xyz-7885-20307-130,0.513833992
422_TME10-1_30x_Str_06B_xyz-2576-20607-263,0.947791165
423_TME10-1_30x_Str_06B_xyz-2764-20385-326,0.694779116
424_TME10-1_30x_Str_06B_xyz-3224-9212-327,0.690763052
425_TME10-1_30x_Str_06B_xyz-3253-21231-184,0.738955823
426_TME10-1_30x_Str_06B_xyz-3733-20721-149,0.598393574
427_TME10-1_30x_Str_06B_xyz-3734-20039-170,0.682730924
428_TME10-1_30x_Str_06B_xyz-4120-10311-342,0.630522088
429_TME10-1_30x_Str_06B_xyz-4375-10195-97,0.389558233
430_TME10-1_30x_Str_06B_xyz-4521-10405-404,0.381526104
431_TME10-1_30x_Str_06B_xyz-4715-11476-216,0.86746988
432_TME10-1_30x_Str_06B_xyz-4955-10399-280,0.879518072
433_TME10-1_30x_Str_06B_xyz-5118-19227-260,0.959839357
434_TME10-1_30x_Str_06B_xyz-5273-9651-39,0.156626506
435_TME10-1_30x_Str_06B_xyz-5277-9573-289,0.843373494
436_TME10-1_30x_Str_06B_xyz-5310-12216-192,0.771084337
437_TME10-1_30x_Str_06B_xyz-5529-14013-360,0.558232932
438_TME10-1_30x_Str_06B_xyz-5944-10275-219,0.879518072
439_TME10-1_30x_Str_06B_xyz-6231-14911-353,0.586345382
440_TME10-1_30x_Str_06B_xyz-6623-18594-253,0.987951807
441_TME10-1_30x_Str_06B_xyz-6709-14276-235,0.9437751
443_TME10-1_30x_Str_06B_xyz-7224-13050-399,0.401606426
444_TME10-1_30x_Str_06B_xyz-7568-12892-29,0.116465863
445_TME10-1_30x_Str_06B_xyz-8577-12550-382,0.469879518
449_TME10-1_30x_Str_07A_xyz-4432-14581-364,0.57254902
450_TME10-1_30x_Str_07A_xyz-5015-11881-101,0.396078431
451_TME10-1_30x_Str_07A_xyz-5108-18213-293,0.850980392
453_TME10-1_30x_Str_07A_xyz-5459-12317-204,0.8
455_TME10-1_30x_Str_07A_xyz-6498-11741-375,0.529411765
456_TME10-1_30x_Str_07A_xyz-6503-11318-464,0.180392157
457_TME10-1_30x_Str_07B_xyz-1890-11124-454,0.184
458_TME10-1_30x_Str_07B_xyz-2134-11205-352,0.592
459_TME10-1_30x_Str_07B_xyz-2792-12555-101,0.404
460_TME10-1_30x_Str_07B_xyz-2998-15895-352,0.592
461_TME10-1_30x_Str_07B_xyz-3132-11617-338,0.648
462_TME10-1_30x_Str_07B_xyz-3303-18800-235,0.94
463_TME10-1_30x_Str_07B_xyz-3921-13706-423,0.308
464_TME10-1_30x_Str_07B_xyz-4060-14700-151,0.604
465_TME10-1_30x_Str_07B_xyz-4422-18055-179,0.716
466_TME10-1_30x_Str_07B_xyz-4710-16012-391,0.436
467_TME10-1_30x_Str_08A_xyz-2400-14469-239,0.940944882
468_TME10-1_30x_Str_08A_xyz-2704-13642-204,0.803149606
469_TME10-1_30x_Str_08A_xyz-3206-12272-283,0.88976378
470_TME10-1_30x_Str_08A_xyz-3261-12457-137,0.539370079
471_TME10-1_30x_Str_08A_xyz-3367-11720-267,0.952755906
472_TME10-1_30x_Str_08A_xyz-3405-16425-383,0.496062992
473_TME10-1_30x_Str_08A_xyz-3648-10792-395,0.448818898
474_TME10-1_30x_Str_08A_xyz-3718-11800-165,0.649606299
475_TME10-1_30x_Str_08A_xyz-3984-12055-45,0.177165354
476_TME10-1_30x_Str_08A_xyz-4031-16645-320,0.744094488
477_TME10-1_30x_Str_08A_xyz-4052-11856-270,0.940944882
478_TME10-1_30x_Str_08A_xyz-4249-11574-290,0.862204724
479_TME10-1_30x_Str_08A_xyz-4327-14549-423,0.338582677
480_TME10-1_30x_Str_08A_xyz-4360-13932-397,0.440944882
481_TME10-1_30x_Str_08A_xyz-4380-10647-260,0.980314961
482_TME10-1_30x_Str_08A_xyz-4398-12160-97,0.381889764
484_TME10-1_30x_Str_08A_xyz-4496-11673-169,0.665354331
486_TME10-1_30x_Str_08A_xyz-4525-17207-319,0.748031496
487_TME10-1_30x_Str_08A_xyz-4540-11096-36,0.141732283
489_TME10-1_30x_Str_08A_xyz-4772-11333-301,0.818897638
490_TME10-1_30x_Str_08A_xyz-4787-10460-85,0.334645669
491_TME10-1_30x_Str_08A_xyz-4797-10634-375,0.527559055
492_TME10-1_30x_Str_08A_xyz-4826-10301-404,0.413385827
493_TME10-1_30x_Str_08A_xyz-5065-12353-146,0.57480315
494_TME10-1_30x_Str_08A_xyz-5073-11596-89,0.350393701
495_TME10-1_30x_Str_08A_xyz-5090-10359-194,0.763779528
496_TME10-1_30x_Str_08A_xyz-5191-11998-248,0.976377953
497_TME10-1_30x_Str_08A_xyz-5309-10843-268,0.948818898
498_TME10-1_30x_Str_08A_xyz-5350-9845-392,0.460629921
499_TME10-1_30x_Str_08A_xyz-5421-10266-131,0.515748031
502_TME10-1_30x_Str_08A_xyz-5762-11001-388,0.476377953
504_TME10-1_30x_Str_08B_xyz-2621-10919-327,0.721568627
505_TME10-1_30x_Str_08B_xyz-2720-10749-376,0.529411765
506_TME10-1_30x_Str_08B_xyz-3597-12457-316,0.764705882
508_TME10-1_30x_Str_08B_xyz-3866-15007-413,0.384313725
509_TME10-1_30x_Str_08B_xyz-3938-13707-310,0.788235294
511_TME10-1_30x_Str_08B_xyz-4785-14449-153,0.6
512_TME10-1_30x_Str_08B_xyz-5282-13541-213,0.835294118
0001_TME10-3_30x_Str_02A_xyz-6777-9688-17,0.067460317
0002_TME10-3_30x_Str_02A_xyz-7092-9874-62,0.246031746
0003_TME10-3_30x_Str_02A_xyz-7174-11291-81,0.321428571
0005_TME10-3_30x_Str_02A_xyz-7485-11477-233,0.924603175
0007_TME10-3_30x_Str_02A_xyz-7519-12335-265,0.952380952
0009_TME10-3_30x_Str_02A_xyz-7685-6653-270,0.932539683
0010_TME10-3_30x_Str_02A_xyz-7691-9217-94,0.373015873
0011_TME10-3_30x_Str_02A_xyz-7797-9193-348,0.623015873
0012_TME10-3_30x_Str_02A_xyz-7804-11224-213,0.845238095
0013_TME10-3_30x_Str_02A_xyz-7982-9061-231,0.916666667
0014_TME10-3_30x_Str_02A_xyz-7990-7264-134,0.531746032
0015_TME10-3_30x_Str_02A_xyz-8057-11814-435,0.277777778
0016_TME10-3_30x_Str_02A_xyz-8154-12850-379,0.5
0019_TME10-3_30x_Str_02A_xyz-8274-9997-416,0.353174603
0020_TME10-3_30x_Str_02A_xyz-8296-6419-254,0.996031746
0021_TME10-3_30x_Str_02A_xyz-8317-10174-424,0.321428571
0022_TME10-3_30x_Str_02A_xyz-8360-12598-58,0.23015873
0023_TME10-3_30x_Str_02A_xyz-8409-10762-349,0.619047619
0024_TME10-3_30x_Str_02A_xyz-8604-6591-414,0.361111111
0025_TME10-3_30x_Str_02A_xyz-8670-7145-209,0.829365079
0027_TME10-3_30x_Str_02A_xyz-8712-10566-127,0.503968254
0028_TME10-3_30x_Str_02A_xyz-8732-6243-194,0.76984127
0029_TME10-3_30x_Str_02A_xyz-8736-9877-138,0.547619048
0030_TME10-3_30x_Str_02A_xyz-8807-9961-332,0.686507937
0031_TME10-3_30x_Str_02A_xyz-8879-7616-400,0.416666667
0032_TME10-3_30x_Str_02A_xyz-9030-9632-240,0.952380952
0033_TME10-3_30x_Str_02A_xyz-9087-8221-155,0.615079365
0034_TME10-3_30x_Str_02A_xyz-9118-8840-355,0.595238095
0035_TME10-3_30x_Str_02A_xyz-9158-7624-389,0.46031746
0036_TME10-3_30x_Str_02A_xyz-9167-7888-275,0.912698413
0037_TME10-3_30x_Str_02A_xyz-9230-12135-396,0.432539683
0038_TME10-3_30x_Str_02A_xyz-9252-11903-354,0.599206349
0039_TME10-3_30x_Str_02A_xyz-9316-12055-188,0.746031746
0042_TME10-3_30x_Str_02A_xyz-9382-12382-424,0.321428571
0044_TME10-3_30x_Str_02A_xyz-9448-10793-112,0.444444444
0046_TME10-3_30x_Str_02A_xyz-9543-10081-388,0.464285714
0047_TME10-3_30x_Str_02A_xyz-9629-11675-269,0.936507937
0049_TME10-3_30x_Str_02A_xyz-9707-8843-194,0.76984127
0050_TME10-3_30x_Str_02A_xyz-9714-11450-348,0.623015873
0054_TME10-3_30x_Str_02A_xyz-9979-8533-396,0.432539683
0056_TME10-3_30x_Str_02A_xyz-10060-10703-432,0.28968254
0059_TME10-3_30x_Str_02A_xyz-10256-7299-409,0.380952381
0060_TME10-3_30x_Str_02A_xyz-10278-8192-421,0.333333333
0061_TME10-3_30x_Str_02A_xyz-10279-9688-75,0.297619048
0063_TME10-3_30x_Str_02A_xyz-10510-10655-360,0.575396825
0065_TME10-3_30x_Str_02A_xyz-10559-9568-287,0.865079365
0066_TME10-3_30x_Str_02A_xyz-10700-8187-270,0.932539683
0068_TME10-3_30x_Str_02A_xyz-10952-8567-390,0.456349206
0071_TME10-3_30x_Str_02A_xyz-11430-8776-252,1
0079_TME10-3_30x_Str_02B_xyz-1304-9822-229,0.901574803
0080_TME10-3_30x_Str_02B_xyz-1320-7365-174,0.68503937
0083_TME10-3_30x_Str_02B_xyz-1599-10248-194,0.763779528
0084_TME10-3_30x_Str_02B_xyz-1607-8370-367,0.559055118
0085_TME10-3_30x_Str_02B_xyz-1782-8185-202,0.795275591
0086_TME10-3_30x_Str_02B_xyz-2261-10900-407,0.401574803
0089_TME10-3_30x_Str_02B_xyz-2445-6882-407,0.401574803
0093_TME10-3_30x_Str_02B_xyz-2625-11065-287,0.874015748
0095_TME10-3_30x_Str_02B_xyz-2837-11208-394,0.452755906
0099_TME10-3_30x_Str_02B_xyz-3049-12863-289,0.866141732
0100_TME10-3_30x_Str_02B_xyz-3071-6013-212,0.834645669
0101_TME10-3_30x_Str_02B_xyz-3108-11305-124,0.488188976
0102_TME10-3_30x_Str_02B_xyz-3249-13100-359,0.590551181
0103_TME10-3_30x_Str_02B_xyz-3262-11661-324,0.728346457
0104_TME10-3_30x_Str_02B_xyz-3279-10132-185,0.728346457
0106_TME10-3_30x_Str_02B_xyz-3325-5316-370,0.547244094
0107_TME10-3_30x_Str_02B_xyz-3337-5976-314,0.767716535
0109_TME10-3_30x_Str_02B_xyz-3382-13273-120,0.472440945
0110_TME10-3_30x_Str_02B_xyz-3483-7117-384,0.492125984
0111_TME10-3_30x_Str_02B_xyz-3501-5551-31,0.122047244
0112_TME10-3_30x_Str_02B_xyz-3540-15382-261,0.976377953
0113_TME10-3_30x_Str_02B_xyz-3550-10163-341,0.661417323
0114_TME10-3_30x_Str_02B_xyz-3628-5439-217,0.854330709
0115_TME10-3_30x_Str_02B_xyz-3735-9844-268,0.948818898
0117_TME10-3_30x_Str_02B_xyz-3917-9770-223,0.877952756
0120_TME10-3_30x_Str_02B_xyz-3992-11569-219,0.862204724
0122_TME10-3_30x_Str_02B_xyz-4023-10390-43,0.169291339
0123_TME10-3_30x_Str_02B_xyz-4051-6133-358,0.594488189
0124_TME10-3_30x_Str_02B_xyz-4099-11814-289,0.866141732
0125_TME10-3_30x_Str_02B_xyz-4111-8612-379,0.511811024
0126_TME10-3_30x_Str_02B_xyz-4143-7075-317,0.755905512
0127_TME10-3_30x_Str_02B_xyz-4268-5223-120,0.472440945
0128_TME10-3_30x_Str_02B_xyz-4315-10622-380,0.507874016
0129_TME10-3_30x_Str_02B_xyz-4443-8759-141,0.55511811
0130_TME10-3_30x_Str_02B_xyz-4525-5546-254,1
0131_TME10-3_30x_Str_02B_xyz-4588-5569-122,0.480314961
0132_TME10-3_30x_Str_02B_xyz-4599-13264-394,0.452755906
0133_TME10-3_30x_Str_02B_xyz-4631-15738-106,0.417322835
0134_TME10-3_30x_Str_02B_xyz-4653-12720-367,0.559055118
0135_TME10-3_30x_Str_02B_xyz-4658-16246-19,0.07480315
0137_TME10-3_30x_Str_02B_xyz-4999-14756-344,0.649606299
0138_TME10-3_30x_Str_02B_xyz-5175-14921-147,0.578740157
0139_TME10-3_30x_Str_02B_xyz-5247-10348-148,0.582677165
0140_TME10-3_30x_Str_02B_xyz-5283-9020-341,0.661417323
0141_TME10-3_30x_Str_02B_xyz-5348-9259-316,0.75984252
0142_TME10-3_30x_Str_02B_xyz-5481-15489-407,0.401574803
0143_TME10-3_30x_Str_02B_xyz-5571-11051-349,0.62992126
0144_TME10-3_30x_Str_02B_xyz-5571-13669-320,0.744094488
0146_TME10-3_30x_Str_03A_xyz-5790-15551-133,0.494423792
0148_TME10-3_30x_Str_02B_xyz-6035-11061-269,0.94488189
0149_TME10-3_30x_Str_02B_xyz-6064-9726-279,0.905511811
0150_TME10-3_30x_Str_02B_xyz-6238-10476-227,0.893700787
0152_TME10-3_30x_Str_02B_xyz-6558-10232-161,0.633858268
0153_TME10-3_30x_Str_02B_xyz-6851-12280-328,0.712598425
0154_TME10-3_30x_Str_02B_xyz-6917-15366-121,0.476377953
0156_TME10-3_30x_Str_02B_xyz-7190-12469-35,0.137795276
0157_TME10-3_30x_Str_02B_xyz-7200-11850-103,0.405511811
0158_TME10-3_30x_Str_02B_xyz-7327-11164-26,0.102362205
0159_TME10-3_30x_Str_02B_xyz-7403-11744-205,0.807086614
0160_TME10-3_30x_Str_02B_xyz-7642-15400-168,0.661417323
0161_TME10-3_30x_Str_02B_xyz-7770-13064-396,0.44488189
0163_TME10-3_30x_Str_03A_xyz-2387-13846-203,0.75464684
0164_TME10-3_30x_Str_03A_xyz-2629-14245-341,0.73605948
0165_TME10-3_30x_Str_03A_xyz-2638-17341-463,0.282527881
0166_TME10-3_30x_Str_03A_xyz-2831-13062-449,0.334572491
0167_TME10-3_30x_Str_03A_xyz-2953-9999-395,0.535315985
0168_TME10-3_30x_Str_03A_xyz-3084-11817-444,0.353159851
0169_TME10-3_30x_Str_03A_xyz-3353-10423-407,0.49070632
0170_TME10-3_30x_Str_03A_xyz-3433-15399-339,0.743494424
0172_TME10-3_30x_Str_03A_xyz-3629-15119-140,0.520446097
0174_TME10-3_30x_Str_03A_xyz-3753-10839-329,0.780669145
0176_TME10-3_30x_Str_03A_xyz-3776-15926-136,0.505576208
0177_TME10-3_30x_Str_03A_xyz-3881-9343-422,0.434944238
0178_TME10-3_30x_Str_03A_xyz-3990-8493-457,0.304832714
0180_TME10-3_30x_Str_03A_xyz-4163-13396-301,0.884758364
0181_TME10-3_30x_Str_03A_xyz-4193-11319-478,0.226765799
0183_TME10-3_30x_Str_03A_xyz-4450-16938-424,0.427509294
0184_TME10-3_30x_Str_03A_xyz-4616-11056-349,0.706319703
0185_TME10-3_30x_Str_03A_xyz-4665-14527-404,0.501858736
0187_TME10-3_30x_Str_03A_xyz-4848-18168-466,0.271375465
0188_TME10-3_30x_Str_03A_xyz-4997-7684-462,0.286245353
0189_TME10-3_30x_Str_03A_xyz-5094-14365-269,1
0190_TME10-3_30x_Str_03A_xyz-5176-16962-308,0.858736059
0191_TME10-3_30x_Str_03A_xyz-5272-17683-127,0.472118959
0192_TME10-3_30x_Str_03A_xyz-5425-9288-271,0.996282528
0194_TME10-3_30x_Str_03A_xyz-5448-12782-424,0.427509294
0195_TME10-3_30x_Str_03A_xyz-5453-18697-230,0.855018587
0196_TME10-3_30x_Str_03A_xyz-5553-15762-121,0.449814126
0197_TME10-3_30x_Str_03A_xyz-5564-17736-475,0.237918216
0198_TME10-3_30x_Str_03A_xyz-5624-14085-137,0.50929368
0199_TME10-3_30x_Str_03A_xyz-5646-10659-337,0.750929368
0201_TME10-3_30x_Str_03A_xyz-5851-7752-287,0.936802974
0202_TME10-3_30x_Str_03A_xyz-5937-7943-469,0.260223048
0203_TME10-3_30x_Str_03A_xyz-5965-19510-148,0.550185874
0204_TME10-3_30x_Str_03A_xyz-5973-7372-308,0.858736059
0206_TME10-3_30x_Str_03A_xyz-6011-18790-256,0.951672862
0207_TME10-3_30x_Str_03A_xyz-6217-19956-200,0.743494424
0208_TME10-3_30x_Str_03A_xyz-6289-12311-457,0.304832714
0210_TME10-3_30x_Str_03A_xyz-6372-7432-219,0.814126394
0211_TME10-3_30x_Str_03A_xyz-6526-9699-421,0.43866171
0212_TME10-3_30x_Str_03A_xyz-6571-18642-485,0.200743494
0213_TME10-3_30x_Str_03A_xyz-6596-18051-385,0.572490706
0214_TME10-3_30x_Str_03A_xyz-6600-7939-406,0.494423792
0215_TME10-3_30x_Str_03A_xyz-6802-10412-448,0.338289963
0217_TME10-3_30x_Str_03A_xyz-6818-8931-318,0.821561338
0218_TME10-3_30x_Str_03A_xyz-6910-12702-481,0.215613383
0220_TME10-3_30x_Str_03A_xyz-6976-15183-124,0.460966543
0221_TME10-3_30x_Str_03A_xyz-7002-15427-423,0.431226766
0222_TME10-3_30x_Str_03A_xyz-7050-14153-326,0.791821561
0223_TME10-3_30x_Str_03A_xyz-7125-14123-113,0.420074349
0224_TME10-3_30x_Str_03A_xyz-7136-17832-316,0.828996283
0226_TME10-3_30x_Str_03A_xyz-7221-6897-171,0.635687732
0227_TME10-3_30x_Str_03A_xyz-7227-14564-232,0.862453532
0230_TME10-3_30x_Str_03A_xyz-7381-11260-185,0.687732342
0232_TME10-3_30x_Str_03A_xyz-7417-7327-457,0.304832714
0233_TME10-3_30x_Str_03A_xyz-7507-19425-410,0.479553903
0234_TME10-3_30x_Str_03A_xyz-7673-19930-122,0.453531599
0236_TME10-3_30x_Str_03A_xyz-7845-12349-195,0.724907063
0237_TME10-3_30x_Str_03A_xyz-7913-20604-172,0.639405204
0239_TME10-3_30x_Str_03A_xyz-7939-21043-354,0.687732342
0240_TME10-3_30x_Str_03A_xyz-7976-19906-338,0.747211896
0241_TME10-3_30x_Str_03A_xyz-8015-16489-202,0.750929368
0242_TME10-3_30x_Str_03A_xyz-8229-7923-346,0.717472119
0243_TME10-3_30x_Str_03A_xyz-8330-12169-437,0.379182156
0244_TME10-3_30x_Str_03A_xyz-8393-12197-314,0.836431227
0246_TME10-3_30x_Str_03A_xyz-8473-8407-371,0.624535316
0247_TME10-3_30x_Str_03A_xyz-8539-17238-306,0.866171004
0248_TME10-3_30x_Str_03A_xyz-8578-15918-444,0.353159851
0249_TME10-3_30x_Str_03A_xyz-8612-5228-172,0.639405204
0250_TME10-3_30x_Str_03A_xyz-8633-9573-163,0.605947955
0251_TME10-3_30x_Str_03A_xyz-8660-20318-283,0.951672862
0252_TME10-3_30x_Str_03A_xyz-8690-5798-261,0.970260223
0253_TME10-3_30x_Str_03A_xyz-8719-20602-247,0.918215613
0254_TME10-3_30x_Str_03A_xyz-8741-15989-342,0.732342007
0255_TME10-3_30x_Str_03A_xyz-9082-7041-367,0.639405204
0256_TME10-3_30x_Str_03A_xyz-9101-13750-168,0.624535316
0257_TME10-3_30x_Str_03A_xyz-9277-20962-491,0.178438662
0258_TME10-3_30x_Str_03A_xyz-9284-10071-472,0.249070632
0259_TME10-3_30x_Str_03A_xyz-9329-11079-302,0.881040892
0260_TME10-3_30x_Str_03A_xyz-9332-8074-206,0.765799257
0261_TME10-3_30x_Str_03A_xyz-9370-14937-114,0.423791822
0263_TME10-3_30x_Str_03A_xyz-9581-19674-256,0.951672862
0265_TME10-3_30x_Str_03A_xyz-9625-19274-379,0.594795539
0266_TME10-3_30x_Str_03A_xyz-9674-14507-416,0.457249071
0267_TME10-3_30x_Str_03A_xyz-9690-13035-157,0.583643123
0269_TME10-3_30x_Str_03A_xyz-9745-21455-455,0.312267658
0270_TME10-3_30x_Str_03A_xyz-9840-10357-155,0.576208178
0271_TME10-3_30x_Str_03A_xyz-9865-12773-409,0.483271375
0272_TME10-3_30x_Str_03A_xyz-9894-5616-465,0.275092937
0275_TME10-3_30x_Str_03A_xyz-9988-15176-286,0.940520446
0277_TME10-3_30x_Str_03A_xyz-10063-12969-433,0.394052045
0278_TME10-3_30x_Str_03A_xyz-10076-5832-87,0.323420074
0279_TME10-3_30x_Str_03A_xyz-10112-9228-239,0.888475836
0280_TME10-3_30x_Str_03A_xyz-10131-11918-297,0.899628253
0281_TME10-3_30x_Str_03A_xyz-10196-21010-398,0.524163569
0282_TME10-3_30x_Str_03A_xyz-10218-18703-196,0.728624535
0283_TME10-3_30x_Str_03A_xyz-10396-16688-179,0.665427509
0284_TME10-3_30x_Str_03A_xyz-10434-14724-163,0.605947955
0285_TME10-3_30x_Str_03A_xyz-10441-18629-489,0.185873606
0286_TME10-3_30x_Str_03A_xyz-10546-9201-338,0.747211896
0288_TME10-3_30x_Str_03A_xyz-10653-14523-352,0.695167286
0289_TME10-3_30x_Str_03A_xyz-10709-20525-185,0.687732342
0290_TME10-3_30x_Str_03A_xyz-10815-10528-475,0.237918216
0291_TME10-3_30x_Str_03A_xyz-10863-17890-455,0.312267658
0292_TME10-3_30x_Str_03A_xyz-10901-12831-224,0.832713755
0293_TME10-3_30x_Str_03A_xyz-10929-19584-265,0.985130112
0294_TME10-3_30x_Str_03A_xyz-10976-8998-246,0.914498141
0295_TME10-3_30x_Str_03A_xyz-11070-14887-282,0.955390335
0296_TME10-3_30x_Str_03A_xyz-11100-14569-473,0.24535316
0297_TME10-3_30x_Str_03A_xyz-11122-15396-380,0.591078067
0298_TME10-3_30x_Str_03A_xyz-11316-16613-263,0.977695167
0299_TME10-3_30x_Str_03A_xyz-11361-15679-376,0.605947955
0300_TME10-3_30x_Str_03A_xyz-11401-14474-252,0.936802974
0301_TME10-3_30x_Str_03A_xyz-11441-11955-95,0.353159851
0302_TME10-3_30x_Str_03A_xyz-11493-18058-358,0.672862454
0303_TME10-3_30x_Str_03A_xyz-11622-11824-371,0.624535316
0304_TME10-3_30x_Str_03A_xyz-11690-12013-296,0.903345725
0305_TME10-3_30x_Str_03A_xyz-11758-15379-184,0.68401487
0309_TME10-3_30x_Str_03A_xyz-11910-13476-301,0.884758364
0310_TME10-3_30x_Str_03B_xyz-2220-15466-311,0.830188679
0311_TME10-3_30x_Str_03B_xyz-2296-14647-152,0.573584906
0312_TME10-3_30x_Str_03B_xyz-2402-16289-414,0.441509434
0313_TME10-3_30x_Str_03B_xyz-2407-18478-186,0.701886792
0314_TME10-3_30x_Str_03B_xyz-2435-13712-340,0.720754717
0316_TME10-3_30x_Str_03B_xyz-2564-16165-213,0.803773585
0319_TME10-3_30x_Str_03B_xyz-2739-18277-503,0.105660377
0322_TME10-3_30x_Str_03B_xyz-2894-15893-319,0.8
0323_TME10-3_30x_Str_03B_xyz-3477-19704-320,0.796226415
0324_TME10-3_30x_Str_03B_xyz-3485-9412-320,0.796226415
0325_TME10-3_30x_Str_03B_xyz-3512-20805-410,0.456603774
0326_TME10-3_30x_Str_03B_xyz-3723-14608-371,0.603773585
0330_TME10-3_30x_Str_03B_xyz-3856-13494-249,0.939622642
0331_TME10-3_30x_Str_03B_xyz-3856-14724-419,0.422641509
0334_TME10-3_30x_Str_03B_xyz-3996-15845-210,0.79245283
0335_TME10-3_30x_Str_03B_xyz-4016-15002-226,0.852830189
0336_TME10-3_30x_Str_03B_xyz-4077-17203-146,0.550943396
0337_TME10-3_30x_Str_03B_xyz-4079-13579-296,0.886792453
0338_TME10-3_30x_Str_03B_xyz-4154-11861-431,0.377358491
0339_TME10-3_30x_Str_03B_xyz-4196-14676-488,0.162264151
0340_TME10-3_30x_Str_03B_xyz-4208-7931-434,0.366037736
0342_TME10-3_30x_Str_03B_xyz-4304-18587-239,0.901886792
0344_TME10-3_30x_Str_03B_xyz-4339-10068-181,0.683018868
0345_TME10-3_30x_Str_03B_xyz-4398-8887-403,0.483018868
0348_TME10-3_30x_Str_03B_xyz-4450-13270-474,0.21509434
0349_TME10-3_30x_Str_03B_xyz-4493-17139-308,0.841509434
0351_TME10-3_30x_Str_03B_xyz-4726-20145-129,0.486792453
0352_TME10-3_30x_Str_03B_xyz-4740-12118-338,0.728301887
0353_TME10-3_30x_Str_03B_xyz-4790-18294-423,0.40754717
0354_TME10-3_30x_Str_03B_xyz-4812-14790-350,0.683018868
0355_TME10-3_30x_Str_03B_xyz-4855-15772-393,0.520754717
0356_TME10-3_30x_Str_03B_xyz-5044-7292-438,0.350943396
0358_TME10-3_30x_Str_03B_xyz-5187-17551-314,0.818867925
0361_TME10-3_30x_Str_03B_xyz-5280-9162-171,0.645283019
0364_TME10-3_30x_Str_03B_xyz-5374-16389-424,0.403773585
0365_TME10-3_30x_Str_03B_xyz-5478-10669-305,0.852830189
0366_TME10-3_30x_Str_03B_xyz-5493-7909-445,0.324528302
0367_TME10-3_30x_Str_03B_xyz-5542-9523-322,0.788679245
0368_TME10-3_30x_Str_03B_xyz-5620-11401-265,1
0370_TME10-3_30x_Str_03B_xyz-5749-14335-155,0.58490566
0371_TME10-3_30x_Str_03B_xyz-5775-17686-166,0.626415094
0373_TME10-3_30x_Str_03B_xyz-5929-19152-321,0.79245283
0374_TME10-3_30x_Str_03B_xyz-5980-14694-347,0.694339623
0375_TME10-3_30x_Str_03B_xyz-6047-16183-171,0.645283019
0376_TME10-3_30x_Str_03B_xyz-6057-16619-302,0.864150943
0377_TME10-3_30x_Str_03B_xyz-6089-7038-278,0.954716981
0378_TME10-3_30x_Str_03B_xyz-6119-17390-256,0.966037736
0379_TME10-3_30x_Str_03B_xyz-6158-12622-247,0.932075472
0380_TME10-3_30x_Str_03B_xyz-6257-7783-485,0.173584906
0383_TME10-3_30x_Str_03B_xyz-6388-14366-483,0.181132075
0384_TME10-3_30x_Str_03B_xyz-6391-11443-195,0.735849057
0385_TME10-3_30x_Str_03B_xyz-6397-8942-160,0.603773585
0386_TME10-3_30x_Str_03B_xyz-6428-10998-477,0.203773585
0387_TME10-3_30x_Str_03B_xyz-6445-20254-389,0.535849057
0388_TME10-3_30x_Str_03B_xyz-6548-7548-417,0.430188679
0389_TME10-3_30x_Str_03B_xyz-6569-9826-378,0.577358491
0390_TME10-3_30x_Str_03B_xyz-6604-18957-189,0.713207547
0391_TME10-3_30x_Str_03B_xyz-6606-7079-284,0.932075472
0392_TME10-3_30x_Str_03B_xyz-6663-9455-461,0.264150943
0393_TME10-3_30x_Str_03B_xyz-6763-18423-264,0.996226415
0394_TME10-3_30x_Str_03B_xyz-6779-14998-410,0.456603774
0395_TME10-3_30x_Str_03B_xyz-6882-13016-479,0.196226415
0396_TME10-3_30x_Str_03B_xyz-6919-19903-438,0.350943396
0397_TME10-3_30x_Str_03B_xyz-7034-18402-99,0.373584906
0398_TME10-3_30x_Str_03B_xyz-7037-20218-383,0.558490566
0399_TME10-3_30x_Str_03B_xyz-7044-15702-332,0.750943396
0401_TME10-3_30x_Str_03B_xyz-7132-8881-145,0.547169811
0402_TME10-3_30x_Str_03B_xyz-7159-10987-453,0.294339623
0403_TME10-3_30x_Str_03B_xyz-7273-18492-437,0.354716981
0404_TME10-3_30x_Str_03B_xyz-7413-9294-211,0.796226415
0405_TME10-3_30x_Str_03B_xyz-7424-16750-373,0.596226415
0406_TME10-3_30x_Str_03B_xyz-7436-13833-401,0.490566038
0408_TME10-3_30x_Str_03B_xyz-7480-15129-195,0.735849057
0410_TME10-3_30x_Str_03B_xyz-7488-13775-491,0.150943396
0412_TME10-3_30x_Str_03B_xyz-7563-17742-389,0.535849057
0413_TME10-3_30x_Str_03B_xyz-7653-8346-327,0.769811321
0414_TME10-3_30x_Str_03B_xyz-7673-19487-133,0.501886792
0415_TME10-3_30x_Str_03B_xyz-7674-19846-210,0.79245283
0417_TME10-3_30x_Str_03B_xyz-7733-18479-357,0.656603774
0419_TME10-3_30x_Str_03B_xyz-7852-11910-349,0.686792453
0420_TME10-3_30x_Str_03B_xyz-7888-8903-410,0.456603774
0421_TME10-3_30x_Str_03B_xyz-7933-8028-294,0.894339623
0422_TME10-3_30x_Str_03B_xyz-7980-10292-307,0.845283019
0423_TME10-3_30x_Str_03B_xyz-8048-16361-205,0.773584906
0424_TME10-3_30x_Str_03B_xyz-8283-12743-99,0.373584906
0425_TME10-3_30x_Str_03B_xyz-8314-15301-259,0.977358491
0426_TME10-3_30x_Str_03B_xyz-8351-13268-173,0.652830189
0427_TME10-3_30x_Str_03B_xyz-8493-9661-211,0.796226415
0428_TME10-3_30x_Str_03B_xyz-8615-12362-311,0.830188679
0429_TME10-3_30x_Str_03B_xyz-8818-9726-184,0.694339623
0431_TME10-3_30x_Str_03B_xyz-9328-12302-411,0.452830189
0432_TME10-3_30x_Str_03B_xyz-9376-9445-426,0.396226415
0433_TME10-3_30x_Str_03B_xyz-9620-13806-247,0.932075472
0434_TME10-3_30x_Str_03B_xyz-9643-15150-149,0.562264151
0435_TME10-3_30x_Str_03B_xyz-9756-12428-442,0.335849057
0436_TME10-3_30x_Str_03B_xyz-9911-17789-202,0.762264151
0438_TME10-3_30x_Str_03B_xyz-10355-11336-456,0.283018868
0439_TME10-3_30x_Str_03B_xyz-10763-13822-437,0.354716981
0447_TME10-3_30x_Str_04A_xyz-2922-13089-429,0.274193548
0448_TME10-3_30x_Str_04A_xyz-2968-14608-113,0.455645161
0449_TME10-3_30x_Str_04A_xyz-3026-14436-217,0.875
0450_TME10-3_30x_Str_04A_xyz-3337-12643-288,0.842741935
0452_TME10-3_30x_Str_04A_xyz-3779-12775-460,0.149193548
0453_TME10-3_30x_Str_04A_xyz-3828-10913-60,0.241935484
0454_TME10-3_30x_Str_04A_xyz-4061-12943-258,0.963709677
0455_TME10-3_30x_Str_04A_xyz-4068-8785-184,0.741935484
0456_TME10-3_30x_Str_04A_xyz-4069-15868-270,0.915322581
0458_TME10-3_30x_Str_04A_xyz-4173-11671-369,0.516129032
0460_TME10-3_30x_Str_04A_xyz-4496-10297-232,0.935483871
0462_TME10-3_30x_Str_04A_xyz-4565-9711-417,0.322580645
0463_TME10-3_30x_Str_04A_xyz-4669-14692-432,0.262096774
0466_TME10-3_30x_Str_04A_xyz-4847-17917-57,0.22983871
0467_TME10-3_30x_Str_04A_xyz-4850-9191-156,0.629032258
0469_TME10-3_30x_Str_04A_xyz-5049-12225-90,0.362903226
0470_TME10-3_30x_Str_04A_xyz-5326-17593-48,0.193548387
0471_TME10-3_30x_Str_04A_xyz-5417-17847-317,0.725806452
0472_TME10-3_30x_Str_04A_xyz-5489-10121-421,0.306451613
0473_TME10-3_30x_Str_04A_xyz-5507-18494-35,0.141129032
0474_TME10-3_30x_Str_04A_xyz-5548-12467-233,0.939516129
0475_TME10-3_30x_Str_04A_xyz-5555-13663-160,0.64516129
0476_TME10-3_30x_Str_04A_xyz-5621-9050-451,0.185483871
0477_TME10-3_30x_Str_04A_xyz-5755-11047-455,0.169354839
0479_TME10-3_30x_Str_04A_xyz-5945-11627-273,0.903225806
0480_TME10-3_30x_Str_04A_xyz-5977-9583-337,0.64516129
0481_TME10-3_30x_Str_04A_xyz-6079-9891-453,0.177419355
0482_TME10-3_30x_Str_04A_xyz-6081-18700-411,0.346774194
0483_TME10-3_30x_Str_04A_xyz-6143-17252-234,0.943548387
0485_TME10-3_30x_Str_04A_xyz-6420-6955-446,0.205645161
0486_TME10-3_30x_Str_04A_xyz-6540-5856-208,0.838709677
0487_TME10-3_30x_Str_04A_xyz-6559-18173-243,0.97983871
0488_TME10-3_30x_Str_04A_xyz-6565-9989-231,0.931451613
0490_TME10-3_30x_Str_04A_xyz-6610-8929-214,0.862903226
0491_TME10-3_30x_Str_04A_xyz-6753-16696-356,0.568548387
0492_TME10-3_30x_Str_04A_xyz-6798-13332-343,0.620967742
0495_TME10-3_30x_Str_04A_xyz-6997-15690-291,0.830645161
0496_TME10-3_30x_Str_04A_xyz-7123-11762-127,0.512096774
0498_TME10-3_30x_Str_04A_xyz-7396-16296-128,0.516129032
0499_TME10-3_30x_Str_04A_xyz-7480-11354-313,0.741935484
0500_TME10-3_30x_Str_04A_xyz-7505-13129-336,0.649193548
0504_TME10-3_30x_Str_04A_xyz-7753-9561-221,0.891129032
0506_TME10-3_30x_Str_04A_xyz-7786-14099-154,0.620967742
0507_TME10-3_30x_Str_04A_xyz-7884-12018-270,0.915322581
0508_TME10-3_30x_Str_04A_xyz-7935-15108-156,0.629032258
0510_TME10-3_30x_Str_04A_xyz-7993-8929-346,0.608870968
0511_TME10-3_30x_Str_04A_xyz-8028-13329-450,0.189516129
0512_TME10-3_30x_Str_04A_xyz-8050-18729-99,0.399193548
0513_TME10-3_30x_Str_04A_xyz-8052-13115-193,0.778225806
0514_TME10-3_30x_Str_04A_xyz-8066-13115-408,0.358870968
0515_TME10-3_30x_Str_04A_xyz-8092-15596-363,0.540322581
0516_TME10-3_30x_Str_04A_xyz-8099-7985-202,0.814516129
0520_TME10-3_30x_Str_04A_xyz-8225-10099-108,0.435483871
0521_TME10-3_30x_Str_04A_xyz-8291-11291-336,0.649193548
0522_TME10-3_30x_Str_04A_xyz-8443-15502-327,0.685483871
0523_TME10-3_30x_Str_04A_xyz-8465-6824-116,0.467741935
0524_TME10-3_30x_Str_04A_xyz-8503-17632-244,0.983870968
0525_TME10-3_30x_Str_04A_xyz-8509-18455-182,0.733870968
0526_TME10-3_30x_Str_04A_xyz-8521-8865-313,0.741935484
0528_TME10-3_30x_Str_04A_xyz-8609-7954-433,0.258064516
0529_TME10-3_30x_Str_04A_xyz-8663-6238-191,0.77016129
0530_TME10-3_30x_Str_04A_xyz-8670-5260-367,0.524193548
0531_TME10-3_30x_Str_04A_xyz-8676-6461-271,0.911290323
0532_TME10-3_30x_Str_04A_xyz-8690-10202-411,0.346774194
0534_TME10-3_30x_Str_04A_xyz-8786-9670-117,0.471774194
0535_TME10-3_30x_Str_04A_xyz-8791-9753-262,0.947580645
0537_TME10-3_30x_Str_04A_xyz-8845-4749-402,0.383064516
0539_TME10-3_30x_Str_04A_xyz-8919-7480-95,0.383064516
0541_TME10-3_30x_Str_04A_xyz-9062-10251-343,0.620967742
0543_TME10-3_30x_Str_04A_xyz-9104-8488-387,0.443548387
0544_TME10-3_30x_Str_04A_xyz-9131-19708-282,0.866935484
0548_TME10-3_30x_Str_04A_xyz-9303-5490-419,0.314516129
0549_TME10-3_30x_Str_04A_xyz-9303-14527-178,0.717741935
0550_TME10-3_30x_Str_04A_xyz-9353-9973-170,0.685483871
0551_TME10-3_30x_Str_04A_xyz-9406-12891-306,0.77016129
0552_TME10-3_30x_Str_04A_xyz-9426-9515-82,0.330645161
0555_TME10-3_30x_Str_04A_xyz-9482-8882-209,0.842741935
0556_TME10-3_30x_Str_04A_xyz-9512-14567-367,0.524193548
0557_TME10-3_30x_Str_04A_xyz-9531-6771-243,0.97983871
0558_TME10-3_30x_Str_04A_xyz-9633-9017-402,0.383064516
0559_TME10-3_30x_Str_04A_xyz-9673-10843-383,0.459677419
0560_TME10-3_30x_Str_04A_xyz-9682-10010-280,0.875
0561_TME10-3_30x_Str_04A_xyz-9786-12107-450,0.189516129
0563_TME10-3_30x_Str_04A_xyz-10029-12808-97,0.391129032
0564_TME10-3_30x_Str_04A_xyz-10162-10364-403,0.379032258
0565_TME10-3_30x_Str_04A_xyz-10178-11115-156,0.629032258
0566_TME10-3_30x_Str_04A_xyz-10257-11197-462,0.141129032
0567_TME10-3_30x_Str_04A_xyz-10272-19566-411,0.346774194
0568_TME10-3_30x_Str_04A_xyz-10303-9902-387,0.443548387
0569_TME10-3_30x_Str_04A_xyz-10410-13828-261,0.951612903
0571_TME10-3_30x_Str_04A_xyz-10592-16781-315,0.733870968
0572_TME10-3_30x_Str_04A_xyz-10594-12883-247,0.995967742
0573_TME10-3_30x_Str_04A_xyz-10594-19254-412,0.342741935
0574_TME10-3_30x_Str_04A_xyz-10632-7788-378,0.47983871
0575_TME10-3_30x_Str_04A_xyz-10679-14098-111,0.447580645
0576_TME10-3_30x_Str_04A_xyz-10695-8479-309,0.758064516
0577_TME10-3_30x_Str_04A_xyz-10705-11222-223,0.899193548
0578_TME10-3_30x_Str_04A_xyz-10714-11520-376,0.487903226
0579_TME10-3_30x_Str_04A_xyz-10714-13971-417,0.322580645
0581_TME10-3_30x_Str_04A_xyz-10733-8607-380,0.471774194
0583_TME10-3_30x_Str_04A_xyz-10842-9619-163,0.657258065
0584_TME10-3_30x_Str_04A_xyz-10850-12786-144,0.580645161
0585_TME10-3_30x_Str_04A_xyz-10907-13356-135,0.544354839
0586_TME10-3_30x_Str_04A_xyz-10909-19042-143,0.576612903
0587_TME10-3_30x_Str_04A_xyz-10916-10750-272,0.907258065
0591_TME10-3_30x_Str_04A_xyz-11103-8259-373,0.5
0593_TME10-3_30x_Str_04A_xyz-11119-16990-184,0.741935484
0594_TME10-3_30x_Str_04A_xyz-11210-14068-112,0.451612903
0595_TME10-3_30x_Str_04A_xyz-11232-15569-447,0.201612903
0597_TME10-3_30x_Str_04A_xyz-11322-20122-248,1
0598_TME10-3_30x_Str_04A_xyz-11482-11827-289,0.838709677
0599_TME10-3_30x_Str_04A_xyz-11507-9601-189,0.762096774
0600_TME10-3_30x_Str_04A_xyz-11534-19419-151,0.608870968
0602_TME10-3_30x_Str_04A_xyz-11571-14728-238,0.959677419
0603_TME10-3_30x_Str_04A_xyz-11643-19050-440,0.22983871
0604_TME10-3_30x_Str_04B_xyz-11674-18011-332,0.691699605
0605_TME10-3_30x_Str_04A_xyz-11765-11127-401,0.387096774
0606_TME10-3_30x_Str_04A_xyz-11768-8694-408,0.358870968
0607_TME10-3_30x_Str_04A_xyz-11835-16575-126,0.508064516
0608_TME10-3_30x_Str_04A_xyz-11840-13246-317,0.725806452
0612_TME10-3_30x_Str_04A_xyz-12092-13173-146,0.588709677
0615_TME10-3_30x_Str_04A_xyz-12209-17006-382,0.463709677
0618_TME10-3_30x_Str_04A_xyz-12449-13900-335,0.653225806
0619_TME10-3_30x_Str_04A_xyz-12602-15999-397,0.403225806
0620_TME10-3_30x_Str_04A_xyz-12713-14710-433,0.258064516
0621_TME10-3_30x_Str_04B_xyz-2916-11099-102,0.403162055
0625_TME10-3_30x_Str_04B_xyz-3195-16140-432,0.296442688
0626_TME10-3_30x_Str_04B_xyz-3270-11697-319,0.743083004
0627_TME10-3_30x_Str_04B_xyz-3331-17526-291,0.853754941
0628_TME10-3_30x_Str_04B_xyz-3439-13977-109,0.43083004
0629_TME10-3_30x_Str_04B_xyz-3633-14597-309,0.782608696
0630_TME10-3_30x_Str_04B_xyz-3672-15432-134,0.529644269
0632_TME10-3_30x_Str_04B_xyz-3880-13911-375,0.52173913
0634_TME10-3_30x_Str_04B_xyz-3984-11309-373,0.529644269
0635_TME10-3_30x_Str_04B_xyz-4061-15118-102,0.403162055
0636_TME10-3_30x_Str_04B_xyz-4092-12960-211,0.833992095
0637_TME10-3_30x_Str_04B_xyz-4328-16743-190,0.750988142
0638_TME10-3_30x_Str_04B_xyz-4469-13875-282,0.889328063
0639_TME10-3_30x_Str_04B_xyz-4479-7833-362,0.57312253
0640_TME10-3_30x_Str_04B_xyz-4585-16341-187,0.739130435
0641_TME10-3_30x_Str_04B_xyz-4658-6750-400,0.422924901
0642_TME10-3_30x_Str_04B_xyz-4690-17369-341,0.656126482
0644_TME10-3_30x_Str_04B_xyz-4827-14543-381,0.498023715
0645_TME10-3_30x_Str_04B_xyz-4883-9520-314,0.76284585
0647_TME10-3_30x_Str_04B_xyz-4922-12533-76,0.300395257
0649_TME10-3_30x_Str_04B_xyz-5053-19261-153,0.604743083
0650_TME10-3_30x_Str_04B_xyz-5087-10329-371,0.537549407
0651_TME10-3_30x_Str_04B_xyz-5090-7402-178,0.703557312
0652_TME10-3_30x_Str_04B_xyz-5139-6722-382,0.494071146
0653_TME10-3_30x_Str_04B_xyz-5158-20376-84,0.33201581
0654_TME10-3_30x_Str_04B_xyz-5283-16930-332,0.691699605
0655_TME10-3_30x_Str_04B_xyz-5320-12168-275,0.916996047
0656_TME10-3_30x_Str_04B_xyz-5324-8893-365,0.561264822
0658_TME10-3_30x_Str_04B_xyz-5375-9051-368,0.549407115
0659_TME10-3_30x_Str_04B_xyz-5429-14683-405,0.403162055
0662_TME10-3_30x_Str_04B_xyz-5620-9078-91,0.359683794
0663_TME10-3_30x_Str_04B_xyz-5621-11078-258,0.984189723
0664_TME10-3_30x_Str_04B_xyz-5655-16414-57,0.225296443
0665_TME10-3_30x_Str_04B_xyz-5661-13464-350,0.62055336
0666_TME10-3_30x_Str_04B_xyz-5712-8159-327,0.711462451
0667_TME10-3_30x_Str_04B_xyz-5899-8372-405,0.403162055
0668_TME10-3_30x_Str_04B_xyz-5952-15050-244,0.964426877
0669_TME10-3_30x_Str_04B_xyz-6013-20211-366,0.557312253
0670_TME10-3_30x_Str_04B_xyz-6096-9135-53,0.209486166
0671_TME10-3_30x_Str_04B_xyz-6141-17220-33,0.130434783
0672_TME10-3_30x_Str_04B_xyz-6147-14511-126,0.498023715
0673_TME10-3_30x_Str_04B_xyz-6261-17988-40,0.158102767
0674_TME10-3_30x_Str_04B_xyz-6305-15576-43,0.169960474
0675_TME10-3_30x_Str_04B_xyz-6348-9283-197,0.778656126
0676_TME10-3_30x_Str_04B_xyz-6494-4458-452,0.217391304
0677_TME10-3_30x_Str_04B_xyz-6562-18219-119,0.470355731
0678_TME10-3_30x_Str_04B_xyz-6578-5002-381,0.498023715
0681_TME10-3_30x_Str_04B_xyz-6881-5731-376,0.517786561
0682_TME10-3_30x_Str_04B_xyz-6928-8727-342,0.652173913
0684_TME10-3_30x_Str_04B_xyz-7075-4924-332,0.691699605
0686_TME10-3_30x_Str_04B_xyz-7177-18992-84,0.33201581
0689_TME10-3_30x_Str_04B_xyz-7225-8729-94,0.371541502
0690_TME10-3_30x_Str_04B_xyz-7242-12460-389,0.466403162
0692_TME10-3_30x_Str_04B_xyz-7303-10922-377,0.513833992
0693_TME10-3_30x_Str_04B_xyz-7305-15066-278,0.90513834
0694_TME10-3_30x_Str_04B_xyz-7318-13335-58,0.229249012
0695_TME10-3_30x_Str_04B_xyz-7395-15868-124,0.490118577
0696_TME10-3_30x_Str_04B_xyz-7425-17308-38,0.150197628
0697_TME10-3_30x_Str_04B_xyz-7493-16878-72,0.28458498
0699_TME10-3_30x_Str_04B_xyz-7651-13592-361,0.577075099
0700_TME10-3_30x_Str_04B_xyz-7738-11592-219,0.865612648
0701_TME10-3_30x_Str_04B_xyz-7743-20010-194,0.766798419
0703_TME10-3_30x_Str_04B_xyz-7791-9615-29,0.114624506
0704_TME10-3_30x_Str_04B_xyz-7830-10415-316,0.754940711
0707_TME10-3_30x_Str_04B_xyz-7869-7540-77,0.304347826
0708_TME10-3_30x_Str_04B_xyz-7921-16976-20,0.079051383
0709_TME10-3_30x_Str_04B_xyz-7939-7012-418,0.351778656
0710_TME10-3_30x_Str_04B_xyz-7950-6500-180,0.711462451
0711_TME10-3_30x_Str_04B_xyz-8022-11832-103,0.407114625
0712_TME10-3_30x_Str_04B_xyz-8029-12738-112,0.442687747
0714_TME10-3_30x_Str_04B_xyz-8302-5291-166,0.656126482
0715_TME10-3_30x_Str_04B_xyz-8340-8840-132,0.52173913
0716_TME10-3_30x_Str_04B_xyz-8344-19641-253,1
0717_TME10-3_30x_Str_04B_xyz-8392-12993-410,0.383399209
0719_TME10-3_30x_Str_04B_xyz-8464-5383-442,0.256916996
0720_TME10-3_30x_Str_04B_xyz-8511-17830-77,0.304347826
0721_TME10-3_30x_Str_04B_xyz-8626-13703-306,0.794466403
0722_TME10-3_30x_Str_04B_xyz-8640-10768-54,0.213438735
0724_TME10-3_30x_Str_04B_xyz-8660-10087-162,0.640316206
0725_TME10-3_30x_Str_04B_xyz-8661-9904-409,0.387351779
0728_TME10-3_30x_Str_04B_xyz-8906-17164-90,0.355731225
0729_TME10-3_30x_Str_04B_xyz-9004-16692-300,0.818181818
0730_TME10-3_30x_Str_04B_xyz-9094-7669-220,0.869565217
0731_TME10-3_30x_Str_04B_xyz-9107-13864-142,0.561264822
0732_TME10-3_30x_Str_04B_xyz-9110-9899-320,0.739130435
0733_TME10-3_30x_Str_04B_xyz-9199-6143-211,0.833992095
0734_TME10-3_30x_Str_04B_xyz-9329-17744-328,0.707509881
0735_TME10-3_30x_Str_04B_xyz-9350-7597-337,0.671936759
0736_TME10-3_30x_Str_04B_xyz-9382-9003-349,0.624505929
0737_TME10-3_30x_Str_04B_xyz-9393-15535-98,0.387351779
0738_TME10-3_30x_Str_04B_xyz-9442-18264-391,0.458498024
0739_TME10-3_30x_Str_04B_xyz-9630-11188-370,0.541501976
0740_TME10-3_30x_Str_04B_xyz-9705-9437-41,0.162055336
0741_TME10-3_30x_Str_04B_xyz-9846-12148-177,0.699604743
0742_TME10-3_30x_Str_04B_xyz-9987-8736-110,0.434782609
0743_TME10-3_30x_Str_04B_xyz-10016-11523-344,0.644268775
0744_TME10-3_30x_Str_04B_xyz-10018-10789-226,0.893280632
0746_TME10-3_30x_Str_04B_xyz-10129-14663-301,0.814229249
0747_TME10-3_30x_Str_04B_xyz-10156-15651-385,0.482213439
0749_TME10-3_30x_Str_04B_xyz-10305-16937-312,0.770750988
0750_TME10-3_30x_Str_04B_xyz-10325-13580-275,0.916996047
0751_TME10-3_30x_Str_04B_xyz-10475-13096-142,0.561264822
0753_TME10-3_30x_Str_04B_xyz-10551-12552-366,0.557312253
0756_TME10-3_30x_Str_04B_xyz-10635-9663-257,0.988142292
0757_TME10-3_30x_Str_04B_xyz-10710-8665-91,0.359683794
0761_TME10-3_30x_Str_04B_xyz-10984-13987-29,0.114624506
0762_TME10-3_30x_Str_04B_xyz-11367-14682-331,0.695652174
0763_TME10-3_30x_Str_04B_xyz-11430-10456-308,0.786561265
0764_TME10-3_30x_Str_04B_xyz-11862-16120-188,0.743083004
0765_TME10-3_30x_Str_04B_xyz-11947-14897-296,0.833992095
0767_TME10-3_30x_Str_04B_xyz-12109-10129-400,0.422924901
0769_TME10-3_30x_Str_04B_xyz-12317-11158-105,0.415019763
0770_TME10-3_30x_Str_04B_xyz-12480-12031-239,0.944664032
0772_TME10-3_30x_Str_04B_xyz-12710-13331-209,0.826086957
0774_TME10-3_30x_Str_04B_xyz-12996-14673-277,0.909090909
0775_TME10-3_30x_Str_04B_xyz-13015-14110-215,0.849802372
0776_TME10-3_30x_Str_05A_xyz-2258-12673-361,0.463829787
0777_TME10-3_30x_Str_05A_xyz-2325-13149-173,0.736170213
0778_TME10-3_30x_Str_05A_xyz-2532-12657-236,0.995744681
0779_TME10-3_30x_Str_05A_xyz-2725-9308-196,0.834042553
0780_TME10-3_30x_Str_05A_xyz-2856-10744-205,0.872340426
0781_TME10-3_30x_Str_05A_xyz-2879-10130-34,0.144680851
0783_TME10-3_30x_Str_05A_xyz-3248-9999-142,0.604255319
0784_TME10-3_30x_Str_05A_xyz-3418-14411-353,0.49787234
0785_TME10-3_30x_Str_05A_xyz-3522-13577-225,0.957446809
0786_TME10-3_30x_Str_05A_xyz-3572-11483-64,0.272340426
0787_TME10-3_30x_Str_05A_xyz-3597-10880-310,0.680851064
0788_TME10-3_30x_Str_05A_xyz-3744-12182-61,0.259574468
0789_TME10-3_30x_Str_05A_xyz-3880-12401-336,0.570212766
0790_TME10-3_30x_Str_05A_xyz-4218-13113-29,0.123404255
0791_TME10-3_30x_Str_05A_xyz-4400-14626-45,0.191489362
0792_TME10-3_30x_Str_05A_xyz-4547-14774-368,0.434042553
0793_TME10-3_30x_Str_05A_xyz-4596-10692-295,0.744680851
0795_TME10-3_30x_Str_05A_xyz-4880-6925-137,0.582978723
0796_TME10-3_30x_Str_05A_xyz-5093-16671-354,0.493617021
0797_TME10-3_30x_Str_05A_xyz-5110-7622-142,0.604255319
0799_TME10-3_30x_Str_05A_xyz-5271-12786-402,0.289361702
0800_TME10-3_30x_Str_05A_xyz-5361-10110-242,0.970212766
0802_TME10-3_30x_Str_05A_xyz-5632-9388-313,0.668085106
0803_TME10-3_30x_Str_05A_xyz-5642-6505-301,0.719148936
0804_TME10-3_30x_Str_05A_xyz-5650-7481-423,0.2
0805_TME10-3_30x_Str_05A_xyz-5675-16024-363,0.455319149
0807_TME10-3_30x_Str_05A_xyz-5702-17069-68,0.289361702
0809_TME10-3_30x_Str_05A_xyz-5892-13786-192,0.817021277
0810_TME10-3_30x_Str_05A_xyz-5992-10711-320,0.638297872
0811_TME10-3_30x_Str_05A_xyz-6070-6572-152,0.646808511
0812_TME10-3_30x_Str_05A_xyz-6082-10682-368,0.434042553
0813_TME10-3_30x_Str_05A_xyz-6112-8082-424,0.195744681
0815_TME10-3_30x_Str_05A_xyz-6187-7144-83,0.353191489
0818_TME10-3_30x_Str_05A_xyz-6418-12666-57,0.242553191
0820_TME10-3_30x_Str_05A_xyz-6701-14360-72,0.306382979
0821_TME10-3_30x_Str_05A_xyz-6747-10489-200,0.85106383
0823_TME10-3_30x_Str_05A_xyz-6910-9273-157,0.668085106
0824_TME10-3_30x_Str_05A_xyz-6920-12801-126,0.536170213
0826_TME10-3_30x_Str_05A_xyz-7130-13818-62,0.263829787
0827_TME10-3_30x_Str_05A_xyz-7322-11664-65,0.276595745
0828_TME10-3_30x_Str_05A_xyz-7364-15236-364,0.45106383
0830_TME10-3_30x_Str_05A_xyz-7385-9383-167,0.710638298
0831_TME10-3_30x_Str_05A_xyz-7490-7830-70,0.29787234
0832_TME10-3_30x_Str_05A_xyz-7573-8977-63,0.268085106
0833_TME10-3_30x_Str_05A_xyz-7587-15085-224,0.953191489
0834_TME10-3_30x_Str_05A_xyz-7882-11276-131,0.557446809
0835_TME10-3_30x_Str_05A_xyz-8038-7383-360,0.468085106
0836_TME10-3_30x_Str_05A_xyz-8089-9845-258,0.90212766
0837_TME10-3_30x_Str_05A_xyz-8119-15265-110,0.468085106
0844_TME10-3_30x_Str_05A_xyz-8593-8099-354,0.493617021
0845_TME10-3_30x_Str_05A_xyz-8649-14697-254,0.919148936
0847_TME10-3_30x_Str_05A_xyz-9387-17969-182,0.774468085
0849_TME10-3_30x_Str_05A_xyz-10789-16753-361,0.463829787
0850_TME10-3_30x_Str_05A_xyz-10850-17039-401,0.293617021
0851_TME10-3_30x_Str_05A_xyz-11057-15680-144,0.612765957
0853_TME10-3_30x_Str_05A_xyz-11337-16654-271,0.846808511
0854_TME10-3_30x_Str_05A_xyz-11635-16502-326,0.612765957
0855_TME10-3_30x_Str_05A_xyz-11683-17007-144,0.612765957
0856_TME10-3_30x_Str_05B_xyz-3110-16790-426,0.251028807
0857_TME10-3_30x_Str_05B_xyz-3217-19373-331,0.641975309
0859_TME10-3_30x_Str_05B_xyz-3572-16508-399,0.362139918
0861_TME10-3_30x_Str_05B_xyz-4601-20256-396,0.374485597
0863_TME10-3_30x_Str_05B_xyz-4837-20667-398,0.366255144
0864_TME10-3_30x_Str_05B_xyz-4856-19579-363,0.510288066
0865_TME10-3_30x_Str_05B_xyz-4861-20755-65,0.267489712
0866_TME10-3_30x_Str_05B_xyz-4866-15934-427,0.24691358
0869_TME10-3_30x_Str_05B_xyz-5514-19978-162,0.666666667
0870_TME10-3_30x_Str_05B_xyz-5657-18692-192,0.790123457
0871_TME10-3_30x_Str_05B_xyz-5708-19248-311,0.724279835
0872_TME10-3_30x_Str_05B_xyz-5750-16691-113,0.465020576
0873_TME10-3_30x_Str_05B_xyz-5858-20555-168,0.691358025
0876_TME10-3_30x_Str_05B_xyz-5959-15857-75,0.308641975
0877_TME10-3_30x_Str_05B_xyz-6366-16804-278,0.860082305
0878_TME10-3_30x_Str_05B_xyz-6502-16852-192,0.790123457
0879_TME10-3_30x_Str_05B_xyz-6660-20103-85,0.349794239
0880_TME10-3_30x_Str_05B_xyz-6954-16703-48,0.197530864
0881_TME10-3_30x_Str_05B_xyz-7051-20127-315,0.70781893
0883_TME10-3_30x_Str_05B_xyz-7187-15820-151,0.621399177
0885_TME10-3_30x_Str_05B_xyz-7222-18684-406,0.333333333
0886_TME10-3_30x_Str_05B_xyz-7259-19654-162,0.666666667
0887_TME10-3_30x_Str_05B_xyz-7301-9173-183,0.75308642
0888_TME10-3_30x_Str_05B_xyz-7449-15130-429,0.238683128
0889_TME10-3_30x_Str_05B_xyz-7485-11706-423,0.263374486
0890_TME10-3_30x_Str_05B_xyz-7603-18801-216,0.888888889
0891_TME10-3_30x_Str_05B_xyz-7629-19185-279,0.855967078
0892_TME10-3_30x_Str_05B_xyz-7663-11404-81,0.333333333
0893_TME10-3_30x_Str_05B_xyz-7716-16642-184,0.757201646
0894_TME10-3_30x_Str_05B_xyz-7790-10850-328,0.654320988
0895_TME10-3_30x_Str_05B_xyz-7845-17517-278,0.860082305
0896_TME10-3_30x_Str_05B_xyz-7884-15373-158,0.650205761
0897_TME10-3_30x_Str_05B_xyz-7894-11107-55,0.226337449
0898_TME10-3_30x_Str_05B_xyz-7910-10536-112,0.46090535
0899_TME10-3_30x_Str_05B_xyz-7977-12362-333,0.633744856
0900_TME10-3_30x_Str_05B_xyz-7997-11187-312,0.720164609
0901_TME10-3_30x_Str_05B_xyz-8230-16256-80,0.329218107
0902_TME10-3_30x_Str_05B_xyz-8337-19655-307,0.740740741
0904_TME10-3_30x_Str_05B_xyz-8540-8674-366,0.497942387
0906_TME10-3_30x_Str_05B_xyz-8622-16023-271,0.888888889
0907_TME10-3_30x_Str_05B_xyz-8680-14925-314,0.711934156
0908_TME10-3_30x_Str_05B_xyz-8880-8116-323,0.674897119
0909_TME10-3_30x_Str_05B_xyz-8916-17685-85,0.349794239
0911_TME10-3_30x_Str_05B_xyz-9236-8106-266,0.909465021
0912_TME10-3_30x_Str_05B_xyz-9247-9901-397,0.37037037
0913_TME10-3_30x_Str_05B_xyz-9281-14360-128,0.526748971
0914_TME10-3_30x_Str_05B_xyz-9455-8996-387,0.411522634
0915_TME10-3_30x_Str_05B_xyz-9631-12856-152,0.625514403
0916_TME10-3_30x_Str_05B_xyz-9651-18836-400,0.358024691
0917_TME10-3_30x_Str_05B_xyz-9789-9979-253,0.962962963
0919_TME10-3_30x_Str_05B_xyz-9954-16100-292,0.802469136
0920_TME10-3_30x_Str_05B_xyz-10248-14466-373,0.469135802
0921_TME10-3_30x_Str_05B_xyz-10410-15218-210,0.864197531
0923_TME10-3_30x_Str_05B_xyz-10668-15128-322,0.679012346
0925_TME10-3_30x_Str_05B_xyz-10876-15330-116,0.477366255
0926_TME10-3_30x_Str_05B_xyz-10884-9575-355,0.543209877
0927_TME10-3_30x_Str_05B_xyz-10925-13706-118,0.485596708
0928_TME10-3_30x_Str_05B_xyz-10964-15790-226,0.930041152
0930_TME10-3_30x_Str_05B_xyz-11052-10452-392,0.390946502
0931_TME10-3_30x_Str_05B_xyz-11068-16610-183,0.75308642
0932_TME10-3_30x_Str_05B_xyz-11187-11482-438,0.201646091
0933_TME10-3_30x_Str_05B_xyz-11338-12835-336,0.621399177
0934_TME10-3_30x_Str_05B_xyz-11339-11190-266,0.909465021
0935_TME10-3_30x_Str_05B_xyz-11429-15556-286,0.827160494
0936_TME10-3_30x_Str_05B_xyz-11580-14132-383,0.427983539
0939_TME10-3_30x_Str_05B_xyz-11882-11950-217,0.893004115
0942_TME10-3_30x_Str_06A_xyz-1913-12645-235,0.893536122
0943_TME10-3_30x_Str_06A_xyz-2004-13982-209,0.794676806
0944_TME10-3_30x_Str_06A_xyz-2232-15403-401,0.479087452
0946_TME10-3_30x_Str_06A_xyz-2518-14305-114,0.433460076
0947_TME10-3_30x_Str_06A_xyz-2555-11124-329,0.752851711
0948_TME10-3_30x_Str_06A_xyz-2599-15127-335,0.730038023
0949_TME10-3_30x_Str_06A_xyz-3384-12903-257,0.977186312
0950_TME10-3_30x_Str_06A_xyz-3452-14362-389,0.524714829
0951_TME10-3_30x_Str_06A_xyz-3535-10934-331,0.745247148
0952_TME10-3_30x_Str_06A_xyz-3563-11507-260,0.988593156
0953_TME10-3_30x_Str_06A_xyz-3606-14428-81,0.307984791
0954_TME10-3_30x_Str_06A_xyz-3623-12765-392,0.513307985
0955_TME10-3_30x_Str_06A_xyz-3632-14035-311,0.821292776
0956_TME10-3_30x_Str_06A_xyz-3774-11759-439,0.33460076
0958_TME10-3_30x_Str_06A_xyz-4041-13641-188,0.714828897
0959_TME10-3_30x_Str_06A_xyz-4092-9820-412,0.437262357
0960_TME10-3_30x_Str_06A_xyz-4321-13607-327,0.760456274
0961_TME10-3_30x_Str_06A_xyz-4394-9427-280,0.939163498
0962_TME10-3_30x_Str_06A_xyz-4517-11005-257,0.977186312
0963_TME10-3_30x_Str_06A_xyz-4705-16431-238,0.904942966
0964_TME10-3_30x_Str_06A_xyz-4874-13046-324,0.771863118
0966_TME10-3_30x_Str_06A_xyz-5132-9163-236,0.897338403
0967_TME10-3_30x_Str_06A_xyz-5340-12807-183,0.69581749
0968_TME10-3_30x_Str_06A_xyz-5399-11504-352,0.66539924
0969_TME10-3_30x_Str_06A_xyz-5472-18665-295,0.882129278
0970_TME10-3_30x_Str_06A_xyz-5518-10871-343,0.699619772
0971_TME10-3_30x_Str_06A_xyz-5759-13814-423,0.395437262
0973_TME10-3_30x_Str_06A_xyz-5802-8541-352,0.66539924
0974_TME10-3_30x_Str_06A_xyz-5864-9463-30,0.114068441
0975_TME10-3_30x_Str_06A_xyz-5929-19141-331,0.745247148
0976_TME10-3_30x_Str_06A_xyz-6059-16528-313,0.813688213
0977_TME10-3_30x_Str_06A_xyz-6204-9353-223,0.847908745
0978_TME10-3_30x_Str_06A_xyz-6227-18197-457,0.266159696
0979_TME10-3_30x_Str_06A_xyz-6252-16948-386,0.536121673
0980_TME10-3_30x_Str_06A_xyz-6369-16078-461,0.25095057
0983_TME10-3_30x_Str_06A_xyz-6617-15374-415,0.425855513
0985_TME10-3_30x_Str_06A_xyz-6661-16295-349,0.676806084
0988_TME10-3_30x_Str_06A_xyz-6859-19009-481,0.174904943
0989_TME10-3_30x_Str_06A_xyz-6929-18578-345,0.692015209
0991_TME10-3_30x_Str_06A_xyz-7677-18421-365,0.615969582
0992_TME10-3_30x_Str_06A_xyz-7991-17737-464,0.239543726
0993_TME10-3_30x_Str_06A_xyz-8407-17527-305,0.844106464
0994_TME10-3_30x_Str_06A_xyz-8456-17489-467,0.228136882
0995_TME10-3_30x_Str_06A_xyz-8716-18140-386,0.536121673
0997_TME10-3_30x_Str_06A_xyz-8819-18829-337,0.72243346
0998_TME10-3_30x_Str_06A_xyz-8854-17857-373,0.585551331
1000_TME10-3_30x_Str_06B_xyz-2901-18501-389,0.503846154
1001_TME10-3_30x_Str_06B_xyz-3174-18704-415,0.403846154
1004_TME10-3_30x_Str_06B_xyz-3480-18705-152,0.584615385
1005_TME10-3_30x_Str_06B_xyz-3485-19826-261,0.996153846
1006_TME10-3_30x_Str_06B_xyz-3522-19753-455,0.25
1007_TME10-3_30x_Str_06B_xyz-3688-20745-213,0.819230769
1008_TME10-3_30x_Str_06B_xyz-3798-19551-407,0.434615385
1009_TME10-3_30x_Str_06B_xyz-3881-19170-257,0.988461538
1010_TME10-3_30x_Str_06B_xyz-3919-18285-182,0.7
1012_TME10-3_30x_Str_06B_xyz-4454-18327-429,0.35
1014_TME10-3_30x_Str_06B_xyz-4843-19233-177,0.680769231
1015_TME10-3_30x_Str_06B_xyz-5200-8377-278,0.930769231
1017_TME10-3_30x_Str_06B_xyz-5258-17989-439,0.311538462
1018_TME10-3_30x_Str_06B_xyz-5261-8950-223,0.857692308
1020_TME10-3_30x_Str_06B_xyz-5523-8491-234,0.9
1022_TME10-3_30x_Str_06B_xyz-5554-8626-399,0.465384615
1024_TME10-3_30x_Str_06B_xyz-5625-15860-108,0.415384615
1025_TME10-3_30x_Str_06B_xyz-5769-9378-392,0.492307692
1026_TME10-3_30x_Str_06B_xyz-5787-8995-368,0.584615385
1028_TME10-3_30x_Str_06B_xyz-5862-18758-114,0.438461538
1029_TME10-3_30x_Str_06B_xyz-5863-16353-323,0.757692308
1031_TME10-3_30x_Str_06B_xyz-5946-16983-401,0.457692308
1034_TME10-3_30x_Str_06B_xyz-6078-15370-411,0.419230769
1036_TME10-3_30x_Str_06B_xyz-6175-8938-355,0.634615385
1037_TME10-3_30x_Str_06B_xyz-6260-14583-304,0.830769231
1039_TME10-3_30x_Str_06B_xyz-6566-9503-50,0.192307692
1040_TME10-3_30x_Str_06B_xyz-6575-10527-262,0.992307692
1041_TME10-3_30x_Str_06B_xyz-6585-14772-139,0.534615385
1042_TME10-3_30x_Str_06B_xyz-6631-18244-419,0.388461538
1044_TME10-3_30x_Str_06B_xyz-6747-11929-48,0.184615385
1048_TME10-3_30x_Str_06B_xyz-7063-16664-272,0.953846154
1049_TME10-3_30x_Str_06B_xyz-7067-13221-87,0.334615385
1050_TME10-3_30x_Str_06B_xyz-7103-15800-220,0.846153846
1052_TME10-3_30x_Str_06B_xyz-7131-11166-284,0.907692308
1053_TME10-3_30x_Str_06B_xyz-7183-18139-149,0.573076923
1054_TME10-3_30x_Str_06B_xyz-7262-13817-86,0.330769231
1055_TME10-3_30x_Str_06B_xyz-7423-14825-406,0.438461538
1057_TME10-3_30x_Str_06B_xyz-7458-10314-209,0.803846154
1058_TME10-3_30x_Str_06B_xyz-7469-9489-455,0.25
1059_TME10-3_30x_Str_06B_xyz-7541-15087-304,0.830769231
1060_TME10-3_30x_Str_06B_xyz-7548-11869-162,0.623076923
1061_TME10-3_30x_Str_06B_xyz-7610-14664-113,0.434615385
1063_TME10-3_30x_Str_06B_xyz-7719-13797-386,0.515384615
1064_TME10-3_30x_Str_06B_xyz-7832-9936-259,0.996153846
1065_TME10-3_30x_Str_06B_xyz-7847-9841-433,0.334615385
1066_TME10-3_30x_Str_06B_xyz-7955-14297-488,0.123076923
1068_TME10-3_30x_Str_06B_xyz-8028-17146-370,0.576923077
1069_TME10-3_30x_Str_06B_xyz-8042-12716-180,0.692307692
1070_TME10-3_30x_Str_06B_xyz-8088-16264-118,0.453846154
1071_TME10-3_30x_Str_06B_xyz-8097-15641-157,0.603846154
1072_TME10-3_30x_Str_06B_xyz-8167-14615-185,0.711538462
1073_TME10-3_30x_Str_06B_xyz-8187-8796-462,0.223076923
1074_TME10-3_30x_Str_06B_xyz-8332-11054-442,0.3
1075_TME10-3_30x_Str_06B_xyz-8425-12754-450,0.269230769
1079_TME10-3_30x_Str_06B_xyz-8898-10371-200,0.769230769
1081_TME10-3_30x_Str_06B_xyz-9159-13939-248,0.953846154
1082_TME10-3_30x_Str_06B_xyz-9230-15740-393,0.488461538
1083_TME10-3_30x_Str_06B_xyz-9276-13165-135,0.519230769
1084_TME10-3_30x_Str_06B_xyz-9572-11972-406,0.438461538
1085_TME10-3_30x_Str_06B_xyz-9677-14235-341,0.688461538
1086_TME10-3_30x_Str_06B_xyz-9706-14002-442,0.3
1088_TME10-3_30x_Str_06B_xyz-9816-11895-312,0.8
1092_TME10-3_30x_Str_06B_xyz-10158-13941-276,0.938461538
1093_TME10-3_30x_Str_06B_xyz-10298-13039-351,0.65
1095_TME10-3_30x_Str_06B_xyz-10641-12958-466,0.207692308
1097_TME10-3_30x_Str_06B_xyz-10814-12518-312,0.8
1098_TME10-3_30x_Str_07A_xyz-1768-13359-253,0.947565543
1101_TME10-3_30x_Str_07A_xyz-2345-15852-485,0.183520599
1102_TME10-3_30x_Str_07A_xyz-2568-15326-327,0.775280899
1103_TME10-3_30x_Str_07A_xyz-2584-13245-401,0.498127341
1105_TME10-3_30x_Str_07A_xyz-2603-11001-470,0.239700375
1106_TME10-3_30x_Str_07A_xyz-2657-11631-435,0.370786517
1107_TME10-3_30x_Str_07A_xyz-2755-14223-439,0.355805243
1108_TME10-3_30x_Str_07A_xyz-2772-13657-212,0.794007491
1110_TME10-3_30x_Str_07A_xyz-2852-11771-268,0.996254682
1111_TME10-3_30x_Str_07A_xyz-2983-12545-488,0.172284644
1113_TME10-3_30x_Str_07A_xyz-3050-13821-144,0.539325843
1114_TME10-3_30x_Str_07A_xyz-3061-16088-399,0.505617978
1115_TME10-3_30x_Str_07A_xyz-3340-12305-197,0.737827715
1116_TME10-3_30x_Str_07A_xyz-3485-13130-466,0.254681648
1119_TME10-3_30x_Str_07A_xyz-3656-14479-492,0.157303371
1120_TME10-3_30x_Str_07A_xyz-3835-11476-468,0.247191011
1121_TME10-3_30x_Str_07A_xyz-4243-13080-199,0.745318352
1122_TME10-3_30x_Str_07B_xyz-4350-10397-241,0.899253731
1124_TME10-3_30x_Str_07A_xyz-4632-11873-509,0.093632959
1126_TME10-3_30x_Str_07A_xyz-5569-17770-251,0.940074906
1128_TME10-3_30x_Str_07A_xyz-5773-9734-433,0.378277154
1129_TME10-3_30x_Str_07A_xyz-5838-18634-480,0.202247191
1130_TME10-3_30x_Str_07A_xyz-6075-19271-178,0.666666667
1136_TME10-3_30x_Str_07B_xyz-4218-18643-161,0.600746269
1137_TME10-3_30x_Str_07B_xyz-4340-20220-398,0.514925373
1138_TME10-3_30x_Str_07B_xyz-4712-18673-336,0.746268657
1142_TME10-3_30x_Str_07B_xyz-5562-12600-402,0.5
1143_TME10-3_30x_Str_07B_xyz-5568-15569-119,0.444029851
1144_TME10-3_30x_Str_07B_xyz-5614-11667-306,0.858208955
1145_TME10-3_30x_Str_07B_xyz-5699-11972-226,0.843283582
1146_TME10-3_30x_Str_07B_xyz-5795-13140-435,0.376865672
1147_TME10-3_30x_Str_07B_xyz-5875-15010-236,0.880597015
1148_TME10-3_30x_Str_07B_xyz-5881-14921-353,0.682835821
1149_TME10-3_30x_Str_07B_xyz-6044-12922-149,0.555970149
1150_TME10-3_30x_Str_07B_xyz-6102-10808-445,0.339552239
1151_TME10-3_30x_Str_07B_xyz-6137-11658-94,0.350746269
1152_TME10-3_30x_Str_07B_xyz-6198-18257-438,0.365671642
1153_TME10-3_30x_Str_07B_xyz-6314-13232-80,0.298507463
1154_TME10-3_30x_Str_07B_xyz-6629-15980-323,0.794776119
1156_TME10-3_30x_Str_07B_xyz-6722-17851-403,0.496268657
1157_TME10-3_30x_Str_07B_xyz-6825-11774-129,0.481343284
1158_TME10-3_30x_Str_07B_xyz-6886-16457-474,0.231343284
1159_TME10-3_30x_Str_07B_xyz-7107-13766-403,0.496268657
1162_TME10-3_30x_Str_07B_xyz-7261-14534-437,0.369402985
1164_TME10-3_30x_Str_07B_xyz-7824-15444-429,0.399253731
1166_TME10-3_30x_Str_08A_xyz-3030-13561-367,0.537848606
1167_TME10-3_30x_Str_08A_xyz-3189-16283-213,0.848605578
1168_TME10-3_30x_Str_08A_xyz-3205-13739-216,0.860557769
1169_TME10-3_30x_Str_08A_xyz-3519-17635-267,0.93625498
1170_TME10-3_30x_Str_08A_xyz-3587-13238-203,0.80876494
1172_TME10-3_30x_Str_08A_xyz-4113-14889-399,0.410358566
1174_TME10-3_30x_Str_08A_xyz-4293-15056-82,0.326693227
1176_TME10-3_30x_Str_08A_xyz-4355-15859-450,0.207171315
1177_TME10-3_30x_Str_08A_xyz-4370-13993-365,0.545816733
1178_TME10-3_30x_Str_08A_xyz-4470-14522-179,0.71314741
1180_TME10-3_30x_Str_08A_xyz-4634-17161-292,0.836653386
1183_TME10-3_30x_Str_08A_xyz-5957-11691-354,0.589641434
1185_TME10-3_30x_Str_08B_xyz-3880-20712-420,0.350393701
1186_TME10-3_30x_Str_08B_xyz-4602-17521-356,0.602362205
1188_TME10-3_30x_Str_08B_xyz-4689-12318-343,0.653543307
1190_TME10-3_30x_Str_08B_xyz-4862-13468-223,0.877952756
1191_TME10-3_30x_Str_08B_xyz-4907-11370-320,0.744094488
1192_TME10-3_30x_Str_08B_xyz-4963-13461-51,0.200787402
1193_TME10-3_30x_Str_08B_xyz-5167-18989-419,0.354330709
1194_TME10-3_30x_Str_08B_xyz-5253-15872-403,0.417322835
1196_TME10-3_30x_Str_08B_xyz-5375-13002-81,0.318897638
1199_TME10-3_30x_Str_08B_xyz-5485-18954-227,0.893700787
1200_TME10-3_30x_Str_08B_xyz-5509-17958-303,0.811023622
1201_TME10-3_30x_Str_08B_xyz-5640-13322-347,0.637795276
1202_TME10-3_30x_Str_08B_xyz-5831-14575-149,0.586614173
1203_TME10-3_30x_Str_08B_xyz-5935-16654-157,0.618110236
1204_TME10-3_30x_Str_08B_xyz-6014-17365-151,0.594488189
1205_TME10-3_30x_Str_08B_xyz-6041-14907-267,0.952755906
1207_TME10-3_30x_Str_08B_xyz-6114-15940-244,0.960629921
1208_TME10-3_30x_Str_08B_xyz-6304-16475-451,0.228346457
1209_TME10-3_30x_Str_08B_xyz-6322-14741-355,0.606299213
1210_TME10-3_30x_Str_08B_xyz-6400-14016-287,0.874015748
1211_TME10-3_30x_Str_08B_xyz-6433-14693-392,0.460629921
1212_TME10-3_30x_Str_08B_xyz-6576-15187-176,0.692913386
1213_TME10-3_30x_Str_09B_xyz-4009-11009-175,0.660377358
1214_TME10-3_30x_Str_09B_xyz-5151-16691-159,0.6
1216_TME10-3_30x_Str_09B_xyz-5451-15518-79,0.298113208
1217_TME10-3_30x_Str_09B_xyz-5887-13411-193,0.728301887
1218_TME10-3_30x_Str_09B_xyz-5908-16920-284,0.928301887
1219_TME10-3_30x_Str_09B_xyz-6171-14015-112,0.422641509
1220_TME10-3_30x_Str_09B_xyz-6244-15830-248,0.935849057
1221_TME10-3_30x_Str_09B_xyz-6419-13939-47,0.177358491
1023_TME07-1_30x_Str_05B_xyz-5934-5728-250,0.935897436
1174_TME07-1_30x_Str_06B_xyz-3588-3026-86,0.362869198
128_TME07-1_30x_Str_01B_xyz-2146-3794-33,0.136363636
134_TME07-1_30x_Str_01B_xyz-2792-3638-422,0.256198347
245_TME07-1_30x_Str_02A_xyz-8152-3810-424,0.321428571
268_TME07-1_30x_Str_02A_xyz-10050-6024-114,0.452380952
270_TME07-1_30x_Str_02A_xyz-10469-5247-186,0.738095238
271_TME07-1_30x_Str_02A_xyz-10563-4746-105,0.416666667
272_TME07-1_30x_Str_02A_xyz-10616-3269-135,0.535714286
275_TME07-1_30x_Str_02A_xyz-11271-5153-381,0.492063492
276_TME07-1_30x_Str_02A_xyz-11348-4131-112,0.444444444
277_TME07-1_30x_Str_02A_xyz-11434-6560-156,0.619047619
279_TME07-1_30x_Str_02A_xyz-11565-6419-391,0.452380952
281_TME07-1_30x_Str_02B_xyz-741-6546-154,0.628571429
282_TME07-1_30x_Str_02B_xyz-1093-7671-311,0.730612245
283_TME07-1_30x_Str_02B_xyz-1191-7453-227,0.926530612
284_TME07-1_30x_Str_02B_xyz-1320-4975-406,0.342857143
285_TME07-1_30x_Str_02B_xyz-1892-6343-419,0.289795918
287_TME07-1_30x_Str_02B_xyz-2457-7030-415,0.306122449
292_TME07-1_30x_Str_02B_xyz-2955-5007-255,0.959183673
295_TME07-1_30x_Str_02B_xyz-3242-4440-410,0.326530612
296_TME07-1_30x_Str_02B_xyz-3306-4033-242,0.987755102
304_TME07-1_30x_Str_02B_xyz-3912-4231-200,0.816326531
471_TME07-1_30x_Str_03B_xyz-2440-7440-384,0.377118644
472_TME07-1_30x_Str_03B_xyz-2858-7213-406,0.283898305
473_TME07-1_30x_Str_03B_xyz-2874-7762-343,0.550847458
475_TME07-1_30x_Str_03B_xyz-3283-5201-341,0.559322034
760_TME07-1_30x_Str_04A_xyz-13108-7425-408,0.352226721
813_TME07-1_30x_Str_04B_xyz-7145-3317-416,0.31300813
817_TME07-1_30x_Str_04B_xyz-7563-4324-81,0.329268293
836_TME07-1_30x_Str_04B_xyz-8759-3620-422,0.288617886
008_TME09-1_30x_Str_02B_xyz-1685-7894-203,0.849372385
009_TME09-1_30x_Str_02B_xyz-2791-6896-407,0.29707113
047_TME09-1_30x_Str_03B_xyz-4636-4595-396,0.356846473
048_TME09-1_30x_Str_03B_xyz-5889-4315-118,0.489626556
097_TME09-1_30x_Str_05A_xyz-5950-6037-219,0.890243902
100_TME09-1_30x_Str_05A_xyz-7119-4863-338,0.630081301
405_TME10-1_30x_Str_06A_xyz-6858-9011-152,0.600790514
0018_TME10-3_30x_Str_02A_xyz-8251-5570-422,0.329365079
0040_TME10-3_30x_Str_02A_xyz-9358-7197-373,0.523809524
0043_TME10-3_30x_Str_02A_xyz-9408-5866-144,0.571428571
0053_TME10-3_30x_Str_02A_xyz-9924-4869-368,0.543650794
0055_TME10-3_30x_Str_02A_xyz-10004-6414-193,0.765873016
0057_TME10-3_30x_Str_02A_xyz-10111-5742-415,0.357142857
0058_TME10-3_30x_Str_02A_xyz-10205-5090-198,0.785714286
0062_TME10-3_30x_Str_02A_xyz-10429-5521-313,0.761904762
0067_TME10-3_30x_Str_02A_xyz-10757-5978-261,0.968253968
0069_TME10-3_30x_Str_02A_xyz-11013-6334-301,0.80952381
0072_TME10-3_30x_Str_02A_xyz-11546-6702-249,0.988095238
0074_TME10-3_30x_Str_02A_xyz-11670-6920-179,0.71031746
0075_TME10-3_30x_Str_02A_xyz-11686-8055-386,0.472222222
0076_TME10-3_30x_Str_02B_xyz-959-6648-210,0.826771654
0077_TME10-3_30x_Str_02B_xyz-1153-5527-401,0.42519685
0078_TME10-3_30x_Str_02B_xyz-1294-6343-449,0.236220472
0082_TME10-3_30x_Str_02B_xyz-1381-5637-324,0.728346457
0087_TME10-3_30x_Str_02B_xyz-2288-4843-60,0.236220472
0088_TME10-3_30x_Str_02B_xyz-2445-5047-341,0.661417323
0108_TME10-3_30x_Str_02B_xyz-3365-4887-359,0.590551181
0205_TME10-3_30x_Str_03A_xyz-5981-6414-322,0.80669145
0225_TME10-3_30x_Str_03A_xyz-7141-5511-458,0.301115242
0493_TME10-3_30x_Str_04A_xyz-6979-4565-204,0.822580645
0497_TME10-3_30x_Str_04A_xyz-7259-4900-331,0.669354839
0517_TME10-3_30x_Str_04A_xyz-8138-4429-449,0.193548387
0987_TME10-3_30x_Str_06A_xyz-6736-8543-412,0.437262357
