file_path,Brain,Genotype,Type,Striatal.Subregion,Bif_ampl_local,Bif_ampl_remote,Branch_Order,Depth,Sum_EucDistance,Max_EucDistance,Fractal_Dim,Height,Length,N_bifs,N_branch,N_stems,N_tips,Partition_asymmetry,Sum_PathDistance,Max_PathDistance,Width,Terminal_degree,Bif_tilt_local,Bif_tilt_remote,Bif_torque_local,Bif_torque_remote,ABEL_All,BAPL_All,ABEL_Internal,BAPL_Internal,ABEL_Terminal,BAPL_Terminal,Balancing_Factor,Centripetal_Bias,Convexity
hTME15-1_Str_01_xyz-3476-6791-80,hTME15-1,WT,D2,CPr,90.7187,66.2256,7,75.24,65099.3,143.391,1.02989,178.238,2368.23,25,53,3,28,0.465576,87303.5,186.989,201.549,1.24098,99.5327,113.764,101.163,94.618,37.8267212,44.67886792,13.68735655,14.818,59.37972535,71.34035714,0.770720447,4.527580269,0.816666667
hTME15-1_Str_01_xyz-3911-7205-111,hTME15-1,WT,D1,CPr,45.6322,47.9017,3,55.01,14283.1,113.543,1.02825,133.155,878.652,7,17,3,10,0.47619,16734.6,135.876,149.358,1.13636,132.771,131.445,80.8198,67.3198,44.74587297,51.68058824,13.79799523,14.44,66.40938739,77.749,0.810768497,5.745394572,0.875
hTME15-1_Str_01_xyz-4179-6689-141,hTME15-1,WT,D1,CPr,70.6069,83.2137,5,120.23,23084.3,126.056,1.03652,167.129,1470.24,13,29,3,16,0.365385,32485.7,171.325,146.358,1.30343,117.071,110.088,108.071,117.911,43.23558361,50.69310345,20.23721754,22.17846154,61.92175605,73.86125,0.74255984,3.920085036,0.901234568
hTME15-1_Str_01_xyz-4244-6251-161,hTME15-1,WT,D2,CPr,77.3159,63.3979,2,54.59,32817.5,132.56,1.03327,135.61,1088.39,7,19,5,12,0.285714,40532.5,158.924,159.301,1.21722,117.838,124.34,111.213,102.572,49.11341837,57.27789474,33.44787521,37.62142857,58.25165188,68.74416667,0.777929845,4.710857634,0.892857143
hTME15-1_Str_01_xyz-4366-6907-153,hTME15-1,WT,D2,CPr,72.5492,58.9983,4,59.27,21268.8,117.107,1.03673,204.84,832.622,8,21,5,13,0.5,25631.5,149.308,56.8945,1.34184,114.637,124.358,80.0382,100.495,33.40143175,39.64285714,23.34779126,27.5375,39.58828744,47.09230769,0.739025977,3.85408656,0.844444444
hTME15-1_Str_01_xyz-5274-6880-175,hTME15-1,WT,D1,CPr,37.2744,75.5849,4,100.19,19420.6,92.8465,1.03249,132.631,1039.38,7,19,5,12,0.428571,24913.2,153.278,138.467,1.1399,147.879,114.223,72.5034,110.088,43.95642987,54.69947368,16.91323857,17.96428571,59.73162479,76.12833333,0.732751297,3.74166383,0.862244898
hTME15-1_Str_01_xyz-5456-7400-233,hTME15-1,WT,D2,CPr,87.3986,95.8224,4,84.35,31158,102.21,1.06409,146.768,1505.28,17,37,3,20,0.423529,46903.7,158.005,128.418,1.49141,107.949,105.272,71.4846,83.1332,30.92961591,40.67783784,19.60575648,22.62529412,40.55489643,56.0225,0.573075066,2.07111245,0.888429752
hTME15-1_Str_01_xyz-5809-3778-166,hTME15-1,WT,D2,CPr,73.2756,57.073,3,129.91,43392.7,130.262,1.06501,205.89,1532.49,10,25,5,15,0.5,54594.5,191.322,64.9696,1.40097,118.898,135.448,107.418,97.9309,46.461739,61.2948,37.51142048,42.06,52.42861801,74.118,0.710247382,3.382568275,0.934256055
hTME15-1_Str_01_xyz-6005-8438-148,hTME15-1,WT,D1,CPr,96.2587,88.7878,4,114.3,46751.9,119.314,1.03094,166.819,1529.21,13,29,3,16,0.394872,62875.2,146.153,163.769,1.1732,108.056,112.543,80.1849,80.4161,44.50429825,52.7262069,12.84764635,13.79461538,70.22532792,84.358125,0.696168087,3.187652898,0.845679012
hTME15-1_Str_01_xyz-6181-4981-163,hTME15-1,WT,D1,CPr,73.7662,64.3871,4,98.55,62858.6,136.511,1.05021,197.179,2412.09,16,40,8,24,0.25,80207.4,179.395,123.554,1.33297,114.045,124.751,94.5739,103.881,47.70684922,60.298,23.2790087,26.069375,63.99207623,83.11708333,0.709160573,3.366778513,0.792899408
hTME15-1_Str_01_xyz-6404-2581-156,hTME15-1,WT,D1,CPr,77.8967,57.5785,5,54.58,39757.4,126.575,1.05278,202.31,1645.78,13,29,3,16,0.384615,51446.5,158.728,147.46,1.21572,110.049,133.569,90.9184,91.2404,45.23453268,56.74689655,12.25172485,13.46846154,72.03306404,91.910625,0.753617443,4.140233881,0.87345679
hTME15-1_Str_01_xyz-6901-7949-172,hTME15-1,WT,D1,CPr,74.0923,69.8202,6,108.18,105228,144.897,1.04236,228.091,3309.4,23,52,6,29,0.460757,129418,176.277,165.511,1.14993,114.297,122.16,65.2159,75.7812,52.7683509,63.63788462,12.00030082,12.5326087,85.101632,104.1696552,0.759414778,4.26467357,0.890738814
hTME15-1_Str_01_xyz-6969-5468-112,hTME15-1,WT,D1,CPr,49.1947,72.8832,3,135.46,56073.1,140.45,1.03539,196.06,2377.48,16,40,8,24,0.354167,72234.9,186.684,146.44,1.16428,125.609,125.785,109.531,105.079,49.15862385,59.43225,16.00280229,17.23875,71.26250489,87.56125,0.739821588,3.868771818,0.914201183
hTME15-1_Str_01_xyz-7524-5515-142,hTME15-1,WT,D1,CPr,62.4202,101.163,6,48.78,20443.8,95.4317,1.05981,135.771,1074.63,10,23,3,13,0.404762,33593.4,203.053,95.4391,1.42857,127.233,100.076,91.8899,113.359,34.58018817,46.71782609,18.44540169,22.834,46.99156239,65.09,0.606438558,2.299232066,0.906666667
hTME15-1_Str_01_xyz-7957-6427-384,hTME15-1,WT,D1,CPr,89.7577,66.7869,5,111.21,64863.8,134.489,1.0329,223.44,2150.86,18,40,4,22,0.490741,81020.1,170.449,151.361,1.29085,98.8523,125.901,88.0657,92.119,45.30541949,53.76575,18.54913353,20.29,67.19692619,81.155,0.761807773,4.318006755,0.800347222
hTME15-1_Str_01_xyz-7989-7907-295,hTME15-1,WT,D1,CPr,77.8661,76.8013,7,159.38,44649.1,172.757,1.0497,251.12,1743.95,14,32,4,18,0.690476,60374.5,210.231,149.709,1.31094,114.188,119.106,103.093,82.7979,44.71025943,54.4928125,13.68565847,16.00071429,68.84050463,84.43111111,0.749208485,4.049868166,0.725
hTME15-1_Str_01_xyz-9030-5144-210,hTME15-1,WT,D1,CPr,64.4853,77.4201,5,70.15,32565.4,111.367,1.04825,165.02,1578.21,14,32,4,18,0.581633,41958.6,147.304,150.68,1.20597,115.639,113.546,84.7364,91.2043,39.06543943,49.3140625,15.75279913,16.47142857,57.197493,74.85833333,0.709290856,3.368664443,0.875
hTME15-1_Str_01_xyz-9312-7899-286,hTME15-1,WT,D1,CPr,90.6699,66.7611,4,106.02,46114.9,116.499,1.05344,179.42,2007.19,12,32,8,20,0.5,57319.5,141.601,149.252,1.13945,104.853,123.895,87.2333,80.2903,50.19774335,62.72,14.32540343,15.3625,71.7211473,91.1345,0.752235945,4.111534131,0.890495868
hTME15-1_Str_02_xyz-10192-7237-253,hTME15-1,WT,D2,CPr,57.1403,63.8604,4,98.13,42495.7,125.724,1.03508,197.421,2032.73,18,40,4,22,0.353704,53980.3,147.01,122.176,1.33333,127.289,124.755,88.0595,88.0785,42.10893955,50.81325,19.36236122,21.36833333,60.71977637,74.90454545,0.745506366,3.976672576,0.802083333
hTME15-1_Str_02_xyz-10312-11462-222,hTME15-1,WT,D2,CPr,69.1804,105.396,2,45.9,8508.24,87.9888,1.0314,135.67,629.055,5,13,3,8,0.4,10594.6,113.146,107.26,1.14973,126.415,106.848,119.404,119.998,40.83285744,48.38384615,11.39708987,11.866,59.23021218,71.2075,0.737321946,3.822965848,0.88
hTME15-1_Str_02_xyz-10352-8494-269,hTME15-1,WT,D1,CPr,91.8476,74.6343,3,138.76,40553.8,108.911,1.03971,157.616,1784.77,12,31,7,19,0.305556,51905.4,138.88,147.556,1.20346,96.663,123.758,96.0354,101.37,45.72135926,57.5683871,19.18025664,21.4375,62.48416091,80.38789474,0.729467029,3.685122601,0.857142857
hTME15-1_Str_02_xyz-10535-8817-344,hTME15-1,WT,D2,CPr,69.7246,76.5869,6,92.8,40110.8,105.008,1.03212,159.32,1984.86,22,48,4,26,0.443182,51416.6,136.689,123.79,1.32315,125.578,118.628,78.6702,82.7452,34.45666415,41.345625,13.84837687,15.06136364,51.89444569,63.58615385,0.72862148,3.670811315,0.905612245
hTME15-1_Str_02_xyz-10627-10402-152,hTME15-1,WT,D1,CPr,60.2753,72.283,3,63.05,20455.5,103.413,1.038,138.38,1184.88,10,24,4,14,0.4,26034.5,126.624,114.93,1.13869,122.107,115.89,94.7241,112.354,41.41410602,49.36458333,13.3060807,13.911,61.49126696,74.68857143,0.808089106,5.64611407,0.9140625
hTME15-1_Str_02_xyz-10695-8026-356,hTME15-1,WT,D1,CPr,76.3896,68.1572,5,69.93,20594.2,123.58,1.06355,128.775,1157.31,13,33,7,20,0.495726,27104.2,152.189,157.535,1.56341,108.382,122.659,75.6341,86.9387,27.90945483,35.06484848,16.27552308,19.24692308,35.47151046,45.3465,0.707420365,3.34176579,0.832644628
hTME15-1_Str_02_xyz-10825-8039-303,hTME15-1,WT,D2,CPr,75.627,68.5652,4,35.32,38750,159.072,1.04027,214.04,1341.26,9,22,4,13,0.277778,49383,219.436,141.5,1.28932,119.585,118.047,70.7018,84.9446,48.93994442,60.96136364,26.93134848,29.34555556,64.17666469,82.84923077,0.727307875,3.64877306,0.871111111
hTME15-1_Str_02_xyz-10932-9636-276,hTME15-1,WT,D2,CPr,80.6607,84.0822,4,87.47,37110,113.681,1.03008,186.54,1559.81,12,29,5,17,0.305556,48582.6,161.573,129.641,1.3483,118.739,112.776,88.6856,93.2044,45.39907105,53.78206897,24.00388254,26.47416667,60.50155705,73.05823529,0.672417611,2.900452582,0.930747922
hTME15-1_Str_02_xyz-2621-5459-167,hTME15-1,WT,D1,CPr,70.2058,55.0207,8,81.96,63580.7,138.939,1.03,211.401,2089.45,19,42,4,23,0.557895,79000.6,194.719,166.59,1.36393,113.144,120.978,109.36,111.198,43.91260739,49.74357143,17.63436878,19.18210526,65.62071754,74.99,0.793412642,5.152962636,0.8416
hTME15-1_Str_02_xyz-2776-9570-73,hTME15-1,WT,D1,CPi,60.6182,54.2939,6,128.78,108957,139.373,1.03647,204.149,3826.43,36,79,7,43,0.516005,133858,178.996,161.657,1.32264,122.554,131.689,79.7134,89.5792,41.3106628,48.43075949,18.17569464,20.03305556,60.67947335,72.2055814,0.785747402,4.925184532,0.819259259
hTME15-1_Str_02_xyz-2794-11158-63,hTME15-1,WT,D2,CPi,77.0339,64.3299,5,112.96,68997,126.641,1.03811,205.77,2725.26,31,66,4,35,0.334793,91486.5,198.532,120.821,1.48217,111.939,127.341,88.1347,97.4416,33.67697732,41.28681818,17.19716611,19.57774194,48.27338154,60.51485714,0.763054348,4.346264577,0.837107378
hTME15-1_Str_02_xyz-3529-9824-72,hTME15-1,WT,D2,CPi,77.5884,59.8743,5,86.72,78054.5,121.386,1.03332,184.31,2931.13,28,62,6,34,0.460714,98603.5,144.424,133.35,1.23242,114.644,127.034,76.3804,68.8723,39.40169581,47.27096774,12.56096977,13.355,61.50582314,75.20176471,0.755778146,4.185845534,0.882716049
hTME15-1_Str_02_xyz-3877-8560-277,hTME15-1,WT,D1,CPr,65.1456,90.0411,3,121.74,45977.7,115.617,1.04245,181.25,1925.74,12,31,7,19,0.416667,58994.9,157.342,130.989,1.13208,117.064,102.941,87.2322,102.648,47.77628342,62.11548387,15.05856673,15.96166667,68.44010449,91.26526316,0.666118438,2.831793018,0.925170068
hTME15-1_Str_02_xyz-4034-10145-241,hTME15-1,WT,D2,CPr,57.3194,71.5305,5,129.44,46890.4,130.917,1.05497,208.251,1789.94,12,27,3,15,0.511905,60645.3,176.153,153.385,1.22123,124.491,119.554,79.5785,73.9309,51.51173278,66.28888889,16.95430271,19.305,79.15767684,103.876,0.741379365,3.897815681,0.871972318
hTME15-1_Str_02_xyz-4465-9469-307,hTME15-1,WT,D1,CPr,51.5183,45.8935,4,84.06,23324,117.003,1.02676,184.381,1601.24,12,31,7,19,0.388889,26784.1,138.048,164.101,1.18388,138.088,136.721,81.3353,106.426,45.02616606,51.64741935,15.34918461,16.06083333,63.76952277,74.12315789,0.831616001,6.639549555,0.786848073
hTME15-1_Str_02_xyz-4574-3573-225,hTME15-1,WT,D2,CPr,81.0571,62.0542,5,94.54,112850,162.358,1.0356,240.671,3457.48,34,72,4,38,0.443137,141194,181.266,152.419,1.29512,109.365,130.183,89.4612,89.9516,40.56522195,48.01569444,14.88910934,15.88411765,63.53858586,76.765,0.756568065,4.202745301,0.838125
hTME15-1_Str_02_xyz-4615-7148-126,hTME15-1,WT,D2,CPr,76.1134,68.7672,9,109.43,94359.6,122.722,1.03027,178.5,3349.61,42,88,4,46,0.325815,123260,182.111,152.808,1.41301,118.507,124.471,84.7748,83.4664,32.43260365,38.05886364,16.3476526,17.62095238,47.1188633,56.71956522,0.714024597,3.438479308,0.666666667
hTME15-1_Str_02_xyz-4665-10966-59,hTME15-1,WT,D2,CPi,61.0612,62.27,7,113.67,46848.9,124.429,1.03455,159.093,2165.67,27,58,4,31,0.304689,60232.1,157.044,137.77,1.38246,118.426,128.33,103.454,105.592,31.77551032,37.33362069,13.50909898,14.66555556,47.68496537,57.07677419,0.730640568,3.705150419,0.719008264
hTME15-1_Str_02_xyz-4720-11716-130,hTME15-1,WT,D1,CPr,57.7858,60.7075,4,145.47,97206.5,139.691,1.03848,205.161,3607.42,27,61,7,34,0.333333,120025,204.621,183.472,1.28145,130.062,133.477,81.8049,95.3049,50.17068837,59.13295082,20.38285603,24.05814815,73.82573171,86.98647059,0.803112404,5.469691607,0.807098765
hTME15-1_Str_02_xyz-4782-10057-167,hTME15-1,WT,D2,CPr,78.4887,65.2778,4,113.91,81992.2,124.256,1.03264,170.27,2734.1,27,60,6,33,0.25679,99164.8,143.243,162.08,1.39441,113.583,125.628,74.1816,78.6027,38.6882833,45.5635,19.60164994,21.55074074,54.30461969,65.21030303,0.76516387,4.394845052,0.819591837
hTME15-1_Str_02_xyz-4855-9725-288,hTME15-1,WT,D2,CPr,67.7573,67.2502,5,133.27,48554,121.6,1.02226,185.266,1859.81,18,40,4,22,0.25,59233.1,160.247,150.107,1.26826,123.787,127.581,103.917,101.039,40.96639967,46.491,18.24219081,19.24666667,59.55893419,68.78181818,0.773511919,4.597003995,0.859375
hTME15-1_Str_02_xyz-4896-2025-217,hTME15-1,WT,D1,CPr,66.3523,44.089,3,80.87,42635.8,171.111,1.04073,267.96,1461.16,7,17,3,10,0.190476,48823,201.145,165.39,1.06742,130.387,144.554,92.8558,88.9599,72.11596002,85.94588235,12.50010182,12.89714286,113.8470608,137.08,0.852385588,7.815252563,0.902777778
hTME15-1_Str_02_xyz-4904-3715-59,hTME15-1,WT,D2,CPi,70.104,73.362,4,108.99,67350.8,148.937,1.04728,204.784,2477.16,18,44,8,26,0.237037,86456.5,193.532,179.195,1.23705,118.006,117.346,84.3026,70.3446,45.37040663,56.29431818,20.3712803,24.56722222,62.67749408,78.25923077,0.751737369,4.10126368,0.792091837
hTME15-1_Str_02_xyz-5071-2296-231,hTME15-1,WT,D1,CPr,73.849,57.1503,3,69.53,64006.2,139.507,1.05442,222.97,1874.68,13,31,5,18,0.410256,76774.4,176.911,141.679,1.24421,114.333,125.308,105.415,95.4035,46.84954274,60.4683871,20.37746006,21.39846154,65.96826911,88.68555556,0.797206746,5.272830485,0.895
hTME15-1_Str_02_xyz-5417-11152-305,hTME15-1,WT,D2,CPr,78.0057,66.6329,5,102,86080.9,138.252,1.02397,180.903,2834.8,29,62,4,33,0.313793,107674,153.939,173.037,1.27741,118.634,127.408,107.965,110.223,40.25251087,45.71741935,14.71131367,15.40137931,62.69780537,72.35878788,0.776260872,4.667258136,0.841632653
hTME15-1_Str_02_xyz-5426-4961-327,hTME15-1,WT,D1,CPr,56.3209,62.7502,7,130.43,101253,145.788,1.03002,213.829,3417.34,29,66,8,37,0.472623,128684,191.844,162.45,1.37976,123.31,124.68,87.802,90.5981,43.82882231,51.77272727,23.49701109,26.74896552,59.76456624,71.38594595,0.759858907,4.274482627,0.831032216
hTME15-1_Str_02_xyz-5948-11585-277,hTME15-1,WT,D1,CPr,83.1801,88.6566,5,71.39,50639,104.003,1.04062,129.025,2094.45,23,51,5,28,0.475362,76237.8,156.743,102.745,1.49476,109.701,103.243,90.3133,89.0183,31.76717485,41.06294118,17.74560805,20.14869565,43.28489044,58.2425,0.587764861,2.166679594,0.838888889
hTME15-1_Str_02_xyz-5958-2889-92,hTME15-1,WT,D2,CPi,78.9351,83.6082,6,132.47,63490.8,162.409,1.04324,241.331,2258.72,16,36,4,20,0.460552,84358.2,199.951,149.579,1.18894,109.098,112.89,83.8169,84.0022,50.21235164,62.73777778,12.48669991,13.498125,80.39287301,102.1295,0.695436031,3.178061541,0.865702479
hTME15-1_Str_02_xyz-6154-3628-249,hTME15-1,WT,D1,CPr,76.3755,76.7963,5,100.8,44993.9,136.548,1.07528,211.82,1742.07,11,26,4,15,0.590909,58742.7,201.091,135.659,1.10321,111.201,110.451,88.6215,85.6767,47.49638491,66.99884615,10.74511184,11.35181818,74.44731849,107.8066667,0.690076839,3.109366114,0.899653979
hTME15-1_Str_02_xyz-6212-3303-124,hTME15-1,WT,D1,CPr,80.5848,70.9819,4,141.65,77527.2,127.684,1.03913,183.168,2810.97,20,48,8,28,0.313333,103857,163.998,167.961,1.18489,111.309,120.875,92.5518,72.91,46.6933037,58.55645833,18.13116818,20.0865,67.09482906,86.035,0.715104538,3.454766568,0.883333333
hTME15-1_Str_02_xyz-6281-9798-280,hTME15-1,WT,D2,CPr,80.1015,69.7233,5,85.21,89071.7,133.486,1.0312,205.26,3065.64,33,70,4,37,0.392123,110395,158.921,154.469,1.38606,114.423,125.205,89.5788,82.9969,37.96975205,43.78942857,17.84354932,19.09636364,55.92014909,65.81297297,0.761530697,4.311770537,0.811965812
hTME15-1_Str_02_xyz-6755-5667-204,hTME15-1,WT,D1,CPr,55.4889,76.9503,3,147.46,79061,139.334,1.05829,201.35,3002.58,17,42,8,25,0.392157,101587,187.54,157.628,1.13908,129.714,123.591,83.9634,94.7626,55.15224765,71.485,16.91120686,18.71235294,81.15615538,107.3704,0.70832415,3.35471507,0.780521262
hTME15-1_Str_02_xyz-7241-3681-356,hTME15-1,WT,D2,CPr,73.2765,67.4103,6,133.74,48666.5,189.791,1.02624,237.58,1457.12,12,27,3,15,0.716667,58174.5,213.718,140.739,1.31944,111.291,128.687,90.4015,84.7236,48.25803427,53.96222222,20.04116486,21.21833333,70.83152979,80.15733333,0.830060188,6.564329652,0.861591696
hTME15-1_Str_02_xyz-7328-2714-159,hTME15-1,WT,D1,CPr,61.0223,62.6396,4,174.42,84195.6,145.493,1.04271,239.56,3446.15,24,57,9,33,0.255556,108342,186.466,153.84,1.30041,124.31,120.216,83.7429,89.6362,50.67381373,60.45385965,27.57943694,32.36416667,67.46972411,80.88272727,0.765233074,4.396455229,0.817959184
hTME15-1_Str_02_xyz-7437-8954-155,hTME15-1,WT,D2,CPr,72.7248,70.1936,6,124.27,67020.5,121.213,1.03319,163.41,3032.05,33,71,5,38,0.364117,92662.4,170.187,165.422,1.47289,114.298,118.273,97.2975,100.275,35.82804707,42.69915493,17.32184255,19.35454545,51.89922469,62.97210526,0.708376751,3.355471462,0.758125
hTME15-1_Str_02_xyz-7650-3647-386,hTME15-1,WT,D2,CPr,86.9917,80.7572,5,122.01,56743.9,128.469,1.03125,174.46,1936.66,18,39,3,21,0.522222,76292.1,193.1,119.617,1.23744,110.633,111.432,75.5912,77.9257,41.89629694,49.65282051,16.49610704,17.465,63.66788828,77.24238095,0.62602487,2.453666237,0.869565217
hTME15-1_Str_02_xyz-7753-7998-189,hTME15-1,WT,D2,CPr,69.2991,65.566,6,78.91,43594.8,123.591,1.04345,115.029,1666.16,16,34,2,18,0.601042,56855.9,147.527,162.72,1.19711,116.061,117.831,92.0219,98.2397,39.26505978,49,10.53730556,11.608125,64.80084131,82.23722222,0.729194474,3.680498655,0.8425
hTME15-1_Str_02_xyz-7977-9012-270,hTME15-1,WT,D2,CPr,71.6638,69.0671,6,119.24,51986.4,146.4,1.03504,199.74,2373.82,20,45,5,25,0.483333,68522.5,181.437,182.451,1.36287,119.263,120.613,93.8952,86.3049,42.83213849,52.74644444,18.91268333,20.9165,61.96770261,78.2104,0.728980564,3.676876864,0.90260631
hTME15-1_Str_02_xyz-8621-5442-110,hTME15-1,WT,D2,CPi,92.229,79.7504,5,103.15,37413.6,123.913,1.03161,105.945,1607.38,18,39,3,21,0.304762,50588.9,149.814,139.28,1.2907,107.471,115.865,96.3742,104.255,34.0268195,41.21,13.87809371,15.425,51.29715589,63.31142857,0.696329849,3.18977918,0.843100189
hTME15-1_Str_02_xyz-8795-9012-198,hTME15-1,WT,D1,CPr,80.525,88.0164,5,101.31,34123.3,167.009,1.05221,164.388,1516.15,11,26,4,15,0.727273,48436.4,228.312,180.59,1.25045,115.288,105.581,108.302,101.513,43.9496362,58.30769231,16.11428931,17.30636364,64.36222393,88.37533333,0.701152,3.254332153,0.743944637
hTME15-1_Str_02_xyz-9176-10393-206,hTME15-1,WT,D2,CPr,70.6001,87.0106,5,111.89,71938.2,130.034,1.03387,176.909,2661.66,29,62,4,33,0.297865,96688.2,156.142,177.82,1.34518,126.711,115.38,88.9416,77.8109,35.60744218,42.92483871,22.51950775,24.8637931,47.10896031,58.79666667,0.675179811,2.931483527,0.718367347
hTME15-1_Str_02_xyz-9385-4908-144,hTME15-1,WT,D1,CPr,74.7868,60.2178,4,128.88,77761.5,158.618,1.03412,213.84,2657.66,15,40,10,25,0.266667,94422.3,212.47,150.71,1.23091,114.54,125.064,80.7242,79.3836,54.30711267,66.4365,30.77659606,34.73733333,68.42542263,85.456,0.771498229,4.546733877,0.834019204
hTME15-1_Str_02_xyz-9386-7209-204,hTME15-1,WT,D2,CPr,74.3928,68.8366,7,111.73,59481.6,131.469,1.0344,140.314,2485.28,24,53,5,29,0.472222,78395.8,161.957,136.055,1.2277,119.956,120.756,86.994,95.8405,39.47351189,46.88660377,12.32563859,13.22458333,61.94071739,74.74482759,0.735457598,3.78942663,0.891779396
hTME15-1_Str_02_xyz-9584-5663-153,hTME15-1,WT,D2,CPr,69.3831,71.9854,5,111.15,42799.5,161.193,1.04001,222.441,2273.82,20,44,4,24,0.425595,57083.9,268.439,125.021,1.3439,118.686,120.289,88.6515,85.8273,40.8202554,51.67318182,19.67597914,21.462,58.44048562,76.84916667,0.711491555,3.400805904,0.763313609
hTME15-1_Str_02_xyz-9839-8602-322,hTME15-1,WT,D2,CPr,69.7208,76.1327,4,100.73,36461.3,118.582,1.03742,156.03,1971.2,17,40,6,23,0.431373,47790,135.185,114.279,1.21574,112.347,117.455,97.0738,94.9329,40.02226707,49.27475,16.1810696,17.8,57.64402173,72.53869565,0.763475632,4.355889335,0.888
hTME15-1_Str_02_xyz-9858-5276-367,hTME15-1,WT,D1,CPr,87.9214,88.1253,3,72.8,31328.6,116.109,1.04247,161.21,1404.1,8,21,5,13,0.375,44064,171.865,104.61,1.09414,118.034,98.409,71.5058,62.1466,49.90943283,66.85714286,17.00838013,18.42875,70.15623448,96.65923077,0.654891185,2.716216059,0.902222222
hTME15-1_Str_02_xyz-9957-10291-219,hTME15-1,WT,D2,CPr,64.1876,64.9159,6,34.76,44800.8,137.02,1.0333,209.86,1541.59,14,32,4,18,0.566327,55654.5,163.598,136.709,1.34559,124.292,123.593,103.722,94.1256,40.43624272,48.1696875,18.22978984,20.66214286,57.70792829,69.56444444,0.777655968,4.703652971,0.84
hTME15-1_Str_03_xyz-10094-8391-366,hTME15-1,WT,D1,CPi,52.6786,61.782,5,126.11,91007,146.536,1.03009,220.709,3030.79,31,67,5,36,0.267169,111573,178.69,197.078,1.40639,133.337,127.261,78.619,76.9055,39.33736402,45.23044776,21.28943275,23.3216129,54.87863817,64.09638889,0.775432154,4.645877135,0.779778393
hTME15-1_Str_03_xyz-10831-1943-356,hTME15-1,WT,D2,CPi,86.5103,60.161,4,147.52,113820,141.166,1.03037,209.668,3893.37,34,77,9,43,0.320028,141907,182.81,172.521,1.375,104.929,127.437,87.9529,98.3357,43.11670935,50.5587013,25.15934684,27.54323529,57.31555412,68.75697674,0.76091368,4.297940929,0.805432099
hTME15-1_Str_03_xyz-10902-5070-279,hTME15-1,WT,D2,CPi,67.9778,69.5644,4,102.54,60745.8,108.933,1.042,157.545,2537.45,25,55,5,30,0.272381,77489.6,139.811,132.497,1.26452,120.103,124.161,86.7448,84.8011,38.32161408,46.13018182,14.20114933,15.2916,58.42200138,71.829,0.752267584,4.112187426,0.859375
hTME15-1_Str_03_xyz-10916-3731-303,hTME15-1,WT,D2,CPi,57.6603,66.8606,4,68.75,31397.6,111.328,1.0305,174.79,2482.56,26,59,7,33,0.375641,39088.1,134.423,139.211,1.33333,129.356,120.78,83.3342,86.4747,35.89143316,42.07186441,16.52939705,17.37230769,51.1463707,61.53212121,0.753843099,4.144955769,0.878367347
hTME15-1_Str_03_xyz-11004-7201-375,hTME15-1,WT,D1,CPi,43.1603,64.4329,5,119.66,54992.4,131.377,1.03262,143.07,2416.48,23,51,5,28,0.398551,69691.5,157.178,159.203,1.26809,138.006,127.584,91.9424,99.7196,40.35125517,47.37705882,14.36894307,15.18826087,61.69386868,73.81785714,0.747561873,4.017018009,0.901111111
hTME15-1_Str_03_xyz-11095-3131-269,hTME15-1,WT,D1,CPi,95.7572,92.0089,6,59.71,66742.9,133.355,1.05534,219.78,2386.54,13,34,8,21,0.525641,91300.1,166.59,131.081,1.14716,98.1228,102.826,94.2782,90.7356,54.65928472,70.18764706,10.26264612,11.37923077,82.14291814,106.5928571,0.743354414,3.935202619,0.918714556
hTME15-1_Str_03_xyz-11849-5361-379,hTME15-1,WT,D2,CPi,77.4649,69.3893,5,95.43,67687.2,123.171,1.02913,188.75,2386.21,25,54,4,29,0.32,83518.7,160.799,140.353,1.24479,113.86,124.192,85.3413,84.2571,37.76041891,44.18407407,13.62413506,14.5924,58.56756015,69.69413793,0.751785712,4.102257516,0.869927159
hTME15-1_Str_03_xyz-1854-10534-165,hTME15-1,WT,D2,CPi,78.0028,80.6527,5,88.45,34247.2,123.772,1.04104,152.17,1592.1,15,35,5,20,0.577778,46584.1,161.068,118.181,1.25688,114.307,113.714,106.139,110.473,36.97581137,45.484,13.03646441,13.98066667,54.9303216,69.1115,0.678029631,2.964112772,0.882231405
hTME15-1_Str_03_xyz-1912-9723-153,hTME15-1,WT,D2,CPi,73.6212,82.784,5,93.37,47246.2,113.48,1.03694,178.57,2031.27,17,40,6,23,0.343137,62754.8,152.58,150.229,1.20848,117.247,108.255,82.6406,94.9714,41.81977288,50.77675,16.86719241,18.29588235,60.26298453,74.78434783,0.709202887,3.367390824,0.7808
hTME15-1_Str_03_xyz-2028-6098-295,hTME15-1,WT,D2,CPi,84.9394,62.6334,3,65.03,25209.3,130.241,1.03062,231.329,933.952,8,18,2,10,0.3125,29449,155.361,124.57,1.22506,105.669,128.058,104.461,70.1535,44.80311646,51.88055556,20.28463582,21.08375,64.41790097,76.518,0.7998204,5.358356948,0.902777778
hTME15-1_Str_03_xyz-2111-3431-282,hTME15-1,WT,D1,CPi,72.2586,74.347,4,40.79,25802.2,143.164,1.03256,192.55,1049.31,10,22,2,12,0.483333,36771.7,167.077,127.14,1.33175,118.869,113.495,108.977,100.816,39.15148036,47.69136364,18.68483268,20.889,56.20702009,70.02666667,0.705398839,3.313119438,0.892857143
hTME15-1_Str_03_xyz-2462-11237-412,hTME15-1,WT,D1,CPi,87.4238,79.3255,6,95.38,54313.4,111.053,1.03407,150.47,2376.42,26,58,6,32,0.531197,70700.6,190.115,133.289,1.34164,103.39,118.708,90.4036,79.1737,34.64203112,40.96775862,15.51624555,17.07653846,50.18173191,60.379375,0.729281244,3.681969613,0.889273356
hTME15-1_Str_03_xyz-2772-6009-270,hTME15-1,WT,D2,CPi,72.4708,63.2908,5,84.65,51544.6,154.234,1.03454,188.609,1992.18,17,37,3,20,0.396078,66754.7,207.104,173.596,1.20801,120.974,123.235,97.4206,106.351,45.03197085,53.83702703,15.94705993,17.03647059,69.75414514,85.1175,0.753191231,4.131341491,0.797520661
hTME15-1_Str_03_xyz-2888-11350-145,hTME15-1,WT,D2,CPi,50.7892,61.4694,4,95.78,56630.5,145.417,1.03133,176.53,2334.34,20,47,7,27,0.300476,69312.2,165.376,137.882,1.28894,129.09,130.673,62.767,64.9825,42.66198716,49.66191489,18.01774762,20.4395,60.91697941,71.30814815,0.785742737,4.925051451,0.879904875
hTME15-1_Str_03_xyz-2996-9874-356,hTME15-1,WT,D1,CPi,53.9394,49.5386,5,132.73,74563.9,150.67,1.02778,224.239,2621.04,22,49,5,27,0.383333,88865,178.005,139.129,1.28611,127.222,136.057,100.205,93.8782,46.25101914,53.48489796,16.58118975,17.875,70.42643568,82.50037037,0.801976728,5.430816743,0.873959572
hTME15-1_Str_03_xyz-3161-6610-239,hTME15-1,WT,D2,CPi,81.1575,91.7959,5,115.59,57470.1,139.205,1.0319,184.601,2398.2,19,44,6,25,0.391228,77908.6,176.711,148.399,1.32823,119.32,111.218,84.5188,87.3912,45.06720435,54.49931818,21.05985136,23.44631579,63.31279262,78.0996,0.635976961,2.539062938,0.672153635
hTME15-1_Str_03_xyz-3352-11083-200,hTME15-1,WT,D2,CPi,70.1469,60.8159,5,80.08,65241.6,130.186,1.03737,177.84,2352.12,23,50,4,27,0.286232,80438.4,151.621,162.849,1.32574,120.218,127.215,85.4114,98.2234,40.09882542,47.0372,19.13848738,20.92565217,57.95392819,69.28037037,0.75503825,4.170125865,0.876337693
hTME15-1_Str_03_xyz-3353-4792-57,hTME15-1,WT,D1,CPi,62.4473,77.0577,5,118.7,48561.6,123.576,1.03674,154.044,2344.43,23,52,6,29,0.414079,66307.1,171.856,181.77,1.37545,123.118,114.338,81.8058,90.1904,37.57708132,45.07961538,17.51179218,20.00782609,53.49093134,64.96413793,0.711934079,3.40733464,0.7710718
hTME15-1_Str_03_xyz-3461-2403-29,hTME15-1,WT,D2,CPi,50.6911,68.6812,4,82.68,65055.8,141.029,1.03005,225.711,2356.17,20,45,5,25,0.41,83636.4,205.344,164.3,1.42349,126.206,121.525,80.5004,77.3952,44.81212995,52.35422222,21.99342973,24.9035,63.06709013,74.3148,0.729187038,3.680372658,0.85733882
hTME15-1_Str_03_xyz-3522-9352-177,hTME15-1,WT,D1,CPi,93.7442,65.6101,7,111.21,98665.5,153.933,1.03086,216.07,3527.63,30,70,10,40,0.49,121761,171.629,149.93,1.27861,96.6689,122.104,86.6954,100.208,42.17692441,50.39028571,16.69096011,17.56,61.29139764,75.013,0.743392191,3.935923952,0.708049887
hTME15-1_Str_03_xyz-3830-11338-342,hTME15-1,WT,D2,CPi,74.0612,75.5807,5,115.83,60335.8,122.14,1.03057,149.389,2576.16,28,61,5,33,0.288095,77529.4,146.802,132.381,1.28065,120.417,119.392,83.3728,83.7647,35.36108522,42.22672131,14.16863656,15.46071429,53.34255682,64.93727273,0.71857384,3.508026417,0.798367347
hTME15-1_Str_03_xyz-4014-6992-342,hTME15-1,WT,D2,CPi,65.194,75.542,4,85.79,72995.9,129.094,1.03064,187.549,2893.44,25,57,7,32,0.42,90779,158.955,143.282,1.20645,128.961,117.658,86.0682,91.4774,43.05241789,50.75649123,13.8626757,14.6296,65.85690397,78.980625,0.755561268,4.181226833,0.888408304
hTME15-1_Str_03_xyz-4091-8580-328,hTME15-1,WT,D1,CPi,67.5882,68.6954,6,117.06,45767.3,134.724,1.05169,182.04,1895.27,19,42,4,23,0.449875,62055.3,214.472,139.08,1.53333,124.876,117.8,84.3937,87.8295,35.95023624,45.12,20.79287395,24.28052632,48.47153552,62.33521739,0.731343951,3.717247521,0.7808
hTME15-1_Str_03_xyz-4154-2919-192,hTME15-1,WT,D1,CPi,70.7191,66.6418,3,128.71,77682.4,150.999,1.03723,199.063,2467.42,15,38,8,23,0.488889,93287.8,180.789,150.497,1.27178,123.33,131.2,100.465,92.3323,53.6614991,64.92710526,29.37285521,32.076,69.50191902,86.35173913,0.767292611,4.444862743,0.9072
hTME15-1_Str_03_xyz-4534-11609-285,hTME15-1,WT,D2,CPi,64.5863,66.4312,6,122.57,65533.9,123.207,1.028,167.24,2598.79,29,61,3,32,0.522406,83734.1,158.716,154.369,1.35213,123.977,125.736,102.179,92.828,37.15616199,42.59819672,17.05367791,18.06137931,55.37403818,64.8346875,0.727210904,3.647155517,0.807093426
hTME15-1_Str_03_xyz-4635-10510-159,hTME15-1,WT,D1,CPi,64.2597,65.0981,5,140.25,68284.8,117.287,1.04053,159.492,3144.5,32,71,7,39,0.369792,91367.2,157.971,143.318,1.3543,123.572,121.255,84.5505,95.573,37.15767331,44.28394366,18.80430355,21.22375,52.2168485,63.20512821,0.725048602,3.611414987,0.765615705
hTME15-1_Str_03_xyz-4840-7721-322,hTME15-1,WT,D2,CPi,51.712,65.7086,6,76.25,54209,126.467,1.03455,187.704,2119.08,21,46,4,25,0.481633,68332.1,158.223,163.674,1.41304,126.251,119.585,103.738,104.563,38.63341419,46.0623913,16.53488972,17.78285714,57.19617474,69.8172,0.728957702,3.676490167,0.806584362
hTME15-1_Str_03_xyz-5074-7627-197,hTME15-1,WT,D2,CPi,86.164,83.3944,7,112.13,77770.8,126.418,1.03146,162.27,3323.04,33,74,8,41,0.430063,103498,163.193,110.531,1.2577,103.451,113.512,89.1815,91.0911,38.04528837,44.90108108,14.22044889,15.48939394,57.22137869,68.57390244,0.705392057,3.313024061,0.747431044
hTME15-1_Str_03_xyz-5098-9375-106,hTME15-1,WT,D1,CPi,68.8061,70.8016,6,130.18,55775.9,121.26,1.03469,192.31,2778.02,31,66,4,35,0.447389,77336.1,158.123,137.45,1.28514,109.993,117.322,84.332,85.7694,35.70183067,42.08621212,11.42092087,12.80806452,57.20777935,68.01828571,0.733882072,3.761489508,0.76771366
hTME15-1_Str_03_xyz-5273-11861-367,hTME15-1,WT,D1,CPi,62.3993,67.7749,3,88.7,33765.5,138.421,1.03201,149.419,1501.62,11,30,8,19,0.393939,40249.5,156.095,180.307,1.24092,120.817,126.447,90.1736,98.4264,42.72241146,50.04933333,18.92088624,20.52090909,56.50224185,67.14473684,0.766574417,4.427874287,0.784580499
hTME15-1_Str_03_xyz-5336-7137-310,hTME15-1,WT,D2,CPi,77.8516,67.0586,5,113.93,86981.1,125.752,1.04642,169.161,3335.01,31,71,9,40,0.327547,114989,166.895,165.091,1.30136,108.35,120.179,86.7151,94.728,37.58119082,46.96690141,16.52696996,18.70354839,53.89821198,68.871,0.677043153,2.952746347,0.683106576
hTME15-1_Str_03_xyz-5685-1607-92,hTME15-1,WT,D2,CPi,66.663,65.7884,5,108.83,68157.9,162.897,1.02983,232.93,2364.98,20,44,4,24,0.395833,82854.1,182.049,173.511,1.32131,118.2,129.192,100.193,95.6918,47.5040452,53.74409091,21.06146105,22.788,69.53953199,79.54083333,0.787524753,4.97636958,0.852071006
hTME15-1_Str_03_xyz-5804-5445-338,hTME15-1,WT,D2,CPi,53.6281,64.4874,5,93.05,18899.9,118.823,1.02216,175.358,2507.62,27,59,5,32,0.404602,23488.6,137.887,156.372,1.2866,133.502,123.467,98.5449,97.6612,38.52866609,42.49711864,12.11205331,12.28888889,60.81768313,67.9853125,0.75565817,4.183289364,0.808823529
hTME15-1_Str_03_xyz-5950-8639-344,hTME15-1,WT,D1,CPi,94.1994,67.7375,7,109.39,56993.6,115.916,1.02917,194.87,2757.44,27,61,7,34,0.50632,85991.4,246.668,129.251,1.3843,93.2932,113.867,77.9494,78.9848,39.06552981,45.19901639,18.16786729,19.43,55.66073239,65.66264706,0.768722959,4.479046828,0.898148148
hTME15-1_Str_03_xyz-5972-10393-176,hTME15-1,WT,D2,CPi,66.6909,78.8232,5,131.91,91716.9,122.747,1.0349,190.72,3422.27,32,71,7,39,0.498437,119341,174.768,163.531,1.29041,122.383,118.073,99.7568,100.223,41.2550428,48.19619718,17.05271669,18.820625,61.11336166,72.29923077,0.734030833,3.764111629,0.787031529
hTME15-1_Str_03_xyz-6060-11566-358,hTME15-1,WT,D1,CPi,75.7916,68.8625,6,118.2,97957.8,143.134,1.03259,222.531,3301.7,32,68,4,36,0.50393,123412,178.054,180.328,1.23471,113.683,122.433,89.2548,77.5078,41.76892774,48.54941176,12.09228866,13.28875,68.14816249,79.89222222,0.748925674,4.044191981,0.826869806
hTME15-1_Str_03_xyz-6315-4317-311,hTME15-1,WT,D2,CPi,68.6262,70.4374,7,144.34,78473.6,118.834,1.03702,177.67,3307.11,36,78,6,42,0.507407,105801,206.611,135.518,1.42465,118.8,116.844,96.2669,90.5189,35.26581371,42.39358974,19.21262919,21.28611111,49.02568616,60.48571429,0.739232189,3.857883232,0.756198347
hTME15-1_Str_03_xyz-7042-11983-153,hTME15-1,WT,D1,CPi,73.3646,72.0657,4,79.35,80050.2,125.727,1.03262,174.87,3358.28,29,70,12,41,0.251724,100639,153.858,141.389,1.26218,114.668,121.061,90.9053,91.6639,40.59095483,47.97028571,19.19234526,20.64137931,55.72655673,67.3004878,0.748725533,4.040183622,0.87236344
hTME15-1_Str_03_xyz-7124-9192-110,hTME15-1,WT,D1,CPi,79.1719,64.191,5,133.41,99462.6,138.129,1.0264,194.341,3374.08,40,85,5,45,0.357708,122768,168.986,170.951,1.36927,112.938,126.635,99.954,98.6945,35.37756911,39.68988235,19.81287251,21.256,49.21285497,56.07555556,0.767740081,4.455506509,0.744680851
hTME15-1_Str_03_xyz-7244-3805-307,hTME15-1,WT,D1,CPi,59.4873,56.9261,4,102.98,15509.9,118.037,1.03183,166.211,2066.28,21,49,7,28,0.385488,18781.3,159.041,134.539,1.34109,129.697,131.109,81.6413,69.5647,36.82740363,42.16387755,20.47492864,21.79666667,49.09175988,57.43928571,0.790181883,5.054695947,0.885555556
hTME15-1_Str_03_xyz-7324-1829-312,hTME15-1,WT,D1,CPi,89.9114,61.9677,6,151.43,77210,128.69,1.03264,184.8,2536.79,23,52,6,29,0.203344,101757,184.716,130.328,1.3641,99.4431,127.298,84.8766,94.6632,41.14029441,48.77942308,26.24444763,29.51043478,52.95424185,64.06172414,0.73149393,3.719836029,0.872008325
hTME15-1_Str_03_xyz-7769-11238-194,hTME15-1,WT,D1,CPi,62.1151,63.7771,3,137.92,48339.8,138.121,1.033,177.839,2077.69,16,38,6,22,0.3125,58881.6,170.407,188.799,1.31092,122.778,123.922,108.989,99.7869,47.6091786,54.67157895,26.54054216,29.57,62.93182329,72.92727273,0.782725542,4.840298813,0.916666667
hTME15-1_Str_03_xyz-7820-1746-72,hTME15-1,WT,D2,CPi,90.1203,72.2576,6,94.1,40318.9,138.652,1.03711,173.483,2221.47,19,42,4,23,0.524311,56085.1,189.596,152.968,1.25515,103.698,120.448,84.0015,90.3402,44.88081849,52.88714286,17.51814924,18.63947368,67.48476265,81.17869565,0.745802698,3.982444265,0.888
hTME15-1_Str_03_xyz-7857-9793-176,hTME15-1,WT,D2,CPi,90.5408,62.4516,5,139.2,88723.4,133.345,1.02535,173.941,3130.59,32,72,8,40,0.445313,111853,149.507,151.91,1.36402,101.255,123.481,93.1325,81.8894,38.33028537,43.47527778,18.70550049,20.74875,54.03011328,61.6565,0.783781275,4.869654493,0.712018141
hTME15-1_Str_03_xyz-8934-5898-95,hTME15-1,WT,D1,CPi,86.4668,67.1521,6,134.16,95376.1,160.867,1.0246,169.475,3261.21,37,77,3,40,0.370267,117756,180.712,160.594,1.293,103.287,127.769,99.0918,97.9806,37.73217154,42.34831169,14.33602194,15.28810811,59.37360992,67.379,0.783851577,4.87162065,0.798185941
hTME15-1_Str_03_xyz-9106-4371-354,hTME15-1,WT,D2,CPi,45.482,75.7438,7,98.6,70163.7,150.811,1.03639,220.74,2391.57,23,50,4,27,0.53585,93034.8,210.84,180.891,1.3378,137.046,124.085,78.5442,79.077,38.65647516,47.8264,11.91803001,12.98478261,61.43366918,77.5062963,0.673210448,2.90930044,0.747919144
hTME15-1_Str_03_xyz-9141-8693-265,hTME15-1,WT,D2,CPi,79.0986,65.9689,4,112.57,70762.9,127.481,1.02925,176.248,2664.61,22,53,9,31,0.439394,86023.5,161.077,143.851,1.2046,108.867,131.25,90.7205,80.5381,42.97206001,50.2709434,18.08776798,19.19909091,60.63188017,72.32193548,0.785424229,4.915979131,0.898989899
hTME15-1_Str_03_xyz-9344-2640-380,hTME15-1,WT,D1,CPi,87.1207,62.2952,4,81.09,61190.4,134.108,1.02857,202.59,1960.08,21,46,4,25,0.403628,76613.9,167.351,122.669,1.28691,96.2185,118.334,80.1502,81.9399,36.68150353,42.60543478,18.12062257,19.4647619,52.27264354,62.0436,0.751734431,4.101203289,0.806584362
hTME15-1_Str_03_xyz-9428-8820-169,hTME15-1,WT,D1,CPi,56.9099,62.7735,6,135.22,98618.2,130.244,1.03099,184.39,3638.53,35,75,5,40,0.408571,125703,216.419,185.209,1.39291,121.289,124.159,107.751,103.215,41.57223815,48.50853333,19.38713804,21.974,60.98420075,71.72625,0.765655451,4.406305642,0.85600907
hTME15-1_Str_03_xyz-9524-11374-368,hTME15-1,WT,D2,CPi,55.0082,55.6219,5,99.68,47332.4,115.35,1.03991,166.184,1961.14,14,37,9,23,0.392857,60889.3,156.586,131.273,1.30625,127.925,121.284,95.6632,97.3212,42.37888568,52.99810811,27.81308799,30.66571429,51.24502341,66.59173913,0.743375205,3.935599594,0.8144
hTME15-1_Str_03_xyz-9920-9584-234,hTME15-1,WT,D1,CPi,67.5857,65.6402,4,148.02,82207.5,132.221,1.02793,180.491,3040.83,21,53,11,32,0.436508,98548.6,163.844,180.929,1.23899,120.876,127.46,96.9333,84.3723,49.73601841,57.3690566,24.2008642,26.15380952,66.49346337,77.8540625,0.785175862,4.908925512,0.87283737
hTME15-1_Str_04_xyz-10200-3362-304,hTME15-1,WT,D1,CPi,76.753,71.7485,4,128.64,74905,132.432,1.0335,179.243,2538.19,27,60,6,33,0.333951,96245.5,168.671,115.454,1.38231,120.922,123.153,96.7859,101.009,35.65950536,42.29783333,18.85908386,20.95814815,49.40530477,59.75757576,0.734012064,3.763780606,0.74122449
hTME15-1_Str_04_xyz-10558-7843-116,hTME15-1,WT,D1,CPi,60.9871,74.2381,5,152.74,82047.1,127.16,1.03771,167.909,3423.01,34,74,6,40,0.426587,105413,158.045,158.51,1.33872,124.58,120.056,91.6625,91.7828,38.48447594,46.25175676,14.53831852,15.89176471,58.83870974,72.05775,0.733892888,3.761680039,0.856575964
hTME15-1_Str_04_xyz-11284-8813-311,hTME15-1,WT,D1,CPi,79.1052,61.187,5,93.65,76234.6,133.133,1.03749,205.999,2658.58,21,48,6,27,0.356009,95224.1,183.299,175.443,1.21977,115.593,131.634,87.598,88.3197,45.67508576,55.38166667,16.44625494,18.33714286,68.40862085,84.19407407,0.773796455,4.604187614,0.85255648
hTME15-1_Str_04_xyz-11293-11003-302,hTME15-1,WT,D2,CPc,72.9181,67.5888,5,31.61,49670.7,133.912,1.05676,218.5,1869.21,17,37,3,20,0.421569,63015.1,150.243,105.28,1.21916,120.945,123.699,96.8239,82.8878,40.08896124,50.51405405,11.90824865,13.28764706,64.04256694,82.1565,0.766429988,4.424471936,0.803719008
hTME15-1_Str_04_xyz-2077-9140-148,hTME15-1,WT,D2,CPi,43.258,54.4125,4,88.9,47526,169.687,1.03307,211.968,1629.99,14,31,3,17,0.371429,57339.3,237.414,181.828,1.19309,138.585,131.136,88.8138,85.6709,45.21508494,52.57483871,18.5796491,19.60285714,67.15014976,79.72823529,0.803904558,5.497105089,0.864265928
hTME15-1_Str_04_xyz-2186-9978-96,hTME15-1,WT,D1,CPi,61.4467,75.7493,4,101.99,40832.5,147.595,1.03558,232.5,1665.05,14,32,4,18,0.459184,49826.9,178.012,121.399,1.2508,120.894,118.29,92.8454,88.7115,43.35034412,52.0271875,16.7610034,17.85214286,64.03094245,78.60777778,0.732617265,3.739326198,0.92
hTME15-1_Str_04_xyz-3172-11830-233,hTME15-1,WT,D2,CPi,66.251,63.0977,5,131.62,59787.2,123.867,1.03254,157.67,2358.4,20,47,7,27,0.438095,74122.9,148.17,142.45,1.19862,120.492,123.405,107.819,90.3582,41.56223658,50.17404255,15.65571409,16.691,60.75225324,74.9762963,0.756234706,4.195598465,0.856123662
hTME15-1_Str_04_xyz-3239-12059-367,hTME15-1,WT,D1,CPi,77.1362,82.5655,4,80.16,27751.5,122.129,1.03633,155.897,1173.68,11,25,3,14,0.590909,35866.4,160.663,143.11,1.18051,110.153,107.856,90.0422,96.074,38.13447513,46.9432,14.98443637,15.27,56.32379131,71.82928571,0.684457844,3.040097878,0.890625
hTME15-1_Str_04_xyz-3301-13465-249,hTME15-1,WT,D2,CPi,50.72,60.0634,5,139.15,53796.4,109.267,1.05203,165.341,2567.17,22,51,7,29,0.362771,67391.1,156.234,141.681,1.23013,135.772,129.421,96.3922,98.7491,39.75463611,50.33196078,15.76311842,17.26772727,57.9550978,75.41517241,0.760107512,4.279990978,0.869927159
hTME15-1_Str_04_xyz-3475-10530-251,hTME15-1,WT,D1,CPi,70.7745,75.7175,6,93.74,77483.8,146.375,1.03525,206.009,2944.98,32,70,6,38,0.526488,99738.1,170.406,140.593,1.41266,110.823,115.488,84.6449,91.9409,36.28523063,42.06642857,18.32486916,20.3065625,51.40974555,60.39052632,0.72584613,3.624524532,0.758125
hTME15-1_Str_04_xyz-5066-4457-135,hTME15-1,WT,D1,CPi,59.7976,63.2058,5,74.63,38152,183.986,1.02906,236.542,2127.24,19,42,4,23,0.414035,45540.8,232.852,202.259,1.37451,122.517,125.228,82.272,88.0801,44.66854059,50.64309524,21.516514,23.21947368,63.79412777,73.2973913,0.816592208,5.972381677,0.8688
hTME15-1_Str_04_xyz-5375-14388-366,hTME15-1,WT,D1,CPc,70.0429,70.6215,3,89.3,21356,95.8463,1.04646,146.791,1219.13,12,29,5,17,0.166667,28774,125.452,125.588,1.2638,115.37,122.922,86.7495,92.262,33.93354433,42.03344828,16.64912662,20.90583333,46.13430978,56.94705882,0.722231936,3.565782411,0.911357341
hTME15-1_Str_04_xyz-5566-10039-333,hTME15-1,WT,D1,CPi,84.6333,64.5902,8,109.47,74474.9,151.906,1.03852,235.94,2267.08,27,58,4,31,0.583729,92013.6,185.183,129.762,1.61802,105.49,126.229,81.8568,77.3633,32.48559681,39.08275862,17.86758189,19.04333333,45.21741626,56.53645161,0.740564007,3.882565495,0.767676768
hTME15-1_Str_04_xyz-5878-6278-162,hTME15-1,WT,D2,CPi,82.3371,60.4499,5,119.91,94997.8,157.488,1.02643,189.349,3287.41,33,70,4,37,0.454323,115182,179.301,178.129,1.21877,112.225,129.336,87.9797,81.4334,41.41322472,46.95828571,12.44252371,13.01575758,67.25195806,77.23135135,0.790611947,5.067581779,0.789612097
hTME15-1_Str_04_xyz-6103-4255-58,hTME15-1,WT,D1,CPi,64.3719,63.2535,6,101.29,108210,165.606,1.03648,234.196,3493.83,31,68,6,37,0.398677,136516,209.328,199.617,1.22773,113.096,122.327,97.2731,91.9996,43.57913874,51.37485294,17.62092023,19.30677419,65.32791641,78.2427027,0.771327701,4.542522045,0.813280736
hTME15-1_Str_04_xyz-6543-7773-254,hTME15-1,WT,D1,CPi,55.2823,67.8043,4,107.51,40090.9,105.56,1.03076,161.197,2022.73,17,42,8,25,0.235294,51188.2,128.628,129.455,1.24055,130.888,120.512,68.7808,84.1819,40.59062138,48.1552381,15.98924441,17.39823529,57.31955772,69.07,0.750131336,4.068489679,0.77914952
hTME15-1_Str_04_xyz-6555-8254-145,hTME15-1,WT,D1,CPi,78.3433,59.3068,4,169.08,149661,132.219,1.03732,185.692,5168.81,38,87,11,49,0.379198,180957,163.31,187.11,1.23012,111.08,130.625,89.5922,97.6098,50.28340306,59.40655172,19.77827983,21.31605263,73.94043739,88.94612245,0.77720375,4.691800027,0.765474817
hTME15-1_Str_04_xyz-6713-9150-215,hTME15-1,WT,D2,CPi,70.0697,78.2529,4,53.51,24791.1,81.6875,1.04119,114.76,1394.9,16,37,5,21,0.46875,33517.8,122.188,81.8002,1.34074,113.808,109.353,83.7614,84.1885,31.54377981,37.69513514,16.73344448,18.408125,42.82784483,52.39,0.633400602,2.516471878,0.814744802
hTME15-1_Str_04_xyz-6976-12845-157,hTME15-1,WT,D2,CPi,57.4449,59.0929,8,113.61,70827.4,122.294,1.03677,178.419,2982.33,35,78,8,43,0.4563,90499.3,166.682,139.058,1.43536,126.019,129.088,97.628,98.6749,31.72589507,38.23051282,13.32552527,14.64942857,46.70294025,57.4244186,0.740772579,3.886456434,0.701234568
hTME15-1_Str_04_xyz-7126-13382-374,hTME15-1,WT,D1,CPc,73.4748,72.9873,9,79.79,92192,155.584,1.03773,197.7,3275.63,43,90,4,47,0.50108,143811,214.896,181.951,1.77571,116.537,115.451,81.8426,90.8701,30.65512199,36.391,14.64292877,16.33465116,45.30457537,54.74042553,0.770674282,4.526447944,0.661391087
hTME15-1_Str_04_xyz-7158-5725-82,hTME15-1,WT,D1,CPi,63.7857,60.2449,4,155.8,91907.5,143.927,1.04393,204.878,2990.88,22,52,8,30,0.340909,112837,180.263,191.221,1.30016,125.401,124.076,91.4892,98.0793,47.17678394,57.51211538,26.54915854,29.02409091,62.30370924,78.40333333,0.737463177,3.825528107,0.731445313
hTME15-1_Str_04_xyz-7260-7859-296,hTME15-1,WT,D1,CPi,82.3211,66.9588,6,121.57,126609,123.303,1.02738,179.459,4379.18,47,103,9,56,0.363374,153374,149.629,150.68,1.298,111.016,126.508,85.7268,89.6312,37.0468745,42.51106796,16.19008524,17.06829787,54.55167977,63.86482143,0.775737103,4.653724385,0.854042806
hTME15-1_Str_04_xyz-7350-14410-242,hTME15-1,WT,D2,CPi,58.7075,74.1838,6,105.93,50110.5,112.097,1.04171,156.203,2284.37,24,52,4,28,0.383433,70228.7,176.357,150.191,1.38435,120.884,117.102,106.351,79.6966,35.32412528,43.925,15.03619289,16.7425,52.71378161,67.22428571,0.726339237,3.63267247,0.88
hTME15-1_Str_04_xyz-7384-7366-110,hTME15-1,WT,D1,CPi,60.0991,86.2657,8,133.97,110752,127.511,1.05274,182.911,4443.88,40,83,3,43,0.436932,165177,195.702,182.061,1.44645,119.096,100.535,79.8961,85.4019,40.59253285,53.53566265,17.11933737,20.775,62.42806353,84.01069767,0.645816098,2.628639735,0.724938272
hTME15-1_Str_04_xyz-7421-12359-327,hTME15-1,WT,D2,CPc,69.7969,64.6087,4,56.54,78722,136.861,1.02371,195.53,2603.35,22,51,7,29,0.421212,97344.6,155.013,167.883,1.3308,124.92,127.064,81.141,87.8432,44.96774449,51.04058824,19.30819081,21.14,64.4336128,73.7237931,0.80827898,5.653047654,0.824141519
hTME15-1_Str_04_xyz-8469-14164-329,hTME15-1,WT,D1,CPc,81.1999,69.0769,7,136.94,86223.1,118.592,1.02932,187.34,3331.43,34,73,5,39,0.413116,106573,173.639,152.878,1.25279,108.433,127.818,87.7883,80.6563,39.86477489,45.63109589,14.07983689,14.96941176,62.34395161,72.36179487,0.782363809,4.830313468,0.90779298
hTME15-1_Str_04_xyz-8584-8935-294,hTME15-1,WT,D1,CPi,57.311,75.4011,7,146.89,86196.3,125.898,1.03031,182.742,3495.79,40,86,6,46,0.327674,113674,146.004,135.878,1.4349,122.51,117.97,98.463,89.7383,35.19537311,40.64406977,16.7243274,18.284,51.25715199,60.0876087,0.743640114,3.940663798,0.841579861
hTME15-1_Str_04_xyz-8739-2724-87,hTME15-1,WT,D2,CPi,82.5881,55.0151,3,38.01,21102.2,147.451,1.05479,238.94,1076.19,7,18,4,11,0.0714286,26663.6,183.338,134.63,1.24545,109.283,125.606,65.0709,90.7027,48.15451727,59.78277778,24.19921075,27.11857143,63.39880323,80.56909091,0.767014187,4.43826294,0.911242604
hTME15-1_Str_04_xyz-8782-9512-77,hTME15-1,WT,D2,CPi,85.44,67.4515,4,111.45,88602.7,118.954,1.03173,182.09,3087.49,30,69,9,39,0.393333,110367,148.668,144.65,1.34959,101.73,121.967,90.3434,79.5124,37.88347786,44.74130435,21.16067149,23.77066667,50.74717507,60.8725641,0.760686112,4.292860321,0.848304581
hTME15-1_Str_04_xyz-8971-7728-249,hTME15-1,WT,D1,CPi,80.1211,61.6903,8,102.88,148139,142.547,1.02465,222.93,4480.54,44,93,5,49,0.438192,180831,179.476,170.75,1.29949,108.33,125.867,91.243,83.6134,42.3134171,48.17311828,16.87827323,18.16,65.15313813,75.12367347,0.798440026,5.312878792,0.781622453
hTME15-1_Str_04_xyz-9172-9973-299,hTME15-1,WT,D2,CPi,71.6381,61.9556,7,66.4,32935.6,126.544,1.04695,145.722,1693.61,14,33,5,19,0.633333,45698.3,169.58,154.665,1.25888,112.98,111.253,89.8153,87.3225,40.49945524,51.31575758,12.68434059,15.30928571,60.99480287,77.84684211,0.739866393,3.869601791,0.882086168
hTME15-1_Str_04_xyz-9282-5925-56,hTME15-1,WT,D1,CPi,69.6002,72.5308,6,130.74,52323.2,130.604,1.03995,161.79,2909.27,28,61,5,33,0.331548,67623.4,171.427,166.95,1.26024,116.457,115.286,91.2155,83.9923,40.85359615,47.68803279,14.10015437,15.42357143,63.55348615,75.06393939,0.782094801,4.822911657,0.8
hTME15-1_Str_04_xyz-9338-7591-191,hTME15-1,WT,D2,CPi,67.9733,92.6519,3,60,44113.2,111.548,1.04765,171.13,1935.83,17,41,7,24,0.401961,58422.4,169.474,121.31,1.35316,119.982,107.394,93.6149,84.2389,37.55743085,47.2102439,24.11643275,26.81,47.07813785,61.66041667,0.657045815,2.737754165,0.825443787
hTME15-1_Str_04_xyz-9820-9356-333,hTME15-1,WT,D1,CPc,80.0751,55.7321,5,130.17,117351,127.095,1.04174,179.333,3943.46,38,83,7,45,0.359104,141545,174.009,146.764,1.27842,113.919,132.75,82.6498,74.8186,38.99524736,47.50674699,17.92512146,19.12078947,56.78779812,71.47711111,0.794663495,5.191935377,0.763693979
hTME15-1_Str_04_xyz-9836-11013-338,hTME15-1,WT,D2,CPc,67.0447,73.7207,7,108.24,72860.5,117.031,1.02952,172.43,3031.04,40,83,3,43,0.281409,111260,175.314,136.371,1.64646,118.3,117.502,96.7436,75.7507,31.69766344,36.51361446,15.12646493,16.517,47.11273182,55.11511628,0.74027764,3.877234612,0.855308642
hTME15-1_Str_04_xyz-9884-7598-345,hTME15-1,WT,D2,CPi,79.7139,68.1217,11,118.07,72647.9,128.683,1.02931,192.16,2945.51,37,77,3,40,0.510131,101939,156.564,134.408,1.53828,107.261,114.502,94.1932,96.0586,32.95699013,38.24831169,14.87322434,16.77756757,49.68447348,58.10875,0.762645778,4.336966574,0.853174603
hTME15-1_Str_04_xyz-9909-5671-62,hTME15-1,WT,D2,CPi,87.1135,61.7096,4,118.95,96729.9,120.059,1.03755,174.554,3436.53,32,72,8,40,0.376563,121135,153.229,164.405,1.25031,104.137,130.822,78.3178,80.611,40.36518828,47.72444444,16.19113258,17.78375,59.70443284,71.677,0.781405743,4.804044645,0.870748299
hTME15-1_Str_05_xyz-10290-7207-349,hTME15-1,WT,D2,CPc,62.9802,78.182,5,107.57,66935.2,127.705,1.03936,168.789,2879.12,31,67,5,36,0.310343,84006.4,152.655,145.308,1.22903,124.814,118.578,86.0684,88.9366,36.19570472,42.96656716,11.02051781,11.64096774,57.87433789,69.94138889,0.750205006,4.069982791,0.843490305
hTME15-1_Str_05_xyz-3150-10582-210,hTME15-1,WT,D2,CPc,64.201,73.123,7,41.04,39823.4,119.767,1.03323,181.7,1605.46,17,36,2,19,0.4541,53423,147.646,147.27,1.32622,111.152,116.127,105.671,87.9739,38.70305191,44.59083333,14.49175419,15.83941176,60.36579197,70.31578947,0.770498946,4.522152014,0.850340136
hTME15-1_Str_05_xyz-3350-11541-116,hTME15-1,WT,D2,CPc,68.1275,66.5926,7,61.04,29847.4,127.613,1.0358,166.78,1758.82,19,41,3,22,0.568421,40803,167.294,116.84,1.31855,111.746,113.759,86.4924,88.0355,37.15717593,42.89365854,11.99137929,12.58157895,58.89127303,69.07227273,0.743332007,3.934774884,0.854166667
hTME15-1_Str_05_xyz-3571-8378-166,hTME15-1,WT,D2,CPc,58.6446,52.1951,4,63.34,30247.9,147.953,1.02413,208.78,1850.06,14,35,7,21,0.52381,34639.9,166.072,92.4402,1.25758,129.401,136.001,86.1273,86.2277,47.30761261,52.85342857,17.68402417,18.56,67.05667157,75.71571429,0.844824606,7.346496967,0.748582231
hTME15-1_Str_05_xyz-3611-9401-189,hTME15-1,WT,D1,CPc,72.2288,64.0175,6,91.14,68596.9,125.009,1.03031,202.44,2643.41,26,58,6,32,0.425855,82595.8,140.9,133.13,1.21785,119.029,126.356,74.3908,80.6089,40.01727335,45.57068966,13.49894414,14.08461538,61.56341583,71.153125,0.794473225,5.185973036,0.812283737
hTME15-1_Str_05_xyz-3961-9728-254,hTME15-1,WT,D1,CPc,60.084,65.8927,4,44.01,21159.9,119.692,1.02215,157.538,1650.91,18,40,4,22,0.381481,26544.9,141.669,134.32,1.33671,130.358,123.566,77.3296,81.4453,36.77567527,41.26875,15.33470176,16.50888889,54.31828996,61.52681818,0.803338009,5.477473876,0.901041667
hTME15-1_Str_05_xyz-4448-9413-313,hTME15-1,WT,D2,CPc,65.1259,41.4445,2,32.59,44653.4,136.731,1.02657,224.74,1611.13,7,22,8,15,0.142857,51822.2,154.755,77.969,1.10938,117.746,141.889,67.0133,63.967,63.36526453,73.22772727,20.07933947,21.95285714,83.56536289,97.156,0.863239554,8.590252083,0.865051903
hTME15-1_Str_05_xyz-4597-9402-171,hTME15-1,WT,D2,CPc,54.146,59.2186,6,74.27,44418.8,118.04,1.02778,188.96,2223.57,26,56,4,30,0.425214,53324.1,142.454,170.282,1.35782,131.203,130.144,80.2799,85.1717,34.554921,39.70214286,13.85703613,14.65307692,52.49308788,61.41133333,0.784006357,4.875954476,0.759765625
hTME15-1_Str_05_xyz-4599-12360-108,hTME15-1,WT,D2,CPc,60.938,72.9045,5,121.34,62330.6,125.566,1.04123,159.147,2716.09,24,54,6,30,0.434193,82039.5,186.149,168.38,1.25905,121.718,122.026,86.589,88.6419,41.12956875,50.29296296,17.33822705,18.87333333,60.16264211,75.42866667,0.733922153,3.762195656,0.87109375
hTME15-1_Str_05_xyz-4682-10507-315,hTME15-1,WT,D1,CPc,58.001,57.4607,5,93.06,32346.5,124.938,1.0277,202.199,2356.57,25,55,5,30,0.373351,40055.2,169.803,153.091,1.32613,128.106,127.362,86.5986,91.6002,37.09350987,42.842,12.77405138,13.8932,57.35972528,66.966,0.768543602,4.47473454,0.85546875
hTME15-1_Str_05_xyz-4763-11202-343,hTME15-1,WT,D1,CPc,75.0666,66.4315,4,118.49,55461,111.506,1.03561,161.08,2579.12,26,61,9,35,0.271062,68378.5,137.132,139.49,1.28075,113.105,127.005,87.7865,84.5744,36.08089839,42.27606557,16.94400356,18.16307692,50.2968774,60.18857143,0.766058927,4.41575221,0.794010226
hTME15-1_Str_05_xyz-5651-10864-198,hTME15-1,WT,D1,CPc,82.6419,61.6267,6,99.35,86991.6,122.739,1.02339,175.96,3244.26,36,78,6,42,0.523545,103885,141.88,157.784,1.26163,107.372,125.008,100.275,99.0794,37.11668513,41.58846154,13.59563243,14.28888889,57.27758744,64.98809524,0.81154526,5.774765833,0.732954545
hTME15-1_Str_05_xyz-6645-9686-328,hTME15-1,WT,D2,CPc,69.9898,63.2529,6,65.07,51126.8,110.385,1.04429,174.331,2094.12,25,55,5,30,0.45902,63970,148.948,121.228,1.44054,115.048,125.328,85.6921,96.1255,31.22562187,38.07,11.60595347,12.7972,47.57534554,59.13066667,0.753580742,4.139466814,0.859375
hTME15-1_Str_05_xyz-6742-2478-82,hTME15-1,WT,D2,CPc,82.5576,72.2412,4,91.11,44038.4,172.067,1.05336,169.51,1604.39,9,22,4,13,0.388889,59511.5,218.816,138.355,1.13758,123.773,117.31,101.553,101.983,54.85388654,72.92136364,15.07792574,17.27,82.39109017,111.4492308,0.6805046,2.992969984,0.902222222
hTME15-1_Str_05_xyz-7130-9776-172,hTME15-1,WT,D2,CPc,91.838,74.1049,7,113.54,95495.4,121.231,1.02732,167.169,3715.61,43,91,5,48,0.460474,121396,151.021,170.41,1.34365,98.7891,120.534,88.6367,86.7763,35.62995609,40.8256044,16.4010319,17.59116279,52.85586735,61.63979167,0.769513187,4.498135221,0.7544
hTME15-1_Str_05_xyz-7427-5184-300,hTME15-1,WT,D2,CPc,57.9267,67.6421,4,90.56,34357.4,153.95,1.04696,170.596,1655.47,18,41,5,23,0.311111,42385.9,179.368,145.433,1.3122,130.794,125.042,68.3084,80.7025,33.74742156,40.37219512,18.19048969,19.57388889,45.92241172,56.64913043,0.716730405,3.479546656,0.8016
hTME15-1_Str_05_xyz-8171-5521-162,hTME15-1,WT,D1,CPc,63.7162,66.1844,6,143.62,90075.9,145.51,1.03425,197.311,3833.29,35,76,6,41,0.337163,120792,188.942,161.13,1.33564,113.85,123.671,104.643,101.858,42.43075414,50.43315789,16.02402321,17.72514286,64.97308543,78.35463415,0.787569437,4.977668714,0.822065982
hTME15-1_Str_05_xyz-8984-10619-120,hTME15-1,WT,D2,CPc,73.4298,56.2726,6,73.95,70959.9,123.996,1.03787,196.919,2731.8,25,57,7,32,0.348658,92152.6,175.567,136.36,1.25581,111.596,127.319,92.7549,100.966,40.02779366,47.92087719,15.76440371,17.2676,58.98356705,71.86875,0.772325111,4.567256511,0.908304498
hTME15-1_Str_05_xyz-9072-3688-179,hTME15-1,WT,D1,CPc,82.9328,67.6712,4,100.28,53704.2,134.859,1.02951,180.44,2110.27,24,52,4,28,0.389286,68372.8,151.497,139.35,1.38247,113.522,122.118,86.3527,99.3687,34.54231405,40.57711538,16.35580663,18.1175,50.13074898,59.82821429,0.743633179,3.940531069,0.761111111
hTME15-1_Str_05_xyz-9097-9006-149,hTME15-1,WT,D1,CPc,50.471,57.4555,4,83.5,34918.7,136.864,1.04183,168.09,1820.4,20,46,6,26,0.283333,44901.4,167.693,100.899,1.30399,131.887,123.452,113.369,99.5391,32.1397107,39.56956522,19.66662731,22.074,41.73439022,53.02769231,0.712347617,3.413455817,0.695153061
hTME15-1_Str_05_xyz-9294-6217-99,hTME15-1,WT,D2,CPc,69.9506,66.384,6,131.2,69300.3,120.153,1.04846,178.789,3165.23,33,71,5,38,0.490524,95309.5,154.056,146.221,1.38707,118.068,119.749,98.5526,100.935,35.89089196,44.5756338,13.04962811,15.61575758,55.72672636,69.725,0.713361411,3.428544675,0.859375
hTME15-1_Str_05_xyz-9458-8263-146,hTME15-1,WT,D1,CPc,88.7136,64.6378,6,121.93,120555,125.023,1.03216,185.882,4306.72,42,91,7,49,0.448918,148717,155.519,185.798,1.2414,106.308,128.829,104.48,95.077,40.61950957,47.32153846,13.9152566,14.95809524,63.50886925,75.06163265,0.790656076,5.068907334,0.762783545
hTME15-1_Str_05_xyz-9849-7046-182,hTME15-1,WT,D2,CPc,84.7036,67.6854,5,121.27,69017.4,119.87,1.03689,201.56,2768.7,26,58,6,32,0.286325,88649.8,157.599,133.76,1.22592,107.647,122.479,85.6053,83.9732,38.99720063,47.73137931,14.31854055,15.54846154,59.04861194,73.88,0.742099563,3.911375113,0.852076125
hTME15-1_Str_06_xyz-3791-13363-400,hTME15-1,WT,D1,CPc,71.6486,53.2274,7,62.77,51319.3,123.292,1.04213,167.63,2118.49,26,57,5,31,0.464004,62524,157.819,118.799,1.46604,118.093,128.282,96.4307,87.1647,30.99127358,37.16140351,16.88342305,18.67692308,42.82366434,52.66451613,0.767921017,4.459823343,0.863177227
hTME15-1_Str_06_xyz-4238-4617-75,hTME15-1,WT,D1,CPc,95.8336,69.5033,6,80.07,45933,139.534,1.02669,190.551,1888.64,23,50,4,27,0.39361,59596.4,170.226,125.992,1.41236,96.8112,125.014,99.9102,104.616,33.24334038,37.7674,16.11282397,17.28086957,47.8360025,55.21888889,0.757102422,4.214246833,0.877526754
hTME15-1_Str_06_xyz-4940-13567-212,hTME15-1,WT,D1,CPc,63.4933,57.7434,7,77.82,39671.2,125.12,1.03637,181.75,1917.5,23,50,4,27,0.524431,49705.7,158.195,118.159,1.40465,113.282,121.123,88.3773,100.622,32.84408728,38.3448,14.81182446,16.08304348,48.20490376,57.30851852,0.787235272,4.967967976,0.803804994
hTME15-1_Str_06_xyz-5846-8009-375,hTME15-1,WT,D2,CPc,75.3319,71.4649,8,106.26,92351,160.257,1.03444,203.119,3593.87,38,81,5,43,0.579465,122784,197.803,159.358,1.54248,110.077,113.983,95.923,89.3957,37.42952628,44.36395062,15.20135428,17.06052632,57.07302712,68.49255814,0.7726731,4.575943068,0.800987654
hTME15-1_Str_06_xyz-5944-13805-227,hTME15-1,WT,D2,CPc,76.8085,63.0694,6,53.74,57659.9,125.019,1.03335,183.88,2520.96,25,58,8,33,0.410667,71036.1,173.96,163.21,1.2993,110.627,129.789,75.3248,73.9794,36.29581834,43.45982759,15.05051547,16.8688,52.39074476,63.60454545,0.822656379,6.226495869,0.769795918
hTME15-1_Str_06_xyz-5979-12488-401,hTME15-1,WT,D1,CPc,83.8436,67.5134,6,120.88,68981.9,113.715,1.03122,159.02,2923.79,35,76,6,41,0.370769,87750.1,139.418,120.668,1.27552,111.572,124.773,83.7236,78.2076,33.51711116,38.46644737,14.35512943,15.47857143,49.87490045,58.0902439,0.781711086,4.81238884,0.857220119
hTME15-1_Str_06_xyz-6085-10616-325,hTME15-1,WT,D1,CPc,45.0762,40.4036,3,93.8,24914,146.287,1.04281,231.88,1071.79,6,17,5,11,0.5,28803.6,172.914,157.091,1.09924,140.604,143.302,94.1087,83.6408,53.51912114,63.04117647,12.54010057,13.04,75.87131418,90.31454545,0.883725732,10.50112231,0.846153846
hTME15-1_Str_06_xyz-6275-10088-354,hTME15-1,WT,D2,CPc,51.7296,49.9054,7,53.54,50174.7,128.421,1.03018,137.086,2253.67,25,55,5,30,0.495619,58838.4,144.478,187.482,1.36105,132.097,133.136,89.0164,86.0702,35.41907134,40.97109091,14.15823598,15.1984,53.13643414,62.44833333,0.799378735,5.343729788,0.836914063
hTME15-1_Str_06_xyz-6465-7637-198,hTME15-1,WT,D2,CPc,81.8181,66.5242,3,86.84,66689.5,151.332,1.03204,217.499,2020.97,13,32,6,19,0.487179,84531.1,180.621,112.497,1.28879,108.991,120.931,111.833,94.9083,52.8462621,63.150625,28.70117832,32.37230769,69.36658258,84.20947368,0.696532515,3.192446657,0.879818594
hTME15-1_Str_06_xyz-6716-11663-379,hTME15-1,WT,D2,CPc,55.8622,64.4199,6,108.59,60632.8,113.489,1.02999,162.58,2710.96,34,71,3,37,0.421008,80518.7,189.986,152.101,1.41466,131.856,124.703,79.6088,90.6869,33.18381148,38.17760563,14.03195126,15.16676471,50.78281817,59.3227027,0.766579268,4.427988641,0.771203156
hTME15-1_Str_06_xyz-7058-8312-256,hTME15-1,WT,D1,CPc,63.7387,64.0053,6,115.02,74222.4,139.765,1.03668,208.9,3307.54,31,67,5,36,0.406259,94045.6,164.465,161.988,1.38894,121.62,121.808,94.3315,91.8061,41.89498624,49.36149254,17.11435657,18.56096774,63.23386179,75.88416667,0.750879721,4.083703389,0.707063712
hTME15-1_Str_06_xyz-7362-11147-342,hTME15-1,WT,D2,CPc,78.5907,72.9063,6,106.11,59655.1,166.642,1.03267,152.489,2410.9,22,51,7,29,0.653571,82653.4,268.127,128.95,1.3643,109.787,116.759,94.4934,93.3876,38.62320841,47.2672549,15.108392,16.67227273,56.46203466,70.47724138,0.688773988,3.093059691,0.773152966
hTME15-1_Str_06_xyz-8775-7760-394,hTME15-1,WT,D2,CPc,56.8519,57.1445,6,36.46,41246.1,132.73,1.04124,156.531,1972.06,16,38,6,22,0.4625,52153.8,151.746,134.91,1.20839,121.166,125.604,121.438,103.12,42.73252666,51.89131579,13.03411605,14.045,64.33137074,79.41590909,0.784030531,4.876631955,0.824652778
hTME15-1_Str_07_xyz-2187-11509-200,hTME15-1,WT,D1,CPc,84.0704,64.1556,5,55.14,33933,161.316,1.0372,184.69,1730.57,16,36,4,20,0.46875,51962.6,208.781,130.51,1.3468,98.978,110.926,94.4745,112.391,39.24506643,48.06666667,14.60745549,16.478125,58.95515518,73.3375,0.783441661,4.860176396,0.863636364
hTME15-1_Str_07_xyz-3547-11659-309,hTME15-1,WT,D2,CPc,83.84,56.5717,5,59.49,52913.9,151.465,1.03643,184.871,1981.04,18,41,5,23,0.595238,63059.8,171.783,136.598,1.26881,112.588,128.719,92.2952,76.0924,40.45665061,48.31317073,18.61428157,20.72222222,57.55067856,69.90608696,0.777193855,4.691541286,0.904
hTME15-1_Str_07_xyz-3562-12024-250,hTME15-1,WT,D2,CPc,70.5937,66.099,6,105.7,56623.2,134.322,1.03757,195.88,2550.93,27,58,4,31,0.433537,73404.9,151.164,127.452,1.39069,118.435,121.506,89.4904,87.2325,36.45820009,43.97551724,12.15032393,13.26037037,57.6295761,70.72741935,0.743817448,3.94406036,0.821854913
hTME15-1_Str_07_xyz-4648-5442-303,hTME15-1,WT,D2,CPc,69.803,74.5536,4,115.21,74348.2,125.293,1.0347,170.113,3057.17,26,62,10,36,0.358974,95215.1,171.35,154.669,1.30485,117.527,113.396,80.7269,93.1657,41.06111732,49.30403226,21.01938165,22.765,55.53570419,68.47111111,0.719515011,3.522726753,0.825484765
hTME15-1_Str_07_xyz-5016-5164-340,hTME15-1,WT,D1,CPc,46.6113,55.85,4,108.16,59836.2,124.237,1.03306,160.681,2642.06,22,50,6,28,0.289394,74387.8,199.492,149.429,1.14976,136.629,136.203,83.2997,99.7609,44.47886879,52.8364,10.68915704,11.24136364,71.02792803,85.51821429,0.767591156,4.451959029,0.884444444
hTME15-1_Str_07_xyz-5413-10852-341,hTME15-1,WT,D1,CPc,73.3853,57.8369,6,95.94,118384,156.665,1.02904,225.25,4119.76,41,88,6,47,0.470596,139855,171.338,163.38,1.26245,116.143,132.097,76.8078,70.671,41.09412155,46.81056818,16.36428763,17.42926829,62.66695539,72.44106383,0.834089302,6.76237625,0.833402749
hTME15-1_Str_07_xyz-5603-6955-329,hTME15-1,WT,D2,CPc,55.5682,55.2894,6,99.99,37792.4,123.265,1.0342,192.443,2626.08,28,60,4,32,0.466071,44291.4,140.297,176.951,1.39052,136.383,133.95,71.0383,71.5018,37.6471332,43.76283333,15.93705066,16.56392857,56.64345541,67.561875,0.78732116,4.970458039,0.890138408
hTME15-1_Str_07_xyz-5874-8413-366,hTME15-1,WT,D2,CPc,79.926,68.4039,5,88.5,68316.8,120.459,1.03611,181.659,3064.49,23,57,11,34,0.375983,92968.9,171.332,143.529,1.21476,105.525,109.335,101.384,90.2379,44.56783085,53.75807018,18.16663694,21.28434783,62.42746202,75.72558824,0.758514779,4.244919139,0.807098765
hTME15-1_Str_07_xyz-6299-7744-317,hTME15-1,WT,D2,CPc,88.8823,77.4034,6,97.27,48669.8,111.825,1.02359,158.475,2197.69,23,52,6,29,0.515942,60768.7,135.881,138.257,1.19979,103.986,116.392,69.364,72.9111,37.17634309,42.25846154,12.86975808,13.59304348,56.45397948,64.99310345,0.785100861,4.906799072,0.848074922
hTME15-1_Str_07_xyz-6650-6517-144,hTME15-1,WT,D2,CPc,57.2603,57.9321,6,75.41,69569.6,131.869,1.03866,201.943,3144.67,37,80,6,43,0.458816,87235.5,168.011,145.025,1.39931,127.099,128.977,98.0154,89.4334,33.43807713,39.30375,12.43698859,13.53864865,51.50878122,61.47372093,0.778902522,4.736605773,0.821728395
hTME15-1_Str_08_xyz-3964-6827-80,hTME15-1,WT,D1,CPc,77.0825,55.5303,5,112.19,56860.2,130.662,1.03198,175.542,1966.29,15,38,8,23,0.488889,69346.2,166.164,120.381,1.30571,109.173,131.19,97.4613,104.54,43.45795655,51.73973684,23.9410391,27.25133333,56.18638098,67.71043478,0.748087645,4.027455396,0.9264
hTME15-1_Str_08_xyz-4910-8046-84,hTME15-1,WT,D2,CPc,81.8041,70.8923,6,69.99,50160.8,153.036,1.0464,219.51,2057.68,22,51,7,29,0.473377,65835.3,185.681,133.476,1.22541,104.928,123.054,78.9552,78.4289,32.90239947,40.34156863,10.63595328,11.91454545,49.79418625,61.90689655,0.728444359,3.667825971,0.572320499
hTME15-2_Str_01_xyz-1964-3706-273,hTME15-2,Q140,D2,CPr,55.2451,97.7719,4,86.21,21358.7,110.064,1.03581,163.818,1020.1,9,20,2,11,0.437037,33038.4,205.572,123.941,1.33985,111.142,92.0014,61.4717,99.2322,43.06048921,50.9995,21.52212274,25.32777778,60.68278905,72.00363636,0.754567669,4.160182802,0.881656805
hTME15-2_Str_01_xyz-2479-4987-278,hTME15-2,Q140,D2,CPr,87.9719,82.454,3,42.23,7416.2,89.2887,1.02987,103.74,512.424,5,12,2,7,0.266667,9806.45,116.425,90.7531,1.21809,96.5398,93.9936,86.3064,62.8559,35.21357517,42.69833333,10.36433466,11.594,52.96303267,64.91571429,0.725270236,3.615049689,0.864197531
hTME15-2_Str_01_xyz-2743-6587-296,hTME15-2,Q140,D1,CPr,74.2291,58.2175,4,28.03,18617.1,112.491,1.02142,157.411,810.05,10,22,2,12,0.466667,24417.5,131.69,138.809,1.43103,114.099,123.695,79.8732,77.315,32.86330468,36.81636364,18.22631243,20.889,45.06079822,50.08916667,0.804119395,5.504582443,0.852040816
hTME15-2_Str_01_xyz-2937-6403-350,hTME15-2,Q140,D1,CPr,62.688,81.7714,3,90.95,38229.3,123.671,1.03826,180.551,1531.01,8,24,8,16,0.125,50299,186.266,97.6305,1.08439,129.791,113.063,116.62,118.233,51.24472198,63.78666667,14.64347071,16.2275,69.54534761,87.56625,0.703989266,3.293400624,0.922839506
hTME15-2_Str_01_xyz-3409-10113-330,hTME15-2,Q140,D1,CPr,56.8601,68.9383,6,79.29,43781.1,133.065,1.03193,190.96,1693.36,16,35,3,19,0.513889,55048.1,165.997,124.41,1.34862,130.434,125.586,74.9993,64.4529,41.93390986,48.37657143,16.79344828,17.703125,63.10482487,74.20684211,0.793170534,5.145479994,0.87755102
hTME15-2_Str_01_xyz-4161-5189-61,hTME15-2,Q140,D2,CPr,73.2742,65.0607,4,41.67,37189,140.246,1.04587,222.421,1420.61,12,28,4,16,0.5,46923.7,157.39,115.621,1.34718,119.666,128.766,80.913,89.8412,41.07401918,50.73035714,19.460488,21.71666667,57.28416756,72.490625,0.777221805,4.692272248,0.848765432
hTME15-2_Str_01_xyz-4177-9570-332,hTME15-2,Q140,D1,CPr,70.6394,80.0519,5,118.97,52450.8,118.294,1.03765,199.301,2183.62,19,44,6,25,0.390226,68644.9,164.018,141.141,1.34315,124.459,119.563,89.3894,82.0934,41.57840626,49.62295455,23.0075701,25.72368421,55.69224173,67.7864,0.716852821,3.48142518,0.834019204
hTME15-2_Str_01_xyz-4535-8324-309,hTME15-2,Q140,D1,CPr,41.5594,62.2468,4,86.38,37574.6,140.012,1.02604,181.278,2580.92,23,54,8,31,0.48913,45513.3,176.198,160.077,1.31967,144.055,121.695,86.3831,99.302,41.82409058,47.78944444,18.01479755,19.28608696,59.48904993,68.93709677,0.765976671,4.413823407,0.860422406
hTME15-2_Str_01_xyz-4696-7633-313,hTME15-2,Q140,D2,CPr,100.912,84.7022,5,100.39,16629.4,104.437,1.03525,155.341,1295.8,13,30,4,17,0.641026,24323.5,184.908,130.787,1.42173,99.9056,112.529,97.1186,61.3079,34.12377591,43.18833333,17.81688974,20.29076923,46.59374768,60.69823529,0.709105817,3.365986441,0.853185596
hTME15-2_Str_01_xyz-5244-7353-346,hTME15-2,Q140,D1,CPr,74.8231,71.2775,6,87.99,73861.1,151.072,1.03146,199.011,2602.43,22,51,7,29,0.451948,94274.2,175.093,169.239,1.26796,111.75,120.19,87.9272,91.7757,43.55895881,51.02294118,16.08528097,17.80136364,64.40105924,76.22551724,0.77191218,4.55698714,0.872008325
hTME15-2_Str_01_xyz-5492-10820-382,hTME15-2,Q140,D1,CPr,94.6155,66.5779,6,82.82,69847.8,132.236,1.04846,213.111,2200.98,24,51,3,27,0.519841,88115.2,178.25,154.43,1.44762,99.4615,120.766,90.5927,102.49,34.61136198,43.15156863,17.50318227,18.82208333,49.81863284,64.77777778,0.683402823,3.027393856,0.877526754
hTME15-2_Str_01_xyz-5565-7507-252,hTME15-2,Q140,D1,CPr,56.5664,71.5597,6,128.99,46119.8,147.292,1.02314,221.92,2258.13,20,43,3,23,0.468452,57423.7,194.56,148.92,1.38127,127.007,120.246,62.3832,75.4204,46.02068927,52.51069767,22.78027795,25.0115,66.22974259,76.42304348,0.782484624,4.833644341,0.8896
hTME15-2_Str_01_xyz-5659-9191-340,hTME15-2,Q140,D1,CPr,69.979,73.5038,8,83.39,52620.8,130.891,1.05283,167.189,2159.83,20,44,4,24,0.472637,69854.7,175.955,158.44,1.30101,120.341,114.023,85.0912,92.5811,38.65438049,49.08136364,17.22754322,19.66,56.51007822,73.59916667,0.734414224,3.770884457,0.76183432
hTME15-2_Str_01_xyz-5769-6420-312,hTME15-2,Q140,D1,CPr,80.964,71.8858,4,101.8,71467.3,142.559,1.02538,175.27,2524.02,21,49,7,28,0.401587,85539.6,167.433,173.319,1.2301,107.524,123.521,98.7313,103.057,45.44984479,51.50571429,18.74660989,20.29380952,65.47727098,74.91464286,0.791790624,5.103202386,0.863333333
hTME15-2_Str_01_xyz-5867-9184-323,hTME15-2,Q140,D1,CPr,63.8971,71.475,2,95.16,24511,102.417,1.03081,144.358,1041.09,7,19,5,12,0,30949,128.349,96.0369,1.15924,104.753,104.453,88.0084,100.128,46.80109344,54.78894737,23.32652006,25.38142857,60.49459458,71.94333333,0.732404721,3.735624571,0.867346939
hTME15-2_Str_01_xyz-5870-10464-380,hTME15-2,Q140,D2,CPr,81.9039,87.4437,5,84.78,21025.2,128.175,1.05233,147.928,1005.35,10,24,4,14,0.56,27996.4,160.353,156.811,1.42147,115.088,104.554,110.259,89.1429,34.06942363,41.88416667,19.64486488,22.087,44.37267989,56.025,0.733974406,3.763116628,0.890625
hTME15-2_Str_01_xyz-7261-8226-333,hTME15-2,Q140,D2,CPr,65.2496,73.0697,7,38.55,48023.2,143.932,1.03961,192.111,1574.36,15,33,3,18,0.628571,64691.2,185.103,153.96,1.3866,118.074,116.499,88.3345,87.8567,38.0207036,47.70242424,11.47468104,12.78866667,60.14238907,76.79722222,0.740835935,3.887639712,0.875
hTME15-2_Str_01_xyz-7760-8830-378,hTME15-2,Q140,D2,CPr,84.6963,71.956,5,45.74,41969.6,131.229,1.03889,189.65,1720.87,20,44,4,24,0.543333,60862.3,224.533,112.729,1.42358,105.773,115.26,96.3201,97.0929,32.45159669,39.10568182,17.42159709,19.1665,44.97659635,55.72166667,0.745883,3.98401089,0.791420118
hTME15-2_Str_02_xyz-1741-9699-143,hTME15-2,Q140,D1,CPr,42.6165,49.4046,5,58.95,8231.69,120.254,1.02365,137.21,727.152,8,18,2,10,0.575,9388.57,133.861,101.619,1.17419,142.263,142.461,109.984,61.7349,36.41536131,40.39166667,13.51275304,14.0775,54.73744793,61.443,0.836154526,6.868115708,0.916666667
hTME15-2_Str_02_xyz-2490-7281-303,hTME15-2,Q140,D1,CPr,60.6987,77.3768,9,103.44,25336.6,118.204,1.03378,158.929,1805.9,20,43,3,23,0.550064,33240.3,177.656,142.06,1.51887,129.116,116.25,75.6119,84.4329,34.49088454,41.9927907,14.21313293,15.122,52.12371203,65.35869565,0.674138483,2.919717208,0.8448
hTME15-2_Str_02_xyz-3048-6753-101,hTME15-2,Q140,D1,CPr,70.4565,66.3171,6,97.61,30026.9,136.322,1.03477,202.27,2025.17,18,41,5,23,0.518519,38551.3,186.152,148.68,1.22417,113.185,111.05,110.406,91.7731,41.35812246,49.3895122,15.75824846,18.46833333,61.39280646,73.58869565,0.721487436,3.553891597,0.8912
hTME15-2_Str_02_xyz-3255-9949-185,hTME15-2,Q140,D2,CPr,62.2162,72.8872,6,103.6,54821.2,121.997,1.03526,158.052,2544.25,25,57,7,32,0.337143,70725.5,152.747,139.91,1.28864,124.376,120.709,87.2003,92.2217,37.50080164,44.63140351,16.38378036,18.4352,53.99847452,65.0971875,0.73488513,3.779233048,0.849480969
hTME15-2_Str_02_xyz-3519-7182-230,hTME15-2,Q140,D1,CPr,86.0005,76.0214,4,91.72,68334.9,110.562,1.03214,171.92,2546.71,21,49,7,28,0.461905,84018,165.652,154.319,1.21398,105.903,118.957,86.4559,85.0319,44.11471948,51.96918367,17.42354922,18.45904762,64.13309717,77.10178571,0.74115709,3.893647757,0.864444444
hTME15-2_Str_02_xyz-3669-12543-127,hTME15-2,Q140,D1,CPr,84.4245,62.3275,4,101.72,26371.3,107.147,1.04154,142.824,1415.81,12,29,5,17,0.444444,33036,142.609,117.686,1.15598,101.786,129.106,113.568,94.2202,39.73004123,48.81655172,18.39567178,19.3475,54.78959614,69.61823529,0.752489442,4.116773685,0.927977839
hTME15-2_Str_02_xyz-6059-6859-312,hTME15-2,Q140,D2,CPr,69.2887,85.2179,3,115.87,37954.1,110.238,1.04088,161.121,1673.82,9,24,6,15,0.222222,51823.7,146.66,154.155,1.097,114.927,109.988,118.955,87.7984,54.83313379,69.7375,16.67874991,18.49555556,77.72576412,100.4826667,0.712243258,3.411909263,0.920415225
hTME15-2_Str_02_xyz-6133-2942-353,hTME15-2,Q140,D1,CPr,98.4817,84.1521,6,89.78,54996.5,140.149,1.03453,200.96,2287.55,18,43,7,25,0.375,71954.9,162.409,122.649,1.28115,94.7188,111.156,94.6457,75.1622,44.50119739,53.19372093,23.04414894,26.44666667,59.95027228,72.4516,0.67255127,2.901940883,0.835390947
hTME15-2_Str_02_xyz-6285-9941-294,hTME15-2,Q140,D1,CPr,98.9172,73.1844,5,117.55,63323.1,143.011,1.02515,148.55,2956.75,37,81,7,44,0.375863,83936.7,183.111,151.941,1.44505,95.2164,116.828,82.5978,93.1863,32.05087553,36.49790123,18.57141349,20.37459459,43.3858777,50.05613636,0.742572361,3.920322452,0.692344045
hTME15-2_Str_02_xyz-6296-3106-132,hTME15-2,Q140,D1,CPr,64.1849,65.8571,3,34.43,25684.6,127.393,1.0721,193.239,1161.68,7,19,5,12,0.190476,32392.1,162.091,160.411,1.21343,131.649,134.337,74.2488,52.3852,46.04794076,61.13578947,22.85590786,26.36857143,59.57662662,81.41666667,0.775122072,4.637922079,0.867346939
hTME15-2_Str_02_xyz-6465-11080-344,hTME15-2,Q140,D1,CPr,51.1189,69.2628,9,121.65,86005.8,130.264,1.03726,188.61,3220.08,41,86,4,45,0.376877,111404,158.525,167.509,1.62066,135.025,117.26,79.2512,83.4216,31.41744596,37.43744186,15.98739813,17.41682927,45.47593398,55.67844444,0.738583628,3.845964653,0.72657311
hTME15-2_Str_02_xyz-6546-8717-182,hTME15-2,Q140,D2,CPr,56.1766,61.512,5,100.87,63111.4,130.656,1.04065,179.52,2626.88,27,57,3,30,0.34224,84957.4,181.568,130.22,1.34483,121.505,121.028,92.578,89.1899,37.78207698,46.08140351,15.72176986,17.49444444,57.63635339,71.80966667,0.75919371,4.259806049,0.858398438
hTME15-2_Str_02_xyz-6674-5246-171,hTME15-2,Q140,D2,CPr,76.5771,74.2729,4,118.21,81613.3,142.458,1.03483,189.72,2665.5,17,41,7,24,0.348739,103075,171.039,188.951,1.19454,122.454,122.805,109.849,101.333,55.07637809,65.00731707,18.35010737,19.82470588,81.09081984,97.01166667,0.729082618,3.678603988,0.909763314
hTME15-2_Str_02_xyz-6891-6881-347,hTME15-2,Q140,D1,CPr,61.3294,75.6989,7,133.95,47816.2,149.939,1.03025,221.62,2972.26,34,70,2,36,0.479611,66910.6,271.65,179.073,1.6875,126.976,111.105,86.042,83.9602,35.34465076,42.45628571,18.7883482,23.16235294,50.98115873,60.67833333,0.72019576,3.533427772,0.758310249
hTME15-2_Str_02_xyz-6896-12683-334,hTME15-2,Q140,D1,CPr,65.5658,56.6105,5,102.03,70101.4,138.088,1.0203,174.132,2721.44,27,58,4,31,0.265844,83855.6,165.942,201.133,1.35387,125.239,134.049,83.4054,85.4357,42.12329325,46.91689655,18.52181169,19.47814815,62.67942234,70.81516129,0.798963851,5.330054849,0.916437098
hTME15-2_Str_02_xyz-6915-10545-234,hTME15-2,Q140,D1,CPr,35.6862,57.7107,3,84.35,9356.57,112.203,1.02274,136.668,1008.04,6,19,7,13,0.333333,11432.7,134.982,105.136,1.09615,142.575,112.843,90.6695,73.8767,46.3879067,53.05,15.9275738,16.44166667,60.44652188,69.94615385,0.769789072,4.504833754,0.88
hTME15-2_Str_02_xyz-6946-4955-384,hTME15-2,Q140,D1,CPr,80.7538,72.7748,3,33.93,39289.6,132.359,1.06293,211.569,1539.45,11,28,6,17,0.545455,49919.7,166.903,140.339,1.26074,113.086,114.768,107.569,93.8653,40.57213714,54.97535714,28.81867885,32.21181818,48.17731603,69.70470588,0.703650624,3.288694151,0.789473684
hTME15-2_Str_02_xyz-7034-8962-286,hTME15-2,Q140,D1,CPr,92.1398,61.82,3,118.32,51300.1,131.002,1.02735,205.06,1743.38,9,26,8,17,0.444444,60636.5,146.8,128.714,1.0895,98.3541,124.7,62.1067,84.4839,58.0492135,67.04730769,15.53714015,16.40111111,80.55560527,93.86,0.807161027,5.612442809,0.853185596
hTME15-2_Str_02_xyz-7222-11479-230,hTME15-2,Q140,D1,CPr,58.5463,58.4371,7,162.49,54389.9,146.671,1.02357,198.096,3605,28,62,6,34,0.492063,67104.4,195.779,187.949,1.3367,127.36,127.427,93.8325,98.669,50.9968212,58.14,15.89860933,16.73785714,79.90123098,92.23588235,0.800349127,5.37596239,0.844907407
hTME15-2_Str_02_xyz-7580-5570-279,hTME15-2,Q140,D1,CPr,62.8086,68.0841,4,128.77,82315.7,143.75,1.03527,192.221,3102.79,23,54,8,31,0.345756,100494,218.577,166.802,1.25061,131.318,129.133,101.057,94.0095,48.43265065,57.45351852,18.96724027,20.26086957,70.29408415,85.04806452,0.752641837,4.119929298,0.884297521
hTME15-2_Str_02_xyz-7851-4821-141,hTME15-2,Q140,D1,CPr,87.4244,69.8506,6,27.74,64173.2,139.637,1.04996,221.12,2064.99,19,43,5,24,0.533333,82210,173.852,141.721,1.38801,108.001,118.886,100.148,98.542,37.37802042,48.01813953,18.92210197,20.44736842,51.98895586,69.845,0.744116869,3.949807178,0.794378698
hTME15-2_Str_02_xyz-7913-10009-276,hTME15-2,Q140,D1,CPr,87.2259,67.0817,4,143.17,75865.4,127.288,1.03092,189.173,2650.17,19,46,8,27,0.368421,89273.2,173.524,170.696,1.1587,106.742,130.107,103.155,88.2297,49.63495684,57.60717391,17.00628907,17.87473684,72.59587119,85.56703704,0.812816695,5.823429362,0.828775268
hTME15-2_Str_02_xyz-7932-7268-381,hTME15-2,Q140,D2,CPr,77.8979,91.813,6,54.67,40489.9,117.995,1.05546,157.08,1853.9,17,38,4,21,0.564706,65129.8,224.749,131.9,1.43531,104.187,96.0114,85.0622,86.5685,36.99756614,48.78157895,18.89386157,21.08647059,51.65294604,71.20142857,0.576306515,2.091529052,0.816635161
hTME15-2_Str_02_xyz-7943-12369-291,hTME15-2,Q140,D1,CPr,43.5665,58.8901,10,81.31,102284,133.353,1.0389,210.1,3512.94,37,79,5,42,0.511583,131710,205.095,162.701,1.47737,139.478,123.469,92.108,98.1858,37.47132912,44.46265823,12.59085322,13.77459459,59.38984361,71.49738095,0.774714761,4.627509716,0.736053719
hTME15-2_Str_02_xyz-7943-8452-396,hTME15-2,Q140,D2,CPr,83.6548,69.2245,4,101.66,45223.5,131.337,1.03258,192.791,1806.57,18,41,5,23,0.5,55330.6,164.388,123.462,1.2679,106.779,122.947,90.7555,98.8679,37.652371,44.05756098,11.51805874,12.72111111,58.10531104,68.58173913,0.793160309,5.145164398,0.8336
hTME15-2_Str_02_xyz-8120-11672-307,hTME15-2,Q140,D1,CPr,58.1365,57.5274,6,135.98,50828.1,141.59,1.02283,211.281,3166.41,28,60,4,32,0.394898,60921.2,156.772,208.05,1.32503,127.389,128.817,96.5536,86.6514,46.72125757,52.769,16.82724728,17.75642857,72.87851657,83.405,0.818661008,6.056941603,0.941176471
hTME15-2_Str_02_xyz-8195-7197-209,hTME15-2,Q140,D1,CPr,47.6283,52.8193,6,106.18,69609,180.037,1.02869,233.909,3756.01,29,65,7,36,0.339573,83772.1,226.535,181.068,1.21421,141.309,136.917,105.032,93.7964,50.47312864,57.77953846,17.59574067,18.52034483,76.95769116,89.405,0.812986255,5.829974985,0.824792244
hTME15-2_Str_02_xyz-8228-5409-265,hTME15-2,Q140,D1,CPr,78.3621,62.8964,4,120.92,95266,145.979,1.03408,217.783,2607.81,18,41,5,23,0.458333,112985,192.335,194.1,1.15873,115.185,127.361,96.5236,100.507,54.33531446,63.6004878,13.95008783,14.51277778,85.941144,102.0169565,0.811073423,5.756892441,0.8416
hTME15-2_Str_02_xyz-8318-8765-358,hTME15-2,Q140,D2,CPr,71.6676,79.422,5,65.24,39936.3,99.1206,1.0515,140.111,1690.35,18,39,3,21,0.486111,53888.8,168.314,104.659,1.27432,116.735,117.302,83.5549,84.5506,32.57428115,43.33794872,13.73284541,14.89777778,48.72408321,67.7152381,0.626301603,2.45597405,0.844990548
hTME15-2_Str_02_xyz-8492-7305-348,hTME15-2,Q140,D2,CPr,73.1685,67.1593,3,142.25,28099.3,137.985,1.03704,201.08,1883.13,15,34,4,19,0.233333,34434.2,160.135,135.459,1.24601,115.407,121.715,90.6431,93.8888,46.92924256,55.38117647,18.77165653,20.312,69.15891574,83.06736842,0.766897449,4.435500988,0.823129252
hTME15-2_Str_02_xyz-8499-6268-278,hTME15-2,Q140,D1,CPr,64.0688,67.6173,8,138.85,88173,179.475,1.0263,218.321,3427.26,28,61,5,33,0.537157,113687,218.182,210.079,1.22458,120.991,120.876,81.3792,76.5278,48.01387833,56.1795082,15.0998595,16.11678571,75.94092461,90.17212121,0.771805903,4.55435079,0.745306122
hTME15-2_Str_02_xyz-8526-11433-362,hTME15-2,Q140,D2,CPr,73.5209,60.8328,4,101.08,44356.5,120.032,1.03571,165.368,1889.78,16,40,8,24,0.520833,53865.1,153.68,138.443,1.22908,115.635,118.083,101.467,91.2523,40.35133819,47.24,20.01175299,20.90375,53.91106166,64.7975,0.79156593,5.096377301,0.853550296
hTME15-2_Str_02_xyz-8785-5797-352,hTME15-2,Q140,D2,CPr,66.081,66.1362,5,113.3,45537.8,124.456,1.02943,184.41,2817.96,26,59,7,33,0.424786,55560.2,181.265,139.15,1.28552,120.105,127.098,93.3324,77.3441,41.91208206,47.75762712,17.19146958,17.92153846,61.38892826,71.26484848,0.771622986,4.549819678,0.839183673
hTME15-2_Str_02_xyz-9204-8434-409,hTME15-2,Q140,D2,CPr,56.5474,63.6874,5,97.36,45084.5,131,1.03263,188.941,1996.05,22,47,3,25,0.448485,57139.8,149.243,100.61,1.33174,131.45,127.567,85.2281,94.5361,36.07035463,42.46446809,12.14718134,12.87,57.12274713,68.5076,0.762675693,4.337646151,0.880658436
hTME15-2_Str_02_xyz-9229-11678-363,hTME15-2,Q140,D1,CPr,70.3378,57.2564,6,114.54,82549.5,139.474,1.02476,203.39,2637.79,25,55,5,30,0.283333,97466.1,157.341,159.22,1.25446,122.195,130.122,107.688,103.499,43.17706178,47.95454545,17.05077126,18.2996,64.94897054,72.667,0.831921551,6.654504996,0.857421875
hTME15-2_Str_02_xyz-9704-10464-359,hTME15-2,Q140,D2,CPr,50.1754,63.3812,4,92.08,49920,121.046,1.02729,181.889,2080.58,18,41,5,23,0.333333,59445.1,155.102,162.75,1.21998,137.652,129.672,80.6803,82.0753,44.37888282,50.74195122,16.74116691,17.93277778,66.00839962,76.41869565,0.788044049,4.991505246,0.9088
hTME15-2_Str_03_xyz-10165-9752-366,hTME15-2,Q140,D1,CPi,71.5996,85.5914,5,83.28,25894.5,105.503,1.03606,153.661,1283.08,14,31,3,17,0.428571,34518.5,152.72,131.6,1.17658,119.209,104.592,69.3147,74.46,34.99761954,41.38419355,10.01037267,10.67857143,55.57535225,66.67117647,0.711653672,3.403195114,0.786703601
hTME15-2_Str_03_xyz-10228-6682-313,hTME15-2,Q140,D1,CPi,58.2358,65.5792,9,84.97,22704,115.816,1.03227,161.6,1919.02,21,44,2,23,0.476937,31965.9,162.235,137.231,1.40498,127.193,117.468,89.8399,92.88,37.62316556,43.60863636,11.01494289,12.30666667,61.91762973,72.18869565,0.776687218,4.678326784,0.888
hTME15-2_Str_03_xyz-10409-6934-397,hTME15-2,Q140,D2,CPi,58.1568,56.6457,6,97.93,25698.4,111.129,1.03034,165.195,1690.14,22,48,4,26,0.361708,31821.8,147.343,127.162,1.45336,133.591,129.9,92.6257,83.7571,30.45857914,35.20666667,15.88639443,17.09863636,42.78888928,50.52884615,0.764331036,4.375549971,0.866071429
hTME15-2_Str_03_xyz-10478-7054-407,hTME15-2,Q140,D1,CPi,80.1131,59.6552,6,107.18,85206.7,151.143,1.03242,208.207,2512.04,22,52,8,30,0.327922,102687,183.754,173.479,1.17576,112.045,125.331,89.203,91.4065,41.58227107,48.30326923,13.23397302,14.25681818,62.37102298,73.27066667,0.811465807,5.771749143,0.8359375
hTME15-2_Str_03_xyz-10927-7068-346,hTME15-2,Q140,D2,CPi,58.1901,56.8673,6,72.06,38895.6,127.192,1.02551,204.969,1809.33,20,42,2,22,0.286905,46315.8,142.421,104.219,1.26622,133.972,131.878,74.2563,67.8646,38.18215357,43.0747619,14.15352811,14.566,60.02635854,68.99181818,0.80675223,5.597725857,0.881944444
hTME15-2_Str_03_xyz-1741-12090-298,hTME15-2,Q140,D2,CPi,63.9424,60.5379,6,45.83,21120.4,110.034,1.03797,180.79,1578.73,18,40,4,22,0.402381,26707.4,133.877,138.441,1.37363,120.825,124.86,117.224,89.9607,33.34980951,39.46375,16.40601142,17.70222222,47.21291703,57.26863636,0.763962351,4.367056664,0.904513889
hTME15-2_Str_03_xyz-1813-4821-144,hTME15-2,Q140,D1,CPr,94.591,81.9593,3,92.76,34160.3,148.85,1.02625,183.801,1240.3,9,22,4,13,0.444444,42732.7,174.086,121.299,1.13701,106.342,112.567,62.6499,89.4103,48.36693634,56.37136364,12.38047257,13.57888889,73.28064203,85.99692308,0.788176682,4.995384282,0.92
hTME15-2_Str_03_xyz-1979-5717-380,hTME15-2,Q140,D1,CPi,93.9021,66.7911,3,55.78,17301.8,135.824,1.03618,190.179,785.196,5,15,5,10,0.6,21024.7,151.881,83.8303,1.19231,88.4882,115.69,117.181,105.69,44.26609468,52.34133333,21.57300859,24.882,55.61263773,66.071,0.77876143,4.732855225,0.861111111
hTME15-2_Str_03_xyz-2283-10630-346,hTME15-2,Q140,D2,CPi,74.6128,95.3247,3,50.54,21740.8,100.757,1.05778,147.237,1191.28,10,25,5,15,0.6,35166.6,204.481,109.302,1.37849,98.1472,92.6998,86.8976,110.061,34.2782535,47.6456,19.3685309,32.419,44.21806857,57.79666667,0.643419538,2.606324277,0.865051903
hTME15-2_Str_03_xyz-2504-6792-228,hTME15-2,Q140,D2,CPi,54.256,64.2089,4,98.1,27645.6,116.403,1.04927,141.008,1118.75,8,20,4,12,0.5625,37039,160.237,147.287,1.32473,124.517,125.052,95.4434,103.823,42.41088365,55.9335,21.60296617,26.16125,56.28282863,75.78166667,0.735053909,3.7822333,0.862244898
hTME15-2_Str_03_xyz-2593-10785-335,hTME15-2,Q140,D2,CPi,45.6579,76.9415,5,54.45,13708.1,87.0029,1.03617,95.1504,753.639,8,18,2,10,0.75,24003.7,188.069,133.291,1.42138,121.896,101.374,98.4842,80.6237,32.45822926,41.86388889,15.65045502,18.51,45.90444866,60.547,0.685653913,3.054613957,0.895833333
hTME15-2_Str_03_xyz-2676-9353-117,hTME15-2,Q140,D1,CPi,59.7895,66.1565,3,66.06,14937,115.977,1.02471,133.2,1106.58,10,25,5,15,0.22,17323.4,130.528,104.5,1.18246,128.147,122.705,86.0512,84.6255,39.49035805,44.2572,14.68583682,14.982,56.02670553,63.774,0.785697109,4.923749954,0.920415225
hTME15-2_Str_03_xyz-2755-3273-267,hTME15-2,Q140,D1,CPi,42.3001,65.0726,2,88.99,25098.9,130.04,1.03384,167.221,1009.56,6,16,4,10,0.166667,29863.7,154.657,134.652,1.11667,140.453,121.338,117.111,96.7422,52.56998147,63.091875,13.3045741,13.84666667,76.12922589,92.639,0.786978561,4.960538731,0.833333333
hTME15-2_Str_03_xyz-2863-3541-332,hTME15-2,Q140,D2,CPi,62.2286,56.9588,4,57.33,16927.2,97.2975,1.03857,158.18,705.764,11,24,2,13,0.484848,21215.9,123.183,69.4598,1.55696,130.134,123.519,64.8817,74.4353,25.18873284,29.40125,18.49170281,20.81454545,30.85545055,36.66692308,0.746055958,3.9873889,0.844444444
hTME15-2_Str_03_xyz-2993-13365-211,hTME15-2,Q140,D2,CPi,68.5015,54.7835,6,85.79,72008,144.378,1.03205,220.399,2404.94,18,43,7,25,0.470899,86889.6,163.389,163.209,1.26029,121.855,128.988,88.4882,82.5085,46.82334853,55.9244186,17.61726474,19.87722222,67.85172886,81.8784,0.788363131,5.00084643,0.806584362
hTME15-2_Str_03_xyz-3035-7745-193,hTME15-2,Q140,D2,CPi,93.8354,61.7272,3,38.63,17259,110.485,1.03489,164.94,1149.35,12,29,5,17,0.416667,24823.5,155.101,149.44,1.34431,78.1676,114.9,91.5507,96.0508,33.09744712,39.62827586,21.22962487,24.17583333,41.47473342,50.53588235,0.78349536,4.861672841,0.695290859
hTME15-2_Str_03_xyz-3147-5031-141,hTME15-2,Q140,D1,CPr,53.4581,69.5869,4,110.75,42498.3,142.803,1.0422,187.982,1807.06,12,30,6,18,0.388889,56160.3,185.768,192.229,1.29122,124.746,115.241,91.8129,91.1468,49.27444585,60.23033333,23.86262848,27.0425,66.21565743,82.35555556,0.757501576,4.222875029,0.835
hTME15-2_Str_03_xyz-3394-3468-337,hTME15-2,Q140,D1,CPi,62.1327,65.3689,4,90.14,80024,178.818,1.03228,246.659,2420.06,22,50,6,28,0.294697,103181,253.807,177.038,1.50576,116.361,117.66,103.523,90.2745,40.68566585,48.3962,24.36386701,27.27636364,53.50993637,64.99035714,0.738446949,3.843461288,0.721111111
hTME15-2_Str_03_xyz-3505-3757-104,hTME15-2,Q140,D1,CPr,72.7789,72.9737,3,92.22,31656.2,129.993,1.05685,158.639,1664.7,12,31,7,19,0.333333,42750.6,167.021,125.744,1.16413,118.876,108.677,83.7212,75.7556,42.06398277,53.69516129,19.34711738,20.99333333,56.41147671,74.34894737,0.716258814,3.472326692,0.823129252
hTME15-2_Str_03_xyz-3690-3785-338,hTME15-2,Q140,D2,CPi,75.4031,83.7793,3,82.72,27020,107.718,1.06483,179.12,1141.85,8,19,3,11,0.625,40301.6,166.131,75.1183,1.24187,115.429,102.475,60.7237,78.1977,42.94524321,60.09210526,16.5569922,17.9475,62.13669849,90.74272727,0.636077547,2.539952002,0.887573964
hTME15-2_Str_03_xyz-3775-4879-357,hTME15-2,Q140,D1,CPi,67.1121,54.328,5,95.3,82790.7,142.533,1.03134,210.201,2728.35,23,52,6,29,0.44824,97431.1,160.461,176.751,1.22168,119.67,131.245,115.672,101.856,45.18658527,52.46403846,14.24265105,15.05086957,69.72832621,82.13655172,0.812141948,5.797512232,0.924037461
hTME15-2_Str_03_xyz-3805-7638-375,hTME15-2,Q140,D2,CPi,74.539,76.3385,5,90.5,39434.7,110.87,1.03174,150.88,1815.7,21,49,7,28,0.378266,50540.6,130.527,120.41,1.26108,116.303,115.149,90.412,93.1341,31.76311213,37.05040816,10.72551955,11.28714286,47.54130657,56.37285714,0.720258881,3.534422939,0.758888889
hTME15-2_Str_03_xyz-4186-11736-251,hTME15-2,Q140,D1,CPi,62.5596,59.4513,5,117.99,61746.8,115.474,1.032,193.87,2523.61,25,57,7,32,0.426667,78244.3,200.333,140.673,1.41667,125.185,124.306,88.2737,86.4563,37.24041249,44.26842105,18.27858758,19.842,52.0543382,63.3515625,0.72874585,3.672910115,0.891868512
hTME15-2_Str_03_xyz-4405-12654-349,hTME15-2,Q140,D2,CPi,74.8587,78.0403,7,106.71,45968.4,105.007,1.02831,148.541,2229.48,26,56,4,30,0.585897,59985.2,133.153,146.323,1.37887,114.691,119.947,91.9233,92.2451,34.45213335,39.80767857,11.62256552,12.35923077,54.2377588,63.59633333,0.7662154,4.419425476,0.875976563
hTME15-2_Str_03_xyz-4448-12420-366,hTME15-2,Q140,D1,CPi,77.7558,77.8374,6,80.45,60624.5,131.181,1.02874,181.531,2237.25,24,52,4,28,0.418981,76261.6,151.254,158.223,1.26347,111.954,118.203,89.9386,76.3583,37.34660757,43.01903846,11.84299939,12.54,59.20684316,69.14392857,0.776805071,4.681394746,0.815555556
hTME15-2_Str_03_xyz-4669-2560-49,hTME15-2,Q140,D2,CPr,73.6773,66.5804,5,93.96,53204.9,149.241,1.03588,118.29,2001.81,17,39,5,22,0.162745,63846,180.721,185.401,1.22973,119.062,127.057,69.9936,84.1281,43.62075537,51.32384615,16.8297063,18.41117647,64.32292966,76.75636364,0.806084971,5.573852802,0.831597222
hTME15-2_Str_03_xyz-5513-9526-335,hTME15-2,Q140,D1,CPi,67.0579,57.4776,4,71.07,32969.2,127.903,1.04146,176.111,1535.18,11,28,6,17,0.363636,43000.9,154.112,107.272,1.26929,123.076,128.929,75.4047,84.2692,41.79793267,54.82285714,16.96102998,18.95636364,57.8688697,78.03058824,0.726137615,3.629337014,0.889196676
hTME15-2_Str_03_xyz-6275-6816-203,hTME15-2,Q140,D1,CPi,48.0172,62.1187,3,92.05,27657.5,123.12,1.04658,178.861,1551.48,9,24,6,15,0.148148,34654.5,152.34,139.742,1.14557,135.397,129.139,77.5004,97.4942,52.01710872,64.64,20.99642393,23.71111111,70.62951959,89.19733333,0.771397614,4.544247973,0.916955017
hTME15-2_Str_03_xyz-6503-9288-280,hTME15-2,Q140,D1,CPi,56.3826,91.3271,4,74.1,17300.2,119.305,1.05913,129.269,886.961,7,16,2,9,0.457143,22301.9,159.203,104.335,1.20235,133.832,107.524,88.5107,90.2916,41.20534185,55.430625,13.76348941,14.70142857,62.54900485,87.10888889,0.729614575,3.687630048,0.909090909
hTME15-2_Str_03_xyz-6507-984-77,hTME15-2,Q140,D2,CPr,93.8743,70.8665,5,75.57,60780.5,141.186,1.02956,214.22,2041.17,21,48,6,27,0.486621,77468,166.821,113.209,1.34124,98.7247,118.067,84.2038,79.4603,36.19673122,42.51833333,14.30919807,15.32380952,53.22036812,63.66962963,0.765607846,4.405193443,0.877526754
hTME15-2_Str_03_xyz-6637-5798-201,hTME15-2,Q140,D1,CPi,80.1015,63.4044,5,117.99,130173,133.187,1.03073,200.539,4208.66,32,74,10,42,0.441518,159331,160.433,154.53,1.20573,110.034,126.32,79.0268,73.5447,49.18460136,56.86891892,17.78571713,19.07125,73.10756078,85.66714286,0.792557918,5.126633299,0.851239669
hTME15-2_Str_03_xyz-6801-9164-342,hTME15-2,Q140,D1,CPi,78.4767,66.0694,4,115.97,64605.7,128.874,1.02618,181.17,2653.9,27,62,8,35,0.276896,79839.8,158.114,123.97,1.27265,115.475,125.434,86.1904,101.52,37.61305167,42.79983871,14.50691483,15.49666667,55.43778581,63.86228571,0.773731988,4.602558251,0.738495252
hTME15-2_Str_03_xyz-7031-5236-345,hTME15-2,Q140,D1,CPi,65.2928,75.3401,9,128.91,58655.9,129.608,1.03481,195.31,2318.82,28,58,2,30,0.480456,78981,170.971,160.051,1.49644,122.454,119.148,88.4614,77.3534,33.90370141,39.97482759,10.60650452,11.43321429,55.64775184,66.61366667,0.733871093,3.761296115,0.8359375
hTME15-2_Str_03_xyz-7114-11640-100,hTME15-2,Q140,D2,CPi,81.9187,66.6049,8,96.18,70270.5,118.082,1.03477,188.931,2853.77,31,67,5,36,0.382502,102153,229.735,142.07,1.53385,109.029,115.361,107.038,95.4588,35.83807828,42.58850746,15.03047443,16.44387097,53.75573715,65.10194444,0.6967461,3.195262105,0.823407202
hTME15-2_Str_03_xyz-7274-8640-365,hTME15-2,Q140,D1,CPi,70.6874,65.9749,4,60.13,36435.4,111.782,1.02372,148.201,1797.83,19,45,7,26,0.324561,44522.3,136.268,132.761,1.17503,127.627,130.406,78.4985,81.7424,35.25272838,39.94688889,11.32983749,12.07578947,52.73484096,60.31423077,0.797906552,5.295488378,0.816326531
hTME15-2_Str_03_xyz-7385-4764-361,hTME15-2,Q140,D2,CPi,61.2078,66.6438,8,61.54,60695.6,117.574,1.03582,182.33,2580.59,33,71,5,38,0.533622,79629.3,156.944,135.471,1.41826,121.896,125.038,94.2022,101.291,29.97888942,36.34112676,12.4682781,13.63848485,45.18547293,56.05657895,0.710873909,3.391730473,0.73125
hTME15-2_Str_03_xyz-7797-10798-352,hTME15-2,Q140,D1,CPi,57.2587,55.7199,8,98.5,76036.3,130.849,1.03232,166.442,2789.22,33,70,4,37,0.452525,95715,150.192,168.029,1.53714,126.304,124.618,84.7866,98.0972,33.98765933,39.84114286,13.86759044,14.96212121,51.93258564,62.03054054,0.786622856,4.950277527,0.867850099
hTME15-2_Str_03_xyz-8088-11612-326,hTME15-2,Q140,D2,CPi,60.6309,54.3299,7,93.09,44235.9,123.21,1.02389,194.13,2198.72,28,59,3,31,0.536054,55260.1,141.64,119.66,1.50796,127.361,127.505,82.1375,99.5532,33.52454141,37.26135593,14.23377225,15.37607143,50.94846194,57.02870968,0.809932227,5.714072544,0.801652893
hTME15-2_Str_03_xyz-8120-9806-346,hTME15-2,Q140,D1,CPi,65.284,67.4078,4,122.49,42383.9,137.474,1.02692,180.37,1873.81,19,43,5,24,0.352632,53028.2,160.063,153.43,1.35021,126.935,125.889,93.7208,72.9533,38.43658699,43.57186047,18.64328821,20.04263158,54.10628185,62.19916667,0.788674108,5.009980606,0.849112426
hTME15-2_Str_03_xyz-8290-7521-82,hTME15-2,Q140,D1,CPr,75.8679,64.7709,6,122.58,77269.6,159.875,1.03193,214.28,2547.53,22,47,3,25,0.453788,96806.9,190.701,164.07,1.19217,114.509,123.89,101.9,108.529,46.24364295,54.19765957,15.29777222,16.73045455,73.4760092,87.1688,0.762382828,4.331001336,0.899862826
hTME15-2_Str_03_xyz-8631-11771-268,hTME15-2,Q140,D2,CPi,96.1384,56.2909,4,100.72,81396.7,131.404,1.03768,177.83,2807.32,24,55,7,31,0.292063,102136,150.502,159.061,1.23265,93.7078,134.746,76.1656,79.7622,42.09763376,51.03727273,14.56966405,15.93083333,63.40961031,78.21645161,0.77523707,4.640869463,0.882460973
hTME15-2_Str_04_xyz-10022-10689-298,hTME15-2,Q140,D2,CPi,64.7273,74.4101,7,138.83,69106.8,154.079,1.03383,190.43,2668.06,29,62,4,33,0.422333,89562.9,188.466,173.367,1.4753,126.541,118.299,90.4385,94.6591,36.11219821,43.02887097,18.96476188,20.7237931,51.18115741,62.63030303,0.702723309,3.275866901,0.688163265
hTME15-2_Str_04_xyz-10061-7790-230,hTME15-2,Q140,D2,CPi,65.3655,60.9224,3,50.27,15460.5,95.9263,1.0323,153.859,859.283,9,21,3,12,0.444444,19466.2,149.446,109.237,1.16817,128.337,128.389,70.1043,77.1607,34.67889826,40.91380952,10.19114441,10.56888889,53.04471365,63.6725,0.76197976,4.32188585,0.897959184
hTME15-2_Str_04_xyz-10088-12336-418,hTME15-2,Q140,D2,CPi,72.4692,64.403,5,68.25,28510.5,91.0605,1.0285,137.598,1378.5,16,37,5,21,0.354167,34715.9,125.986,106.981,1.1808,115.635,125.226,81.4617,84.6426,32.74811922,37.2527027,9.081123663,9.36625,50.78011584,58.49952381,0.801073756,5.400260588,0.81852552
hTME15-2_Str_04_xyz-10159-7454-314,hTME15-2,Q140,D1,CPi,70.1346,63.366,4,114.62,99496.3,137.347,1.02648,212.391,3006.86,25,57,7,32,0.348,121502,179.125,171.71,1.22284,126.489,131.273,82.8366,72.3276,46.15913821,52.74684211,20.03362038,21.2944,66.56969901,77.3190625,0.793603705,5.158881505,0.907439446
hTME15-2_Str_04_xyz-10199-12605-364,hTME15-2,Q140,D1,CPi,55.1307,63.4971,7,66.29,73164.9,129.055,1.03035,219.14,2829.98,39,83,5,44,0.349161,89004.4,145.351,126.289,1.60408,130.837,121.755,92.3779,93.7168,29.75295255,34.09084337,19.0230139,20.46871795,39.26357998,46.165,0.791762169,5.102337159,0.793950851
hTME15-2_Str_04_xyz-10315-7061-253,hTME15-2,Q140,D2,CPi,70.0597,72.0004,5,100.76,25286.9,101.164,1.04136,157.178,1201.31,12,26,2,14,0.555556,33905.1,140.963,131.33,1.2696,107.322,116.915,100.896,92.423,38.15649092,46.2,11.22517113,12.45666667,61.24047931,75.12285714,0.747033437,4.006576321,0.9140625
hTME15-2_Str_04_xyz-10668-7344-323,hTME15-2,Q140,D2,CPi,64.1669,87.1368,6,104.66,45193.2,109.771,1.03929,162.66,2121.58,24,52,4,28,0.413889,64890.5,162.23,141.319,1.38453,117.141,107.931,103.175,89.8819,33.85037742,40.79423077,13.72354504,15.50708333,51.10194804,62.46892857,0.744245193,3.952274688,0.896666667
hTME15-2_Str_04_xyz-10719-9387-352,hTME15-2,Q140,D1,CPi,48.792,54.7246,7,133.88,74875.7,156.539,1.02199,225.524,4366.74,44,94,6,50,0.533333,89269.8,207.911,195.322,1.42308,140.08,134.851,77.5792,90.0602,41.1928686,46.44989362,16.96297669,18.04204545,62.51517348,71.4488,0.78327505,4.855538637,0.754068047
hTME15-2_Str_04_xyz-10755-6761-221,hTME15-2,Q140,D2,CPi,63.5769,73.7086,6,107.05,59691.7,120.75,1.05122,206.04,2507.93,25,52,2,27,0.261429,89753.6,168.584,126.691,1.36592,124.573,118.795,103.175,89.0063,38.50658314,48.22480769,13.34002542,14.8468,61.80895141,79.13037037,0.764767966,4.385653797,0.898929845
hTME15-2_Str_04_xyz-10872-11150-277,hTME15-2,Q140,D2,CPi,80.3646,55.8358,6,74.63,54264.6,117.548,1.03113,165.56,2155.52,24,53,5,29,0.450397,67721.5,140.043,126.901,1.2964,112.04,127.517,91.629,95.6336,34.73283964,40.66471698,13.71147237,15.03291667,52.12983324,61.87724138,0.748726297,4.0401989,0.804370447
hTME15-2_Str_04_xyz-11407-9361-382,hTME15-2,Q140,D1,CPi,57.6662,53.7968,4,116.07,25720.4,129.722,1.03043,188.88,1709.31,15,36,6,21,0.413333,33102.9,218.595,148.091,1.36993,123.172,133.037,78.0796,71.9777,40.65116441,47.47555556,22.08502205,24.086,53.91269466,64.18238095,0.795011072,5.202859016,0.843100189
hTME15-2_Str_04_xyz-1404-7279-171,hTME15-2,Q140,D2,CPi,84.1777,78.6429,5,104.39,38505.8,161.71,1.02767,239.221,1441.81,11,25,3,14,0.649351,49972.6,217.397,210.931,1.3544,110.965,119.191,101.314,106.158,49.49184565,57.668,28.30794605,31.92545455,66.13633819,77.89428571,0.708169058,3.35248663,0.87890625
hTME15-2_Str_04_xyz-2346-9788-333,hTME15-2,Q140,D1,CPi,79.76,62.5324,4,73.13,36349.9,126.376,1.03081,213.389,1303.82,12,28,4,16,0.541667,42682.2,158.011,97.7415,1.24272,110.987,120.171,90.4852,86.568,41.52037768,46.56035714,16.12968309,17.4575,60.56339863,68.3875,0.83809289,6.970105186,0.848765432
hTME15-2_Str_04_xyz-2383-6193-236,hTME15-2,Q140,D1,CPi,74.3116,70.0284,5,35.54,25018.7,133.121,1.03532,211.25,1224.27,14,32,4,18,0.42381,32511.5,178.651,106.06,1.52097,106.989,118.531,97.2373,81.7831,32.30092418,38.2540625,19.76624237,21.61285714,42.05012114,51.19722222,0.726133722,3.629272661,0.8675
hTME15-2_Str_04_xyz-2568-9993-233,hTME15-2,Q140,D1,CPi,54.3777,71.7397,4,131.06,46144.2,127.319,1.03176,195.258,1588.27,15,35,5,20,0.511111,60073.1,169.547,134.688,1.35541,131.976,116.138,82.6933,111.058,39.33448191,45.37371429,20.65232043,22.57866667,53.34610303,62.47,0.742374346,3.916570731,0.72107438
hTME15-2_Str_04_xyz-2730-13819-293,hTME15-2,Q140,D2,CPi,66.8589,50.4217,6,82.85,41774.7,131.957,1.03272,189.6,1910.58,18,42,6,24,0.439815,50636.2,183.928,138.809,1.26573,124.471,127.85,82.3609,83.3721,38.34588779,45.4852381,14.06242752,14.68666667,56.55848299,68.58416667,0.728702384,3.672176366,0.823964497
hTME15-2_Str_04_xyz-3013-12986-221,hTME15-2,Q140,D2,CPi,85.4167,67.9164,5,53.52,30232.4,117.711,1.02838,195.65,1346.07,14,30,2,16,0.424542,41671.4,148.003,144.04,1.33826,107.891,117.209,81.6164,101.709,38.57185617,44.86366667,12.53857159,13.99714286,61.35098018,71.871875,0.798078425,5.30107997,0.87654321
hTME15-2_Str_04_xyz-3071-10313-236,hTME15-2,Q140,D1,CPi,37.8012,92.8508,3,69.34,11050.9,95.1418,1.05264,96.9274,612.226,5,12,2,7,0.6,15320.7,157.02,140.89,1.15517,135.998,103.871,115.905,108.521,38.01326368,51.015,10.20308457,10.958,57.87767733,79.62714286,0.680905277,2.997688068,0.851851852
hTME15-2_Str_04_xyz-3236-10174-269,hTME15-2,Q140,D1,CPi,68.4431,75.2906,6,113.06,51490.3,125.186,1.0305,208.198,1704.07,16,35,3,19,0.510417,66277.4,161.1,127.829,1.37865,118.578,114.661,88.6485,92.9834,39.55885511,48.68228571,15.91710831,17.07875,59.46769452,75.29578947,0.746509604,3.996273293,0.882086168
hTME15-2_Str_04_xyz-3340-13790-100,hTME15-2,Q140,D2,CPi,71.1063,73.2416,9,115.18,48590.7,115.475,1.03272,169.69,2159.74,24,53,5,29,0.433261,66847,167.067,147.84,1.3977,114.445,121.486,82.478,78.7888,35.08063284,40.74433962,14.95375839,16.29,51.73735652,60.98241379,0.725764663,3.623181524,0.801248699
hTME15-2_Str_04_xyz-3427-11404-49,hTME15-2,Q140,D1,CPi,65.6578,62.2501,6,83.07,32255.5,146.595,1.02907,200.23,2455.55,22,48,4,26,0.405711,40114,190.342,156.918,1.38365,121.945,126.593,81.6206,67.8016,43.29811116,51.15270833,20.34125978,21.91954545,62.72313926,75.88846154,0.762312661,4.329412021,0.845663265
hTME15-2_Str_04_xyz-3473-13077-286,hTME15-2,Q140,D2,CPi,53.6755,81.4346,7,75.72,65165.9,143.107,1.04387,219.15,2824.73,26,62,10,36,0.416667,91121.6,189.298,152.729,1.3927,125.435,96.0776,98.0581,100.659,36.02905687,45.55532258,18.66979708,20.58153846,48.56630004,63.59194444,0.718569402,3.507957352,0.756925208
hTME15-2_Str_04_xyz-3477-12356-336,hTME15-2,Q140,D2,CPi,74.3256,72.3565,5,96.43,48699,116.545,1.0291,175.1,2197.83,27,57,3,30,0.439634,68180,162.33,127.583,1.32308,116.107,122.004,81.7437,75.3818,32.73072523,38.55403509,11.16483407,11.89740741,52.14002728,62.545,0.700923413,3.251220198,0.7578125
hTME15-2_Str_04_xyz-3559-13216-179,hTME15-2,Q140,D1,CPi,69.8243,65.9945,4,127.84,56304.8,128.268,1.02445,160.929,2281.86,19,45,7,26,0.194737,68212.1,145.698,161.562,1.22885,121.06,127.99,95.5058,84.1145,44.78353431,50.70288889,17.79602909,18.99631579,64.50517274,73.87307692,0.790314761,5.058671032,0.871173469
hTME15-2_Str_04_xyz-3591-11500-58,hTME15-2,Q140,D1,CPi,54.3197,56.2678,4,79.47,11515,123.026,1.04823,152.632,958.348,5,15,5,10,0.6,13776.3,143.974,107.81,1.2,135.99,121.574,68.2449,72.0859,47.88298709,63.884,18.60040488,19.192,62.52427819,86.23,0.764410809,4.37739158,0.916666667
hTME15-2_Str_04_xyz-3742-14860-195,hTME15-2,Q140,D2,CPi,55.4914,66.8497,3,109.78,44311.2,123.807,1.02931,170.889,1736.45,12,30,6,18,0.277778,55652,146.201,143.049,1.19088,135.607,122.716,111.204,96.1145,48.73309842,57.87733333,14.89573541,15.89583333,71.29134042,85.865,0.779923671,4.763910011,0.8975
hTME15-2_Str_04_xyz-4260-15618-338,hTME15-2,Q140,D2,CPc,58.5962,44.1836,5,66.23,49839.9,139.439,1.02675,193.99,1809.6,21,46,4,25,0.44898,57209.3,157.967,87.1227,1.44617,126.355,138.38,108.841,99.2634,34.88894697,39.335,17.90427882,19.83952381,49.15606821,55.7112,0.839851537,7.065028131,0.744855967
hTME15-2_Str_04_xyz-4832-4972-282,hTME15-2,Q140,D2,CPi,50.0633,61.9549,4,85.8,59113.7,180.638,1.0283,231.73,1675.72,10,27,7,17,0.4,72305.1,231,177.25,1.32365,138.069,130.2,113.462,119.369,53.25808753,62.05851852,27.51336457,30.254,68.40204222,80.76705882,0.789460541,5.03321437,0.789473684
hTME15-2_Str_04_xyz-4941-15373-385,hTME15-2,Q140,D2,CPc,73.191,66.9172,5,100.76,68307.7,128.083,1.02719,184.355,2645.13,31,68,6,37,0.446697,85660.6,144.771,139.061,1.27399,117.071,125.36,86.5861,84.2002,33.84839257,38.89382353,14.44671277,15.86064516,50.10385403,58.19189189,0.793238154,5.147567888,0.849441157
hTME15-2_Str_04_xyz-5328-6326-87,hTME15-2,Q140,D2,CPi,72.0347,65.55,5,81.35,73587,154.972,1.03313,211.021,2499.83,16,41,9,25,0.265873,91519.2,183.376,153.14,1.20444,121.841,126.164,98.848,113.177,51.238504,60.96560976,17.69064129,20.7775,72.70913613,86.686,0.770390311,4.519494,0.835390947
hTME15-2_Str_04_xyz-5377-3655-132,hTME15-2,Q140,D1,CPi,65.6609,78.0841,5,105.51,39678.4,119.404,1.04815,145.285,1831.46,20,42,2,22,0.276732,60558.9,169.707,132.099,1.39442,124.172,118.663,85.9265,75.7644,35.02838978,43.60047619,15.01223723,17.42,53.22489209,67.40090909,0.700195914,3.241350975,0.859375
hTME15-2_Str_04_xyz-5396-14875-231,hTME15-2,Q140,D1,CPi,68.6982,59.6898,5,77.83,72854.6,145.368,1.02913,226.449,2611.08,21,50,8,29,0.595238,86469,164.597,182.61,1.32133,120.164,122.839,91.0414,106.366,46.10358971,52.2166,21.46416451,23.19714286,63.9459321,73.23068966,0.82732963,6.435967783,0.918834547
hTME15-2_Str_04_xyz-5417-8451-416,hTME15-2,Q140,D2,CPi,65.8328,66.6847,4,55.85,53209.2,137.166,1.03035,172.714,1608.45,15,34,4,19,0.284444,68686.1,162.374,145.399,1.34709,121.804,126.58,88.3779,96.0738,40.56488638,47.30235294,19.12035607,21.844,57.49477872,67.40105263,0.79478581,5.195774804,0.87755102
hTME15-2_Str_04_xyz-5489-4534-369,hTME15-2,Q140,D1,CPi,67.3561,48.6502,3,40.63,24235.6,113.31,1.03045,189.09,1051.36,9,21,3,12,0.259259,29139.4,136.527,94.7199,1.22359,125.383,128.185,86.9851,106.132,42.82704914,50.06,16.02975504,17.18444444,62.92501972,74.71666667,0.783782278,4.869682511,0.918367347
hTME15-2_Str_04_xyz-5748-4086-254,hTME15-2,Q140,D2,CPi,65.5121,69.461,8,77.75,44853.4,154.975,1.05771,231.54,1913.85,17,36,2,19,0.502941,81404.3,257.216,126.821,1.43352,117.016,101.21,68.2617,80.6407,39.02838239,53.1575,14.19435275,16.34470588,61.24830365,86.09526316,0.66415071,2.810924045,0.818594104
hTME15-2_Str_04_xyz-5820-5528-299,hTME15-2,Q140,D1,CPi,80.6452,63.0566,4,91.38,102610,196.784,1.02524,265.67,2707.61,18,43,7,25,0.259259,124874,229.836,203.38,1.22738,109.341,127.094,82.8135,87.1491,55.59691828,62.96232558,24.86537944,27.91833333,77.72362624,88.194,0.813031292,5.831715839,0.858710562
hTME15-2_Str_04_xyz-5830-2774-240,hTME15-2,Q140,D2,CPi,47.5838,78.4545,7,115.51,62089,149.889,1.05136,199.019,2437.81,15,39,9,24,0.506667,86137.6,228.609,176.579,1.37225,133.052,112.173,66.4804,78.024,46.99711225,62.50307692,27.05093381,30.61333333,59.46347377,82.43416667,0.67142066,2.889393414,0.763313609
hTME15-2_Str_04_xyz-5992-4473-411,hTME15-2,Q140,D1,CPi,73.1305,75.3687,5,37.18,25483.2,129.311,1.03946,171.099,1272.12,15,34,4,19,0.236508,33098.4,154.235,104.23,1.19099,116.743,118.744,93.0146,90.3286,31.28049379,37.41117647,10.79004138,11.64666667,47.45716675,57.75157895,0.750628675,4.078588624,0.922902494
hTME15-2_Str_04_xyz-6197-9887-342,hTME15-2,Q140,D1,CPi,41.5071,61.2946,5,118.53,76423.1,156.275,1.02987,204.911,2904.15,24,56,8,32,0.25,94755.9,181.801,153.996,1.30973,137.558,123.942,94.031,77.6855,44.23230093,51.85428571,17.54026308,18.7775,64.25132932,76.661875,0.751146844,4.089158294,0.852076125
hTME15-2_Str_04_xyz-6203-5615-266,hTME15-2,Q140,D1,CPi,63.7203,68.8194,11,103.54,41628.9,172.036,1.0269,219.189,2535.91,21,44,2,23,0.56431,58196.2,218.741,208.31,1.45777,119.515,109.682,97.7185,94.048,50.86794444,57.62954545,17.34318587,18.53428571,81.47750661,93.32521739,0.84685278,7.467165603,0.8688
hTME15-2_Str_04_xyz-6637-13883-326,hTME15-2,Q140,D1,CPi,48.4349,70.1441,4,79.69,62336.3,121.673,1.04599,170.751,1520.57,14,32,4,18,0.369048,80549.7,174.242,97.9299,1.27382,130.225,119.81,76.0015,80.6954,36.34392987,47.5125,14.34596509,16.025,53.45345804,72.00277778,0.762426844,4.331998858,0.8425
hTME15-2_Str_04_xyz-6637-3329-103,hTME15-2,Q140,D1,CPi,61.3399,54.6838,3,108.06,27814,126.783,1.03978,149.35,1288.52,9,24,6,15,0.244444,33660.7,147.337,119.176,1.2035,127.625,129.182,100.979,100.836,45.90060971,53.6825,20.75619623,23.41666667,60.9872578,71.842,0.793344263,5.150847307,0.865051903
hTME15-2_Str_04_xyz-6728-4757-184,hTME15-2,Q140,D2,CPi,66.8815,94.4509,6,87.64,20206.9,108.292,1.04518,148.571,1100.37,11,24,2,13,0.52381,28393.9,138.036,122.1,1.27869,114.308,100.428,93.7226,90.7457,37.46779338,45.84416667,11.44798451,12.78727273,59.48455474,73.81538462,0.726780285,3.639987831,0.897777778
hTME15-2_Str_04_xyz-6729-4062-273,hTME15-2,Q140,D2,CPi,65.2866,70.013,5,113.32,51131.9,132.039,1.03842,194.06,2398.4,26,55,3,29,0.27712,66296.4,172.285,137.849,1.38282,122.299,125.985,89.0152,92.492,36.66938279,43.60236364,14.79842786,16.39576923,56.27782514,67.99448276,0.724437951,3.601434099,0.800208117
hTME15-2_Str_04_xyz-6956-6978-244,hTME15-2,Q140,D1,CPi,85.8798,60.6438,3,124.32,95326.7,123.315,1.0283,179.791,3596.21,30,71,11,41,0.295556,116280,143.496,142.529,1.17644,104.389,127.577,77.8402,92.1851,43.26206692,50.64577465,16.88230886,18.056,62.56432891,74.49195122,0.790020942,5.049888859,0.844780963
hTME15-2_Str_04_xyz-6957-9380-364,hTME15-2,Q140,D2,CPi,84.3695,69.0663,5,93.66,50097.9,128.62,1.02729,185.14,2068.21,20,46,6,26,0.513333,62399,172.835,160.76,1.2559,103.203,112.57,89.5316,93.2233,38.96252006,44.95608696,15.91690344,16.8655,56.68991745,66.56423077,0.776896658,4.683781463,0.786989796
hTME15-2_Str_04_xyz-6995-6604-299,hTME15-2,Q140,D2,CPi,74.753,72.3338,4,127.82,48852.3,129.519,1.03739,187.66,2118.7,16,39,7,23,0.375,64316.5,167.487,139.097,1.24282,121.255,112.36,92.0259,81.4513,43.71650315,54.32051282,18.02739941,19.083125,61.58718401,78.83347826,0.722714703,3.57353076,0.8368
hTME15-2_Str_04_xyz-7310-8340-364,hTME15-2,Q140,D1,CPi,64.5354,76.8209,5,103.51,35083.1,126.33,1.03721,186.729,1495.81,17,38,4,21,0.397059,47486.2,154.448,148.571,1.40464,124.394,119.536,89.1662,89.6537,32.69650829,39.35763158,18.96652095,20.64941176,43.81125994,54.50238095,0.696824817,3.196300848,0.814744802
hTME15-2_Str_04_xyz-7406-5594-399,hTME15-2,Q140,D1,CPi,72.4663,59.1414,4,110.65,78930.9,141.459,1.02856,169.619,3077.46,29,65,7,36,0.417241,93559.8,162.166,155.759,1.22481,120.372,131.014,88.1572,92.688,40.97995088,47.34015385,15.0318659,15.89655172,61.88257489,72.66972222,0.799628673,5.351998454,0.781855956
hTME15-2_Str_04_xyz-7420-8374-249,hTME15-2,Q140,D1,CPi,41.5064,61.8656,3,103.75,35562.6,131.816,1.03675,195.459,1512.11,10,26,6,16,0.333333,44599.2,180.015,116.508,1.20508,144.527,127.512,103.644,92.1437,48.55579176,58.15230769,21.63734401,23.405,65.3798216,79.869375,0.79835817,5.310203741,0.87345679
hTME15-2_Str_04_xyz-7572-9607-327,hTME15-2,Q140,D1,CPi,70.4157,81.9879,3,130.46,57722.6,166.268,1.03141,183.696,1958.59,15,35,5,20,0.368889,71730.5,191.047,171.599,1.24765,120.453,111.35,87.045,94.8696,46.1823577,55.95428571,22.32179995,23.75866667,64.07777601,80.101,0.722580173,3.571368572,0.863636364
hTME15-2_Str_04_xyz-7656-14076-425,hTME15-2,Q140,D1,CPi,61.0043,66.0021,9,87.33,47833.9,109.192,1.0373,133.78,2317.13,36,77,5,41,0.49041,61662,129.262,118.87,1.60206,123.598,116.606,82.6903,91.1855,25.17522694,30.08766234,12.23023577,13.35888889,36.54156065,44.77634146,0.740694935,3.885007154,0.747431044
hTME15-2_Str_04_xyz-7782-8455-291,hTME15-2,Q140,D2,CPi,93.5763,84.524,6,91.64,20969.3,102.263,1.0525,150.53,999.83,10,22,2,12,0.442857,39087,230.375,117.289,1.6275,90.285,103.411,78.0835,85.3607,35.0573097,45.44181818,14.36142429,16.731,52.30388087,69.3675,0.713800919,3.435122893,0.862244898
hTME15-2_Str_04_xyz-7788-13351-288,hTME15-2,Q140,D2,CPi,60.4734,61.5181,5,45.83,38729.9,126.341,1.03065,199.519,1857.73,21,46,4,25,0.338624,46621.9,141.376,127.21,1.32417,129.869,131.629,100.438,98.9154,34.73756509,40.38,14.16474422,15.42047619,52.01873462,61.346,0.7935898,5.158450333,0.882030178
hTME15-2_Str_04_xyz-7792-5669-312,hTME15-2,Q140,D1,CPi,57.7771,63.2317,4,127.51,21716.4,120.017,1.02254,178.312,1647.1,11,28,6,17,0.393939,27131.5,152.767,145.062,1.15344,116.993,113.174,94.5395,113.149,51.80091866,58.81928571,18.26347786,19.07272727,73.50161565,84.53764706,0.814866484,5.903456596,0.861495845
hTME15-2_Str_04_xyz-8072-6739-285,hTME15-2,Q140,D2,CPi,87.8744,82.7878,6,132,87318.9,131.142,1.02985,191.8,3058.51,29,62,4,33,0.452299,108528,166.503,156.71,1.21785,110.422,118.754,87.8561,85.4498,42.35868984,49.32548387,11.39180731,12.14758621,69.57201086,81.9969697,0.764839574,4.387313684,0.911836735
hTME15-2_Str_04_xyz-8256-7413-208,hTME15-2,Q140,D1,CPi,81.4896,65.646,4,156.12,100316,142.343,1.03028,187.257,2657.24,22,49,5,27,0.265152,123990,175.072,144.82,1.25485,105.102,125.26,86.419,100.118,46.1740568,54.22408163,17.86607052,19.22454545,69.23982339,82.74222222,0.7549244,4.167716404,0.872770511
hTME15-2_Str_04_xyz-8582-12595-384,hTME15-2,Q140,D1,CPi,63.129,61.4205,7,59.8,19686.5,92.1711,1.03484,122.289,1011.53,13,30,4,17,0.523077,25994.6,124.067,69.8314,1.36092,125.107,122.582,83.095,83.7957,28.0826238,33.71266667,11.62554683,12.81,40.66744738,49.69705882,0.713882007,3.436338989,0.930747922
hTME15-2_Str_04_xyz-8826-8197-404,hTME15-2,Q140,D2,CPi,58.8554,65.0428,6,104.57,55043.9,132.44,1.04056,142.972,2298.74,24,53,5,29,0.324074,67314.1,148.371,133.153,1.2321,127.343,129.062,76.1783,69.5875,35.88603022,43.36773585,13.21115605,14.0225,54.65144332,67.65344828,0.774916287,4.632656226,0.905306972
hTME15-2_Str_04_xyz-8853-13250-416,hTME15-2,Q140,D1,CPi,62.0724,54.4663,6,103.29,94719.1,137.487,1.02508,222.44,2998.89,42,88,4,46,0.467744,113817,160.204,127.511,1.45273,125.931,136.826,103.541,91.6694,30.24952438,34.07306818,13.49238435,14.41880952,45.5495218,52.01826087,0.823435035,6.260538971,0.734375
hTME15-2_Str_04_xyz-8882-3959-156,hTME15-2,Q140,D1,CPi,55.797,69.1959,6,185.84,68098.4,225.151,1.03191,247.67,1890.44,10,25,5,15,0.414286,92374,299.918,193.401,1.34187,126.379,120.298,89.4132,93.0997,62.24892419,75.6128,26.30330227,29.071,86.21267213,106.6406667,0.729467416,3.685129171,0.837370242
hTME15-2_Str_04_xyz-8899-3594-394,hTME15-2,Q140,D2,CPi,80.9259,76.6146,3,73.57,38063.3,171.942,1.0377,227.86,1513.35,11,31,9,20,0.136364,51415.8,228.119,108.83,1.30259,104.569,98.0865,61.5884,70.991,38.99256693,48.81290323,28.4421983,32.21727273,44.79526968,57.9405,0.762607003,4.336086007,0.799586777
hTME15-2_Str_04_xyz-8958-7915-410,hTME15-2,Q140,D2,CPi,95.8859,79.7661,8,86.19,39390.3,116.597,1.02756,174.96,1634.04,18,41,5,23,0.478114,65565.5,214.761,128.43,1.63649,91.8077,106.766,78.1113,69.7931,35.01596477,39.84902439,19.16642671,20.57388889,47.41995108,54.93391304,0.763822064,4.363832651,0.8656
hTME15-2_Str_04_xyz-9027-7471-250,hTME15-2,Q140,D1,CPi,54.0913,57.8007,5,112.64,63592.9,143.05,1.0362,210.42,2348.7,18,41,5,23,0.452381,79334.6,165.675,166.73,1.2807,138.164,131.1,92.1092,109.498,47.93447242,57.28073171,14.59452058,16.17166667,74.02660865,89.45304348,0.77251563,4.572008609,0.8368
hTME15-2_Str_04_xyz-9072-12622-321,hTME15-2,Q140,D1,CPi,66.1144,62.7366,4,61.54,12058.1,94.4239,1.0439,57.5686,633.428,6,15,3,9,0.333333,15285.9,123.233,101.959,1.2,120.751,122.705,117.468,113.541,33.62171403,42.22333333,18.09390812,20.23833333,43.97358463,56.88,0.658178012,2.749191005,0.909090909
hTME15-2_Str_04_xyz-9225-5497-366,hTME15-2,Q140,D1,CPi,64.8651,63.9534,7,135.69,68066,126.357,1.02315,200.109,2813.23,29,63,5,34,0.368898,80992.4,150.293,150.335,1.28257,126.479,128.208,86.0314,97.3883,39.66227798,44.64984127,16.79810766,17.75206897,59.16407032,67.59205882,0.794164395,5.17632164,0.915895062
hTME15-2_Str_04_xyz-9326-5784-205,hTME15-2,Q140,D1,CPi,53.1861,66.1581,7,141.66,88309.1,128.718,1.03426,201.13,3424.29,32,69,5,37,0.446039,138231,334.567,137.564,1.37194,130.992,126.592,86.3503,83.8614,41.73779368,49.62289855,17.22788215,21.639375,62.935555,73.82486486,0.800573035,5.383449432,0.833004602
hTME15-2_Str_04_xyz-9493-12207-178,hTME15-2,Q140,D2,CPi,79.4401,65.1873,5,94.69,60190.4,114.471,1.03267,176.389,2238.24,24,54,6,30,0.4875,75526.2,133.854,146.522,1.27223,110.469,122.42,102.198,90.7538,35.22055826,41.44351852,12.43378864,13.54125,53.44997396,63.76533333,0.762032323,4.323072629,0.813476563
hTME15-2_Str_04_xyz-9830-10236-265,hTME15-2,Q140,D1,CPi,47.0105,70.7059,7,122.12,45229.2,120.068,1.02965,151.158,1999.69,20,42,2,22,0.535,58359.4,141.709,164.102,1.3067,134.204,116.958,106.74,104.713,40.78192981,47.60690476,11.09191922,11.8145,67.77284854,80.14545455,0.7541762,4.151943585,0.883680556
hTME15-2_Str_04_xyz-9854-5380-305,hTME15-2,Q140,D1,CPi,56.8307,54.4386,4,124.41,67889.7,121.77,1.03253,175.01,2949.67,29,65,7,36,0.471264,82080,193.067,146.379,1.38605,133.097,133.807,88.338,94.3133,39.03914846,45.37476923,16.19605344,18.02931034,57.44053056,67.40305556,0.820712202,6.142935602,0.802631579
hTME15-2_Str_04_xyz-9880-11173-190,hTME15-2,Q140,D2,CPi,82.5122,51.7858,2,35.69,8886.64,94.5775,1.02045,125.611,635.829,4,13,5,9,0.25,10332,111.983,85.8715,1.12169,102.224,132.305,77.9405,82.1607,43.41281485,48.90538462,20.07684919,22.1175,53.78435515,60.81111111,0.867841806,8.962069828,0.892561983
hTME15-2_Str_05_xyz-10208-7967-174,hTME15-2,Q140,D1,CPc,63.0999,62.1061,5,122.15,68219.5,147.505,1.02973,185.47,2936.72,34,74,6,40,0.260294,85199.9,164.435,133.521,1.41254,122.805,126.745,86.5292,87.219,34.2020028,39.68027027,18.09959966,19.55176471,47.88904547,56.7895,0.754707574,4.163134471,0.757369615
hTME15-2_Str_05_xyz-10390-10875-187,hTME15-2,Q140,D2,CPc,63.3801,74.838,3,26.87,25654,110.593,1.03175,166.4,1198.02,10,24,4,14,0.433333,34552.9,135.254,160.22,1.29193,120.272,101.815,88.6608,79.7033,42.10248973,49.91208333,24.16428753,28.044,54.91549129,65.53214286,0.784973442,4.903190229,0.859375
hTME15-2_Str_05_xyz-10463-7202-164,hTME15-2,Q140,D1,CPc,59.6358,74.2967,4,106.35,38521.7,115.805,1.03914,161.91,2403.09,20,47,7,27,0.491667,49992,149.089,146.522,1.30925,119.447,113.51,86.8991,72.8356,42.86384361,51.12468085,15.18893784,16.372,63.36377381,76.86740741,0.752223632,4.111279927,0.801426873
hTME15-2_Str_05_xyz-10522-8982-152,hTME15-2,Q140,D1,CPc,62.6765,59.199,5,126.21,61176.1,118.431,1.03358,166.973,2746.32,24,56,8,32,0.458333,73594.3,138.461,157.049,1.21694,117.279,125.691,94.1566,106.833,42.04316392,49.03642857,13.97499193,15.07041667,63.09429292,74.5109375,0.811516541,5.773675087,0.903979239
hTME15-2_Str_05_xyz-10729-10167-370,hTME15-2,Q140,D2,CPc,57.5583,59.8307,8,83.43,56470.2,136.865,1.03069,203.779,2281.92,32,66,2,34,0.514332,69112.7,167.603,131.462,1.60084,131.093,127.785,68.6597,64.0146,30.26584343,34.56939394,13.69791985,15.1021875,45.85918328,52.89147059,0.830776862,6.598787249,0.761574074
hTME15-2_Str_05_xyz-10846-7659-265,hTME15-2,Q140,D2,CPc,79.0122,70.4575,6,97.1,40328.7,110.208,1.03281,152.952,2122.4,23,52,6,29,0.404762,50640.6,134.556,137.707,1.27296,114.874,115.686,96.1985,96.1049,34.92316213,40.81,12.04427859,12.76826087,53.06848357,63.05,0.795035605,5.203631614,0.867845994
hTME15-2_Str_05_xyz-10904-7248-200,hTME15-2,Q140,D2,CPc,53.2232,84.4725,5,39.88,40080,144.067,1.04671,211.842,1680.35,14,32,4,18,0.410714,55061.2,176.802,146.53,1.34851,131.614,111.889,94.3554,69.9791,41.35542951,52.50625,14.31338215,16.12714286,62.38813301,80.80111111,0.722254539,3.566144528,0.84
hTME15-2_Str_05_xyz-2476-13244-150,hTME15-2,Q140,D2,CPc,65.681,51.4332,7,66.48,36316.7,139.957,1.03458,208.74,1944.19,21,48,6,27,0.514286,43421.3,155.967,142.818,1.35489,120.828,132.451,90.4341,87.2523,34.76609176,40.49854167,16.75604191,18.14142857,48.7739083,57.88740741,0.773209709,4.589396178,0.829964328
hTME15-2_Str_05_xyz-2966-13728-103,hTME15-2,Q140,D2,CPc,84.2746,75.7419,4,99.97,43782.2,118.953,1.03429,181.16,1736.55,21,45,3,24,0.368481,55267.4,146.36,98.0956,1.34596,100.501,121.443,87.7443,94.3156,33.20025061,38.58488889,14.24493568,15.60761905,49.78615117,58.69,0.746313661,3.992431528,0.852071006
hTME15-2_Str_05_xyz-3986-13570-322,hTME15-2,Q140,D1,CPc,64.8128,53.4182,4,36.97,17488.5,119.507,1.02406,165.6,1279.32,16,36,4,20,0.427083,20808.7,130.733,111.76,1.42424,124.421,132.003,78.4809,76.7959,30.92356129,35.53138889,17.10314606,18.96625,41.97989347,48.7835,0.829061518,6.516851475,0.892561983
hTME15-2_Str_05_xyz-4449-12866-339,hTME15-2,Q140,D1,CPc,84.196,59.9456,3,67.89,27009.4,119.378,1.02607,174.152,1249.45,11,26,4,15,0.0909091,34801.9,138.501,126.532,1.2543,112.141,111.064,101.202,98.2627,41.48972425,48.05,15.00328519,16.52636364,60.91311289,71.16733333,0.799323126,5.341893218,0.833910035
hTME15-2_Str_05_xyz-4792-12787-294,hTME15-2,Q140,D1,CPc,78.2516,59.2161,5,89.92,31421.5,135.649,1.02272,206.711,2306.22,23,50,4,27,0.436232,37889.4,151.144,131.739,1.33603,115.681,121.534,85.0602,85.263,41.16159032,46.1194,12.02840496,12.72173913,65.97874822,74.56925926,0.82828807,6.480504261,0.775267539
hTME15-2_Str_05_xyz-6287-3624-378,hTME15-2,Q140,D1,CPc,71.5158,77.8152,6,99.69,49094.8,103.992,1.04037,154.831,2422.88,37,78,4,41,0.422355,69340.2,178.565,114.86,1.67003,114.288,111.447,86.3458,90.2525,26.36473464,31.0575641,14.56137402,16.41486486,37.01654788,44.27170732,0.679605362,2.982428473,0.743104381
hTME15-2_Str_05_xyz-6491-12919-313,hTME15-2,Q140,D1,CPc,82.6619,68.2399,6,75.45,78533.2,135.45,1.0213,171.59,2813.59,33,71,5,38,0.393913,100724,157.897,161.27,1.31448,111.464,125.607,87.5243,80.6644,35.28410001,39.62338028,14.95753436,15.70090909,52.93611755,60.39815789,0.74653519,3.996775446,0.8725
hTME15-2_Str_05_xyz-6553-14335-261,hTME15-2,Q140,D2,CPc,84.3281,66.0787,6,82.8,71134,112.178,1.03167,141.88,2454.27,27,62,8,35,0.415344,92330.7,156.271,118.71,1.20166,103.163,123.439,98.7189,101.857,34.25255512,39.58032258,10.63873615,11.22407407,52.46892975,61.45514286,0.765655086,4.406297112,0.766983199
hTME15-2_Str_05_xyz-6563-3606-314,hTME15-2,Q140,D1,CPc,68.3352,54.1201,4,74.82,26584.8,121.505,1.03036,162.33,1151.39,14,31,3,17,0.395238,33872.1,142.227,68.7497,1.55705,117.17,129.487,86.4998,90.5467,31.45615028,37.13516129,19.81752579,22.06857143,41.04089985,49.54294118,0.723953696,3.593553899,0.889196676
hTME15-2_Str_05_xyz-6669-2734-143,hTME15-2,Q140,D1,CPi,28.4274,35.2654,2,71.97,18712.9,158.134,1.02405,185.819,1010.19,4,13,5,9,0.25,21652.7,177.705,169.08,1.05394,136.73,139.601,116.338,118.206,69.42851738,77.70153846,25.23833449,28.26,89.06859867,99.67555556,0.864154938,8.661964544,0.851239669
hTME15-2_Str_05_xyz-6676-3387-325,hTME15-2,Q140,D2,CPc,98.6456,86.206,5,72.11,24822.4,103.225,1.03746,122.142,1420.91,17,39,5,22,0.294118,35760.4,129.376,98.3405,1.33608,96.6523,102.036,77.7369,85.8519,30.44276355,36.42871795,14.2805952,15.62176471,42.93171182,52.50681818,0.695087093,3.173507666,0.854166667
hTME15-2_Str_05_xyz-7019-4081-313,hTME15-2,Q140,D1,CPc,47.5863,64.9475,6,79.64,29715.5,119.409,1.03884,166.86,1312.83,11,25,3,14,0.409091,37967.5,147.01,130.563,1.23748,131.353,110.617,109.537,100.428,43.93647807,52.5088,18.40677124,20.78909091,63.99553344,77.43142857,0.755364235,4.177038644,0.859375
hTME15-2_Str_05_xyz-7141-10880-236,hTME15-2,Q140,D1,CPc,64.0262,58.4544,5,88.07,60844.2,115.298,1.02758,166.65,2389.81,26,57,5,31,0.409341,76862.6,163.536,153.309,1.24334,112.915,126.172,84.5833,74.6631,36.61282063,41.92175439,12.31175735,13.18923077,56.99435758,66.02,0.788883616,5.016151305,0.713498623
hTME15-2_Str_05_xyz-7223-4878-237,hTME15-2,Q140,D2,CPc,64.9251,67.8266,4,107.54,89275.9,115.461,1.02688,179.26,3114.07,25,60,10,35,0.304,108013,139.585,152.041,1.23211,127.482,128.863,87.1704,85.9639,44.39958399,51.89616667,20.72193614,22.6616,61.3121896,72.778,0.781077053,4.795091453,0.905770636
hTME15-2_Str_05_xyz-7351-3873-395,hTME15-2,Q140,D1,CPc,71.2904,73.8129,7,72.15,43974.8,130.652,1.04455,141.959,1896.13,25,57,7,32,0.453333,59845.9,178.135,121.923,1.44359,120.322,112.032,86.8069,95.4516,26.93986286,33.26140351,19.54002656,22.0056,32.72098498,42.055,0.663966288,2.808981876,0.725778547
hTME15-2_Str_05_xyz-7418-3772-126,hTME15-2,Q140,D2,CPi,87.9247,61.0469,3,59.05,21696.3,111.385,1.07241,131.2,1407.46,10,27,7,17,0.2,34346.6,213.135,97.1492,1.21818,119.214,115.351,72.54,78.4235,33.40269866,52.12222222,26.86377,32.859,37.24912729,63.45352941,0.595820967,2.2222507,0.886426593
hTME15-2_Str_05_xyz-7706-13133-297,hTME15-2,Q140,D1,CPc,52.5516,60.8425,5,71.44,31633.1,106.138,1.03137,158.38,1524.46,16,37,5,21,0.526786,38923.7,152.662,117.94,1.25124,134.602,128.251,102.22,76.8326,35.46485804,41.19702703,12.82352514,13.961875,52.71539739,61.94761905,0.800095874,5.367516665,0.93194707
hTME15-2_Str_05_xyz-7781-11142-155,hTME15-2,Q140,D1,CPc,77.0614,67.6712,5,124.27,104315,132.898,1.02968,207.729,3255.28,30,68,8,38,0.333333,124573,155.62,169.302,1.28081,115.95,130.084,75.0974,80.5912,41.47254272,47.86661765,17.4785642,18.59266667,60.41515734,70.97763158,0.790936238,5.077337466,0.803125
hTME15-2_Str_05_xyz-7793-14038-338,hTME15-2,Q140,D2,CPc,74.271,54.0446,4,74.59,72942.1,132.671,1.0299,211.47,2498.08,24,55,7,31,0.444444,88958.4,164.077,102.521,1.24022,117.038,133.391,102.862,99.7783,38.43939868,45.41454545,15.58162909,17.04166667,56.13573642,67.38064516,0.792499478,5.124841908,0.842056933
hTME15-2_Str_05_xyz-8052-3659-143,hTME15-2,Q140,D1,CPi,46.748,66.1317,3,118.42,44487.4,110.647,1.03277,163.01,2193.52,19,45,7,26,0.333333,54659.4,149.01,148.556,1.22568,136.523,127.274,62.6483,65.7029,42.01197363,48.73933333,18.6685799,20.14210526,59.0706075,69.63730769,0.760520465,4.289168896,0.869897959
hTME15-2_Str_05_xyz-8324-5813-247,hTME15-2,Q140,D1,CPc,50.8819,55.9102,9,103.33,63697.2,121.712,1.03889,184.77,2740.01,28,60,4,32,0.502257,87827,178.791,130.749,1.40791,132.163,124.289,88.8287,93.6203,38.28386692,45.66116667,12.91701064,14.62178571,60.47986616,72.820625,0.758741617,4.249882644,0.827854671
hTME15-2_Str_05_xyz-8683-6413-216,hTME15-2,Q140,D2,CPc,60.8655,58.9177,5,114.4,46445.6,106.783,1.03106,134.255,2119.73,21,47,5,26,0.330688,59132,126.88,117.666,1.22981,121.466,127.986,94.8986,106.661,38.2445665,45.09638298,12.22817237,13.19714286,59.25780792,70.86115385,0.75724707,4.217369919,0.790816327
hTME15-2_Str_05_xyz-8906-4399-323,hTME15-2,Q140,D2,CPc,66.4098,53.8593,3,84.73,29255.7,119.67,1.03621,132.46,1572.54,13,36,10,23,0.461538,37320.6,140.406,116.61,1.2089,122.483,129.266,62.6095,61.2136,35.2861181,43.67555556,18.26760891,20.06538462,44.90527547,57.02043478,0.773750904,4.603036239,0.6672
hTME15-2_Str_05_xyz-8950-10517-90,hTME15-2,Q140,D2,CPi,71.6326,71.8852,5,124.88,71450.6,114.447,1.03809,180.92,3124.21,33,72,6,39,0.393939,100876,222.136,125.33,1.29798,101.326,114.566,94.2819,90.1546,34.91003281,43.38694444,17.34590155,19.63484848,49.77199004,63.48487179,0.693969648,3.159001296,0.930993456
hTME15-2_Str_05_xyz-9085-10526-265,hTME15-2,Q140,D2,CPc,60.1251,69.0559,4,102.33,29875.2,100.887,1.03102,160.08,1542.15,17,39,5,22,0.519608,36240.4,121.808,103.554,1.36814,125.847,122.879,93.9287,82.5787,33.99991087,39.53692308,20.01002979,21.61882353,44.81027353,53.38272727,0.784949949,4.902525374,0.921875
hTME15-2_Str_05_xyz-9761-5306-263,hTME15-2,Q140,D2,CPc,64.5483,62.941,6,113.84,116775,141.36,1.03409,227.551,4054.12,29,70,12,41,0.436125,137426,159.287,146.451,1.15951,123.521,130.2,98.8398,111.177,49.78790828,57.91128571,16.4407559,17.71793103,73.3749185,86.34073171,0.829829987,6.553330383,0.842617631
hTME15-2_Str_06_xyz-1449-7488-188,hTME15-2,Q140,D2,CPc,47.5014,62.4014,4,25.39,12008.8,128.073,1.0278,170.14,943.736,8,20,4,12,0.375,14689.2,145.044,139.109,1.27753,139.533,123.666,83.7053,76.3533,41.21904961,47.181,17.30731037,18.3625,57.16020911,66.39333333,0.780726616,4.785578801,0.862244898
hTME15-2_Str_06_xyz-1458-9058-163,hTME15-2,Q140,D2,CPc,51.9067,42.4865,5,38.59,44131,142.522,1.02322,224.02,1763.45,15,34,4,19,0.484444,50663.2,170.649,138.56,1.26403,136.571,140.358,77.623,89.4844,46.40335507,51.86058824,16.94360005,18.10133333,69.66105641,78.51263158,0.850709297,7.706745619,0.816326531
hTME15-2_Str_06_xyz-1472-8460-334,hTME15-2,Q140,D2,CPc,84.6934,74.9348,5,67.4,45051,107.684,1.03423,178.07,1656.97,13,32,6,19,0.441026,59152.1,157.037,117.8,1.15558,105.292,119.419,84.2859,86.1194,42.83417596,51.7753125,13.36154596,14.89538462,62.99965964,77.00894737,0.733364023,3.752383476,0.947845805
hTME15-2_Str_06_xyz-1522-9243-215,hTME15-2,Q140,D1,CPc,75.1127,61.8517,5,71.6,109833,150.878,1.02438,221.48,3130.56,24,60,12,36,0.393056,128191,202.139,154.91,1.21183,117.971,131.612,89.9252,89.6525,46.27234617,52.17133333,21.44904535,24.40666667,62.82121339,70.68111111,0.820207533,6.121574717,0.823407202
hTME15-2_Str_06_xyz-1869-11099-122,hTME15-2,Q140,D1,CPc,46.651,65.8893,4,42.81,27270,121.806,1.02821,145.831,1382.52,10,26,6,16,0.366667,37443.9,204.798,125.14,1.138,142.938,132.896,92.3484,78.3557,43.82021729,53.16807692,13.39675371,13.902,62.83488203,77.709375,0.787257084,4.968600144,0.938271605
hTME15-2_Str_06_xyz-2048-10672-238,hTME15-2,Q140,D2,CPc,43.417,55.5683,3,56.45,23734.1,133.798,1.04105,178.719,1339.33,9,23,5,14,0.37037,29458.7,167.062,110.04,1.16307,135.263,135.253,107.086,77.0131,46.90461607,58.22652174,17.54137587,18.55444444,65.78098477,83.73,0.80105791,5.399727151,0.76953125
hTME15-2_Str_06_xyz-2321-8134-281,hTME15-2,Q140,D2,CPc,69.986,77.8406,6,65.39,29586.1,136.476,1.05323,172.871,1486.58,14,31,3,17,0.534014,41063.2,192.999,157.46,1.29685,110.159,108.58,71.2074,86.4646,38.62836014,47.94903226,17.5900414,19.33285714,55.9540344,71.51529412,0.807162806,5.612506988,0.789473684
hTME15-2_Str_06_xyz-2379-6838-278,hTME15-2,Q140,D2,CPc,55.8751,67.6345,6,115.66,80631.9,128.828,1.03033,201.651,3487.37,35,79,9,44,0.548209,101913,187.388,132.818,1.34419,133.138,117.749,82.8966,82.2609,37.98592931,44.13886076,14.93259109,16.23314286,56.32381199,66.33659091,0.801073481,5.40025133,0.814272212
hTME15-2_Str_06_xyz-2432-7818-121,hTME15-2,Q140,D2,CPc,81.447,65.1769,8,98.31,89722.6,128.168,1.02829,191.67,3408.55,30,69,9,39,0.393545,122900,265.075,124.422,1.25082,108.491,121.945,89.68,83.7808,43.27198827,49.39391304,17.29165176,18.23133333,63.25686251,73.36512821,0.804648624,5.523080424,0.740630577
hTME15-2_Str_06_xyz-2485-9003-270,hTME15-2,Q140,D1,CPc,83.1143,65.2537,5,132.47,113742,128.818,1.0274,188.85,4005.17,39,86,8,47,0.369671,139490,170.797,138.58,1.22094,105.56,124.141,86.3431,80.3254,41.18839774,46.56686047,14.07337734,14.92461538,63.68809553,72.82319149,0.810976107,5.753218419,0.706372345
hTME15-2_Str_06_xyz-2577-9542-253,hTME15-2,Q140,D2,CPc,107.328,86.8262,5,103.27,44216.5,122.772,1.03379,152.041,2112.26,22,48,4,26,0.393939,66274.7,246.85,138.248,1.32648,86.9089,104.644,69.6385,96.7221,36.57083354,44.00041667,15.96456795,18.085,54.00690443,65.92884615,0.723274539,3.582553563,0.793367347
hTME15-2_Str_06_xyz-2774-7567-336,hTME15-2,Q140,D2,CPc,73.7691,65.7488,7,125.94,59019.6,117.202,1.04936,163.549,2658.81,29,64,6,35,0.371264,76113.4,162.698,141.666,1.34263,114.965,124.497,82.418,78.6805,33.8748655,41.53828125,14.57472824,16.44586207,49.8664078,62.32914286,0.769312747,4.493279706,0.834915997
hTME15-2_Str_06_xyz-3218-6720-307,hTME15-2,Q140,D2,CPc,80.5593,63.8805,5,120.14,86496,130.252,1.03358,179.91,3141.62,25,58,8,33,0.462381,107083,155.268,139.209,1.17149,111.081,127.005,73.82,67.0479,45.79279151,54.16137931,14.33818565,15.1448,69.62203838,83.71939394,0.768793528,4.480745559,0.860408163
hTME15-2_Str_06_xyz-3311-6293-94,hTME15-2,Q140,D2,CPc,68.6355,63.0841,4,83.67,83175.8,157.731,1.03266,212.62,2902.75,22,51,7,29,0.30303,100231,173.856,143.969,1.17917,119.122,127.506,84.2401,89.4444,48.6529579,56.91098039,16.43233422,18.20045455,73.09618965,86.27758621,0.800886001,5.393945897,0.868886576
hTME15-2_Str_06_xyz-3455-9093-101,hTME15-2,Q140,D1,CPc,52.8649,71.2465,3,41.33,14633.5,98.0478,1.04876,142.804,1058.21,10,24,4,14,0.25,19490.9,124.931,101.477,1.17073,123.759,116.282,78.6686,97.0689,33.35441039,44.0875,14.48150549,15.912,46.83505675,64.21285714,0.710871849,3.391700285,0.859375
hTME15-2_Str_06_xyz-3464-10604-339,hTME15-2,Q140,D1,CPc,52.5342,59.0787,6,111.43,95094.9,142.409,1.03285,205.77,3706.47,34,78,10,44,0.433824,111795,161.28,143.212,1.30612,137.953,130.535,100.165,91.0851,40.66358667,47.51371795,17.95734405,19.02117647,58.2093196,69.53068182,0.785406991,4.915489009,0.715500945
hTME15-2_Str_06_xyz-3543-8867-259,hTME15-2,Q140,D2,CPc,56.7541,67.1007,6,97.12,71371.1,132.957,1.03058,188.621,3021.4,31,67,5,36,0.446237,88389,153.167,145.65,1.31213,131.67,128.631,85.1253,90.3599,39.53453399,45.09074627,13.57682966,14.38129032,61.88700161,71.535,0.793498617,5.155624522,0.878116343
hTME15-2_Str_06_xyz-3630-7031-212,hTME15-2,Q140,D2,CPc,66.2994,65.1662,8,121.52,44294.2,152.746,1.02845,207.04,3179.88,34,70,2,36,0.47173,66349.5,241.827,145.879,1.40824,117.673,115.56,103.604,90.7962,39.02816563,45.42142857,12.55418605,13.29647059,64.03136857,75.76166667,0.792971179,5.139333317,0.824792244
hTME15-2_Str_06_xyz-3657-8083-365,hTME15-2,Q140,D2,CPc,84.2888,73.2763,5,89.36,62044.3,107.17,1.0258,146.14,2644.45,31,73,11,42,0.458065,75951.3,132.358,130.099,1.30406,105.969,121.871,85.7169,87.7752,31.67656271,36.22027397,13.91746287,14.84548387,44.78446973,51.99690476,0.771750872,4.552986739,0.832644628
hTME15-2_Str_06_xyz-3716-13286-159,hTME15-2,Q140,D1,CPc,66.9942,64.1886,4,53.79,29504.7,129.28,1.03098,167.768,1430.84,13,30,4,17,0.361538,35733,146.429,159.318,1.27016,121.667,129.151,88.6296,75.1908,41.43761297,47.68966667,17.70698733,18.88307692,59.58456199,69.71823529,0.821302665,6.168098972,0.864265928
hTME15-2_Str_06_xyz-3767-6591-73,hTME15-2,Q140,D2,CPc,61.1635,64.5496,4,53.35,19725.3,121.28,1.03398,190.749,1199.37,11,25,3,14,0.29697,25660.9,165.35,123.11,1.24412,119.142,121.547,97.8709,89.2627,41.90529061,47.9704,17.43974747,18.83818182,61.12821737,70.86,0.8041283,5.504892764,0.84765625
hTME15-2_Str_06_xyz-3885-6917-246,hTME15-2,Q140,D2,CPc,60.4769,69.735,6,105.59,44299.6,145.184,1.03017,214.75,3623.13,36,79,7,43,0.362696,70368,263.394,154.63,1.50542,125.172,111.647,90.1378,86.6519,39.18381148,45.85746835,15.46957893,16.90444444,59.03758758,70.0972093,0.760599799,4.290936128,0.726419753
hTME15-2_Str_06_xyz-3908-4510-190,hTME15-2,Q140,D2,CPc,41.1663,61.2304,5,126.91,22758.7,123.652,1.01707,175.369,2707.01,28,61,5,33,0.326984,26276.7,139.281,139.231,1.30691,144.062,130.623,90.8431,87.4784,40.6206974,44.37213115,13.29904806,13.935,63.80270291,70.19757576,0.823345941,6.25662677,0.862857143
hTME15-2_Str_06_xyz-3962-13611-319,hTME15-2,Q140,D1,CPc,48.66,49.5749,5,37.73,23931.8,120.667,1.05089,145.35,1013.75,12,27,3,15,0.513889,31447.4,145.996,65.9617,1.46269,128.644,126.175,105.113,82.8138,29.71512888,37.54259259,20.11174733,22.73333333,37.39783412,49.39,0.719149756,3.517008801,0.885813149
hTME15-2_Str_06_xyz-4155-13662-128,hTME15-2,Q140,D1,CPc,67.4453,66.2766,4,100.43,25837.8,127.084,1.02073,124.699,1284.33,11,27,5,16,0.181818,32266.3,140.508,137.269,1.20083,117.386,128.44,90.198,101.772,42.04214774,47.56296296,16.64263769,17.67090909,59.5043109,68.11375,0.804076078,5.503073341,0.811728395
hTME15-2_Str_06_xyz-4246-8914-101,hTME15-2,Q140,D2,CPc,63.3336,50.2561,5,58.5,71216.4,165.707,1.03018,252.85,2025.05,17,38,4,21,0.401961,85220.1,189.949,121.18,1.33369,115.342,140.053,101.801,92.5543,46.52638573,53.28578947,24.75976733,26.31058824,64.14698158,75.12285714,0.823120173,6.246732809,0.744801512
hTME15-2_Str_06_xyz-4480-9759-289,hTME15-2,Q140,D2,CPc,50.7552,65.1074,7,43.33,37186,125.467,1.02822,158.03,1379.84,17,36,2,19,0.6,53449.3,170.134,186.991,1.69048,128.978,106.091,85.43,87.0368,33.64113314,38.32388889,17.09830835,18.94823529,48.44260795,55.66,0.74435442,3.954377151,0.784580499
hTME15-2_Str_06_xyz-4776-6238-280,hTME15-2,Q140,D2,CPc,69.5595,63.3019,4,81.21,33100.2,136.677,1.02907,125.024,1584.82,13,31,5,18,0.282051,38682.9,155.314,188.689,1.12766,132.422,128.718,86.3453,94.7007,44.82886107,51.11806452,11.47157944,11.83692308,68.92023113,79.48777778,0.822599147,6.224006797,0.8425
hTME15-2_Str_06_xyz-4796-9888-280,hTME15-2,Q140,D2,CPc,46.1855,54.221,5,68.04,55075.3,129.845,1.0353,166.282,2203.38,17,43,9,26,0.570588,72279.5,239.326,182.751,1.39751,138.084,119.899,77.5485,80.9041,41.28306117,51.23674419,25.8576017,29.30941176,51.36893851,65.57384615,0.718563036,3.507858304,0.757653061
hTME15-2_Str_06_xyz-4887-5656-290,hTME15-2,Q140,D2,CPc,67.1744,63.8871,5,137.51,81025.2,120.628,1.03376,190.88,3244.65,25,59,9,34,0.397333,100135,170.35,138.661,1.16788,121.994,120.933,87.6002,83.03,47.0223986,54.98881356,14.69287949,16.2644,70.79410383,83.46264706,0.761302246,4.306640842,0.899691358
hTME15-2_Str_06_xyz-5000-4002-355,hTME15-2,Q140,D2,CPc,66.5548,69.0529,5,78.93,45135.1,105.434,1.02816,160.798,2189.6,31,68,6,37,0.320276,56299.7,124.422,126.659,1.37636,113.973,118.77,94.023,77.8034,28.39103178,32.19470588,13.2978021,14.86516129,41.03671071,46.71405405,0.76145261,4.310015919,0.830374753
hTME15-2_Str_06_xyz-5022-8983-286,hTME15-2,Q140,D2,CPc,44.0896,61.8384,10,79.57,57515.2,147.702,1.05426,252.43,2259.32,27,56,2,29,0.622896,73871.3,199.132,127.338,1.61926,132.585,117.717,94.2185,89.0125,32.79813041,40.33982143,10.60059168,12.11925926,53.46480441,66.61413793,0.780169601,4.770528086,0.678459938
hTME15-2_Str_06_xyz-5186-10243-327,hTME15-2,Q140,D2,CPc,74.3811,61.1691,5,77.04,68241,142.139,1.03016,214.89,2381.68,21,48,6,27,0.385281,85324.7,170.217,137.671,1.24172,109.87,123.281,91.8681,85.4073,41.80073836,49.613125,15.27249656,16.60904762,62.43381532,75.28296296,0.768629865,4.476807631,0.774078478
hTME15-2_Str_06_xyz-5223-4678-367,hTME15-2,Q140,D2,CPc,85.7512,69.0794,5,93.09,42500.5,119.743,1.02889,154.38,1862.01,19,45,7,26,0.549123,52413.7,148.312,140.279,1.23454,110.691,122.433,82.7156,81.0593,35.60328702,41.37266667,12.86998902,14.10210526,52.21608171,61.30115385,0.805782268,5.563083061,0.762755102
hTME15-2_Str_06_xyz-5234-4225-168,hTME15-2,Q140,D1,CPc,37.1535,54.2749,4,75.4,15576.4,110.197,1.04265,177.94,1280.43,12,27,3,15,0.583333,18625.5,132.155,108.432,1.29371,141.321,126.747,66.6809,76.2716,39.60736895,47.41888889,12.17524411,12.74333333,61.55306883,75.15933333,0.788506113,5.005042458,0.896193772
hTME15-2_Str_06_xyz-5477-4115-78,hTME15-2,Q140,D1,CPc,57.1939,66.9939,6,93.35,18362.2,122.164,1.02613,156.92,1476.12,19,42,4,23,0.447368,21950,148.565,148.61,1.41317,132.818,125.345,99.2462,84.2769,31.15166549,35.14095238,14.13880483,14.52368421,45.20576776,52.1726087,0.762074129,4.324016955,0.8144
hTME15-2_Str_06_xyz-5596-4757-186,hTME15-2,Q140,D2,CPc,57.6151,68.894,3,91.6,39364.9,105.66,1.02903,146.713,1558.16,14,33,5,19,0.5,49377.3,138.516,149.693,1.26113,131.365,124.143,75.7018,78.1243,40.56532443,47.21181818,21.15926341,23.45214286,54.86452728,64.71894737,0.738944488,3.852588052,0.897959184
hTME15-2_Str_06_xyz-5678-3857-227,hTME15-2,Q140,D2,CPc,64.2252,74.313,4,93.84,6356.5,102.011,1.02688,163.121,663.769,6,14,2,8,0.25,7654.38,114.548,99.3611,1.23448,110.009,99.0227,68.4335,101.303,40.21664058,47.40642857,13.74149873,14.34166667,60.07299696,72.205,0.82737578,6.438099607,0.87
hTME15-2_Str_06_xyz-5943-2613-275,hTME15-2,Q140,D1,CPc,46.0985,45.4026,4,57.12,7254.76,130.632,1.02575,173.2,973.4,11,25,3,14,0.590909,9337.66,150.708,94.2599,1.41791,135.874,132.062,81.8883,88.8278,34.08022409,38.9312,16.86004516,17.81545455,47.61036467,55.52214286,0.7637364,4.361866062,0.92578125
hTME15-2_Str_06_xyz-6217-3555-216,hTME15-2,Q140,D2,CPc,57.277,70.3026,5,94.65,18787.3,97.3128,1.02942,147.56,1797.42,20,48,8,28,0.516667,23856.8,132.072,133.248,1.32461,133.252,118.75,86.549,83.4485,32.7562443,37.44166667,15.25176014,16.266,45.25944727,52.56714286,0.755769812,4.185667889,0.86
hTME15-2_Str_06_xyz-6263-4500-247,hTME15-2,Q140,D1,CPc,79.7098,84.0324,4,72.37,31328.6,98.5119,1.02925,145.92,1452.73,16,38,6,22,0.4375,38452.1,112.071,112.581,1.26183,111.692,114.683,89.6496,81.3036,33.59719325,38.22447368,13.779969,15.093125,48.00971997,55.04727273,0.77284908,4.580347188,0.854166667
hTME15-2_Str_06_xyz-6294-3815-293,hTME15-2,Q140,D1,CPc,68.9377,59.5933,4,71.15,28918.6,134.429,1.02569,155.676,1530.93,18,42,6,24,0.344444,34349.2,144.343,136.519,1.41373,122.148,133.945,99.9926,95.0047,31.55479734,36.44547619,21.04544614,22.52277778,39.43681074,46.8875,0.809519333,5.698720967,0.826923077
hTME15-2_Str_06_xyz-6648-3113-293,hTME15-2,Q140,D2,CPc,51.576,62.2574,7,91.51,28666.8,145.749,1.02234,184.11,2162.2,27,57,3,30,0.521928,35460.8,167.555,135.169,1.38048,130.645,123.269,79.7143,82.6812,34.15799984,37.92842105,13.08317479,13.89296296,53.12534238,59.56033333,0.779366103,4.748966439,0.859375
hTME15-2_Str_07_xyz-2319-3568-360,hTME15-2,Q140,D1,CPc,74.1988,85.3869,7,85.79,13632.1,156.139,1.02656,220.951,1530.58,12,29,5,17,0.47619,17613.2,180.329,151.758,1.26316,120.019,110.321,107.957,99.6857,46.99543942,52.77310345,18.94867038,19.47166667,66.79315874,76.28,0.74083995,3.887714716,0.858725762
hTME15-2_Str_07_xyz-2385-3275-245,hTME15-2,Q140,D1,CPc,63.2887,63.4889,5,92.1,20640,130.929,1.02128,194.24,1560.06,13,30,4,17,0.435897,24383.6,169.433,147.69,1.19817,129.308,127.199,71.2304,62.2442,45.81290971,51.99666667,15.83340886,16.48692308,68.73841036,79.15117647,0.812974449,5.829518817,0.88365651
hTME15-2_Str_07_xyz-2506-3580-304,hTME15-2,Q140,D1,CPc,78.8606,89.2866,3,120.7,33269.1,149.875,1.03058,167.516,1476.77,7,21,7,14,0.428571,39816,169.634,138.989,1.08696,120.798,109.272,111.312,93.2182,61.60603337,70.31666667,17.97322857,18.71142857,83.42243578,96.11928571,0.786870214,4.957409156,0.8515625
hTME15-2_Str_07_xyz-3312-3542-430,hTME15-2,Q140,D1,CPc,75.0572,75.7914,3,80.42,34941.9,137.032,1.05233,210.33,1186.14,5,14,4,9,0.6,44883,192.34,173.92,1.10387,113.455,119.736,93.4396,109.915,65.2572075,84.72071429,19.22957467,22.116,90.82811462,119.5011111,0.677922641,2.962876301,0.892561983
hTME15-2_Str_07_xyz-3532-5335-279,hTME15-2,Q140,D1,CPc,59.0212,57.6086,4,74.21,29421.1,147.369,1.02205,229.69,1866.66,15,36,6,21,0.351111,34850.5,187.551,180.94,1.23077,127.865,124.21,87.3048,81.8784,46.70586691,51.84666667,19.65781613,21.07933333,66.02590317,73.82333333,0.844263847,7.313753213,0.814744802
hTME15-2_Str_07_xyz-3953-4337-424,hTME15-2,Q140,D2,CPc,71.5451,89.7728,1,69.59,26985.7,144.436,1.03246,184.151,1088.41,4,15,7,11,0,31859.8,176.81,149.01,1.03899,129.267,118.889,73.7622,119.027,61.47120841,72.55533333,19.64727137,20.1975,76.67991279,91.59454545,0.78052162,4.780029839,0.887573964
hTME15-2_Str_07_xyz-4070-5051-169,hTME15-2,Q140,D2,CPc,39.6711,55.5649,4,123.59,21290.8,129.817,1.02543,178.004,1542.5,12,28,4,16,0.355556,24480.9,160.035,192.411,1.19048,142.894,131.279,118.206,102.198,48.39844673,55.08464286,14.34009258,14.86333333,73.94221235,85.250625,0.827346496,6.436746751,0.848765432
hTME15-2_Str_07_xyz-4185-6957-76,hTME15-2,Q140,D2,CPc,78.5639,67.5378,5,66.56,54733.7,121.874,1.04944,205.06,2026.41,20,43,3,23,0.395833,71858.8,190.953,136.25,1.22664,111.015,120.508,86.5396,100.606,36.47846012,47.12069767,10.23783255,10.902,59.29639714,78.61521739,0.745680831,3.980068835,0.8688
hTME15-2_Str_07_xyz-4245-5142-238,hTME15-2,Q140,D1,CPc,72.7954,69.1214,5,111.56,49029.6,161.185,1.02925,231.89,1768.61,15,36,6,21,0.411111,58457.1,178.321,147.661,1.23645,115.467,124.767,85.8737,74.3962,41.66733199,49.12333333,20.11808881,21.80466667,57.05964854,68.63666667,0.773659215,4.600720232,0.892249527
hTME15-2_Str_07_xyz-4421-6640-377,hTME15-2,Q140,D2,CPc,56.7598,65.9055,5,94.72,27338.8,112.91,1.02773,153.32,2162.36,25,54,4,29,0.428,33389.1,134.362,119.649,1.34951,125.86,120.661,98.0147,106.299,35.24101249,40.03888889,11.59313636,12.2928,55.6271126,63.95793103,0.774419878,4.619997561,0.888657648
hTME15-2_Str_07_xyz-4545-7328-121,hTME15-2,Q140,D2,CPc,77.3817,55.141,6,82.97,59488.7,118.673,1.03829,184.89,2455.41,24,53,5,29,0.400463,77845.9,151.667,119.29,1.33074,105.115,122.48,103.864,96.6989,38.08612012,46.32320755,13.3984389,15.43625,58.51730458,71.88482759,0.729534999,3.686277323,0.746097815
hTME15-2_Str_07_xyz-4571-8747-333,hTME15-2,Q140,D2,CPc,86.2277,70.5162,6,80.92,39528,152.643,1.03052,213.591,1638.2,19,44,6,25,0.382243,49637.1,203.634,113.239,1.31755,97.5868,111.294,79.8896,82.9672,31.37035313,37.22681818,15.23950813,16.01105263,43.62979533,53.3508,0.818880401,6.066035569,0.740740741
hTME15-2_Str_07_xyz-4613-6442-149,hTME15-2,Q140,D2,CPc,85.8677,54.6486,4,69.61,60475.5,151.291,1.03099,192.62,2087.26,18,44,8,26,0.388889,70693.2,166.044,114.602,1.14067,102.624,132.208,81.1357,89.915,40.8061153,47.43272727,10.98329769,12.04888889,61.45268133,71.92923077,0.837402196,6.933451882,0.821428571
hTME15-2_Str_07_xyz-4730-9213-264,hTME15-2,Q140,D2,CPc,63.4534,49.4523,6,76.7,35088.3,122.047,1.02947,172.47,1477.29,12,28,4,16,0.409722,41869,158.813,153.456,1.2268,125.753,135.075,81.7161,94.9094,45.30544665,52.75357143,14.48261621,15.35916667,68.42256948,80.799375,0.822131765,6.203747121,0.904320988
hTME15-2_Str_07_xyz-4770-6310-365,hTME15-2,Q140,D2,CPc,72.6609,72.1247,5,120.87,34323.6,125.936,1.03352,201.86,2585.02,29,63,5,34,0.403777,44082.6,145.139,129.889,1.42977,113.144,116.828,82.577,83.3855,35.19682794,41.0268254,15.61307536,16.80517241,51.9006169,61.68647059,0.749593024,4.057608953,0.881944444
hTME15-2_Str_07_xyz-4788-8718-316,hTME15-2,Q140,D1,CPc,65.437,53.8177,4,71.71,33727.7,126.325,1.03002,180.981,1339.09,12,29,5,17,0.416667,40540.1,143.086,150.3,1.45149,120.01,127.929,83.8981,78.9048,40.62439174,46.17034483,26.95125352,30.03166667,50.27601872,57.56235294,0.806577406,5.591453262,0.789473684
hTME15-2_Str_07_xyz-4878-5188-75,hTME15-2,Q140,D1,CPc,80.985,68.4704,7,89.15,21572.5,177.014,1.03089,216.491,1611.92,14,30,2,16,0.486996,30069.7,198.981,127.781,1.28804,104.898,108.135,89.3368,106.973,47.09551079,53.72633333,12.74823602,14.17714286,77.14937621,88.331875,0.825718779,6.362346478,0.882716049
hTME15-2_Str_08_xyz-1318-3783-201,hTME15-2,Q140,D1,CPc,108.8,92.4683,3,49.92,10649.5,103.18,1.05403,119.162,539.588,4,11,3,7,0.333333,14155.9,129.552,84.664,1.27753,90.1291,89.1706,102.153,86.6572,37.72619419,49.04818182,10.23192469,12.43,53.43720534,69.97285714,0.750884998,4.083811026,0.888888889
hTME15-2_Str_08_xyz-1320-4651-114,hTME15-2,Q140,D1,CPc,78.3761,65.7876,4,54.43,27952.8,135.629,1.03046,197.75,1130.16,8,20,4,12,0.4375,36392.7,162.428,154.769,1.14343,116.105,120.73,95.8428,89.7473,46.48159528,56.504,18.23056852,19.15,65.31561312,81.40666667,0.76875845,4.479901006,0.852040816
hTME15-2_Str_08_xyz-1859-3774-225,hTME15-2,Q140,D1,CPc,59.291,69.9925,4,81.65,16919.9,188.726,1.02751,268,1437.2,10,24,4,14,0.333333,20175.9,238.722,128.99,1.56085,128.732,123.004,116.878,104.051,49.02193491,59.87791667,38.48102354,40.907,56.55115732,73.42857143,0.801895823,5.428066269,0.859375
hTME15-2_Str_08_xyz-2812-4485-176,hTME15-2,Q140,D2,CPc,75.4327,70.8947,3,122.17,54648.4,148.629,1.03664,210.184,1790.11,13,30,4,17,0.435897,71105.7,197.937,170.714,1.25665,107.442,120.698,74.4891,77.8187,49.19456489,59.66533333,25.90880095,27.61230769,67.00132555,84.17647059,0.774128009,4.61258369,0.889196676
hTME15-2_Str_08_xyz-2844-4775-122,hTME15-2,Q140,D1,CPc,95.7139,72.393,4,108.39,30668,126.342,1.03628,187.321,1195,10,24,4,14,0.366667,37664.2,160.438,182.154,1.19536,100.785,126.567,95.4197,96.7235,41.77634045,49.78666667,19.16838448,20.198,57.92488042,70.92142857,0.786001777,4.932452078,0.84765625
hTME15-2_Str_08_xyz-2927-4839-207,hTME15-2,Q140,D2,CPc,95.9335,48.1853,2,88.13,29676,206.486,1.03365,170.787,1048.05,6,16,4,10,0.166667,36402.4,222.951,254.411,1.12771,94.0081,130.999,101.507,99.3707,54.2766059,65.498125,22.77800391,24.49166667,73.17576709,90.102,0.76636208,4.422873836,0.819444444
hTME15-2_Str_08_xyz-3008-7052-207,hTME15-2,Q140,D2,CPc,83.7726,81.1042,4,68.16,20230.9,119.457,1.03573,163.308,964.784,8,19,3,11,0.541667,27260.1,161.84,112.592,1.29235,94.3054,94.2405,94.9347,80.5126,43.09793432,50.77263158,20.41530608,22.72,59.59439122,71.17454545,0.702713844,3.275736437,0.846153846
hTME15-2_Str_08_xyz-3065-6245-141,hTME15-2,Q140,D1,CPc,88.9866,88.4339,3,57.32,18315,124.25,1.03613,161.499,866.606,8,20,4,12,0.25,23799.5,170.346,111.836,1.36513,108.639,118.768,84.4738,70.2909,35.49008544,43.3255,22.73011175,25.64625,43.99673456,55.11166667,0.799645256,5.352547899,0.867346939
hTME15-2_Str_08_xyz-3200-4627-297,hTME15-2,Q140,D1,CPc,81.41,60.2956,4,94.81,24181.6,147.448,1.02618,242.81,1160.67,8,20,4,12,0.625,27213.2,172.713,90.64,1.16508,104.72,119.877,103.541,95.8939,51.70607715,58.0295,19.29295504,20.3375,73.31482523,83.1575,0.846038099,7.41826831,0.887755102
hTME15-2_Str_08_xyz-3236-6573-163,hTME15-2,Q140,D2,CPc,67.4628,76.4309,4,122.08,47887.4,145.449,1.0369,179.15,1996.96,20,46,6,26,0.346667,63495.1,200.343,118.76,1.27038,112.633,110.904,94.3362,80.1302,36.62419299,43.40804348,19.01819817,21.333,50.16726592,60.38884615,0.679156007,2.977185162,0.822704082
hTME15-2_Str_08_xyz-3493-5532-77,hTME15-2,Q140,D2,CPc,112.811,63.5934,3,110.96,39933.9,147.387,1.02638,189.512,1297.61,8,22,6,14,0.375,47934.6,182.518,72.4005,1.23244,79.2779,123.367,87.3758,97.2554,50.95539535,58.97727273,29.38013907,33.1825,63.28411323,73.71714286,0.819731703,6.101556702,0.90234375
hTME15-2_Str_08_xyz-3529-8028-211,hTME15-2,Q140,D2,CPc,94.7169,93.093,5,61.61,14643.6,94.0432,1.04157,114.183,887.326,8,20,4,12,0.625,19552.4,155.84,86.1812,1.16938,109.81,108.879,105.792,99.013,33.28247339,44.3615,7.767003866,8.26,50.29278641,68.42916667,0.705406996,3.313234164,0.867346939
hTME15-2_Str_08_xyz-3875-5346-183,hTME15-2,Q140,D1,CPc,71.0815,51.7465,5,52.76,42680.9,145.881,1.02701,222.42,1763.94,15,33,3,18,0.555556,50510.4,169.772,142.09,1.25709,114.144,132.047,74.2746,71.1797,46.93739755,53.44787879,18.16367616,19.17066667,70.91549871,82.01222222,0.852996186,7.855464475,0.92
hTME15-2_Str_08_xyz-3948-8184-252,hTME15-2,Q140,D1,CPc,70.134,57.5444,4,83.46,23860,104.53,1.02747,154.76,1544.71,19,42,4,23,0.347368,28808.4,138.849,135.731,1.32,122.264,131.653,95.5884,99.8053,32.7474868,36.77428571,9.493386331,9.932105263,51.95739588,58.94826087,0.815419724,5.925396228,0.8688
hTME15-2_Str_08_xyz-3968-7592-151,hTME15-2,Q140,D1,CPc,84.038,78.2816,5,91.74,35726.1,143.539,1.04163,187.37,1791.42,18,39,3,21,0.398148,46291,192.438,98.7649,1.26003,105.686,119.426,91.0909,90.1251,38.38997809,45.92974359,16.16363114,17.35055556,57.44113261,70.42619048,0.755191783,4.173379105,0.873345936
hTME15-2_Str_08_xyz-3996-6416-287,hTME15-2,Q140,D1,CPc,54.0264,52.8724,3,50.92,20057,132.968,1.0272,188.95,833.592,8,19,3,11,0.166667,22491.2,146.547,85.4715,1.16619,139.39,133.17,100.789,92.7308,39.86749846,43.86842105,16.86199181,17.44375,56.59877603,63.08636364,0.832421573,6.679110491,0.911242604
hTME15-2_Str_08_xyz-4178-7879-300,hTME15-2,Q140,D1,CPc,76.858,70.1917,6,83.85,35083.4,142.114,1.02827,202.01,1628.12,16,37,5,21,0.349838,42915.1,163.98,110.138,1.25746,109.338,116.51,86.3049,82.4979,38.30601965,43.99783784,12.22144277,12.826875,58.17998299,67.74714286,0.795749781,5.226212869,0.780718336
hTME15-2_Str_08_xyz-4349-7821-103,hTME15-2,Q140,D2,CPc,77.8213,67.1541,8,56.03,33669.1,113.633,1.03275,165.71,1777.4,21,47,5,26,0.492063,51861.7,185.258,115.109,1.49298,110.955,117.367,102.279,115.245,33.3983279,37.81212766,12.27913027,13.29809524,50.45614137,57.61192308,0.817132879,5.994274875,0.820153061
hTME18-1_Str_01_xyz-2412-10353-292,hTME18-1,Q140,D2,CPr,80.9081,90.5691,4,91.19,38092.9,138.132,1.04015,157.54,1766.13,15,36,6,21,0.48,51931.6,168.44,99.5774,1.2577,111.953,100.422,85.8146,90.087,39.58803777,49.05416667,17.55281298,18.72733333,55.32748405,70.71619048,0.646312262,2.633301002,0.744801512
hTME18-1_Str_01_xyz-2428-10571-271,hTME18-1,Q140,D2,CPr,53.388,76.7969,4,95.74,30931.1,137.641,1.03321,147.637,1513.06,13,30,4,17,0.410256,38744.9,156.264,147.701,1.26571,128.793,119.124,96.2498,78.0452,42.95869576,50.42966667,16.45966803,17.72692308,63.22265814,75.43764706,0.745424985,3.975090123,0.864265928
hTME18-1_Str_01_xyz-3006-10573-365,hTME18-1,Q140,D1,CPr,70.3291,63.3659,4,100.56,43691.1,131.47,1.03925,201.7,1663.11,16,37,5,21,0.45,53359.6,183.322,135.808,1.48286,122.77,125.698,78.5603,91.3506,36.23706603,44.94459459,20.73023978,22.81,48.0517908,61.80904762,0.737182718,3.820442909,0.812854442
hTME18-1_Str_01_xyz-3211-7561-382,hTME18-1,Q140,D1,CPr,55.8159,64.9202,3,65.55,38453.9,135.244,1.04147,204.5,1433.38,7,20,6,13,0.428571,49453.7,184.781,121.109,1.09969,136.51,118.884,91.6237,124.208,56.67366492,71.664,16.3803481,18.52571429,78.37006628,100.2769231,0.727145864,3.646071304,0.906666667
hTME18-1_Str_01_xyz-3363-10958-341,hTME18-1,Q140,D2,CPr,52.2882,79.1545,5,102.87,40262.2,122.641,1.03911,149.906,2005.28,16,38,6,22,0.391667,52781.9,138.328,134.514,1.18622,139.316,116.246,86.009,104.047,42.18608436,52.76526316,13.57531055,15.338125,62.99391986,79.985,0.704226123,3.296699546,0.918402778
hTME18-1_Str_01_xyz-4263-11018-355,hTME18-1,Q140,D2,CPr,68.0779,69.9656,4,103.15,54394.5,147.537,1.02725,181.608,2145.39,16,39,7,23,0.395833,76125,213.387,163.599,1.37699,118.609,111.165,87.0262,86.9068,46.85222704,55.00538462,27.77362677,31.2675,60.12429679,71.51869565,0.761949289,4.321198133,0.8448
hTME18-1_Str_01_xyz-4317-6661-409,hTME18-1,Q140,D1,CPr,64.9103,74.5971,4,74.62,30129.2,124.652,1.03739,187.85,1198.15,11,25,3,14,0.412121,39188.7,175.704,90.0297,1.23551,120.836,110.996,115.724,116.67,39.91102043,47.922,19.03812991,20.42454545,56.3111487,69.52714286,0.693597971,3.154202154,0.9296875
hTME18-1_Str_01_xyz-4937-10026-356,hTME18-1,Q140,D1,CPr,65.831,65.1137,5,110.35,61908.6,149.353,1.04489,209.82,2276.96,17,40,6,23,0.382353,79674.5,184.154,126.999,1.31776,114.832,125.827,97.4912,83.8413,46.26294154,56.91875,16.64743934,17.86588235,68.15266056,85.78391304,0.782267689,4.827666363,0.84
hTME18-1_Str_01_xyz-5032-6891-436,hTME18-1,Q140,D1,CPr,74.3653,69.9754,3,54.08,32897.7,126.647,1.02751,163.079,1302.33,12,28,4,16,0.266667,41434.1,147.89,108.76,1.23169,117.511,124.116,70.539,77.7778,38.3788942,46.50714286,17.14416378,18.17833333,54.30494201,67.75375,0.741388391,3.89798511,0.922839506
hTME18-1_Str_01_xyz-5299-8441-314,hTME18-1,Q140,D2,CPr,60.4589,61.7315,4,61.4,60070.8,211.069,1.04522,236.48,1670.53,12,29,5,17,0.375,71901.2,246.574,175.41,1.35271,126.646,130.213,89.4723,99.3248,46.2187958,57.59965517,28.45690079,32.0475,58.75660404,75.63647059,0.772147689,4.562839049,0.925207756
hTME18-1_Str_01_xyz-5469-9165-327,hTME18-1,Q140,D2,CPr,76.8386,81.7772,5,52.72,31797.2,150.213,1.04132,228.871,1151.19,11,23,1,12,0.272727,44598.2,191.402,143.441,1.42536,109.958,112.798,66.7127,61.9211,42.01298387,50.0473913,12.97023508,16.28636364,68.63550361,80.995,0.778470011,4.725125497,0.867346939
hTME18-1_Str_01_xyz-5497-12782-408,hTME18-1,Q140,D1,CPr,77.8174,64.6183,5,67.02,55904.3,161.652,1.03085,247.69,1792.44,15,33,3,18,0.372487,67581.5,191.657,188.63,1.24698,116.106,129.375,66.2348,66.9711,46.63952279,54.31121212,19.90230678,21.31733333,68.92053613,81.80611111,0.772360317,4.568133974,0.87
hTME18-1_Str_01_xyz-5632-7616-404,hTME18-1,Q140,D2,CPr,78.5888,81.6524,5,75.32,58890,126.152,1.03651,211.93,1936.35,19,41,3,22,0.399332,79244.7,162.845,132.68,1.29562,110.555,116.979,95.9591,89.2687,38.3848529,47.22341463,14.8962704,15.97947368,58.67044687,74.20681818,0.677887692,2.962472597,0.881944444
hTME18-1_Str_01_xyz-5638-11191-332,hTME18-1,Q140,D2,CPr,61.9812,53.9344,4,59.85,60666.1,150.339,1.03298,233.721,1909.41,14,34,6,20,0.478571,76868,230.292,190.84,1.29527,128.706,122.3,91.7061,75.7754,45.11085107,56.15294118,18.12639481,20.58428571,63.99997045,81.051,0.766294652,4.42128805,0.797520661
hTME18-1_Str_01_xyz-5859-10848-395,hTME18-1,Q140,D1,CPr,77.8639,81.6089,7,82.39,96367.9,154.895,1.03144,247.274,2892.59,26,61,9,35,0.512904,127707,227.026,186.602,1.5489,112.945,116.632,103.093,98.4184,40.17030786,47.4142623,19.69792619,21.53,55.37836282,66.64257143,0.775850932,4.656659629,0.689554419
hTME18-1_Str_01_xyz-6218-7826-437,hTME18-1,Q140,D1,CPr,65.2904,68.6842,4,81.53,57132.3,141.832,1.02876,213.78,1968.03,18,42,6,24,0.444444,68687.8,168.848,169.49,1.23384,126.083,126,76.191,84.3208,41.64513869,46.85261905,15.56244335,16.62444444,61.2071602,69.52375,0.825347324,6.345584754,0.825443787
hTME18-1_Str_01_xyz-6617-13541-423,hTME18-1,Q140,D1,CPr,82.3812,62.5706,5,62.72,68706.2,150.685,1.03986,230.799,2284.91,25,54,4,29,0.340571,91450.2,203.593,191.519,1.43241,109.706,118.25,76.8225,73.0418,35.79886321,42.30851852,21.22634566,23.4144,48.36137834,58.59655172,0.749528991,4.056318136,0.866805411
hTME18-1_Str_02_xyz-2121-13422-260,hTME18-1,Q140,D1,CPr,53.026,67.0946,5,75.34,38090.7,124.409,1.03789,202.491,1755.47,14,34,6,20,0.232426,50343.2,170.327,97.9266,1.32551,130.614,125.291,86.4786,71.1361,43.34845334,51.62647059,19.38061908,22.51571429,60.12593732,72.004,0.763091021,4.347100896,0.865702479
hTME18-1_Str_02_xyz-2441-17101-390,hTME18-1,Q140,D1,CPi,65.0777,61.6839,4,62.82,35024.3,121.329,1.03414,163.355,1651.74,10,27,7,17,0.4,43826,159.417,154.015,1.1242,113.748,129.639,88.6634,88.1624,49.53565974,61.17074074,12.88701709,13.833,71.09368482,89.01647059,0.79985185,5.359401274,0.914127424
hTME18-1_Str_02_xyz-2942-17665-424,hTME18-1,Q140,D2,CPi,62.1727,64.9647,4,51.35,37753.4,137.039,1.03046,191.39,1667.58,16,39,7,23,0.395833,45447.4,155.714,131.93,1.29762,128.71,122.248,90.5976,74.5729,36.855797,42.75333333,20.00065967,21.706875,48.58110993,57.39434783,0.757641533,4.225907858,0.8688
hTME18-1_Str_02_xyz-3109-9847-217,hTME18-1,Q140,D1,CPr,97.5977,92.9248,5,116.76,37259,123.112,1.04315,168.313,1579.6,11,27,5,16,0.409091,54424.6,217.348,169.058,1.19939,93.7844,101.825,82.6933,71.6563,46.8178203,58.49814815,16.92215528,21.77181818,67.37109001,83.7475,0.639879581,2.573954462,0.771604938
hTME18-1_Str_02_xyz-3331-16041-258,hTME18-1,Q140,D1,CPr,86.1278,70.2471,6,84.98,39924.4,119.547,1.036,172.501,2030.35,20,45,5,25,0.463131,55317.2,162.091,113.582,1.41518,105.377,119.731,85.136,85.6838,37.84913808,45.114,14.80243454,16.555,56.28650091,67.9612,0.764349832,4.375983759,0.932784636
hTME18-1_Str_02_xyz-3860-11287-323,hTME18-1,Q140,D1,CPr,63.5396,69.8039,5,99.26,62499.2,120.159,1.05799,175.059,2745.41,20,48,8,28,0.446667,83719.2,174.097,131.15,1.21507,121.154,117.924,108.199,107.353,44.04405192,57.190625,17.58088376,19.971,62.94631489,83.77607143,0.667389111,2.845413288,0.786666667
hTME18-1_Str_02_xyz-3880-15921-419,hTME18-1,Q140,D1,CPr,78.4925,66.6268,8,76.35,66844.4,141.395,1.02991,198.89,2569.57,35,75,5,40,0.407891,82396.6,172.657,117.891,1.51512,115.782,125.85,96.0119,106.142,29.02593147,34.25586667,13.75085745,14.52428571,42.39162123,51.521,0.75790813,4.231695716,0.630952381
hTME18-1_Str_02_xyz-4166-15279-358,hTME18-1,Q140,D2,CPr,59.8394,63.2984,6,87.26,47706.4,121.907,1.02849,146.585,2227.89,25,55,5,30,0.283333,62221.3,156.966,160.109,1.48514,128.075,121.939,102.139,96.1128,35.24576933,40.50181818,17.34214714,18.686,50.16545449,58.68166667,0.756591444,4.203247346,0.859375
hTME18-1_Str_02_xyz-4318-8344-69,hTME18-1,Q140,D2,CPr,61.5559,49.0466,5,59.44,34255.8,162.084,1.02481,133.79,1498.28,11,25,3,14,0.430303,40333.1,189.799,172.57,1.28074,121.767,138.264,115.825,103.959,51.54586312,59.9264,21.67941263,22.66363636,75.01235994,89.20428571,0.821339772,6.169686506,0.9296875
hTME18-1_Str_02_xyz-4425-9249-289,hTME18-1,Q140,D1,CPr,53.712,78.3997,3,138.25,32358.3,127.058,1.03789,191.021,2277.18,17,39,5,22,0.392157,40208.4,203.129,159.742,1.21526,137.726,115.635,80.127,82.2096,47.71750264,58.38410256,18.95508037,20.19411765,69.94301076,87.89454545,0.72385852,3.592008712,0.904513889
hTME18-1_Str_02_xyz-4427-13757-434,hTME18-1,Q140,D2,CPr,88.8756,71.0555,7,68.33,47985.1,123.571,1.03632,170.371,1990.57,28,61,5,33,0.455215,64825.9,144.561,135.903,1.43483,101.571,118.82,97.1262,106.998,26.60914825,32.62704918,11.05875385,11.79357143,39.80342228,50.30393939,0.696457306,3.191456303,0.715918367
hTME18-1_Str_02_xyz-4513-12331-353,hTME18-1,Q140,D1,CPr,77.7979,93.0533,9,104.61,37564.8,116.139,1.0388,162.431,1726.34,17,39,5,22,0.435068,93317.1,275.85,131.235,2.05891,117.541,105.473,76.2413,85.2887,35.56962488,44.26076923,22.43059567,26.52352941,45.72251109,57.96681818,0.647701491,2.646428558,0.854166667
hTME18-1_Str_02_xyz-4558-15544-457,hTME18-1,Q140,D1,CPi,78.2993,69.1887,5,91.22,27532.3,117.861,1.03576,157.72,1151.26,10,23,3,13,0.361111,33239,141.748,151.21,1.28689,115.708,130.125,88.7598,91.8586,42.91866551,50.04956522,15.17209572,16.499,64.26218072,75.85769231,0.806867588,5.601871763,0.875555556
hTME18-1_Str_02_xyz-4568-14091-101,hTME18-1,Q140,D2,CPr,83.635,79.0972,5,59.39,67809.4,115.969,1.04093,190.999,2761.99,30,65,5,35,0.373889,94515.9,168.685,158.16,1.41108,99.9044,106.809,102.434,74.3893,35.49606086,42.48707692,15.25423461,17.16033333,52.84619764,64.19571429,0.691695585,3.129838041,0.666179693
hTME18-1_Str_02_xyz-4624-7938-410,hTME18-1,Q140,D1,CPr,82.5124,77.311,11,43.14,58550.3,147.181,1.04267,171.48,2097.76,23,53,7,30,0.595318,82407.7,206.084,141.439,1.45219,105.13,104.472,94.2564,88.9296,31.81163351,39.57603774,13.00403159,16.19869565,46.23079498,57.49866667,0.681041924,2.999300107,0.85546875
hTME18-1_Str_02_xyz-4672-17185-454,hTME18-1,Q140,D1,CPi,73.9046,61.6087,4,88.8,31757.9,140.099,1.03582,105.119,1506.71,13,30,4,17,0.318681,37203.4,152.335,137.048,1.30909,120.108,125.47,111.997,94.182,42.34963723,50.21833333,20.96593723,22.04692308,58.7018784,71.76117647,0.825188408,6.338438081,0.891966759
hTME18-1_Str_02_xyz-4910-8365-393,hTME18-1,Q140,D1,CPr,97.7408,72.4647,4,115.97,49060.6,136.315,1.04543,194.46,1903.84,17,39,5,22,0.279412,65659.7,174.36,110.892,1.25,96.3712,112.779,101.264,90.8426,39.69276418,48.81153846,17.00554534,19.60117647,57.22379691,71.38318182,0.72243288,3.569003909,0.855902778
hTME18-1_Str_02_xyz-4962-16902-491,hTME18-1,Q140,D1,CPi,86.7812,69.1643,5,89.3,57179.4,148.928,1.02914,173.872,2014.82,20,44,4,24,0.446667,75727.5,228.558,143.899,1.37272,103.956,122.243,93.0548,95.5488,39.32030247,45.78659091,16.82393787,19.0885,58.06727297,68.035,0.722112835,3.563875436,0.794378698
hTME18-1_Str_02_xyz-5139-9805-417,hTME18-1,Q140,D1,CPr,86.9216,78.4528,5,96.37,66322.2,140.942,1.03246,196.98,2750.65,26,58,6,32,0.378205,85938.6,165.708,175.25,1.31289,105.336,117.83,87.9141,88.1334,39.93210676,47.42017241,17.69301751,19.65076923,58.00136678,69.9828125,0.716879996,3.481842429,0.831314879
hTME18-1_Str_02_xyz-5448-6841-433,hTME18-1,Q140,D1,CPr,72.292,79.8883,4,73.7,37578.9,134.916,1.02962,206.49,1613.6,12,30,6,18,0.444444,45927.9,163.766,159.51,1.20067,124.102,123.185,79.5736,100.667,46.22536265,53.781,18.04782224,19.47,65.01038958,76.655,0.765282375,4.397602953,0.9075
hTME18-1_Str_02_xyz-5997-13654-424,hTME18-1,Q140,D1,CPi,86.1535,69.748,6,63.31,84183.3,134.331,1.02464,196.429,2932.81,35,76,6,41,0.422857,110996,175.74,152.535,1.41438,103.97,114.855,71.9262,72.9435,33.90421865,38.58434211,17.55831611,19.11028571,47.85803789,55.20853659,0.757619504,4.225430224,0.643050297
hTME18-1_Str_02_xyz-6114-8867-293,hTME18-1,Q140,D2,CPr,89.2364,79.7475,3,133.15,64777.6,142.243,1.04056,196.902,2057.99,13,32,6,19,0.358974,83998.2,180.04,203.081,1.1844,104.179,110.958,82.4893,91.8211,52.72596227,64.3075,23.56716703,25.32923077,72.6767169,90.97684211,0.708262806,3.353833338,0.857142857
hTME18-1_Str_02_xyz-6364-8538-318,hTME18-1,Q140,D2,CPr,68.4285,72.0836,5,97.83,16786.5,112.982,1.02757,153.742,1408.32,15,33,3,18,0.577778,22018.8,156.111,106.289,1.39796,122.105,118.694,67.1713,81.4334,36.5504411,42.67121212,16.10950043,17.39666667,53.58455831,63.73333333,0.709367711,3.369777849,0.8425
hTME18-1_Str_02_xyz-6425-17470-460,hTME18-1,Q140,D2,CPi,54.0009,51.0509,5,75.49,55784.6,132.21,1.03351,195.541,2306.06,26,59,7,33,0.528205,70794.6,155.987,136.09,1.38508,132.13,126.111,90.026,94.6925,33.33014801,39.08050847,15.38988029,16.86346154,47.46490439,56.58484848,0.770455185,4.521080966,0.769795918
hTME18-1_Str_02_xyz-6443-9053-381,hTME18-1,Q140,D1,CPr,73.3634,71.6486,5,98.5,91265.4,168.25,1.0389,210.681,2749.8,22,51,7,29,0.526515,111996,199.909,191.752,1.2944,121.715,119.311,72.0138,65.9394,44.25722536,53.91333333,22.67718428,25.50909091,60.62829101,75.46137931,0.713792325,3.434994046,0.744016649
hTME18-1_Str_02_xyz-6574-7272-463,hTME18-1,Q140,D2,CPi,66.4929,62.3692,3,84.87,48741.7,143.03,1.03294,226.74,1518.16,11,25,3,14,0.393939,60222.3,178.828,139.761,1.33025,121.501,116.616,84.1821,68.0778,50.90749548,60.7204,21.33253422,23.74727273,74.14496503,89.77071429,0.73943764,3.861672545,0.90625
hTME18-1_Str_02_xyz-6685-10892-116,hTME18-1,Q140,D2,CPr,79.7066,64.216,7,111.23,61059.3,139.901,1.04043,208.131,2426.02,25,55,5,30,0.439556,79162.6,185.241,139.351,1.35477,116.927,122.314,98.2347,103.449,36.30202569,44.10527273,14.11628757,15.184,54.79014078,68.20633333,0.731980105,3.728249046,0.859375
hTME18-1_Str_02_xyz-6792-8327-421,hTME18-1,Q140,D1,CPi,82.3789,75.9219,4,104.38,66678.7,133.723,1.03508,194.631,2894.81,26,59,7,33,0.317949,84521.3,175.291,169.751,1.23237,109.324,117.947,101.542,95.0957,41.96582195,49.06,17.16723131,18.33846154,61.50410549,73.26484848,0.720417005,3.536918074,0.835918367
hTME18-1_Str_02_xyz-6866-13391-163,hTME18-1,Q140,D2,CPr,65.074,60.2911,6,79.66,68964.3,146.992,1.03965,225.731,2497.25,24,53,5,29,0.33125,83633.4,171.055,122.02,1.21588,116.288,124.21,91.4571,100.601,40.5225628,47.11320755,16.27907282,17.565,60.58614072,71.56689655,0.801179555,5.403824786,0.74817898
hTME18-1_Str_02_xyz-7418-14476-475,hTME18-1,Q140,D1,CPi,69.5342,75.1095,10,102.89,51213.3,128.76,1.03144,173.161,2066.43,33,68,2,35,0.600142,67975,160.197,143.834,1.7241,120.91,117.286,87.2004,99.0916,25.74154349,30.38338235,11.45271584,12.22484848,39.2138667,47.50428571,0.729815569,3.691050699,0.76917458
hTME18-1_Str_02_xyz-7841-15131-420,hTME18-1,Q140,D1,CPi,71.754,89.435,4,74.81,44646.5,105.699,1.03954,145.638,1683.31,17,38,4,21,0.317647,61637.6,146.875,102.126,1.42397,122.778,107.442,96.3919,86.1874,35.8558464,44.29263158,26.9633703,30.64,43.05451754,55.3447619,0.655050682,2.71780033,0.894139887
hTME18-1_Str_02_xyz-7957-13465-399,hTME18-1,Q140,D1,CPi,80.9752,62.5945,5,99.28,53613.2,124.376,1.02958,203.18,2328.19,21,46,4,25,0.385714,66355.2,153.026,146.384,1.17048,105.841,126.394,101.265,96.0169,43.20596705,50.60804348,13.32236122,13.9052381,68.30819595,81.4384,0.78757562,4.977848529,0.835390947
hTME18-1_Str_02_xyz-8524-11107-377,hTME18-1,Q140,D1,CPr,70.4791,62.5054,5,133.28,126960,136.641,1.02703,203.34,3961.14,33,74,8,41,0.214646,153273,170.64,161.93,1.25123,122.851,130.907,87.2609,87.3751,47.05897391,53.52391892,20.78122004,22.3830303,68.20936117,78.58853659,0.799148448,5.336131566,0.80854516
hTME18-1_Str_02_xyz-8579-15774-453,hTME18-1,Q140,D1,CPi,91.2112,84.6701,3,53.75,32113.1,133.884,1.02596,180.12,1463.57,12,29,5,17,0.35,45820.3,186.576,108.74,1.20033,98.4887,88.5486,88.6968,62.2396,43.18735554,50.46241379,18.20429818,19.3825,60.82245484,72.40117647,0.723407827,3.584707716,0.745152355
hTME18-1_Str_02_xyz-8690-13241-370,hTME18-1,Q140,D1,CPr,51.5122,54.2374,4,115.12,77401.1,155.435,1.02933,201.621,2559.05,19,44,6,25,0.37594,95096,177.502,182.551,1.30685,130.697,132.607,87.5162,101.739,50.04814907,58.15545455,22.66506303,25.05421053,70.85929446,83.3124,0.809425339,5.695236606,0.864197531
hTME18-1_Str_02_xyz-8860-13882-490,hTME18-1,Q140,D1,CPi,69.1658,65.4239,7,98.66,80699.8,168.98,1.03092,186.106,2816.79,25,56,6,31,0.416905,99648.1,199.567,192.038,1.24103,125.664,122.818,80.4885,83.1406,43.20926366,50.29482143,15.18994454,16.02,65.80548875,77.93580645,0.767093937,4.440151547,0.859504132
hTME18-1_Str_02_xyz-8861-13754-418,hTME18-1,Q140,D1,CPi,56.4524,74.3203,6,151.92,70087.1,152.55,1.02995,231.779,2490.91,22,49,5,27,0.421488,84020.9,190.53,150.58,1.3419,130.807,119.42,86.2938,78.2085,44.44536204,50.83,18.78102262,19.96318182,65.35704601,75.98074074,0.807063409,5.608922164,0.923900119
hTME18-1_Str_02_xyz-8872-10208-379,hTME18-1,Q140,D2,CPr,77.1387,72.445,6,135.48,70748.3,130.246,1.04049,200.218,2466.39,23,49,3,26,0.352657,91047,157.989,159.001,1.19893,112.475,118.713,86.4003,80.8948,41.95175368,50.33,13.2161199,14.28608696,67.37173742,82.215,0.765841165,4.410649243,0.869897959
hTME18-1_Str_02_xyz-8985-11689-436,hTME18-1,Q140,D1,CPr,83.6012,70.2295,5,81.51,105804,154.471,1.02758,252.62,3244.07,24,57,9,33,0.538889,127661,181.464,201.449,1.17214,106.015,122.759,81.2747,84.5105,49.29456414,56.90859649,14.11614239,15.08375,74.87887088,87.32666667,0.806657386,5.594321327,0.879183673
hTME18-1_Str_02_xyz-9068-9714-452,hTME18-1,Q140,D2,CPr,86.6418,72.5316,12,70.94,73934.4,127.719,1.04023,156.33,2649.7,26,56,4,30,0.61716,154985,315.923,198.798,1.78732,108.965,120.887,94.0375,78.6691,39.00548605,47.31142857,17.64400962,19.17538462,57.51876561,71.696,0.764823289,4.386936102,0.834960938
hTME18-1_Str_02_xyz-9229-15315-420,hTME18-1,Q140,D2,CPi,60.9967,68.1553,9,34.33,44143.9,141.099,1.04062,207.017,1690.78,19,40,2,21,0.599415,76356.7,224.045,120.031,1.5848,122.104,109.86,72.4604,72.2176,35.07072736,42.2655,12.11908671,14.72736842,55.83649748,67.18095238,0.773860869,4.605816641,0.896030246
hTME18-1_Str_02_xyz-9319-11570-418,hTME18-1,Q140,D2,CPr,61.4644,61.3898,7,96.96,59755.1,133.319,1.03118,197.901,2398.45,27,58,4,31,0.389445,72729.2,170.106,128.101,1.34791,120.622,124.995,99.7617,88.7795,35.32958774,41.34793103,12.66119969,13.64740741,55.07302249,65.47419355,0.80084249,5.392484391,0.797061524
hTME18-1_Str_02_xyz-9383-13575-465,hTME18-1,Q140,D1,CPi,54.7945,67.4223,4,65.73,36427.7,116.762,1.03753,181.852,1538.02,17,40,6,23,0.27451,45435.8,140.464,107.332,1.29885,133.099,122.482,88.7058,94.2158,32.11933377,38.4455,17.18786431,19.33882353,43.15563728,52.56782609,0.755577134,4.1815644,0.8912
hTME18-1_Str_02_xyz-9825-9914-417,hTME18-1,Q140,D1,CPi,94.7528,45.7782,3,32.23,79558.2,195.363,1.03871,266.01,2039.48,11,30,8,19,0.454545,92725.3,205.913,162.099,1.18227,97.5872,134.863,113.686,114.664,58.13299076,67.97766667,30.07537947,33.63090909,74.37687097,87.86263158,0.844529954,7.329258783,0.784580499
hTME18-1_Str_03_xyz-10174-12730-380,hTME18-1,Q140,D2,CPi,78.0417,67.9013,5,74.26,32306.1,105.596,1.03382,118.048,1439.03,17,37,3,20,0.452474,40598.8,126.235,132.166,1.21837,110.945,125.99,67.7807,64.571,33.36492248,38.88810811,11.51459648,12.74705882,51.93769959,61.108,0.762348846,4.330231493,0.886363636
hTME18-1_Str_03_xyz-10285-6850-311,hTME18-1,Q140,D1,CPi,71.9073,67.9292,4,135.26,78995.4,136.088,1.03042,184.052,2769.2,22,51,7,29,0.382251,92610.5,160.729,152.57,1.11779,120.475,132.556,75.3547,76.264,47.36975559,54.29254902,11.59694836,12.06318182,74.50774729,86.32862069,0.830065626,6.564589858,0.825182102
hTME18-1_Str_03_xyz-10372-9941-311,hTME18-1,Q140,D2,CPi,72.9885,72.3624,4,131.08,80941.4,128.865,1.02911,171.49,2821.28,27,59,5,32,0.335538,99763.7,152.284,156.761,1.27724,122.343,127.068,102.565,106.233,41.01853086,47.81355932,14.56913378,15.54592593,63.33520965,75.039375,0.745805068,3.982490489,0.807958478
hTME18-1_Str_03_xyz-10792-9483-383,hTME18-1,Q140,D1,CPi,68.6205,66.6964,9,111.54,106587,139.364,1.03468,226.649,3602.9,38,78,2,40,0.492897,149372,218.56,159.73,1.55016,117.832,117.514,78.522,80.3589,38.74882497,46.18564103,16.7884053,18.90394737,59.61122366,72.10325,0.7715488,4.547984271,0.799886621
hTME18-1_Str_03_xyz-10989-7329-354,hTME18-1,Q140,D2,CPi,84.4384,69.407,6,84.89,68462.9,132.158,1.02949,216.67,2205.53,23,50,4,27,0.444444,86027.5,159.913,130.89,1.3666,105.11,116.391,93.8416,91.394,38.32920517,44.1058,18.12585143,19.64608696,55.53946947,64.94185185,0.783576266,4.863929029,0.894173603
hTME18-1_Str_03_xyz-11199-6614-388,hTME18-1,Q140,D1,CPi,71.5255,75.5102,4,50.31,55923.5,122.805,1.03991,192.159,2113.16,17,41,7,24,0.45098,71659,165.916,136.321,1.25938,119.223,112.612,88.8588,87.2781,42.18954601,51.53609756,19.19694721,20.70352941,58.47597017,73.37583333,0.764110612,4.370468568,0.896449704
hTME18-1_Str_03_xyz-11286-9486-298,hTME18-1,Q140,D1,CPi,56.64,60.9347,6,23.88,26560.7,117.091,1.05629,157.18,1164.25,12,27,3,15,0.303968,35720,176.266,167.755,1.37657,124.545,118.628,87.1308,102.109,34.23166512,43.11555556,16.8795765,19.1375,48.11333602,62.298,0.697571922,3.206189281,0.837370242
hTME18-1_Str_03_xyz-1917-14370-220,hTME18-1,Q140,D1,CPi,56.3406,58.0891,3,71.19,14450.1,122.648,1.03652,189.11,1320.95,11,27,5,16,0.212121,18886.7,153.65,117.21,1.23214,124.811,117.974,67.3549,81.8785,40.71449773,48.91962963,17.99124622,19.73,56.33673314,68.9875,0.777773329,4.706737865,0.882716049
hTME18-1_Str_03_xyz-1929-8558-285,hTME18-1,Q140,D1,CPi,65.4437,67.6409,4,36.55,9886.16,115.638,1.03027,177,1110.82,13,30,4,17,0.525641,11545.8,124.641,116.158,1.37895,128.376,125.936,75.3901,79.1151,32.97536292,37.02133333,18.2813365,19.56,44.21197136,50.37411765,0.847177391,7.486811231,0.792243767
hTME18-1_Str_03_xyz-2121-13297-454,hTME18-1,Q140,D1,CPi,56.1484,57.9369,4,90.58,25004.2,138.014,1.03146,164.81,1524.79,15,33,3,18,0.412222,29652.4,147.85,89.8802,1.2642,129.621,129.039,71.8905,81.3016,39.10049375,46.20030303,15.18828664,16.07333333,59.02733301,71.30611111,0.772958027,4.583077529,0.8875
hTME18-1_Str_03_xyz-2736-13791-318,hTME18-1,Q140,D2,CPi,83.4091,67.3524,5,88.06,54101.1,136.689,1.02968,123.13,2246.2,18,43,7,25,0.380423,69196.6,159.762,159.261,1.22685,104.616,127.666,71.4363,94.9992,43.85903753,52.23209302,17.29519752,19.32611111,62.98500233,75.9244,0.777876439,4.709451162,0.776406036
hTME18-1_Str_03_xyz-2747-13423-113,hTME18-1,Q140,D2,CPi,81.0101,71.524,4,69.72,49210.6,109.675,1.04002,159.968,1979.29,21,47,5,26,0.345125,66674.5,148.426,121.702,1.32896,105.382,116.016,87.813,84.8546,34.38316848,42.10723404,18.11359465,21.24142857,47.52397811,58.96038462,0.73724864,3.821637107,0.889030612
hTME18-1_Str_03_xyz-2868-3883-302,hTME18-1,Q140,D1,CPi,81.8779,58.0508,2,40.82,17870.1,102.527,1.04069,165.43,925.084,7,20,6,13,0.142857,22883.7,124.695,87.7393,1.25897,104.64,132.417,102.511,102.354,38.60327122,46.2485,20.91746255,25.77,48.12639896,57.27538462,0.79154306,5.095683539,0.92
hTME18-1_Str_03_xyz-2987-15888-360,hTME18-1,Q140,D2,CPi,69.6705,66.5105,7,37.07,19583.8,110.161,1.03099,144.642,1121.19,16,33,1,17,0.48125,25355.2,149.176,124.841,1.38333,118.901,120.238,74.1809,65.3063,28.70713651,33.97090909,10.85900783,11.510625,45.50537526,55.11,0.728980149,3.676869853,0.927977839
hTME18-1_Str_03_xyz-3020-13476-134,hTME18-1,Q140,D2,CPi,94.3456,77.318,7,92.04,57468.3,141.029,1.037,218.671,1939.53,17,38,4,21,0.505882,77867.8,182.837,101.279,1.28425,93.9493,114.647,78.7336,73.1737,42.42320367,51.03526316,13.11330488,14.76529412,66.15026459,80.39666667,0.766304601,4.421521976,0.867674858
hTME18-1_Str_03_xyz-3266-14611-293,hTME18-1,Q140,D2,CPi,85.0442,77.3736,4,81.83,40606.4,130.375,1.03925,188.037,1832.61,16,38,6,22,0.427083,52716,158.296,128.844,1.26124,105.266,118.557,100.276,97.0365,39.9987322,48.22131579,14.38964231,15.69,58.62352485,71.88045455,0.771792633,4.554021805,0.854166667
hTME18-1_Str_03_xyz-3610-13547-265,hTME18-1,Q140,D2,CPi,55.615,53.4622,4,76.61,40988.9,115.259,1.03075,183.829,1801.45,14,34,6,20,0.392857,48992.2,139.407,103.13,1.26618,131.503,130.669,96.9738,98.1176,45.77290409,52.97852941,22.84454805,24.54214286,61.82275332,72.884,0.810962356,5.752699642,0.890495868
hTME18-1_Str_03_xyz-3645-12617-378,hTME18-1,Q140,D1,CPi,59.0605,59.8684,9,82.56,51271.7,173.131,1.03143,228.181,2755.43,28,61,5,33,0.449128,61723.9,207.234,128.226,1.32111,126.534,125.913,94.58,89.4206,39.16220471,45.16606557,16.56605065,17.36071429,58.33469906,68.75848485,0.770610692,4.524889073,0.687346939
hTME18-1_Str_03_xyz-3851-5624-374,hTME18-1,Q140,D1,CPi,85.5472,64.9655,5,99.31,54470.5,141.479,1.03163,208.042,2118.48,19,45,7,26,0.446115,72391.7,266.189,160.52,1.26291,110.219,118.297,91.8174,72.1296,40.43787555,47.07288889,18.58032249,20.66,56.41070278,66.37461538,0.80071081,5.388065687,0.764030612
hTME18-1_Str_03_xyz-3853-9090-140,hTME18-1,Q140,D2,CPi,90.5292,78.7539,4,129.01,65452.3,114.752,1.03643,154.235,2601.8,26,58,6,32,0.362821,87705.2,163.701,132.834,1.25872,99.914,111.976,85.1894,79.6119,36.57075979,44.85413793,16.96670981,18.59653846,52.4990504,66.1884375,0.656029312,2.727556197,0.852076125
hTME18-1_Str_03_xyz-4339-15573-320,hTME18-1,Q140,D2,CPi,49.8185,64.4929,5,101.66,44936.1,125.26,1.03135,193.38,2095.05,19,44,6,25,0.236842,56273.8,152.332,120.399,1.20644,128.846,124.791,92.4589,81.8243,40.69869915,47.60931818,11.85193814,12.72,62.62223751,74.1252,0.768108532,4.464305036,0.886145405
hTME18-1_Str_03_xyz-5028-14170-261,hTME18-1,Q140,D2,CPi,78.392,65.8569,5,89.89,64703.1,123.539,1.03161,181.969,2462.32,21,49,7,28,0.44127,79129.6,150.872,138.879,1.20244,113.1,123.4,81.4848,83.2756,42.5866246,50.24591837,13.03977667,13.74666667,64.74676055,77.62035714,0.814216552,5.877868716,0.903333333
hTME18-1_Str_03_xyz-5037-13018-295,hTME18-1,Q140,D1,CPi,88.3052,60.3122,2,109.86,29381.1,116.359,1.03897,161.793,1276.43,6,19,7,13,0.333333,34954.5,145.529,129.088,1.08413,96.8518,134.318,81.3647,69.6163,56.19261039,67.17526316,18.86306215,20.02833333,73.42163266,88.93538462,0.803370802,5.478606721,0.88
hTME18-1_Str_03_xyz-5144-15504-297,hTME18-1,Q140,D1,CPi,85.5832,68.8449,6,89.39,30061.1,109.453,1.04169,162.7,1662.27,20,43,3,23,0.474643,40229.3,145.373,125.181,1.3621,107.689,126.693,70.7223,66.0874,31.77274577,38.65209302,14.84811845,16.052,46.489813,58.30434783,0.716531761,3.476502219,0.8624
hTME18-1_Str_03_xyz-5400-9880-393,hTME18-1,Q140,D2,CPi,61.6441,64.2616,8,83.1,66130.9,155.034,1.03342,176.92,2572.17,29,63,5,34,0.495019,85941.5,204.239,143.05,1.29713,131.68,125.685,71.9774,73.573,34.05054344,40.8231746,10.61830076,11.47275862,54.03686808,65.85735294,0.74810961,4.02789248,0.804783951
hTME18-1_Str_03_xyz-5447-10544-46,hTME18-1,Q140,D2,CPi,101.791,74.8969,5,80.67,46904.4,115.533,1.04158,149.78,2031.15,21,48,6,27,0.456236,66486.3,171.188,106.689,1.37614,87.1877,107.762,99.6705,73.9583,34.87530286,42.31083333,18.87546844,21.10571429,47.31961852,58.8037037,0.726794495,3.64022396,0.90725327
hTME18-1_Str_03_xyz-5481-4956-317,hTME18-1,Q140,D2,CPi,86.2573,77.5018,5,118.71,73875,168.006,1.02734,244.48,2332.63,19,43,5,24,0.4,90955.9,201.736,133.589,1.26173,110.437,125.266,95.8339,99.732,47.16655408,54.24255814,20.12208066,21.87526316,68.5767622,79.86666667,0.765898288,4.411986822,0.853550296
hTME18-1_Str_03_xyz-5535-13166-149,hTME18-1,Q140,D1,CPi,69.9902,64.4564,7,116.8,93421.1,162.644,1.03258,219.709,3352.2,37,78,4,41,0.348539,114629,178.443,162.512,1.39971,119.206,125.92,100.739,92.8738,36.94745515,42.97179487,19.48566388,21.23108108,52.70565704,62.59146341,0.774170784,4.613668894,0.78799351
hTME18-1_Str_03_xyz-5566-11876-282,hTME18-1,Q140,D2,CPi,63.3535,64.3796,4,62.77,27484.6,103.996,1.04963,177.1,1302.61,15,34,4,19,0.315556,34871.4,130.581,42.74,1.34455,124.722,121.868,90.8476,88.6401,30.90749135,38.30794118,18.29940106,20.48333333,40.86124684,52.38,0.738426168,3.843080912,0.904761905
hTME18-1_Str_03_xyz-5599-8901-322,hTME18-1,Q140,D2,CPi,85.7028,73.7656,5,106.11,58767.6,113.989,1.03274,157.998,2451.23,20,48,8,28,0.438095,79053.4,147.667,153.638,1.20825,103.872,110.705,94.7014,101.704,41.89239992,51.06229167,18.32071725,20.8785,58.72931611,72.62214286,0.713531005,3.431080377,0.76
hTME18-1_Str_03_xyz-5708-6529-284,hTME18-1,Q140,D1,CPi,78.6745,62.9911,5,138.05,113695,147.313,1.0273,212.73,3371.21,25,57,7,32,0.513333,138846,185.489,205.558,1.19492,108.201,127.839,100.401,97.0069,51.21644423,59.13964912,16.19846805,16.9176,78.57423812,92.125625,0.781136064,4.796696646,0.885813149
hTME18-1_Str_03_xyz-5840-7314-309,hTME18-1,Q140,D1,CPi,68.546,78.2788,3,96.72,16668.4,115.986,1.02629,161.26,812.123,6,16,4,10,0.5,20761.3,156.866,99.0184,1.37075,122.227,115.743,110.448,103.472,44.87683968,50.753125,26.07171666,29.00666667,56.1599135,63.801,0.765819625,4.410145066,0.875
hTME18-1_Str_03_xyz-6008-5401-329,hTME18-1,Q140,D2,CPi,77.3318,69.2327,7,122.98,74984.9,136.71,1.0368,222.439,2388.35,22,51,7,29,0.465909,97719.5,240.571,90.5308,1.49746,105.573,118.61,87.2954,96.3204,37.37065161,46.82509804,23.61728546,25.93681818,47.80423972,62.67137931,0.693349194,3.150997083,0.822060354
hTME18-1_Str_03_xyz-6375-14963-281,hTME18-1,Q140,D1,CPi,62.3724,67.3596,7,84.01,27943.4,122.289,1.03144,165.732,1520.91,17,37,3,20,0.442017,36131.8,179.981,117.81,1.38289,122.247,115.698,83.5525,69.6268,35.85060474,41.09945946,14.75234473,15.90705882,53.78412575,62.513,0.732187661,3.73185103,0.909090909
hTME18-1_Str_03_xyz-6418-9353-298,hTME18-1,Q140,D2,CPi,88.7647,82.4147,5,96.89,66663.2,127.816,1.03373,155.519,2755.77,30,64,4,34,0.305185,94366.4,228.068,134.337,1.33474,104.814,114.093,86.9668,88.1989,34.68329747,43.05359375,15.4067027,16.94766667,51.69205756,66.08823529,0.686889904,3.069742934,0.759259259
hTME18-1_Str_03_xyz-6466-2602-296,hTME18-1,Q140,D1,CPi,82.0743,78.43,6,47.64,24575.5,124.907,1.04434,148.8,1239.93,12,31,7,19,0.583333,30082.5,139.408,160.73,1.33053,111.252,118.686,76.0153,66.7006,32.22435434,39.99225806,18.00125835,18.99916667,41.20736233,53.25105263,0.742086607,3.911130434,0.93877551
hTME18-1_Str_03_xyz-6779-8578-347,hTME18-1,Q140,D2,CPi,68.3454,79.0173,7,114.98,55971.6,111.535,1.03644,178.279,2355.31,24,54,6,30,0.427528,72333.6,141.815,129.91,1.41343,120.03,116.558,84.8331,77.2597,35.75715738,43.61166667,16.24759027,18.17416667,51.36481107,63.96166667,0.69470943,3.168591833,0.857421875
hTME18-1_Str_03_xyz-6843-14041-322,hTME18-1,Q140,D2,CPi,71.8677,55.1757,9,49.5,24086.2,145.374,1.03398,193.721,1374.59,18,39,3,21,0.501852,30813.4,196.203,122.168,1.53351,123.981,127.214,95.1472,97.1469,30.14980208,35.24102564,15.13609636,18.98611111,43.0186927,49.17380952,0.73725344,3.821724092,0.739130435
hTME18-1_Str_03_xyz-6881-7138-377,hTME18-1,Q140,D2,CPi,86.7068,72.4594,8,87.73,72049.3,122.89,1.03376,170.969,2791.31,30,64,4,34,0.334941,95129.7,171.802,140.369,1.281,106.602,118.877,72.2837,65.9685,36.70670725,43.60921875,13.75382736,14.72333333,56.95924834,69.09676471,0.729595371,3.687303519,0.827160494
hTME18-1_Str_03_xyz-6964-13818-301,hTME18-1,Q140,D2,CPi,71.1779,66.1789,6,96.18,65881.4,136.658,1.03295,186.88,2536.76,23,53,7,30,0.345982,84986.1,159.369,138.991,1.29307,122.305,122.869,69.7677,64.4716,39.95837833,47.85886792,12.44418632,13.44869565,61.0525922,74.24,0.753073004,4.128880875,0.755859375
hTME18-1_Str_03_xyz-7140-9415-356,hTME18-1,Q140,D1,CPi,67.704,74.6194,5,88.78,53189.1,150.049,1.02991,209.82,2799.58,25,59,9,34,0.329048,70164.6,195.758,150.15,1.24612,121.462,121.911,90.9028,88.4068,39.74896679,47.4459322,15.85023685,16.8368,57.32156233,69.95264706,0.734061844,3.764658649,0.755401235
hTME18-1_Str_03_xyz-7381-15429-265,hTME18-1,Q140,D2,CPi,64.9276,50.9927,4,65.73,51269.1,115.066,1.04362,188.67,2114.07,16,41,9,25,0.529762,61546.5,137.583,92.9597,1.19336,118.37,132.066,89.9518,79.169,43.28575452,51.55804878,13.94107782,15.410625,62.0663476,74.6924,0.817777134,6.020551965,0.916323731
hTME18-1_Str_03_xyz-7683-10151-260,hTME18-1,Q140,D1,CPi,79.2786,71.6966,6,105.92,43708.7,139.499,1.03238,150.71,1529.8,13,29,3,16,0.42735,56413.8,168.716,145.802,1.22792,110.816,122.958,72.0847,72.7786,43.99374525,52.74689655,14.14263591,15.06076923,68.24777159,83.366875,0.742695638,3.922661388,0.882716049
hTME18-1_Str_03_xyz-7701-5411-325,hTME18-1,Q140,D1,CPi,70.6277,73.7213,3,107.93,70087.9,139.388,1.0375,210.041,2682.04,21,50,8,29,0.380952,85337.3,178.417,169.93,1.25373,117.573,124.136,90.6132,90.2797,44.92024031,53.6354,22.27291171,23.99142857,61.32002999,75.10172414,0.741868915,3.907023476,0.747138398
hTME18-1_Str_03_xyz-7810-9331-275,hTME18-1,Q140,D1,CPi,46.9413,50.3401,5,145.8,31194.6,132.983,1.02984,142.51,2205.08,18,42,6,24,0.324868,37149.3,162.057,175.839,1.26506,141.459,134.26,96.3564,88.0311,45.3177499,52.49666667,17.68438403,18.93611111,66.0427743,77.66708333,0.793908519,5.168349542,0.877218935
hTME18-1_Str_03_xyz-7955-5865-365,hTME18-1,Q140,D2,CPi,89.4598,83.8677,9,41.91,47263.7,136.635,1.03979,215.91,1676.49,19,42,4,23,0.472605,66847.8,151.503,64.3632,1.50258,97.9671,100.687,86.8862,88.1827,32.95532383,39.91261905,17.59294367,19.79473684,45.64598571,56.53173913,0.643306036,2.60527552,0.8096
hTME18-1_Str_03_xyz-7969-11793-260,hTME18-1,Q140,D2,CPi,70.4934,66.4933,6,66.3,67635.4,127.396,1.02803,202.899,2134.08,22,48,4,26,0.421717,84660.1,158.706,180.08,1.35239,122.038,128.416,103.575,94.6183,38.44979398,44.45458333,16.04196912,16.88818182,57.41026117,67.78,0.774870218,4.631478823,0.864795918
hTME18-1_Str_03_xyz-8164-6981-353,hTME18-1,Q140,D2,CPi,46.9085,67.6154,5,94.67,30947.2,107.039,1.06516,150.549,1427.95,15,34,4,19,0.6,44526.1,165.027,99.4902,1.4103,142.806,126.435,87.0269,87.6815,31.62555966,41.99382353,14.03835471,15.98533333,45.51019514,62.52684211,0.696950324,3.197958259,0.818594104
hTME18-1_Str_03_xyz-8272-10110-300,hTME18-1,Q140,D1,CPi,77.7851,57.2456,8,124.97,76294.4,143.43,1.03468,187.98,2630.38,23,53,7,30,0.462526,91827.9,167.024,150.4,1.29604,113.277,121.62,78.5262,66.5268,41.45715459,49.62471698,15.9682397,17.28782609,60.99865601,74.41633333,0.769724502,4.503264392,0.837890625
hTME18-1_Str_03_xyz-8452-4076-336,hTME18-1,Q140,D1,CPi,52.264,59.4406,4,139.51,87220.3,155.416,1.03309,242.88,2770.82,18,41,5,23,0.296296,103352,205.754,215.57,1.18564,135.124,133.166,82.3628,79.2583,58.09384297,67.57609756,13.85931627,14.64277778,92.71216821,109.0021739,0.834053945,6.760591548,0.8864
hTME18-1_Str_03_xyz-8545-6988-222,hTME18-1,Q140,D1,CPi,78.9267,68.3476,5,118.42,42110.4,121.166,1.03651,198.87,1823.24,16,39,7,23,0.625,51944.7,150.129,111.229,1.26129,107.03,122.673,84.122,88.0047,39.71488749,46.74410256,17.98280619,19.4625,54.83285709,65.7226087,0.797028255,5.267079264,0.8048
hTME18-1_Str_03_xyz-8718-7263-290,hTME18-1,Q140,D1,CPi,81.3417,95.8655,3,121.78,36730.7,124.648,1.0481,139.371,1572.75,11,27,5,16,0.454545,51593.8,198.374,156.029,1.28365,102.927,95.8948,108.886,82.2732,44.96358127,58.24481481,19.46108627,22.52363636,62.49654658,82.803125,0.66463255,2.816009424,0.808641975
hTME18-1_Str_03_xyz-8728-14467-292,hTME18-1,Q140,D1,CPi,89.2045,52.9961,4,138.37,77632,133.367,1.04184,180.39,2933.47,20,51,11,31,0.316667,93744.2,157.558,184.93,1.15642,99.7545,128.388,99.0798,102.215,47.60764642,57.51352941,18.96290984,20.2025,66.08812163,81.58516129,0.801603537,5.418150519,0.799816345
hTME18-1_Str_03_xyz-9057-7227-373,hTME18-1,Q140,D1,CPi,97.0484,75.9618,5,85.8,72910.7,136.702,1.02702,172.108,3054.72,30,66,6,36,0.445556,95988.5,191.07,175.051,1.35385,98.4197,119.185,91.9494,95.2883,39.39473537,46.27893939,18.39858743,20.401,56.89152533,67.84388889,0.746202754,3.990259946,0.8033241
hTME18-1_Str_03_xyz-9110-9558-334,hTME18-1,Q140,D2,CPi,83.7119,56.748,7,146.69,91218.3,126.335,1.0299,192.56,3220.09,44,92,4,48,0.452558,118160,161.915,121.97,1.59742,104.033,126.882,97.6464,105.547,30.12778915,34.99619565,14.75695979,16.39795455,44.21771607,52.04458333,0.776955308,4.685310971,0.7352
hTME18-1_Str_03_xyz-9394-9612-73,hTME18-1,Q140,D2,CPi,48.2666,68.2783,5,112.64,46800.2,125.31,1.0384,150.881,2787.67,26,57,5,31,0.538462,65357.4,246.783,176.69,1.18329,130.707,117.584,93.4057,103.743,39.14647657,48.90122807,11.7798824,12.60576923,62.09910394,79.34258065,0.746348781,3.993119642,0.822773186
hTME18-1_Str_04_xyz-10096-1873-259,hTME18-1,Q140,D1,CPi,51.3231,54.3539,5,63.99,57202.9,134.899,1.05024,206.936,2240.91,17,39,5,22,0.568627,72036.4,169.465,190.179,1.27778,132.976,127.075,69.1889,63.221,44.04583973,57.45358974,17.58931001,19.01470588,64.48952178,87.15636364,0.751969679,4.106043453,0.826388889
hTME18-1_Str_04_xyz-10181-4262-280,hTME18-1,Q140,D1,CPi,44.3932,53.1817,5,119.56,33681.7,126.733,1.03402,192.44,2281.66,22,48,4,26,0.344687,39355.3,150.064,159.38,1.33589,143.263,137.997,79.6147,89.88,41.36051143,47.53020833,17.2535904,18.20909091,61.75867537,72.34038462,0.816045861,5.950404489,0.889030612
hTME18-1_Str_04_xyz-10245-3230-249,hTME18-1,Q140,D1,CPi,71.1053,66.1303,7,139.91,101606,130.745,1.03205,203.451,3478.79,36,75,3,39,0.355448,133887,165.697,167.826,1.4524,115.931,122.976,80.5865,74.9909,39.67655848,46.3792,18.97523349,20.71777778,58.78547387,70.06666667,0.768283859,4.468502746,0.812611541
hTME18-1_Str_04_xyz-10249-3820-155,hTME18-1,Q140,D2,CPi,64.1402,69.5058,2,88.55,15388.4,115.467,1.0422,130.46,1056.83,7,20,6,13,0.285714,19560,143.978,89.6961,1.1548,120.322,127.304,119.206,94.5804,43.52807472,52.8355,23.0179907,26.24857143,54.57196612,67.15153846,0.724138121,3.596551396,0.906666667
hTME18-1_Str_04_xyz-10263-7631-253,hTME18-1,Q140,D2,CPi,77.4773,81.3411,8,106.69,44215,131.893,1.05135,163.191,1953.23,22,46,2,24,0.520563,79860.5,227.933,143.56,1.60979,110.947,109.065,88.2637,74.0891,33.40580048,42.45652174,13.30494961,15.44181818,51.83158046,67.22,0.671362243,2.888747674,0.795857988
hTME18-1_Str_04_xyz-10290-5164-141,hTME18-1,Q140,D1,CPi,72.744,71.9082,4,130.78,61986.5,111.307,1.03119,177.69,2319.7,21,47,5,26,0.293651,78835.3,149.385,145.04,1.30435,119.057,124.873,89.1262,96.2532,41.41784485,49.34978723,19.50361706,21.97428571,59.11779807,71.46076923,0.740562162,3.882531114,0.890306122
hTME18-1_Str_04_xyz-10393-9576-353,hTME18-1,Q140,D1,CPi,57.625,65.9129,5,104.61,26642.5,141.025,1.02268,170.231,2477.99,27,62,8,35,0.434568,32547.2,161.322,171.628,1.44395,127.296,120.028,95.562,89.9477,35.88970042,39.96209677,23.91305639,25.02222222,45.12882582,51.48714286,0.80510004,5.538947228,0.834915997
hTME18-1_Str_04_xyz-10494-5964-195,hTME18-1,Q140,D1,CPi,45.5154,60.4071,4,142.56,41198.6,131.653,1.03336,165.48,1653.49,14,31,3,17,0.345238,51394.1,154.134,166.551,1.20059,135.479,130.568,95.7481,88.1749,44.80651568,53.33387097,12.8841983,13.87142857,71.09548294,85.83235294,0.768401339,4.471319419,0.886426593
hTME18-1_Str_04_xyz-10506-6108-48,hTME18-1,Q140,D2,CPi,81.9252,74.7458,7,74.08,34895.8,108.794,1.03004,176.869,1392.26,20,44,4,24,0.49381,44745.9,143.82,115.079,1.47393,111.203,116.089,99.7404,92.9557,27.41789904,31.63727273,12.95621899,14.275,39.46929908,46.10583333,0.760013143,4.277898534,0.763313609
hTME18-1_Str_04_xyz-10619-3013-288,hTME18-1,Q140,D1,CPi,61.7954,54.047,3,90.93,35588.1,115.841,1.02958,186.521,1423.92,11,28,6,17,0.393939,41603.9,134.369,132.812,1.21441,131.324,133.509,93.1343,90.9432,44.23330992,50.84964286,21.0764018,23.75909091,59.21719165,68.37882353,0.809415746,5.694881207,0.886426593
hTME18-1_Str_04_xyz-10662-3980-97,hTME18-1,Q140,D1,CPi,58.2331,72.5801,7,128.24,88983.1,154.791,1.03522,221.11,3070.73,28,59,3,31,0.380952,123195,186.532,145.61,1.44032,126.643,120.016,96.0203,98.5469,42.28731579,52.04152542,13.47963096,14.6925,68.30716015,85.77612903,0.748168883,4.029072413,0.8640955
hTME18-1_Str_04_xyz-10822-5281-224,hTME18-1,Q140,D1,CPi,61.8182,64.8172,6,123.09,72788.1,133.564,1.04044,177.969,2789.17,24,53,5,29,0.331614,92839.1,166.418,162.21,1.31611,126.607,128.438,95.8607,91.5093,43.40497542,52.62132075,16.23039165,17.54416667,65.89428612,81.65068966,0.778053309,4.714111953,0.873048907
hTME18-1_Str_04_xyz-10882-3302-306,hTME18-1,Q140,D2,CPi,50.1446,70.8065,5,103.77,47394.1,103.641,1.02906,157.131,2225.8,20,47,7,27,0.458333,61132.9,168.453,121.34,1.27107,132.488,117.922,81.4011,83.6705,40.75087661,47.35276596,15.12990841,16.889,59.72937158,69.91851852,0.788906983,5.01684037,0.873959572
hTME18-1_Str_04_xyz-11067-4941-85,hTME18-1,Q140,D1,CPi,84.081,48.1487,3,95.67,48209.4,136.28,1.03968,179.66,1726.28,13,32,6,19,0.25641,58886.8,149.45,122.051,1.18395,103.161,136.81,102.334,93.7342,43.68623918,53.940625,15.82657077,17.24,62.74811757,79.05157895,0.779121405,4.74243476,0.936507937
hTME18-1_Str_04_xyz-1869-7447-95,hTME18-1,Q140,D1,CPi,82.7104,79.1001,6,94.91,44031.8,113.557,1.03103,158.461,1966.63,24,53,5,29,0.633333,58569.4,154.002,126.66,1.45332,107.241,117.121,90.4902,81.4628,31.76350813,37.10169811,16.13704785,17.615,44.69575112,53.22862069,0.693867142,3.15767645,0.901144641
hTME18-1_Str_04_xyz-3923-9357-324,hTME18-1,Q140,D1,CPi,54.3011,64.5107,4,96.94,95410.5,136.971,1.03084,198.23,3522.61,34,76,8,42,0.341176,118639,165.671,175.179,1.32566,130.338,125.46,86.2887,94.8097,40.17136456,46.34473684,15.73257268,16.82147059,59.95514847,70.24452381,0.754508507,4.158935763,0.775826446
hTME18-1_Str_04_xyz-4812-12041-314,hTME18-1,Q140,D2,CPi,56.5849,66.8135,8,69.66,77138.6,145.752,1.03447,209.27,2908.96,35,75,5,40,0.408435,95692,174.584,123.19,1.41597,131.859,124.836,84.3518,88.7841,32.9104462,38.78133333,13.24060875,14.41914286,50.12155396,60.09825,0.749751555,4.060807883,0.835034014
hTME18-1_Str_04_xyz-4829-9577-345,hTME18-1,Q140,D1,CPi,59.8408,57.4859,5,76.48,53273.5,174.564,1.03511,206.709,1792.9,17,39,5,22,0.379085,63071.8,193.622,163.452,1.35606,131.423,133.199,92.0953,90.977,39.49724459,45.96794872,19.00939383,20.42764706,55.32876563,65.70363636,0.808846822,5.673875108,0.796875
hTME18-1_Str_04_xyz-4852-8281-361,hTME18-1,Q140,D2,CPi,71.9926,55.5189,3,67.6,45511.6,169.703,1.02417,228.738,1680.85,14,33,5,19,0.202381,54346.6,191.181,138.199,1.25612,119.259,127.554,76.4105,73.5878,44.53950725,50.93030303,23.72928959,24.78785714,59.87335185,70.19315789,0.827673518,6.451883833,0.848072562
hTME18-1_Str_04_xyz-5574-11952-303,hTME18-1,Q140,D1,CPi,70.9422,51.8317,4,44.2,84706.6,144.557,1.02388,232.33,2810.11,27,61,7,34,0.460494,97228.6,175.284,117.369,1.29936,117.802,138.046,86.5262,75.9462,40.97833332,46.06262295,17.28921305,18.17481481,59.79028177,68.20882353,0.846658111,7.455428737,0.831790123
hTME18-1_Str_04_xyz-6498-11016-189,hTME18-1,Q140,D1,CPi,72.421,63.5478,5,69.95,44032.1,157.97,1.03621,152.337,1763.53,19,42,4,23,0.35589,56888.5,187.832,171.293,1.4047,120.302,117.414,105.209,109.865,33.27277057,41.98404762,20.78824608,22.02684211,43.58607342,58.47043478,0.657138588,2.738688192,0.816
hTME18-1_Str_04_xyz-6507-1789-83,hTME18-1,Q140,D1,CPi,85.5654,60.1564,4,113.74,72157.4,159.983,1.04259,230.86,2262.35,19,43,5,24,0.5,90456.4,221.719,155.819,1.42781,97.311,127.559,93.8315,96.6595,43.16456445,52.60790698,28.44679279,31.75315789,54.81613368,69.11791667,0.747732514,4.020400195,0.869822485
hTME18-1_Str_04_xyz-6560-4872-360,hTME18-1,Q140,D2,CPi,80.1935,69.6076,8,51.56,39396.4,134.129,1.03042,160.18,1944.2,30,62,2,32,0.350814,64525.6,176.638,82.339,1.75962,107.062,109.049,98.4085,97.6869,26.32322891,31.35290323,13.24533482,14.46066667,38.58375463,47.189375,0.67409756,2.919256483,0.78633218
hTME18-1_Str_04_xyz-6575-5571-304,hTME18-1,Q140,D1,CPi,82.8491,64.9137,8,116.37,98940.8,167.579,1.03316,241.058,3229.95,38,79,3,41,0.478164,125191,185.723,156.35,1.43067,108.887,122.319,104.017,104.871,34.9245505,40.88050633,17.21459474,18.48815789,51.33865583,61.63439024,0.711710637,3.404035339,0.624121147
hTME18-1_Str_04_xyz-6678-12678-60,hTME18-1,Q140,D1,CPi,54.0594,51.2548,5,70.52,52248.3,132.551,1.02835,221.16,2321.16,23,52,6,29,0.389648,61608.1,152.742,107.059,1.27976,129.753,132.491,73.5443,75.0805,38.70299304,44.63307692,15.34462616,16.24782609,57.22859435,67.14551724,0.820022357,6.113770363,0.848074922
hTME18-1_Str_04_xyz-6824-3378-333,hTME18-1,Q140,D1,CPi,91.7513,75.831,5,107.12,63831.6,154.557,1.03099,206.12,2459.19,20,48,8,28,0.504167,79993.6,183.951,132.93,1.22797,96.8006,115.531,82.4067,79.9921,43.2558171,51.22791667,15.93697783,17.3355,62.76927372,75.43678571,0.788882961,5.016131986,0.844444444
hTME18-1_Str_04_xyz-6848-12415-310,hTME18-1,Q140,D1,CPi,70.8203,69.1893,5,106.92,97874.3,128.284,1.02913,211.221,3431.29,31,69,7,38,0.471582,119991,158.095,158.499,1.23949,114.04,121.343,95.411,100.499,43.44765607,49.72434783,13.82378439,14.75516129,67.61449875,78.25184211,0.798663901,5.320207376,0.800625
hTME18-1_Str_04_xyz-7092-1306-368,hTME18-1,Q140,D2,CPi,84.4492,81.4441,3,69,28973.7,127.329,1.02968,175.48,1426.68,13,31,5,18,0.615385,40789.1,195.558,131.829,1.38267,99.4199,108.851,74.054,83.525,38.39121664,46.01677419,19.79760133,22.61461538,51.81993881,62.91833333,0.698294316,3.215802074,0.8675
hTME18-1_Str_04_xyz-7188-3326-334,hTME18-1,Q140,D1,CPi,69.6867,67.3853,7,132.07,105324,148.709,1.03975,215.082,3589.71,35,76,6,41,0.470794,141681,221.463,199.919,1.37524,119.006,115.465,101.116,99.3875,39.30926112,47.22789474,18.17329846,19.83514286,57.35215607,70.61195122,0.748107782,4.027856109,0.69605192
hTME18-1_Str_04_xyz-7470-12666-260,hTME18-1,Q140,D1,CPi,92.8891,72.4419,5,73.16,32217.3,109.256,1.04183,143.94,1270.5,14,32,4,18,0.395238,45326.3,165.434,121.391,1.37604,92.6506,121.08,93.9222,85.1338,33.06753604,39.6975,19.29425979,21.86571429,43.78008423,53.56666667,0.717349359,3.489063189,0.8975
hTME18-1_Str_04_xyz-7474-1519-340,hTME18-1,Q140,D1,CPi,76.8259,68.1407,4,58.96,34183.5,120.022,1.04089,177.392,1648.98,13,32,6,19,0.358974,46637.8,210.341,172.16,1.24918,110.823,119.294,79.8788,97.3095,40.26750941,51.52625,21.11869064,25.69076923,53.36933279,69.20315789,0.76081008,4.29562666,0.87755102
hTME18-1_Str_04_xyz-7543-8999-323,hTME18-1,Q140,D1,CPi,80.5638,59.7858,7,73.74,67789.8,166.447,1.03429,251.149,2466.51,27,57,3,30,0.519285,85791.2,188.517,136.268,1.47456,100.731,122.641,95.3984,89.5984,36.31718041,43.2677193,12.39420246,13.30777778,57.84786056,70.23166667,0.775001243,4.63482886,0.76171875
hTME18-1_Str_04_xyz-7635-11964-339,hTME18-1,Q140,D2,CPi,74.8523,52.927,5,66.98,56401.1,134.145,1.02765,213.65,2126,18,44,8,26,0.425926,68229.9,196.559,124.442,1.1875,111.361,129.958,92.1581,89.9603,42.02753897,48.31363636,16.5057925,17.95,59.69644037,69.33461538,0.824862861,6.32384291,0.868622449
hTME18-1_Str_04_xyz-7776-5663-296,hTME18-1,Q140,D1,CPi,64.9038,63.1399,5,118.8,62755.9,141.347,1.04072,180.42,2322.15,19,43,5,24,0.364912,81718.7,181.18,152.569,1.28342,123.097,120.658,88.8452,83.1415,43.08274664,53.99860465,20.8874314,22.62578947,60.65403787,78.83541667,0.734929455,3.780020558,0.792899408
hTME18-1_Str_04_xyz-7958-11816-325,hTME18-1,Q140,D1,CPi,67.1006,61.4354,2,67.71,19661.4,93.9867,1.05701,149.811,1026.14,6,18,6,12,0.166667,25797.3,139.97,86.9294,1.19212,131.714,119.037,93.9825,95.7174,42.06315569,57.00333333,28.16672682,32.95,49.01137012,69.03,0.674435819,2.923068471,0.918367347
hTME18-1_Str_04_xyz-8131-8588-331,hTME18-1,Q140,D2,CPi,77.5979,68.3742,6,115.33,34964.8,112.364,1.0298,161.36,1883.64,21,47,5,26,0.406349,44517.9,136.426,128.525,1.37341,112.787,122.639,86.4778,78.6693,33.89833204,40.07297872,11.46523337,12.20857143,52.01737328,62.57884615,0.775116157,4.637770571,0.790816327
hTME18-1_Str_04_xyz-8321-9970-305,hTME18-1,Q140,D2,CPi,93.0905,86.1009,9,68.89,37419.2,129.743,1.04153,194.041,1696.83,23,49,3,26,0.66742,55778.1,189.153,107.061,1.86466,92.7106,104.196,82.3779,68.1132,28.6573037,34.62408163,14.80421654,17.33086957,40.91195773,49.92192308,0.74919435,4.049584139,0.844387755
hTME18-1_Str_04_xyz-8406-5272-332,hTME18-1,Q140,D2,CPi,87.2079,74.5213,6,101.48,80774.3,121.689,1.02648,167.2,3302.73,33,75,9,42,0.309283,101413,143.896,104.469,1.33122,110.599,125.318,76.1454,87.9153,38.12198859,44.03093333,16.33251937,17.68848485,55.24228583,64.72857143,0.756887556,4.209615285,0.815082645
hTME18-1_Str_04_xyz-8551-10811-58,hTME18-1,Q140,D1,CPi,54.9013,44.9005,4,73.48,62840.2,135.673,1.04404,207.03,2547.06,23,53,7,30,0.346791,73547.6,173.316,117.6,1.23326,135.391,145.745,87.7221,73.477,40.00267444,48.05339623,18.29202043,19.09521739,56.64750919,70.25466667,0.826934103,6.417749081,0.876953125
hTME18-1_Str_04_xyz-8688-4175-325,hTME18-1,Q140,D1,CPi,65.5964,73.7037,5,102.83,72501.4,124.596,1.03162,179.13,2999.06,23,56,10,33,0.384058,88755.8,147.216,132.08,1.15785,121.918,123.679,104.587,100.129,45.25477577,53.55017857,13.37983448,14.42347826,67.47064395,80.82030303,0.767885196,4.45896811,0.822857143
hTME18-1_Str_04_xyz-8829-9218-363,hTME18-1,Q140,D1,CPi,75.0904,80.4622,4,57.81,35390.4,111.224,1.0431,169.87,1562.92,13,35,9,22,0.564103,47440.9,140.908,105.048,1.17853,112.371,113.611,108.266,116.653,37.17403054,44.65,12.05694649,13.39230769,52.01594383,63.12045455,0.75928864,4.261895013,0.798611111
hTME18-1_Str_04_xyz-8839-3286-269,hTME18-1,Q140,D1,CPi,71.7875,69.486,4,153.59,43265.8,124.258,1.02843,167.044,2082.83,17,40,6,23,0.313725,56304.9,176.236,130.432,1.27083,122.495,121.946,90.2142,82.7637,43.90490793,52.0655,17.50859639,19.04823529,63.41522515,76.46956522,0.764053269,4.369148381,0.9104
hTME18-1_Str_04_xyz-9207-2030-289,hTME18-1,Q140,D1,CPi,54.4034,51.2086,3,99.02,42542.8,111.339,1.0276,175.899,1782.93,16,37,5,21,0.40625,50601.7,129.515,141.271,1.2883,128.298,131.565,74.1055,92.3573,41.58673705,48.18243243,15.84912054,17.035625,61.19634963,71.91333333,0.773283796,4.59125914,0.894139887
hTME18-1_Str_04_xyz-9342-9603-57,hTME18-1,Q140,D1,CPi,80.3599,62.3358,7,104.09,85576.3,133.29,1.03666,210.069,3405.54,27,67,13,40,0.481481,114647,190.526,151.069,1.31808,111.18,124.432,87.3747,88.6466,42.25266246,50.82492537,20.85728984,25.63555556,56.69453898,67.82775,0.768366138,4.470475098,0.870181406
hTME18-1_Str_04_xyz-9692-5358-302,hTME18-1,Q140,D2,CPi,64.5783,69.3001,5,85.67,59542.2,120.209,1.03891,167.133,2637.72,26,58,6,32,0.528571,76751.1,164.249,155.945,1.29981,128.102,117.269,92.1296,92.8647,37.951404,45.47275862,12.98313303,13.97961538,58.23812416,71.0609375,0.73765624,3.829035678,0.871972318
hTME18-1_Str_04_xyz-9735-4850-369,hTME18-1,Q140,D2,CPi,71.6245,64.4218,4,55.65,43076.2,109.795,1.03891,157.638,1872.87,21,48,6,27,0.373016,53338,137.076,140.612,1.23826,116.379,124.369,87.7796,93.9016,32.4395134,39.01291667,14.58787041,15.94190476,46.32412462,56.95703704,0.726296469,3.631964508,0.826397146
hTME18-1_Str_04_xyz-9977-7503-333,hTME18-1,Q140,D2,CPi,61.3902,67.9102,4,93.41,65758.2,133.831,1.029,196.239,2163.67,17,39,5,22,0.382353,78558.3,157.003,166.462,1.14804,135.114,124.956,89.2041,105.284,48.22258724,55.47307692,13.25390114,13.89117647,75.24384468,87.60454545,0.786575038,4.948901018,0.934027778
hTME18-1_Str_05_xyz-2017-14266-45,hTME18-1,Q140,D2,CPi,48.8734,63.4614,3,91.38,17139.3,115.316,1.03731,185.573,1679.47,13,34,8,21,0.487179,21048.1,139.34,127.42,1.1723,125.321,120.328,100.376,100.505,41.72951924,49.39117647,17.45167619,17.78692308,56.75866018,68.95571429,0.746877113,4.003496693,0.844990548
hTME18-1_Str_05_xyz-3021-14598-75,hTME18-1,Q140,D1,CPc,80.9137,71.4685,6,100.93,67763.1,140.397,1.0264,200.741,2365.64,28,59,3,31,0.503968,85693,158.295,142.618,1.41574,112.691,123.949,106.616,104.372,35.09491229,40.09101695,14.59965962,15.84964286,53.60675342,61.98645161,0.728015993,3.660623783,0.884297521
hTME18-1_Str_05_xyz-3025-13162-277,hTME18-1,Q140,D2,CPc,44.1219,51.7888,5,74.44,16160.1,117.46,1.0255,191.96,2131.26,24,53,5,29,0.486111,18558.5,129.011,102.798,1.34,140.789,135.182,88.2509,95.3235,35.80929639,40.20735849,12.95820599,13.75833333,54.72054362,62.0962069,0.800280634,5.373675863,0.903225806
hTME18-1_Str_05_xyz-3285-15022-249,hTME18-1,Q140,D2,CPc,90.1312,53.5121,5,54,45404.7,121.776,1.04177,162.259,1723.52,15,36,6,21,0.362222,59243.1,167.669,151.21,1.21852,97.5804,127.406,80.7382,79.7041,39.14586542,47.87083333,16.30356682,19.164,55.46179299,68.37571429,0.77222607,4.564789638,0.810964083
hTME18-1_Str_05_xyz-3318-14716-301,hTME18-1,Q140,D2,CPc,65.4564,62.8484,4,33.36,42233.6,133.642,1.03193,213.17,1759.83,15,36,6,21,0.328889,53125.5,155.801,117.681,1.2442,127.273,126.885,69.887,45.7595,40.28191038,48.87944444,17.37020585,18.39666667,56.64741361,70.65285714,0.792017234,5.110102334,0.873345936
hTME18-1_Str_05_xyz-3863-12567-367,hTME18-1,Q140,D1,CPc,59.6438,69.6241,4,53.53,44946.2,121.083,1.04215,155.26,1928.78,20,45,5,25,0.43,57579.3,137.021,126.169,1.21404,123.937,121.896,88.9453,73.742,36.20545115,42.85711111,11.34382087,12.548,56.09475538,67.1044,0.749232425,4.050349316,0.88340192
hTME18-1_Str_05_xyz-4300-13594-47,hTME18-1,Q140,D2,CPc,78.9162,63.0404,5,67.4,65742.6,127.48,1.03406,199.041,2589.17,26,64,12,38,0.315089,81865.2,165.27,135.99,1.38103,113.272,128.479,104.271,100.101,34.25279107,40.45046875,18.49478654,20.39653846,45.03458364,54.17157895,0.76979091,4.504878425,0.798125
hTME18-1_Str_05_xyz-4449-13915-282,hTME18-1,Q140,D1,CPc,81.4008,66.7692,6,107.82,64183.5,130.978,1.03266,148.592,2777.84,25,59,9,34,0.383333,78203.5,151.742,168.626,1.23886,111.569,121.186,86.7441,92.6651,40.44886846,47.07728814,15.39975648,16.6904,58.86733315,69.42058824,0.816948023,5.986773334,0.868055556
hTME18-1_Str_05_xyz-4646-14037-268,hTME18-1,Q140,D2,CPc,69.7759,57.0654,5,66.8,38473.4,129.1,1.02393,164.446,1896.58,23,50,4,27,0.300725,48265.7,174.828,126.9,1.35484,121.329,127.967,88.2351,84.7812,33.21583072,37.9262,14.94847751,16.2573913,48.77690937,56.38481481,0.820792172,6.146332776,0.775267539
hTME18-1_Str_05_xyz-5681-3519-132,hTME18-1,Q140,D1,CPc,82.9805,83.9973,4,96.99,34110.7,132.861,1.04523,198.79,1577.67,16,37,5,21,0.375,45096.8,186.45,113.14,1.35969,111.43,115.626,84.0479,99.963,34.71314275,42.63432432,20.35691662,22.236875,45.65121981,58.1752381,0.723196399,3.581291763,0.81852552
hTME18-1_Str_05_xyz-6329-3551-374,hTME18-1,Q140,D2,CPc,81.5992,76.4268,5,64.27,31113.1,93.716,1.0259,140.78,1482.01,23,50,4,27,0.539337,39662.1,158.72,91.2597,1.32969,111.045,115.835,87.3955,79.2834,26.319035,29.6358,12.69588787,13.27391304,37.92393811,43.5737037,0.741646011,3.902826128,0.941736029
hTME18-1_Str_05_xyz-6347-11827-329,hTME18-1,Q140,D1,CPc,70.971,62.3651,5,99.61,43244.8,134.495,1.02787,163.79,1859.23,18,42,6,24,0.440476,52609.7,149.739,132.33,1.29657,112.333,129.588,103.024,97.9679,38.8087522,44.26238095,18.16767716,19.29611111,54.28955849,62.98708333,0.77389113,4.606582294,0.764792899
hTME18-1_Str_05_xyz-7003-10527-363,hTME18-1,Q140,D1,CPc,79.723,65.3068,8,67.62,77197.3,131.303,1.03124,200.08,2883.11,36,77,5,41,0.408527,105084,173.63,118.311,1.32885,106.606,120.079,84.9282,86.6639,32.04274863,37.43818182,9.802699444,10.57166667,51.57059669,61.02829268,0.747738979,4.020528436,0.765819362
hTME18-1_Str_05_xyz-7305-7790-345,hTME18-1,Q140,D1,CPc,81.1818,70.2511,6,108.35,35962.9,129.057,1.03512,150.1,1765.83,23,48,2,25,0.471014,48327.4,154.946,130.33,1.38796,107.593,119.855,104.807,100.307,31.19053872,36.783125,11.98127295,13.82304348,48.86306323,57.9064,0.770638905,4.525580593,0.809327846
hTME18-1_Str_05_xyz-8171-5560-358,hTME18-1,Q140,D1,CPc,69.5988,59.4927,4,117.86,58800,137.508,1.03228,175.607,2168.93,18,42,6,24,0.316667,72140.6,149.459,164.89,1.2102,120.605,134.243,85.8651,87.649,44.46346616,51.63619048,16.73725527,18.72666667,65.25812433,76.31833333,0.801734131,5.422576877,0.786982249
hTME18-1_Str_05_xyz-8554-5201-371,hTME18-1,Q140,D2,CPc,48.6039,59.4343,3,141.31,66959.3,149.901,1.0319,207.289,2367.71,19,45,7,26,0.315789,82610.8,203.211,166.82,1.28891,130.765,120.185,81.129,83.831,45.57686523,52.61088889,25.18918188,27.50631579,60.47555692,70.95653846,0.783702216,4.867445093,0.821428571
hTME18-1_Str_05_xyz-8581-5855-365,hTME18-1,Q140,D1,CPc,82.4522,70.5934,4,108.27,93842.7,144.52,1.02801,200.17,3302.8,27,65,11,38,0.37284,118938,165.785,145,1.24542,114.133,127.986,82.8837,79.2773,44.37827154,50.80723077,18.37015555,20.53962963,62.85772237,72.31315789,0.798034556,5.299651762,0.80125
hTME18-1_Str_05_xyz-8636-9567-374,hTME18-1,Q140,D2,CPc,66.0007,73.6894,7,121.24,88058.8,126.335,1.02631,182.68,3626.71,44,96,8,52,0.421356,120257,173.222,141.929,1.47477,118.801,116.374,84.6476,88.8634,32.86040543,37.7728125,15.15953072,16.83795455,47.83806865,55.48692308,0.766735014,4.431663002,0.695473251
hTME18-1_Str_05_xyz-8683-10146-406,hTME18-1,Q140,D1,CPc,73.8519,83.3269,5,88.49,48390.3,125.412,1.03972,171.734,1819.33,15,34,4,19,0.411111,65028.1,201.919,176.137,1.15657,117.375,115.411,100.695,92.207,42.57531676,53.50529412,10.98036699,11.816,67.51869816,86.41789474,0.712450076,3.414975427,0.879818594
hTME18-1_Str_06_xyz-2418-11434-161,hTME18-1,Q140,D2,CPc,72.0165,44.4577,4,36.91,45493.2,168.52,1.0392,256.24,1431.12,11,27,5,16,0.454545,54207,181.629,85.2996,1.32109,119.89,138.606,85.8892,101.865,43.83819551,52.99925926,23.3618358,27.14090909,57.91569281,70.776875,0.858048449,8.203067202,0.712962963
hTME18-1_Str_06_xyz-2464-13599-185,hTME18-1,Q140,D1,CPc,73.0114,49.1433,3,37.69,40761,142.439,1.03213,192.499,1538.47,10,27,7,17,0.4,48683.2,162.512,124.57,1.25841,113.988,130.905,99.3595,75.5898,48.97106738,56.97555556,26.38292331,29.354,62.25821095,73.22352941,0.825227513,6.340195315,0.891966759
hTME18-1_Str_06_xyz-3620-12178-153,hTME18-1,Q140,D2,CPc,88.0918,67.7412,2,79.07,22315.3,148.43,1.03336,154.42,1011.33,6,15,3,9,0.166667,32940.2,217.138,104.929,1.19571,107.378,118.259,92.8054,110.633,52.923937,67.41666667,27.90451642,30.625,69.60355071,91.94444444,0.752240222,4.111622431,0.892561983
hTME18-1_Str_06_xyz-3901-12541-286,hTME18-1,Q140,D1,CPc,56.8037,58.8858,2,42.08,14252.5,108.544,1.03327,152.62,771.74,5,14,4,9,0,17404.8,129.178,108.89,1.19718,133.395,125.139,59.7541,73.8994,47.68090803,55.11928571,19.53539884,21.344,63.31730202,73.88333333,0.792748991,5.13249817,0.909090909
hTME18-1_Str_06_xyz-4383-3228-253,hTME18-1,Q140,D2,CPc,81.2363,57.6745,4,73.54,23008.8,115.483,1.02701,118.963,897.709,12,27,3,15,0.458333,27161.6,136.407,96.3356,1.43609,116.197,136.099,88.3685,92.136,29.4166773,33.24333333,17.18681982,18.36333333,39.20056328,45.14733333,0.795543962,5.219687111,0.899653979
hTME18-1_Str_06_xyz-4559-3646-80,hTME18-1,Q140,D2,CPc,60.9686,66.2464,3,73.55,19705,93.3983,1.04824,148.56,1189.95,13,30,4,17,0.410256,25411.7,127.204,84.7811,1.18966,128.978,125.766,84.2696,90.9755,32.89248473,39.66033333,15.59044123,17.22076923,46.12345916,56.82,0.762690703,4.337987209,0.886426593
hTME18-1_Str_06_xyz-4838-3893-180,hTME18-1,Q140,D2,CPc,83.4356,63.3583,3,77.16,31916.7,111.406,1.03055,183.891,1686.5,13,34,8,21,0.333333,38854.7,144.713,123.667,1.18781,100.254,118.252,92.6505,103.244,42.77125027,49.59764706,17.37316423,18.75769231,58.49387495,68.68904762,0.798625722,5.318956286,0.850661626
hTME18-1_Str_06_xyz-5064-3496-244,hTME18-1,Q140,D1,CPc,61.6775,58.8637,4,104.98,25149.3,124.535,1.03264,185.09,1160.53,7,18,4,11,0.333333,30698.7,147.75,136.567,1.23636,121.745,125.267,93.7918,96.7849,53.51969555,64.46833333,14.1983042,14.65,78.54239914,96.17090909,0.785373089,4.91452527,0.905325444
hTME18-1_Str_06_xyz-5363-12761-334,hTME18-1,Q140,D1,CPc,81.1511,51.6975,5,94.76,73475.6,116.864,1.02526,185.26,2809.81,30,66,6,36,0.470556,89291.4,153.817,115.15,1.29481,104.056,136.392,89.5712,87.0214,37.70895805,42.56742424,14.2500808,15.262,57.25802243,65.32194444,0.826449174,6.395538872,0.860803324
hTME18-1_Str_06_xyz-5409-8683-268,hTME18-1,Q140,D1,CPc,44.9893,55.0274,6,61.42,47561.3,126.282,1.02965,206.12,2034.53,22,49,5,27,0.383838,59827.7,151.955,123.93,1.4697,136.329,126.894,97.8491,90.1012,34.7079653,41.51673469,16.53374967,17.92590909,49.51658544,60.73888889,0.760060148,4.278940555,0.806183115
hTME18-1_Str_06_xyz-5651-11613-204,hTME18-1,Q140,D2,CPc,70.3092,54.6056,6,57.08,65046.4,122.661,1.02618,177.17,2650.5,28,62,6,34,0.398199,77919.5,144.666,167.081,1.2733,118.466,131.313,83.3791,85.735,37.71661437,42.74580645,14.84840233,16.18571429,56.54925958,64.61882353,0.822378676,6.214435183,0.80632716
hTME18-1_Str_06_xyz-5682-12263-315,hTME18-1,Q140,D1,CPc,74.3101,65.3686,4,112.43,107101,164.961,1.02642,216.94,3421.38,24,61,13,37,0.284722,128823,224.443,164.62,1.18193,109.193,123.73,88.6587,63.7967,49.03293008,56.08295082,22.21501548,24.43833333,66.42833415,76.60918919,0.812606431,5.815330752,0.771860618
hTME18-1_Str_06_xyz-6132-3849-339,hTME18-1,Q140,D2,CPc,48.0283,52.3163,4,94.27,79127.1,196.736,1.02107,246.512,2272.07,19,42,4,23,0.342105,92139.7,226.362,175.509,1.37677,135.551,135.341,109.506,99.6839,48.7079078,54.09261905,26.32118121,28.36526316,67.20129063,75.34565217,0.828404891,6.485970664,0.8144
hTME18-1_Str_06_xyz-6198-11620-286,hTME18-1,Q140,D1,CPc,72.3885,68.0731,2,69.27,37433.1,146.011,1.02851,182.239,1712.57,10,28,8,18,0.2,43868.1,168.924,164.388,1.19869,115.441,128.55,86.7693,90.7278,53.88173771,61.15928571,23.19771119,25.119,70.92841911,81.18166667,0.815530286,5.929798365,0.9175
hTME18-1_Str_06_xyz-6406-10959-318,hTME18-1,Q140,D1,CPc,101.765,75.1643,4,54.88,29444.9,127.977,1.04176,182.29,1217.29,8,21,5,13,0.5,37936.3,156.761,148.821,1.15667,102.09,103.835,106.17,74.4254,46.19312689,57.96095238,17.72363123,19.475,63.71281653,81.64461538,0.756011459,4.190824454,0.902222222
hTME18-1_Str_06_xyz-6479-5435-119,hTME18-1,Q140,D1,CPc,80.5039,64.3155,5,107.06,82817.6,131.293,1.03259,198.669,3043.39,33,72,6,39,0.377489,103877,157.243,142.342,1.30884,106.804,123.11,95.6862,94.1761,36.42833459,42.26430556,13.63243092,14.60060606,55.71717616,65.67205128,0.771331658,4.542619709,0.809042237
hTME18-1_Str_06_xyz-6989-5436-120,hTME18-1,Q140,D2,CPc,84.5516,71.3112,6,118.71,106740,139.208,1.03087,201.232,3583.99,33,70,4,37,0.356614,131768,161.244,162.081,1.14502,108.411,121.609,81.2409,74.0449,44.32096643,51.19542857,9.098737248,9.416363636,75.73538706,88.45783784,0.772664447,4.575726712,0.813280736
hTME18-1_Str_06_xyz-7039-3727-322,hTME18-1,Q140,D2,CPc,70.2897,63.2561,6,61.67,33997.6,126.809,1.0385,212.689,1372.87,11,28,6,17,0.458874,41191.9,141.504,151.47,1.19411,117.805,123.603,107.164,102.823,40.00095903,49.02535714,14.33666393,15.4,56.60726762,70.78294118,0.767808041,4.457127036,0.822714681
hTME18-1_Str_06_xyz-7051-9838-122,hTME18-1,Q140,D2,CPc,89.1121,66.1508,5,116.21,91606.8,129.948,1.03147,204.11,3161.61,31,68,6,37,0.38172,112531,147.438,139.651,1.22215,104.256,120.839,87.5794,101.369,39.61261623,46.48867647,11.57267674,12.4016129,63.10553852,75.04810811,0.77713716,4.6900592,0.813280736
hTME18-1_Str_06_xyz-7301-6024-349,hTME18-1,Q140,D1,CPc,65.749,55.7452,6,63.44,56944.3,139.367,1.02401,208.969,2218.37,22,50,6,28,0.531405,67514.1,159.105,164.66,1.2404,125.214,130.512,64.8035,59.5659,39.36422993,44.3628,14.8631063,15.52227273,58.61511278,67.02321429,0.797407181,5.279302208,0.84
hTME18-1_Str_06_xyz-7392-3729-91,hTME18-1,Q140,D1,CPc,65.9753,44.1742,7,49.82,101948,163.268,1.02089,258.36,2952.53,29,64,6,35,0.417529,119635,233.891,124.36,1.25956,120.484,138.806,87.745,83.58,40.55371526,46.1278125,17.19318383,17.96689655,59.90958417,69.46114286,0.858208864,8.214558167,0.737764792
hTME18-1_Str_06_xyz-7431-9371-278,hTME18-1,Q140,D2,CPc,75.0284,72.8731,3,99.88,47275.4,146.012,1.0336,195.259,2186.06,15,39,9,24,0.288889,56969.8,168.933,160.57,1.24803,109.943,117.008,98.7723,102.64,48.3741985,56.04820513,25.11634702,28.22333333,62.91035568,73.43875,0.79895809,5.329865405,0.893491124
hTME18-1_Str_06_xyz-7789-5685-318,hTME18-1,Q140,D1,CPc,65.2416,59.0882,5,113.38,59994,125.546,1.03296,184.271,2334.68,26,58,6,32,0.410256,72009.6,148.599,119.696,1.37066,122.849,126.282,90.5208,93.206,34.84724004,40.24775862,16.08507586,17.66423077,50.09149844,58.596875,0.774830086,4.630453597,0.73183391
hTME18-1_Str_07_xyz-2303-12966-156,hTME18-1,Q140,D2,CPc,64.6098,52.0742,4,50.41,42686.6,156.522,1.03382,217.18,1829.59,17,38,4,21,0.419328,55419,178.926,171.47,1.36283,113.547,124.604,89.6653,90.6837,40.70553884,48.14263158,17.99647028,20.30176471,59.08907053,70.68047619,0.783260179,4.855125072,0.877126654
hTME18-1_Str_07_xyz-2933-11652-215,hTME18-1,Q140,D1,CPc,93.1264,56.171,3,47.72,19365.4,114.704,1.0271,197.1,1131.21,9,22,4,13,0.259259,24360.1,149.493,56.3898,1.3607,97.8576,128.656,90.578,81.7565,44.25870549,51.41409091,17.11959389,20.01666667,63.04732122,73.15076923,0.817161375,5.995432759,0.906666667
hTME18-1_Str_07_xyz-3219-13159-124,hTME18-1,Q140,D2,CPc,40.223,63.8619,5,86.31,28431,94.8173,1.02952,148.301,1442.16,15,36,6,21,0.288889,35589.5,123.607,112.59,1.36273,138.26,122.082,93.4586,87.7594,34.53288496,40.05555556,16.00202881,17.50666667,47.76921079,56.16190476,0.79806771,5.300731082,0.896030246
hTME18-1_Str_07_xyz-3952-12811-210,hTME18-1,Q140,D1,CPc,75.1017,53.4137,6,95.23,47156,119.919,1.03102,185.469,1976.49,21,47,5,26,0.48296,61190.3,152.771,129.459,1.28047,112.881,126.352,75.9857,72.3301,35.70085373,42.04808511,11.09656745,11.95142857,55.57354649,66.35692308,0.79886058,5.326660735,0.818877551
hTME18-1_Str_07_xyz-4393-12896-240,hTME18-1,Q140,D1,CPc,72.986,45.6806,4,52.66,21413.9,142.679,1.02279,162.148,1032.03,10,24,4,14,0.326667,25017.3,166.94,96.7192,1.31714,121.942,138.78,99.3278,81.8906,38.50522443,42.99541667,17.81399792,18.916,53.28467195,60.195,0.859100076,8.278930661,0.90234375
hTME18-1_Str_07_xyz-4398-4941-332,hTME18-1,Q140,D1,CPc,86.7034,83.1072,7,94.75,49202.6,138.751,1.02551,189.83,1758.95,17,39,5,22,0.423529,61597.8,179.443,98.3275,1.3201,103.556,117.137,83.6938,78.2679,40.09417844,45.09615385,15.37572576,16.35647059,59.19480098,67.30409091,0.778229392,4.718760244,0.852430556
hTME18-1_Str_07_xyz-4470-12167-216,hTME18-1,Q140,D2,CPc,67.7129,64.8212,5,87.63,43930.1,136.044,1.03033,187.279,2036.36,22,48,4,26,0.421212,55271.6,162.153,155.109,1.35534,117.569,120.292,85.9674,80.8182,36.18131396,42.41979167,17.57051582,19.12954545,51.92891239,62.12692308,0.777719876,4.705332377,0.81505102
hTME18-1_Str_07_xyz-4742-9768-288,hTME18-1,Q140,D2,CPc,74.136,51.6986,6,62.53,55668.8,128.764,1.02422,192.619,2015.01,25,54,4,29,0.424,69580.7,146.594,148.468,1.31408,111.917,129.255,80.4713,87.8455,32.45276352,37.30925926,10.29122329,11.0252,51.55753959,59.96793103,0.845292947,7.374047699,0.799167534
hTME18-1_Str_07_xyz-5099-4474-309,hTME18-1,Q140,D2,CPc,92.8892,83.5193,4,110.2,53038.1,142.245,1.02506,219.14,1904.7,17,38,4,21,0.45098,64961.1,175.471,177.21,1.34993,96.7601,116.061,95.2104,76.5996,43.6055298,50.11894737,19.13416765,19.83117647,63.4156801,74.63761905,0.749555937,4.056861228,0.873345936
hTME18-1_Str_07_xyz-5341-5170-47,hTME18-1,Q140,D2,CPc,67.5277,53.7784,5,81.86,85980.7,157.077,1.02944,245.81,2669.04,25,57,7,32,0.440667,102274,173.408,127.399,1.28392,124.884,131.158,104.515,102.639,41.19318973,46.82,17.18547999,18.9364,59.94921297,68.6040625,0.817105276,5.993153682,0.783737024
hTME18-1_Str_07_xyz-5349-8195-299,hTME18-1,Q140,D1,CPc,80.1228,72.1518,4,64.3,26995.1,105.118,1.04011,161.001,1348.48,11,29,7,18,0.454545,32715,136.636,77.7767,1.14096,108.459,113.774,96.602,99.5845,39.66749446,46.49448276,10.33930946,11.11454545,57.59027418,68.11555556,0.798995921,5.331109669,0.8425
hTME18-1_Str_07_xyz-5412-10739-229,hTME18-1,Q140,D1,CPc,48.4557,59.1584,7,90.73,75262.1,145.754,1.02977,178.791,3102.24,34,72,4,38,0.407003,94653.3,157.017,166.355,1.42786,133.968,131.435,102.277,84.6925,37.09270533,43.08152778,14.49393719,15.85117647,57.31265578,67.44552632,0.787563781,4.977504238,0.756875
hTME18-1_Str_07_xyz-5453-6622-248,hTME18-1,Q140,D2,CPc,78.6776,77.1545,5,81.67,38450,115.397,1.0298,135.224,1791.05,22,49,5,27,0.433333,49948.4,133.916,126.178,1.26396,110.809,114.079,94.3763,92.1796,31.82205729,36.54693878,12.91661555,14.58409091,47.2264913,54.44259259,0.728285931,3.66515936,0.801426873
hTME18-1_Str_07_xyz-5456-5759-56,hTME18-1,Q140,D2,CPc,58.196,58.7036,3,67.79,21883.9,115.717,1.03826,165.082,1103.67,9,23,5,14,0.555556,27189.9,144.232,111.142,1.12731,119.938,134.787,90.716,117.56,40.62326398,47.98086957,12.32735182,14.49888889,58.81349323,69.505,0.801507707,5.414906596,0.88671875
hTME18-1_Str_07_xyz-5535-9707-187,hTME18-1,Q140,D2,CPc,80.7688,55.3255,5,78.37,48376.9,115.627,1.02897,192.77,2247.84,24,55,7,31,0.367063,59167.5,152.358,131.77,1.31354,110.519,130.371,72.4032,75.6122,35.28047346,40.86527273,14.12029301,15.80458333,51.66254864,60.26709677,0.825106215,6.334747386,0.842975207
hTME18-1_Str_07_xyz-5727-9753-298,hTME18-1,Q140,D1,CPc,76.812,72.649,9,73.62,52082.9,141.638,1.03637,162.016,2501.63,32,65,1,33,0.414921,81359.8,217.447,165.514,1.53496,105.74,111.889,90.2651,88.3765,33.00572171,38.48184615,13.6179172,14.796875,51.80601699,61.44909091,0.798863742,5.326764602,0.81877551
hTME18-1_Str_07_xyz-5798-6326-260,hTME18-1,Q140,D2,CPc,91.3324,58.185,3,73.96,20272.9,124.312,1.03148,123.841,935.58,7,19,5,12,0.428571,23620.1,150.207,87.6312,1.12431,101.901,117.455,78.9481,91.3664,43.69765767,49.23578947,14.65168132,16.08857143,60.64114388,68.57166667,0.8611476,8.430327497,0.897959184
hTME18-1_Str_07_xyz-5962-4951-254,hTME18-1,Q140,D2,CPc,83.1436,73.1888,4,82.76,48987.9,145.391,1.02284,207.31,1702,12,30,6,18,0.377778,61472.8,164.271,112.54,1.20865,104.76,114.016,60.465,68.9046,49.74459824,56.72866667,19.00631357,20.69416667,70.23678801,80.75166667,0.782342777,4.829734026,0.9
hTME18-1_Str_07_xyz-6114-5213-158,hTME18-1,Q140,D1,CPc,37.7482,51.0137,3,61.51,34082.9,143.262,1.04414,232.101,1297.62,7,19,5,12,0.428571,41807.1,162.64,134.842,1.21305,135.349,136.318,69.7803,86.9223,55.64125494,68.29210526,22.65714963,24.86428571,74.88198304,93.625,0.811364579,5.767909757,0.918367347
hTME18-1_Str_07_xyz-6420-8321-254,hTME18-1,Q140,D2,CPc,83.717,58.6131,6,65.51,51540.1,116.919,1.03014,166.024,2204.4,27,60,6,33,0.441975,62289.9,137.859,140.843,1.28394,99.1793,121.483,87.8724,89.7369,32.05222022,36.73566667,13.78769201,14.93185185,46.99592512,54.57515152,0.818606295,6.054677548,0.799183673
hTME18-1_Str_07_xyz-6494-7896-311,hTME18-1,Q140,D2,CPc,67.1261,59.6295,5,74.81,47465.4,130.107,1.03623,175.37,2216.05,25,55,5,30,0.531048,71113.1,198.459,117.267,1.32376,123.587,121.184,83.2128,85.1398,33.09043958,40.28672727,13.87741234,15.3852,49.10129561,61.038,0.75259441,4.118946769,0.732421875
hTME18-1_Str_07_xyz-6584-7681-128,hTME18-1,Q140,D2,CPc,75.836,76.9976,8,98.88,54182.8,117.434,1.03651,179.64,2052.67,20,44,4,24,0.395833,69249.3,194.506,127.774,1.28136,115.128,111.62,79.7597,90.1446,40.17823659,46.64681818,14.56358141,16.446,61.52378258,71.81416667,0.807285798,5.616948504,0.792899408
hTME18-1_Str_07_xyz-6647-7524-259,hTME18-1,Q140,D2,CPc,89.248,69.3516,5,61.41,25876.7,115.285,1.03185,170.21,1328.44,12,28,4,16,0.511905,33231.4,145.651,153,1.27214,101.458,109.167,84.548,83.542,41.73938333,47.43892857,14.85210273,16.455,61.90484378,70.676875,0.824588591,6.311593607,0.851851852
hTME18-1_Str_08_xyz-3032-3280-384,hTME18-1,Q140,D1,CPc,71.6975,81.4117,3,107.57,20265.7,148.575,1.02574,227.371,1389.23,9,22,4,13,0.148148,23557,175.208,136.489,1.08224,130.667,119.609,94.1584,95.4839,56.37136315,63.14272727,14.54369354,14.78333333,85.32898056,96.62230769,0.816445286,5.966457287,0.893333333
hTME18-1_Str_08_xyz-3107-9608-128,hTME18-1,Q140,D1,CPc,69.5855,55.2166,4,48.8,18897.5,110.574,1.04595,145.14,912.552,10,22,2,12,0.075,27522.3,156.27,100.708,1.31437,120.377,121.013,100.368,107.765,30.62988996,41.475,15.51815558,18.046,43.22300194,60.99916667,0.644877357,2.619859523,0.887755102
hTME18-1_Str_08_xyz-3271-4036-209,hTME18-1,Q140,D1,CPc,101.98,88.4352,3,103.88,14657.3,136.573,1.01995,194.919,910.182,5,13,3,8,0.266667,18281.7,161.911,130.483,1.11354,97.7837,115.169,96.1845,116.371,61.2487661,70.00769231,16.02340082,16.728,89.51461941,103.3075,0.799570281,5.350064625,0.9
hTME18-1_Str_08_xyz-3342-4638-401,hTME18-1,Q140,D2,CPc,75.3809,69.3235,8,132.96,23573.1,139.127,1.01919,216.86,2237.79,26,53,1,27,0.536075,31113.3,182.539,165.841,1.69096,111.872,117.848,89.4914,79.0327,38.15758883,42.21792453,16.73122365,17.81538462,58.79038493,65.71666667,0.784416398,4.887469103,0.829964328
hTME18-1_Str_08_xyz-3366-3970-279,hTME18-1,Q140,D1,CPc,94.1784,96.3824,4,114.98,42672.1,154.78,1.03303,221.84,1613.18,13,31,5,18,0.5,51131.5,189.849,158.091,1.16139,104.042,108.231,72.2533,93.9402,45.01289157,52.03354839,14.57100823,15.88538462,66.9986962,78.14055556,0.768096804,4.464024481,0.81
hTME18-1_Str_08_xyz-3442-5155-328,hTME18-1,Q140,D2,CPc,91.2378,61.3961,4,58.52,25126,117.607,1.03036,169.067,1098.36,8,20,4,12,0.5,36363.5,169.37,87.3899,1.25386,101.651,114.599,81.2279,69.9197,44.48196723,54.913,19.17061725,21.98625,61.35620054,76.86416667,0.679133055,2.976917788,0.892857143
hTME18-1_Str_08_xyz-3490-7592-346,hTME18-1,Q140,D1,CPc,77.472,60.1414,5,84.59,29332.3,118.812,1.03182,182.379,1324.5,12,26,2,14,0.548611,39169.5,151.877,134.036,1.23282,110.663,121.812,90.3845,71.7221,42.79792977,50.93769231,8.756706703,9.553333333,71.97612097,86.41,0.78282001,4.84291263,0.890625
hTME18-1_Str_08_xyz-3502-4478-301,hTME18-1,Q140,D1,CPc,78.1794,72.8364,5,102.04,20103.2,102.189,1.04141,145.35,1130.52,9,23,5,14,0.592593,25229.4,152.498,115.271,1.29104,110.059,120.044,80.5179,72.132,41.74620128,49.1473913,14.08109114,16.43222222,59.53091493,70.17857143,0.783659917,4.866263756,0.890625
hTME18-1_Str_08_xyz-3577-11600-184,hTME18-1,Q140,D2,CPc,78.0184,65.741,5,47.89,47585.5,134.775,1.03271,199.371,1897.52,21,47,5,26,0.547619,58181.5,148.649,119.199,1.27333,110.675,128.128,90.8361,88.2183,34.7525149,40.36787234,13.61556131,14.11380952,51.82466972,61.57307692,0.783773982,4.869450607,0.846938776
hTME18-1_Str_08_xyz-3634-8365-296,hTME18-1,Q140,D2,CPc,78.7942,68.0955,4,88.94,24017.1,118.759,1.02666,147.46,1276.56,13,30,4,17,0.269231,29751.3,143.43,144.461,1.20083,116.857,116.771,81.6244,84.8608,37.67990841,42.54633333,10.19938804,11.42384615,58.69442398,66.34588235,0.814344435,5.882887678,0.889196676
hTME18-1_Str_08_xyz-3826-9521-344,hTME18-1,Q140,D2,CPc,57.1046,64.4419,4,69.37,21818.9,94.4708,1.03906,127.001,1305.36,14,34,6,20,0.357143,27975.9,127.635,118.811,1.18838,127.914,119.303,85.765,91.3904,31.42250426,38.38794118,6.791188912,7.581428571,48.664425,59.9525,0.749370704,4.053130431,0.890495868
hTME18-1_Str_08_xyz-3872-8814-193,hTME18-1,Q140,D2,CPc,85.1579,68.8381,6,53.08,26884.6,107.01,1.04435,119.791,1121.27,13,29,3,16,0.437851,39990.7,147.157,103.449,1.31296,100.921,110.332,91.517,86.9371,32.15270624,38.65965517,13.26643184,14.2,47.49780418,58.533125,0.730695928,3.706099988,0.845679012
hTME18-1_Str_08_xyz-3952-7610-246,hTME18-1,Q140,D2,CPc,71.4779,69.0985,4,75.54,21572.1,108.142,1.02954,124.422,1281.61,13,30,4,17,0.230769,27897.4,134.092,94.1217,1.31579,120.669,113.405,98.6241,99.7949,36.61148872,42.71533333,14.67771884,15.70230769,53.38437156,63.37235294,0.685797089,3.05635977,0.825484765
hTME18-1_Str_08_xyz-3985-11174-191,hTME18-1,Q140,D2,CPc,69.6404,65.4283,5,38.93,30454.4,119.254,1.02834,161.96,1393.22,15,36,6,21,0.511111,37144,142.392,154.292,1.25673,122.275,125.025,110.19,103.522,34.90163709,38.69611111,16.01473658,16.87733333,48.39228031,54.28095238,0.814173572,5.876183616,0.814744802
hTME18-1_Str_08_xyz-4002-4207-223,hTME18-1,Q140,D2,CPc,80.6889,65.4189,3,83.43,37226.3,169.968,1.02395,196.942,1134.82,8,20,4,12,0.375,44092.4,185.254,99.4013,1.27853,120.701,128.477,81.0229,99.7134,48.69009502,56.735,30.55731734,32.40875,60.77861347,72.9525,0.789411684,5.031765355,0.928571429
hTME18-1_Str_08_xyz-4012-7583-316,hTME18-1,Q140,D2,CPc,65.5296,90.2824,3,110.69,23444.9,112.691,1.04319,173.07,1167.45,10,24,4,14,0.233333,31206.8,154.305,100.141,1.2765,127.328,107.834,97.5825,90.9259,39.63361814,48.63833333,23.77715788,26.038,50.95966118,64.78142857,0.717523898,3.491755112,0.76953125
hTME18-1_Str_08_xyz-4857-9891-319,hTME18-1,Q140,D2,CPc,65.8945,40.551,2,45.77,10528.1,96.7661,1.02548,157.419,851.408,7,18,4,11,0.285714,12679.3,119.787,71.2509,1.17181,122.439,127.443,73.3073,92.0855,40.71490513,47.295,12.31431344,12.76142857,58.78800893,69.27090909,0.866370947,8.840124356,0.852071006
hTME19-2_Str_01_xyz-1497-3797-359,hTME19-2,WT,D2,CPr,67.9215,64.8866,4,21.24,21460.4,127.03,1.03512,178.63,864.976,10,22,2,12,0.316667,26650.2,157.74,69.1703,1.43169,118.381,114.329,99.9224,105.895,32.90012859,39.31227273,20.94994163,23.276,42.85861772,52.67583333,0.725465416,3.618255924,0.857142857
hTME19-2_Str_01_xyz-1673-3047-313,hTME19-2,WT,D2,CPr,87.5324,68.2402,4,73.31,35623,111.062,1.02835,154.38,1584.17,14,35,7,21,0.464286,44331.5,135.34,113.188,1.25565,108.64,119.443,109.133,110.055,38.29663734,45.25657143,17.84356996,19.05071429,51.93201558,62.72714286,0.739000514,3.853618206,0.871455577
hTME19-2_Str_01_xyz-2471-2059-328,hTME19-2,WT,D2,CPr,76.7857,99.509,2,53.02,15924.7,92.6659,1.04452,145.7,984.455,6,20,8,14,0.333333,20877,139.56,96.9204,1.08943,121.106,106.915,108.562,80.1095,38.77153915,49.218,15.52123494,17.305,48.73595524,62.895,0.663150246,2.80041601,0.91015625
hTME19-2_Str_01_xyz-2546-4246-321,hTME19-2,WT,D1,CPr,66.6552,76.3775,7,90.47,51844.5,138.57,1.03882,219,1933.5,22,47,3,25,0.523377,70380.2,184.958,155.441,1.40295,121.888,115.372,80.513,86.4899,32.95457884,41.13361702,15.36677512,17.14636364,48.43184612,62.2424,0.645428369,2.625007081,0.834019204
hTME19-2_Str_01_xyz-2797-3154-315,hTME19-2,WT,D2,CPr,71.2974,69.9404,6,78.28,28642.4,127.242,1.04009,154.082,1197.16,15,32,2,17,0.531313,40420.4,158.268,109.314,1.6131,118.626,109.954,84.8274,76.5783,30.39057521,37.40625,17.57838417,18.81933333,41.69544966,53.80647059,0.649644501,2.66497993,0.908587258
hTME19-2_Str_01_xyz-3501-5121-348,hTME19-2,WT,D2,CPr,66.2508,71.24,5,61.64,48176.2,125.786,1.03739,221.93,1701.42,18,41,5,23,0.287037,58467.1,169.224,135.22,1.47517,118.255,120.109,84.7165,100.191,33.29082162,41.49268293,21.71461083,23.28444444,42.35046485,55.7426087,0.734087105,3.765104348,0.8672
hTME19-2_Str_01_xyz-4077-3719-306,hTME19-2,WT,D1,CPr,73.0615,62.2692,4,103.06,57741,148.363,1.03152,211.81,1967.4,17,37,3,20,0.20056,70794.1,183.399,135.6,1.20925,116.15,123.103,91.7383,97.2716,44.82692657,53.16783784,16.46164259,17.85882353,68.93741796,83.1805,0.81466866,5.895647042,0.909090909
hTME19-2_Str_01_xyz-4265-2147-332,hTME19-2,WT,D2,CPr,69.9099,67.8526,4,57.83,43272.7,133.005,1.0255,185.509,1450.85,16,34,2,18,0.183712,56883.2,160.878,122.448,1.26214,117.503,123.987,92.9132,79.515,37.4269854,42.66676471,12.34048643,13.03,59.7260956,69.01055556,0.734187,3.766867786,0.945
hTME19-2_Str_01_xyz-4474-2506-341,hTME19-2,WT,D1,CPr,76.6877,71.5496,5,62.88,46597.5,114.259,1.05357,161.131,1739.52,19,42,4,23,0.379984,64231.1,148.154,166.532,1.40048,111.255,115.397,96.5836,103.998,32.85288633,41.41238095,17.6687164,20.76631579,45.39633106,58.46782609,0.691838624,3.131658429,0.8912
hTME19-2_Str_01_xyz-5005-1585-319,hTME19-2,WT,D2,CPr,70.2428,71.0468,8,62.03,53807.9,141.548,1.03969,215.58,1737.33,22,46,2,24,0.502764,71307,174.445,132.362,1.62805,120.201,118.86,108.619,109.261,30.53175936,37.7626087,16.06214639,17.40909091,43.79557126,56.42,0.730668846,3.70563542,0.723372781
hTME19-2_Str_01_xyz-5979-3322-354,hTME19-2,WT,D1,CPr,62.0827,63.8877,6,64.57,60640.6,145.895,1.03103,231.15,1920.62,20,46,6,26,0.391667,71634.6,172.997,180.899,1.40801,122.085,123.85,93.0326,92.8252,36.48943081,41.74717391,22.56012408,24.3445,47.20428214,55.13384615,0.806434657,5.586340865,0.840561224
hTME19-2_Str_01_xyz-6301-2653-361,hTME19-2,WT,D2,CPr,71.2994,80.9358,4,26.63,34857.2,131.88,1.03232,161.87,1263.77,13,29,3,16,0.378022,43607.3,144.253,126.6,1.21327,119.218,113.525,111.546,109.27,36.9214179,43.57275862,13.52426732,14.05923077,55.93160276,67.5525,0.755972743,4.189997509,0.87962963
hTME19-2_Str_01_xyz-6321-4994-354,hTME19-2,WT,D1,CPr,75.997,69.0053,6,90.36,89799.1,149.239,1.03408,247.751,2834.46,29,63,5,34,0.426929,110525,190.37,141.049,1.42069,119.713,126.627,86.0679,84.2629,37.52287005,44.98650794,18.89575957,19.93827586,53.41069958,66.35117647,0.764895364,4.388607698,0.781635802
hTME19-2_Str_01_xyz-7017-4879-360,hTME19-2,WT,D2,CPr,81.8329,74.8647,5,45.58,34561.8,109.902,1.03037,196.97,1317.96,17,38,4,21,0.544818,43787.5,145.244,97.4684,1.42946,103.828,113.423,84.8869,86.4829,29.62217406,34.67868421,18.14204794,20.85705882,38.91560949,45.86761905,0.749741207,4.060598938,0.844990548
hTME19-2_Str_02_xyz-1383-4894-314,hTME19-2,WT,D2,CPr,73.776,50.6961,4,100.75,53268.9,174.795,1.02949,251.65,1454.02,12,28,4,16,0.516667,63268.1,207.493,218.925,1.54317,109.753,132.121,102.759,85.9473,43.36742191,51.92571429,39.33089034,45.51833333,46.39482058,56.73125,0.786951054,4.959743879,0.848765432
hTME19-2_Str_02_xyz-2509-5854-180,hTME19-2,WT,D2,CPr,77.2518,62.2019,3,43.8,16718.7,142.391,1.03271,166.372,999.17,9,22,4,13,0.259259,21638.2,161.02,89.4769,1.21408,111.859,120.032,69.6193,79.3273,38.32909319,45.41181818,13.67655134,14.72444444,55.39623755,66.65692308,0.762548456,4.334757023,0.871111111
hTME19-2_Str_02_xyz-2571-9203-329,hTME19-2,WT,D2,CPi,77.263,70.7752,3,64.99,38451.3,134.778,1.03709,179.573,1646.85,14,34,6,20,0.25,47306.2,158.064,141.956,1.27711,113.085,117.163,82.2535,81.8393,40.23373982,48.43088235,20.79548093,23.12142857,53.84052104,66.1475,0.786666948,4.951547398,0.795454545
hTME19-2_Str_02_xyz-2747-9945-138,hTME19-2,WT,D2,CPr,94.5382,82.0476,6,109.52,54454.4,143.105,1.03916,181.86,2081.69,13,33,7,20,0.32674,71809.1,165.05,147.159,1.20875,96.3489,112.965,92.1731,100.767,52.25392664,63.0769697,17.27166674,20.02384615,74.99239558,91.0615,0.733959817,3.762859453,0.828512397
hTME19-2_Str_02_xyz-3083-8493-307,hTME19-2,WT,D2,CPr,72.6985,71.3433,5,78.05,29381.7,122.331,1.03846,168.35,2117.27,19,46,8,27,0.302632,37104,155.907,151.121,1.39038,126.512,123.731,83.5016,90.6187,38.6242816,46.02282609,21.75582744,24.41578947,50.49467527,61.22777778,0.732568677,3.738479417,0.873959572
hTME19-2_Str_02_xyz-3355-5039-300,hTME19-2,WT,D1,CPr,73.764,69.5685,5,72.58,44726,139.564,1.02951,201.56,1847.49,21,46,4,25,0.520635,56738.9,173.872,142.72,1.47383,117.1,119.054,86.7928,87.0054,34.69772145,40.1576087,18.99470769,21.22190476,47.888253,56.0636,0.728478209,3.66839617,0.835390947
hTME19-2_Str_02_xyz-3469-9617-201,hTME19-2,WT,D2,CPr,84.708,77.6586,3,128.45,55363.7,120.411,1.043,165.25,2248.79,13,36,10,23,0.333333,69838.9,148.213,148.75,1.14887,107.891,113.159,89.2758,69.4405,50.28327928,62.46166667,20.56431064,21.54923077,67.08095721,85.58608696,0.742457537,3.918146142,0.84
hTME19-2_Str_02_xyz-3555-10554-259,hTME19-2,WT,D2,CPi,74.1637,80.2589,5,88.35,65922.9,148.837,1.02972,227.06,2396.41,19,44,6,25,0.315789,85143.9,171.149,155.97,1.3359,109.751,112.005,76.3543,73.9656,46.3357428,54.45909091,18.79091938,20.11263158,67.26980859,80.5624,0.736682098,3.811395717,0.861454047
hTME19-2_Str_02_xyz-4233-3477-295,hTME19-2,WT,D1,CPr,74.1182,77.3631,4,48.05,29883.7,113.593,1.03677,169.39,1728.57,14,37,9,23,0.238095,39593,133.447,115.86,1.28237,113.609,115.247,102.073,109.215,37.46198405,46.71216216,18.92303404,20.66928571,48.74656231,62.56434783,0.700163305,3.240909835,0.7808
hTME19-2_Str_02_xyz-4527-6760-321,hTME19-2,WT,D2,CPr,74.3193,80.3751,4,83.33,50480.2,139.626,1.03913,154.171,2142.82,17,41,7,24,0.333333,69863.1,184.733,141.632,1.22348,113.937,108.253,90.1355,83.9363,42.00985314,52.25878049,15.91975674,18.44176471,60.49033809,76.2125,0.671553876,2.890866902,0.893491124
hTME19-2_Str_02_xyz-4645-5691-293,hTME19-2,WT,D1,CPr,89.3958,83.1771,7,94,44849.7,122.698,1.03897,162.069,1960.38,18,41,5,23,0.45,65283.9,168.92,132.383,1.27791,100.664,105.622,92.2214,79.3485,37.0507762,47.80926829,15.09255878,16.44333333,54.23546809,72.35652174,0.646548608,2.635526406,0.8704
hTME19-2_Str_02_xyz-4674-11914-165,hTME19-2,WT,D1,CPi,84.4025,65.286,5,101.74,45699.2,132.345,1.03287,196.87,2255.7,19,44,6,25,0.452632,57183.7,165.344,138.989,1.2859,105.41,119.162,79.7778,87.2209,44.64889851,51.26113636,14.7142281,15.64157895,67.39924801,78.332,0.800371035,5.376694121,0.806584362
hTME19-2_Str_02_xyz-5063-3108-331,hTME19-2,WT,D2,CPr,80.7408,92.1693,11,85.41,36936.8,106.871,1.04714,147.517,2002.04,24,52,4,28,0.607209,68975.5,178.829,128.176,1.65633,102.773,105.296,91.2322,82.1648,30.46013711,38.49538462,14.4286559,16.02291667,44.20140671,57.7575,0.635276606,2.53288742,0.728888889
hTME19-2_Str_02_xyz-5089-1293-226,hTME19-2,WT,D1,CPr,58.6512,64.495,4,92.26,46146,141.051,1.03311,192.21,1690.32,14,32,4,18,0.52381,57094.7,169.183,114.408,1.32452,125.551,125.176,97.3775,92.9386,44.73095719,52.8178125,22.5193035,24.38928571,62.00668783,74.92888889,0.769183227,4.490147161,0.8725
hTME19-2_Str_02_xyz-5126-12846-279,hTME19-2,WT,D2,CPi,78.3763,53.7341,4,105.03,33735.4,118.052,1.0323,187.66,1528.55,12,30,6,18,0.291667,40654.2,136.651,93.1579,1.19869,103.752,132.585,87.9705,87.6435,44.2030986,50.94633333,17.33435105,18.89833333,62.11559697,72.31166667,0.786024513,4.933102586,0.8925
hTME19-2_Str_02_xyz-5194-3767-332,hTME19-2,WT,D1,CPr,55.7585,59.0804,7,91.65,40821.6,120.88,1.04018,176.62,1733.47,26,55,3,29,0.555174,56952.5,155.285,57.3886,1.69158,127.465,114.387,96.2504,81.7714,25.46980693,31.51236364,18.32588819,20.59653846,31.87469959,41.29896552,0.626459247,2.457290386,0.842872008
hTME19-2_Str_02_xyz-5252-4668-339,hTME19-2,WT,D2,CPr,79.7373,66.6265,7,40.12,72143.9,122.709,1.03913,199.35,2485.88,27,58,4,31,0.482951,92500.2,168.724,155.641,1.3757,110.966,124.599,90.8434,86.3809,34.77205183,42.85517241,16.68893663,18.46407407,50.52186185,64.09903226,0.745318401,3.973019289,0.79338843
hTME19-2_Str_02_xyz-5365-2920-198,hTME19-2,WT,D2,CPr,78.7489,70.6776,5,106.7,50703.9,140.608,1.02794,208.36,2056.75,24,50,2,26,0.280357,67982.6,171.747,98.9007,1.38137,111.714,118.372,65.5369,65.4739,35.20804052,41.13,15.44281659,16.28625,53.45286262,64.06269231,0.694234554,3.162429656,0.758928571
hTME19-2_Str_02_xyz-5662-10313-258,hTME19-2,WT,D1,CPr,57.9932,56.0706,3,76.81,24865.7,118.304,1.02755,156.265,1153.36,9,23,5,14,0.148148,30086,146.212,146.377,1.12525,115.676,123.324,82.9095,85.9316,42.93496847,50.14130435,13.95427749,14.86222222,61.56541268,72.82071429,0.762430514,4.332082032,0.85546875
hTME19-2_Str_02_xyz-5739-11488-264,hTME19-2,WT,D1,CPi,43.1926,61.9254,4,141.43,62614.8,150.626,1.0366,228.768,2267.1,20,45,5,25,0.475,77407.1,181.648,156.251,1.38626,141.711,126.338,92.6106,94.2038,42.14904443,50.37488889,17.77381832,20.0465,61.64922531,74.6376,0.782778754,4.841770834,0.807956104
hTME19-2_Str_02_xyz-6024-7530-268,hTME19-2,WT,D1,CPr,45.4912,69.9266,6,120,37217.4,154.85,1.04023,233.95,1863.99,19,41,3,22,0.488304,51096.4,227.535,150.621,1.66331,138.34,113.113,94.5031,77.0807,37.20746122,45.45756098,24.91331017,27.22315789,47.82513712,61.20545455,0.697308188,3.20269243,0.767361111
hTME19-2_Str_02_xyz-6148-2993-212,hTME19-2,WT,D1,CPr,88.7271,68.1679,4,123.44,55246.5,135.512,1.03377,148.211,1894.61,15,34,4,19,0.324444,69017.1,183.709,153.319,1.21385,98.7869,119.987,86.4956,76.9859,47.16908231,55.71823529,16.75072102,18.41066667,71.18357807,85.17157895,0.760525546,4.289282046,0.907029478
hTME19-2_Str_02_xyz-6387-378-262,hTME19-2,WT,D2,CPr,47.4383,56.9758,4,69.51,28644.2,123.667,1.03613,178.431,1450.04,12,30,6,18,0.583333,34932.5,146.818,93.1679,1.22925,133.612,124.808,109.953,89.9345,38.50912368,48.32933333,13.69605302,14.49583333,55.05117078,70.885,0.7577716,4.228729854,0.8425
hTME19-2_Str_02_xyz-6556-2273-208,hTME19-2,WT,D1,CPr,86.5625,68.4525,4,97.08,51629.5,147.838,1.05327,180.772,1973.2,16,37,5,21,0.533333,64780,173.666,156.131,1.24661,113.708,128.037,117.324,81.1682,41.55580074,53.32432432,18.86562667,20.070625,58.8435524,78.66047619,0.788791871,5.013447418,0.892249527
hTME19-2_Str_02_xyz-6621-2671-282,hTME19-2,WT,D1,CPr,53.8082,68.5003,4,108.97,52617.9,148.161,1.03048,212.09,1729.87,13,31,5,18,0.346154,63039.1,181.009,155.953,1.25259,134.673,119.957,82.412,73.4724,48.14812791,55.79774194,23.06573205,24.38692308,66.26319159,78.48333333,0.778429707,4.724058225,0.8975
hTME19-2_Str_02_xyz-6720-1141-140,hTME19-2,WT,D1,CPr,84.3067,55.7152,5,108.89,103439,162.344,1.03823,239.43,2662.22,20,45,5,25,0.508333,134006,194.744,199.68,1.25109,106.841,128.75,94.1567,105.413,47.70802883,59.15555556,15.62732494,17.373,73.37259194,92.5816,0.770935958,4.532872929,0.77914952
hTME19-2_Str_02_xyz-6837-11528-326,hTME19-2,WT,D1,CPi,52.8974,81.9966,5,61.02,25933.3,97.3052,1.04683,157.04,1344.06,20,44,4,24,0.291667,36838.4,156.942,94.2098,1.57836,136.313,106.349,90.8928,89.007,24.09636861,30.54204545,16.89341552,20.4075,30.09882952,38.9875,0.651661347,2.68447563,0.75443787
hTME19-2_Str_02_xyz-7174-6514-300,hTME19-2,WT,D2,CPr,78.4792,81.9331,6,75.63,32606.8,97.2442,1.05172,139.78,1606.89,18,38,2,20,0.520106,50209.2,172.5,116.779,1.2493,110.623,109.938,90.2758,86.1338,31.83525716,42.28131579,10.32595151,10.90444444,51.19363224,70.5205,0.584500413,2.144818181,0.830578512
hTME19-2_Str_02_xyz-7202-887-282,hTME19-2,WT,D1,CPr,74.9274,53.9339,5,57.9,50609.5,156.682,1.04899,249.321,1773.73,17,36,2,19,0.477124,63290.7,187.236,159.301,1.19975,123.171,140.275,124.199,130.962,39.94483718,49.265,8.911846665,9.121764706,67.71119712,85.18263158,0.786722889,4.953159367,0.818594104
hTME19-2_Str_02_xyz-7340-4633-331,hTME19-2,WT,D2,CPr,93.994,87.9667,5,80.07,51351.2,127.851,1.03751,142.522,2179.04,22,51,7,29,0.380952,70561.6,157.53,157.312,1.29713,98.9641,105.223,89.754,92.585,35.7323705,42.72117647,14.46158843,16.19409091,51.86882587,62.84517241,0.719837344,3.527786482,0.799167534
hTME19-2_Str_02_xyz-7980-3500-319,hTME19-2,WT,D1,CPr,57.6299,58.4291,4,129.19,78813.8,140.977,1.02889,189.494,2578.89,21,49,7,28,0.334127,92684.3,170.874,159.175,1.22988,134.03,128.56,99.2008,98.1315,45.55470502,52.62571429,17.2434478,18.59047619,66.78814794,78.15214286,0.809139275,5.684655748,0.756666667
hTME19-2_Str_02_xyz-8173-3154-310,hTME19-2,WT,D2,CPr,64.3252,54.7139,6,115.31,51342.4,168.285,1.03746,202.098,1794.62,13,31,5,18,0.725275,65315.2,193.27,146.886,1.25523,109.954,125.228,74.2487,83.8563,49.3570969,57.88580645,11.33205482,11.96538462,76.81962729,91.05055556,0.775558466,4.649124622,0.8425
hTME19-2_Str_02_xyz-8184-6500-317,hTME19-2,WT,D2,CPr,63.0491,73.1293,5,106.41,42266.6,142.562,1.03065,182.179,1479.85,15,33,3,18,0.351111,52446.3,165.722,134.828,1.19946,121.995,117.998,75.553,76.7563,38.82452105,44.83818182,12.82330917,13.76666667,60.49219762,70.73111111,0.750428055,4.074509458,0.84
hTME19-2_Str_02_xyz-8364-5926-293,hTME19-2,WT,D1,CPr,64.3888,63.5359,4,118.28,73215.3,143.378,1.02761,178.562,2373.76,19,45,7,26,0.22807,87879.2,165.932,175.299,1.26514,121.892,129.294,94.1601,105.527,45.72909405,52.74511111,21.80065813,23.27421053,63.21525876,74.28153846,0.780706178,4.785025055,0.843112245
hTME19-2_Str_02_xyz-8513-4305-294,hTME19-2,WT,D1,CPr,91.898,82.6025,5,119.69,56987,130.387,1.02658,182.099,1885.06,16,37,5,21,0.541667,72143.4,159.667,131.886,1.16441,99.9742,110.862,102.569,90.2043,43.6405397,50.94351351,11.99980734,12.63375,67.74776435,80.13190476,0.786237291,4.939197935,0.896030246
hTME19-2_Str_02_xyz-8646-4778-358,hTME19-2,WT,D2,CPr,56.4125,78.2289,5,64.83,58226.4,128.541,1.02884,210.85,2073.2,20,49,9,29,0.49,69772.2,150.335,174.79,1.55543,128.776,113.459,53.0616,74.2407,35.89405917,42.3055102,28.32162503,30.95,41.11642755,50.13689655,0.775681137,4.652282424,0.746097815
hTME19-2_Str_02_xyz-8956-3925-277,hTME19-2,WT,D1,CPr,88.2527,58.6951,5,83.21,47764.4,151.286,1.03042,216.978,1587.95,13,31,5,18,0.512821,57986.5,177.245,169.198,1.19946,107.351,126.398,75.6499,81.1237,43.01626252,51.21870968,12.43277308,13.16846154,65.10433823,78.69944444,0.769339862,4.493936008,0.7125
hTME19-2_Str_02_xyz-8973-7701-344,hTME19-2,WT,D1,CPr,55.737,58.9827,4,109.24,98789.9,154.343,1.03595,218.051,3321.99,22,54,10,32,0.478788,117625,175.604,156.1,1.16345,136.841,135.136,89.0128,89.6967,51.23469094,61.51333333,17.19940557,18.64272727,74.63394964,90.986875,0.777567173,4.701321362,0.904844291
hTME19-2_Str_02_xyz-9354-7491-272,hTME19-2,WT,D2,CPr,42.8709,56.0659,6,93.23,68557,127.576,1.03326,178.922,2845.71,38,81,5,43,0.50967,86822.4,173.034,156.669,1.59683,140.264,123.027,100.659,98.5742,29.86340681,35.12679012,17.13645312,19.06552632,41.11048216,49.32046512,0.774605029,4.624711731,0.697283951
hTME19-2_Str_03_xyz-10482-10702-303,hTME19-2,WT,D1,CPi,62.3336,70.4688,6,121.42,60989.2,131.966,1.02848,196.802,2119.24,19,43,5,24,0.54386,77425.7,217.812,147.38,1.40389,115.815,118.416,108.423,88.0896,42.47332752,49.28023256,22.17514351,23.91736842,58.5427232,69.35916667,0.767310979,4.445298751,0.795857988
hTME19-2_Str_03_xyz-10627-13234-250,hTME19-2,WT,D2,CPi,71.0467,62.6611,4,87.76,41911.9,126.42,1.03616,169.461,2015.04,20,46,6,26,0.375,52570.9,148.838,119.462,1.25,117.55,121.201,88.731,83.2831,36.05831105,43.8,14.5919622,15.753,52.57088709,65.37461538,0.730570646,3.703951703,0.822704082
hTME19-2_Str_03_xyz-11137-3001-324,hTME19-2,WT,D2,CPi,85.8945,76.4132,5,56.75,60545.6,167.955,1.03081,199.75,2303,23,51,5,28,0.282505,75071.2,187.331,151.572,1.34783,102.658,113.743,96.1867,96.512,39.66472693,45.15215686,15.67503557,16.8726087,59.37054484,68.38178571,0.78041856,4.777244515,0.758888889
hTME19-2_Str_03_xyz-11171-3777-326,hTME19-2,WT,D1,CPi,74.3914,64.6006,4,137.11,50112.7,127.421,1.03401,203.039,2018.21,11,31,9,20,0.409091,60079.7,160.661,144.687,1.18878,109.744,122.158,94.756,99.7652,55.9519117,65.09774194,19.89290949,21.83090909,75.78436292,88.8945,0.803588425,5.486135325,0.929752066
hTME19-2_Str_03_xyz-11296-5391-347,hTME19-2,WT,D2,CPi,77.6373,61.4918,5,86.57,60760.2,111.187,1.02743,174.211,2346.27,28,63,7,35,0.457143,71960.1,145.037,127.94,1.25868,114.391,131.419,84.8936,84.8098,32.81801213,37.23714286,11.79891078,12.42107143,49.63329321,57.09,0.805363515,5.548246065,0.818115413
hTME19-2_Str_03_xyz-11486-3621-343,hTME19-2,WT,D2,CPi,72.2209,69.2804,4,105.53,50362.6,127.559,1.03158,182.489,2068.32,21,50,8,29,0.342857,63658.6,184.697,116.671,1.22234,112.855,118.832,74.4307,80.2937,35.5472874,41.3608,16.49852074,18.15761905,49.34122188,58.16310345,0.773988431,4.609045755,0.746097815
hTME19-2_Str_03_xyz-11527-9373-354,hTME19-2,WT,D2,CPi,70.9048,59.0093,6,113,66497,129.996,1.02797,191.061,2298.68,26,57,5,31,0.413462,80364.9,145.124,131.97,1.2957,124.151,135.306,87.9669,83.0975,34.45405494,40.32333333,14.17210603,15.17807692,51.46472177,61.41290323,0.78273327,4.84051255,0.795224977
hTME19-2_Str_03_xyz-11959-6693-342,hTME19-2,WT,D2,CPi,89.8907,72.169,6,103.28,51668.4,131.556,1.03122,155.3,2106.04,23,53,7,30,0.405797,65896.3,151.107,122.492,1.29442,102.098,123.106,98.9668,93.6753,34.41824322,39.73113208,14.2559085,15.72565217,49.87603318,58.13533333,0.731439767,3.718900855,0.76171875
hTME19-2_Str_03_xyz-12459-4291-352,hTME19-2,WT,D2,CPi,84.2291,69.6461,4,43.29,28859.1,120.209,1.02167,161.782,1419.83,16,37,5,21,0.3125,35663.1,149.326,145.969,1.30561,103.091,126.649,90.3109,108.207,33.13365449,38.36810811,19.21747016,20.123125,43.7364616,52.26904762,0.806871508,5.602012753,0.892249527
hTME19-2_Str_03_xyz-2648-10716-251,hTME19-2,WT,D1,CPi,80.0571,64.1887,5,40.2,37999.5,121.124,1.02789,176.151,1658.78,16,40,8,24,0.458333,45708.9,147.762,153.821,1.43878,109.066,121.634,88.5916,80.5914,36.16217438,41.4645,24.84634311,27.50125,43.70606189,50.77333333,0.802208198,5.438699685,0.852071006
hTME19-2_Str_03_xyz-3472-10372-364,hTME19-2,WT,D2,CPi,64.4056,63.4816,4,84.9,21982.8,113.065,1.03016,162.234,1496.74,20,45,5,25,0.493333,28525.3,149.125,155.463,1.4208,123.813,122.669,93.2997,99.0008,28.66983437,33.256,20.24752058,22.87,35.40768541,41.5648,0.726740967,3.639334625,0.861454047
hTME19-2_Str_03_xyz-3770-5090-325,hTME19-2,WT,D2,CPi,61.9626,70.6996,5,45.72,27430.4,128.748,1.02744,161.52,1342.78,18,39,3,21,0.315697,34949.9,154.534,104.92,1.29559,125.791,113.971,96.944,80.5189,30.12673999,34.42564103,12.37681612,13.04277778,45.34096045,52.75380952,0.724049364,3.595108263,0.782608696
hTME19-2_Str_03_xyz-4086-14423-311,hTME19-2,WT,D1,CPi,67.1103,69.2419,4,104.56,31742.8,93.5879,1.02299,135.42,1503.19,19,43,5,24,0.381579,39868.5,130.431,122.565,1.41452,121.756,118.748,79.0246,86.4112,30.9494053,34.95302326,16.16906874,17.22315789,42.65050507,48.98916667,0.729541808,3.686393041,0.826923077
hTME19-2_Str_03_xyz-4185-9624-388,hTME19-2,WT,D1,CPi,78.0898,61.171,6,98.66,37868.2,113.173,1.03098,182.898,1501.16,12,31,7,19,0.555556,45170.6,138.858,130.898,1.23676,112.07,129.288,90.7928,84.6215,41.50933661,48.41935484,16.34439903,17.335,57.4029814,68.05157895,0.80335582,5.478089122,0.87755102
hTME19-2_Str_03_xyz-4376-11753-391,hTME19-2,WT,D2,CPi,68.0277,65.8951,8,66.64,44372.6,116.12,1.03681,186.51,1978,30,66,6,36,0.502799,58369.4,151.862,110.557,1.48013,124.404,125.432,71.4032,66.7448,24.96706348,29.96454545,14.1497213,15.39933333,33.98151531,42.10222222,0.706371739,3.326851641,0.840720222
hTME19-2_Str_03_xyz-4887-15348-335,hTME19-2,WT,D2,CPi,67.2369,68.6165,5,84.6,50821.2,113.493,1.03091,145.259,1852.82,18,42,6,24,0.428131,63536.8,154.211,132.211,1.3043,124.944,125.827,92.859,76.2894,37.05646321,44.10928571,16.93162908,18.31888889,52.1500888,63.45208333,0.744451517,3.956247809,0.908284024
hTME19-2_Str_03_xyz-4912-14878-264,hTME19-2,WT,D2,CPi,70.3752,72.4749,6,125.12,56944.9,154.068,1.02913,207.1,2405.92,24,52,4,28,0.441919,70910.6,181.688,143.15,1.28866,119.516,117.251,89.0361,86.3043,39.82327349,46.26307692,17.61777982,19.35416667,58.85655377,69.32785714,0.766057732,4.415724183,0.79
hTME19-2_Str_03_xyz-5101-5516-283,hTME19-2,WT,D1,CPi,81.0866,86.6757,4,84.48,52066.5,147.247,1.03775,166.357,2069.32,16,38,6,22,0.345833,64765,173.619,174.442,1.21309,112.477,113.367,101.909,94.8357,46.04636748,54.44973684,20.2861703,22.109375,64.78105634,77.97,0.769307038,4.493141549,0.831597222
hTME19-2_Str_03_xyz-6360-14931-273,hTME19-2,WT,D2,CPi,63.9784,59.5692,6,57.74,51612.9,137.038,1.03057,233.74,1967.87,19,43,5,24,0.520468,64137.9,182.689,92.3993,1.4811,119.694,125.892,87.7919,96.3189,39.07642637,45.76023256,16.03911642,17.63210526,57.31429676,68.02833333,0.815138011,5.91420612,0.853550296
hTME19-2_Str_03_xyz-6602-11107-319,hTME19-2,WT,D2,CPi,86.2875,75.0858,5,116.8,53198.7,111.9,1.0346,164.72,2080.51,23,49,3,26,0.430435,70074.5,174.157,136.868,1.21451,111.266,124.223,88.097,80.5571,34.74668669,42.4544898,12.76121971,13.63173913,54.19536902,67.95153846,0.718818863,3.511842984,0.843112245
hTME19-2_Str_03_xyz-6669-11609-247,hTME19-2,WT,D2,CPi,79.3759,65.8677,6,87.28,54096.7,138.501,1.03158,187.92,1834.54,22,48,4,26,0.407634,66619.5,163.82,137.4,1.41525,109.727,123.874,103.12,104.331,32.96371504,38.214375,17.03864962,18.69045455,46.4387704,54.73461538,0.794135984,5.175435351,0.729591837
hTME19-2_Str_03_xyz-6951-14157-271,hTME19-2,WT,D1,CPi,80.4186,64.3398,6,82.48,70317.3,146.617,1.031,215.86,2468.76,25,55,5,30,0.503896,86381.9,185.236,137.909,1.3499,112.236,125.788,101.732,95.7493,38.54965137,44.88090909,14.51120918,15.2988,58.58168653,69.53266667,0.778560029,4.72751074,0.809570313
hTME19-2_Str_03_xyz-7033-11710-126,hTME19-2,WT,D2,CPi,82.7657,77.3576,7,112.21,75881.4,120.025,1.03994,196.579,2991.64,32,69,5,37,0.425063,110091,186.336,116.553,1.45141,100.015,111.533,100.1,92.4572,35.11298061,43.35188406,14.72778608,16.8578125,52.74341912,66.26567568,0.677798097,2.961438104,0.694280079
hTME19-2_Str_03_xyz-7280-4266-369,hTME19-2,WT,D2,CPi,79.1561,72.0923,6,79.4,62726,146.877,1.03778,208.871,2508.48,27,59,5,32,0.501235,79311.6,169.254,159.589,1.23626,115.086,117.237,68.1327,78.2546,35.69607332,42.51135593,12.48539548,13.09925926,55.28008275,67.3278125,0.721926769,3.560899897,0.831314879
hTME19-2_Str_03_xyz-8021-7392-371,hTME19-2,WT,D2,CPi,74.1239,78.6917,5,70.37,88673.4,133.153,1.03145,190.189,3250.73,37,81,7,44,0.40576,117330,191.738,165.372,1.38111,116.748,109.666,94.058,81.7444,32.71645127,40.12728395,13.81933692,15.13162162,48.60720652,61.14636364,0.739353337,3.860116863,0.665406427
hTME19-2_Str_03_xyz-8699-12549-315,hTME19-2,WT,D2,CPi,62.7179,58.1559,7,88.09,72769,124.345,1.03126,185.55,2609.8,28,62,6,34,0.528571,92550,145.263,128.7,1.35355,126.992,134.907,93.1803,94.4051,35.52759544,42.0883871,14.14404009,15.81821429,53.13758221,63.72264706,0.770186034,4.514503452,0.784722222
hTME19-2_Str_03_xyz-8904-6816-371,hTME19-2,WT,D2,CPi,80.6072,73.0217,4,102.58,43192.8,102.443,1.03315,164.69,1861.13,20,49,9,29,0.347222,53342.6,149.412,97.7878,1.2883,114.082,127.967,77.9217,81.6123,32.02537751,37.97734694,13.59050961,14.1115,44.73907951,54.43655172,0.752587294,4.118799399,0.712799168
hTME19-2_Str_03_xyz-9326-2164-356,hTME19-2,WT,D1,CPi,68.5461,64.1102,5,106.71,34239.2,146.972,1.0285,205.52,1343.91,14,31,3,17,0.447619,42204.1,180.459,109.969,1.35766,118.693,127.309,100.63,92.6409,37.50707835,43.34645161,18.20303735,19.53642857,53.40452389,62.95470588,0.796861774,5.261725231,0.864265928
hTME19-2_Str_03_xyz-9334-7616-329,hTME19-2,WT,D2,CPi,70.7916,67.7713,6,117.53,83221.1,140.634,1.03519,184.931,2967.78,31,68,6,37,0.411418,105456,162.701,161.447,1.32922,116.06,127.163,95.811,84.9334,36.36077367,43.63838235,11.00886031,11.7716129,57.60156595,70.33756757,0.751279109,4.091864081,0.769230769
hTME19-2_Str_03_xyz-9709-12356-341,hTME19-2,WT,D1,CPi,62.8078,59.7087,5,90.84,74830.1,134.569,1.03266,203.53,2554.09,30,65,5,35,0.405767,91005.9,157.459,115.409,1.35431,132.712,132.636,87.7635,78.849,33.6737631,39.28861538,17.19781928,18.37966667,47.79600065,57.21057143,0.760479079,4.288247496,0.789627465
hTME19-2_Str_04_xyz-10276-8144-394,hTME19-2,WT,D2,CPi,86.6314,59.8161,4,74.28,29677.1,120.481,1.02603,142.802,1366.73,16,37,5,21,0.304167,36440,144.831,112.212,1.2685,105.799,121.98,88.6498,71.2755,31.79283519,36.93378378,14.80752732,15.764375,44.73402214,53.06285714,0.771681936,4.551279071,0.846880907
hTME19-2_Str_04_xyz-2889-5473-337,hTME19-2,WT,D1,CPi,62.9534,63.8724,6,105.99,46211.6,146.355,1.02421,204.939,1831.17,20,45,5,25,0.501667,57721.4,168.919,155.592,1.38765,127.986,118.842,86.8616,87.1338,35.79292971,40.68755556,16.406976,17.458,51.30169268,59.2712,0.774350483,4.618232909,0.835390947
hTME19-2_Str_04_xyz-3275-10153-189,hTME19-2,WT,D1,CPi,77.7125,73.2642,5,105.12,31869.2,114.661,1.04385,151.65,1528.31,15,34,4,19,0.361111,41062.9,152.282,147.134,1.38879,109.041,120.488,94.432,96.5213,37.22836322,44.94588235,18.97205816,20.93666667,51.64123563,63.90052632,0.74474517,3.961914896,0.784580499
hTME19-2_Str_04_xyz-3395-9251-271,hTME19-2,WT,D2,CPi,82.4269,84.3741,5,103.38,29780.9,114.729,1.04149,187.68,1413,12,27,3,15,0.5,41989.2,153.419,110.746,1.26763,107.703,110.465,93.2503,84.8008,42.39136247,52.32777778,17.79317718,20.00333333,62.06991071,78.18733333,0.705317406,3.311974583,0.892733564
hTME19-2_Str_04_xyz-4107-10195-272,hTME19-2,WT,D1,CPi,78.103,72.3827,4,122.61,69542.4,127.127,1.02792,202.201,2881.53,30,67,7,37,0.298148,86685.9,146.472,160.411,1.26754,117.605,121.619,99.1985,93.9193,37.37953839,43.00268657,16.24132031,17.37833333,54.51863413,63.77918919,0.762686001,4.337880377,0.692965155
hTME19-2_Str_04_xyz-4161-9649-168,hTME19-2,WT,D2,CPi,64.2279,54.6373,3,63.33,34733.4,125.844,1.0306,203.84,1869.86,13,33,7,20,0.615385,42427.1,141.803,123.85,1.18923,121.775,129.551,56.3284,58.2413,47.81914789,56.65666667,15.72289965,16.52307692,68.68170925,82.7435,0.791897147,5.106443777,0.865702479
hTME19-2_Str_04_xyz-4393-2871-130,hTME19-2,WT,D1,CPi,66.1077,79.5326,3,133.53,58688.6,157.566,1.03432,200.495,2143.1,13,32,6,19,0.384615,74601.3,225.638,170.376,1.19359,109.211,111.681,77.5024,86.7787,55.59177103,66.9678125,20.05647828,22.12461538,79.90539239,97.65,0.742125369,3.911862528,0.857142857
hTME19-2_Str_04_xyz-4722-9774-298,hTME19-2,WT,D2,CPi,73.5519,73.0247,4,122.75,72628,135.271,1.03279,187.328,2783.68,22,51,7,29,0.280303,92361.2,183.48,152.746,1.2701,115.221,123.406,101.498,97.9094,44.92537104,54.57705882,19.68928953,21.53727273,64.06998459,79.64172414,0.710320889,3.383640954,0.803329865
hTME19-2_Str_04_xyz-4861-3706-86,hTME19-2,WT,D2,CPi,77.9344,68.0914,4,86.45,53000.6,159.109,1.02838,181.392,2132.39,16,41,9,25,0.427083,67021.9,174.552,212.171,1.26523,114.183,124.88,87.7448,82.5897,42.789524,52.00414634,21.57206005,24.57125,56.36870092,69.5612,0.713688902,3.433444179,0.832647462
hTME19-2_Str_04_xyz-5085-3036-128,hTME19-2,WT,D1,CPi,74.4556,74.4732,5,105.92,68468.7,141.108,1.03151,189.534,2741.53,23,52,6,29,0.468116,91896.1,178.369,165.009,1.24777,111.632,110.755,110.267,109.525,43.94276142,52.71692308,15.88140087,18.95304348,66.19832323,79.49517241,0.747301764,4.011872299,0.827263267
hTME19-2_Str_04_xyz-5089-13504-271,hTME19-2,WT,D1,CPi,64.1618,63.4857,5,122.3,65603.6,132.544,1.03067,203.17,2645.83,21,48,6,27,0.539683,81727.1,175.535,156.11,1.27874,123.107,118.082,88.9591,86.4261,46.86835982,55.11583333,15.02160187,15.99571429,71.63806044,85.54259259,0.749058932,4.046864785,0.896551724
hTME19-2_Str_04_xyz-5108-13911-314,hTME19-2,WT,D1,CPi,57.2212,73.3454,5,123.69,55577.6,132.879,1.03134,192.648,2482.9,26,58,6,32,0.441758,74809.1,186.649,146.872,1.41858,120.36,121.042,88.082,89.8286,36.84302763,42.80310345,21.66752222,25.05423077,49.17312578,57.2240625,0.713636793,3.432663761,0.853806228
hTME19-2_Str_04_xyz-5208-13540-150,hTME19-2,WT,D2,CPi,81.5268,64.3233,4,113.43,61778.6,150.352,1.02863,208.7,2106.83,21,47,5,26,0.422222,75667.7,175.951,167.657,1.30976,116.163,130.045,88.5366,89.9973,38.66396416,44.82085106,19.07725244,20.63428571,54.48400055,64.35615385,0.779832588,4.761463105,0.868622449
hTME19-2_Str_04_xyz-5257-8839-295,hTME19-2,WT,D1,CPi,46.5454,61.773,3,95.68,21988.2,115.829,1.0446,169.031,1062.89,8,21,5,13,0.5,25910.9,148.419,122.709,1.12322,135.794,123.19,115.572,94.8386,41.28564133,50.60761905,15.37893828,15.97375,57.22822782,71.92076923,0.779680577,4.757384406,0.844444444
hTME19-2_Str_04_xyz-5282-3142-378,hTME19-2,WT,D2,CPi,84.5878,81.6119,3,78.19,28720,129.56,1.03127,195.069,1225.84,9,23,5,14,0.444444,36514,170.253,115.468,1.23179,111.457,125.437,93.129,93.5627,44.85671105,53.2926087,23.52559214,25.84111111,58.56957321,70.94,0.727125971,3.645739815,0.9140625
hTME19-2_Str_04_xyz-5324-4903-106,hTME19-2,WT,D2,CPi,89.9716,76.0976,5,118.03,70786.7,139.364,1.04302,197.8,2835.54,20,46,6,26,0.429762,103679,274.445,163.779,1.30679,96.1745,115.17,85.2232,86.0347,48.39914971,61.63695652,20.35062637,24.02,69.9749369,90.57307692,0.648431351,2.653370802,0.910714286
hTME19-2_Str_04_xyz-5719-11338-280,hTME19-2,WT,D2,CPi,55.7551,65.4388,5,66.88,35532.1,112.311,1.03958,156,1631.91,18,39,3,21,0.562698,46990.9,143.498,121.76,1.31538,131.43,121.335,88.409,77.9448,34.41388371,41.83948718,11.35063787,12.43722222,54.18238014,67.04142857,0.715384809,3.459015869,0.871455577
hTME19-2_Str_04_xyz-6672-3634-249,hTME19-2,WT,D2,CPi,53.1256,82.1587,5,118.97,46228,132.24,1.04426,166.881,2009.91,15,34,4,19,0.533333,65839.9,210.862,159.933,1.25714,130.393,104.705,87.7022,75.8267,45.36034069,59.10941176,16.59042273,19.57666667,68.07343381,90.31947368,0.64050027,2.579579866,0.820861678
hTME19-2_Str_04_xyz-6807-1794-84,hTME19-2,WT,D1,CPi,87.5355,86.6847,6,91.47,85486.2,148.456,1.03399,202.891,3152.16,30,63,3,33,0.479437,114437,234.168,147.64,1.23278,108.348,114.37,96.5195,95.6548,41.784644,50.02920635,12.4902479,13.21966667,68.41591319,83.49242424,0.718333079,3.504283392,0.795918367
hTME19-2_Str_04_xyz-6950-1173-171,hTME19-2,WT,D2,CPi,82.1099,68.2634,4,129.09,59754.1,118.706,1.03421,186.111,2549.82,18,44,8,26,0.574074,78961.8,167.255,136.519,1.16085,105.81,114.77,78.2793,77.2514,47.80492542,57.94590909,14.2319283,15.50611111,71.04776958,87.32730769,0.717654653,3.493774171,0.924744898
hTME19-2_Str_04_xyz-7238-8114-323,hTME19-2,WT,D1,CPi,78.8851,86.1839,5,114.14,46996.5,125.102,1.03307,118.345,2053.79,17,40,6,23,0.443137,62813.2,163.843,157.079,1.21718,110.701,111.251,91.1967,87.3457,43.59521825,51.33975,16.90143319,18.45117647,63.32540721,75.64869565,0.701230811,3.255406301,0.8672
hTME19-2_Str_04_xyz-7485-1283-232,hTME19-2,WT,D2,CPi,46.6515,66.5899,4,146.04,62779.3,175.773,1.04369,243.411,2022.74,14,33,5,19,0.464286,79406.4,220.68,155.562,1.31946,137.404,122.631,93.4684,102.991,48.75655033,61.29060606,30.29987372,33.21142857,62.35620677,81.98052632,0.694316445,3.163490796,0.857142857
hTME19-2_Str_04_xyz-7547-1281-175,hTME19-2,WT,D1,CPi,50.7706,67.8401,6,73.9,82865.6,162.548,1.0467,270.119,2447.29,20,42,2,22,0.365647,106928,262.33,183.71,1.53808,135.026,119.756,100.418,97.1232,44.47411892,58.26380952,25.59962753,28.4675,61.63274745,85.35136364,0.722569339,3.571194534,0.904513889
hTME19-2_Str_04_xyz-7699-9191-296,hTME19-2,WT,D1,CPi,74.3399,85.37,3,73.16,45590.8,146.58,1.03069,214.693,1613.11,11,26,4,15,0.2,54142.9,157.87,168.44,1.12979,109.419,116.129,97.6869,104.451,53.44219575,62.03807692,12.60067107,13.11909091,83.39264718,97.912,0.822537364,6.221321872,0.899653979
hTME19-2_Str_04_xyz-7838-1002-80,hTME19-2,WT,D1,CPi,62.3936,64.6956,2,74.27,34898.5,141.969,1.06104,185.33,1382.49,9,23,5,14,0.444444,44297.7,183.317,134.129,1.21601,124.399,119.132,95.9291,124.082,43.32099531,60.10304348,22.0704293,23.55777778,56.98207346,83.59642857,0.721502093,3.554125017,0.8515625
hTME19-2_Str_04_xyz-7850-9242-241,hTME19-2,WT,D1,CPi,79.2416,70.2377,6,134.41,85728.1,148.429,1.03623,181.42,2860.2,25,54,4,29,0.528242,106689,203.354,177.278,1.2494,113.44,128.723,104.574,107.397,44.41381845,52.96148148,13.6349027,14.4504,70.9473665,86.16068966,0.73601422,3.799385094,0.747138398
hTME19-2_Str_04_xyz-8053-2559-392,hTME19-2,WT,D2,CPi,79.7711,63.3172,4,90.83,56563.8,134.715,1.04181,210.939,2345.07,21,51,9,30,0.509524,72814.6,206.522,115.65,1.2628,109.399,122.106,76.8747,78.7181,38.0354836,45.97705882,16.97963168,21.1347619,52.77457995,63.36666667,0.7805235,4.780080674,0.786132813
hTME19-2_Str_04_xyz-8526-2717-377,hTME19-2,WT,D2,CPi,87.1809,65.1408,7,113.64,50917.3,138.559,1.0331,193.693,1971.84,22,47,3,25,0.491558,65476.3,182.525,143.993,1.30414,109.597,119.826,75.8321,80.8991,36.16598109,41.94957447,10.7382548,11.41,58.54238023,68.8244,0.788214144,4.996480897,0.810699588
hTME19-2_Str_04_xyz-8607-8068-361,hTME19-2,WT,D1,CPi,78.9485,70.4612,4,114.2,82739.5,145.038,1.04445,214.117,3242.03,26,63,11,37,0.292308,106232,201.658,213.819,1.21455,114.487,118.314,80.1601,90.1359,41.03033268,51.45571429,16.59290048,18.00038462,58.20258232,74.96486486,0.715296038,3.457668977,0.666666667
hTME19-2_Str_04_xyz-9243-4808-394,hTME19-2,WT,D2,CPi,87.3035,73.1219,8,113.09,69866.3,133.59,1.03591,199.469,2491.65,31,65,3,34,0.446429,94263.6,182.76,141.909,1.36874,102.298,113.569,92.1355,95.8897,32.54433499,38.32769231,13.0454822,14.49419355,50.32270077,60.05823529,0.715825292,3.465712958,0.804012346
hTME19-2_Str_04_xyz-9323-5172-371,hTME19-2,WT,D1,CPi,55.8109,83.4569,7,119.67,61749.8,140.757,1.02956,198.261,2637.62,33,73,7,40,0.55326,88264.7,246.035,113.416,1.55172,123.319,107.478,88.3942,90.0073,30.37892412,36.12616438,12.93847812,14.07212121,44.76729207,54.32075,0.644631256,2.617566074,0.729591837
hTME19-2_Str_04_xyz-9412-3735-249,hTME19-2,WT,D2,CPi,65.9171,62.5072,6,101.13,56113.8,125.412,1.03593,151.42,2294.76,21,48,6,27,0.433333,72741.2,162.057,156.89,1.30105,121.425,124.867,87.7397,85.4955,40.60918954,47.80208333,19.61973645,21.74904762,56.93431972,68.06555556,0.777086319,4.688730839,0.827586207
hTME19-2_Str_04_xyz-9895-11602-396,hTME19-2,WT,D1,CPi,54.6747,49.7348,5,87.55,56062.7,131.785,1.02987,208.53,2133.92,20,49,9,29,0.33,69054.2,165.497,150.708,1.43626,131.479,138.159,90.6502,80.6003,37.32719104,43.54367347,21.74323646,24.5505,48.07474592,56.64241379,0.776995561,4.686361242,0.804370447
hTME19-2_Str_05_xyz-10334-11984-368,hTME19-2,WT,D1,CPc,60.6226,48.8844,4,92.24,44686.8,122.044,1.03085,160.65,2013.07,15,37,7,22,0.498413,55478.5,161.007,142.953,1.21354,127.483,137.227,78.4226,85.9833,47.02500843,54.40324324,11.39683044,12.88133333,71.31694798,82.71363636,0.807259773,5.616008154,0.901041667
hTME19-2_Str_05_xyz-11937-4845-264,hTME19-2,WT,D1,CPc,65.3324,61.0355,5,37.08,41081.9,119.417,1.04227,193.49,1818.32,19,41,3,22,0.36244,54041.8,153.408,135.94,1.35484,123.592,120.137,92.2003,68.2835,36.9285349,44.34463415,19.31107338,20.72052632,52.1436153,64.74727273,0.738603986,3.846337783,0.829861111
hTME19-2_Str_05_xyz-12677-7701-342,hTME19-2,WT,D2,CPc,52.2035,47.6187,6,83.31,79201.9,158.201,1.04215,217.84,3119.09,36,78,6,42,0.426965,97921.8,189.974,129.271,1.3502,129.381,132.053,96.9077,81.9451,32.87987173,39.98358974,11.78583434,12.8725,50.9604752,63.22166667,0.777584332,4.701771774,0.814566116
hTME19-2_Str_05_xyz-2814-13537-181,hTME19-2,WT,D1,CPc,83.7652,68.9818,4,41.6,25193.9,122.711,1.02499,185.351,1411.69,15,35,5,20,0.428571,32145.4,157.583,150.16,1.3986,103.122,121.265,79.9347,64.5956,35.9161874,40.32857143,17.46225089,19.012,49.75663977,56.316,0.809924419,5.71378154,0.828512397
hTME19-2_Str_05_xyz-3398-11737-99,hTME19-2,WT,D2,CPc,83.1966,74.0703,5,96.24,43293.4,112.681,1.03612,149.31,2085.74,28,63,7,35,0.525,62363.8,162.936,122.945,1.52005,108.794,113.753,79.2812,89.8929,27.98300965,33.10126984,16.46393074,18.94464286,37.19827277,44.42657143,0.666653152,2.837510701,0.661066472
hTME19-2_Str_05_xyz-3772-11892-288,hTME19-2,WT,D2,CPc,61.6565,70.8406,6,50.9,19150.1,152.432,1.02224,197.851,1691.38,15,35,5,20,0.555556,36623.3,290.183,137.439,1.39297,130.326,111.908,91.6964,92.8977,42.930134,48.32028571,27.16913811,29.26266667,54.75088092,62.6135,0.762400643,4.331405024,0.886363636
hTME19-2_Str_05_xyz-4049-11331-314,hTME19-2,WT,D2,CPc,63.4387,47.7608,4,59.48,44428.9,146.863,1.03735,260.66,1479.11,13,30,4,17,0.358974,53946.1,179.183,108.27,1.40829,126.353,130.683,77.4614,88.9441,41.27828993,49.29866667,22.23303746,26.29692308,55.84230653,66.88823529,0.805082984,5.538346236,0.864265928
hTME19-2_Str_05_xyz-4571-11725-298,hTME19-2,WT,D2,CPc,73.6997,81.0379,4,44.53,37173.9,135.083,1.0388,164.351,1447.12,13,29,3,16,0.320513,52362.1,170.463,106.059,1.32171,109.893,109.617,79.1002,82.5831,41.35629367,49.89517241,22.87372802,26.01538462,56.37337825,69.2975,0.704461458,3.299983066,0.848765432
hTME19-2_Str_05_xyz-5334-14878-285,hTME19-2,WT,D1,CPc,54.8816,54.3469,7,110.04,48184.2,161.547,1.03147,135.699,2149.19,23,51,5,28,0.367098,60688.7,213.78,197.322,1.54082,125.923,133.091,95.0662,91.5406,36.71185222,42.13588235,15.38613664,16.99434783,54.22940431,62.78785714,0.782679292,4.839020047,0.785555556
hTME19-2_Str_05_xyz-6292-12060-317,hTME19-2,WT,D2,CPc,72.3099,66.0017,4,40.3,25439.9,140.533,1.05072,187.06,1058.45,10,24,4,14,0.366667,31069,177.867,73.146,1.28345,121.375,127.034,79.588,75.8881,35.41839979,44.09583333,13.86246908,14.774,50.81549314,65.04,0.755872723,4.187862531,0.9140625
hTME19-2_Str_05_xyz-7156-13706-311,hTME19-2,WT,D1,CPc,84.2218,76.7343,6,85.89,39553.2,103.542,1.04682,146.391,1962.58,23,51,5,28,0.515942,57268.7,144.471,112.104,1.37133,96.2357,109.781,104.901,108.209,30.6239371,38.47745098,12.61771621,14.58652174,45.4147614,58.10214286,0.697094038,3.199857965,0.788888889
hTME19-2_Str_05_xyz-7270-11579-228,hTME19-2,WT,D2,CPc,45.4906,60.7872,5,80.26,52278.3,120.257,1.03853,158.709,2375.24,24,54,6,30,0.382341,69542.1,153.603,140.381,1.3267,132.713,125.134,83.0583,79.6404,36.33459588,43.98111111,18.07013139,20.24416667,50.94616747,62.97066667,0.728370066,3.666575076,0.859375
hTME19-2_Str_05_xyz-7559-9885-248,hTME19-2,WT,D1,CPc,85.8093,53.6731,5,96.31,62763.4,130.277,1.03466,201.52,2059.03,21,45,3,24,0.527438,78454.7,157.435,184.03,1.31243,103.622,131.709,67.9463,71.146,38.40992612,45.75133333,14.39558367,15.6247619,59.42247577,72.11208333,0.762269481,4.328434488,0.792899408
hTME19-2_Str_05_xyz-8307-9566-314,hTME19-2,WT,D1,CPc,74.9088,62.522,6,79.24,56347.8,112.723,1.0347,163.594,2479.9,30,66,6,36,0.562222,72249.7,137.653,136.373,1.40637,112.708,127.126,91.6357,109.335,31.64012876,37.56939394,13.07485436,14.13233333,47.11119076,57.10027778,0.740428169,3.880035179,0.779778393
hTME19-2_Str_05_xyz-8536-8727-291,hTME19-2,WT,D2,CPc,68.8567,59.7541,5,52.02,55106.6,145.824,1.03652,215.29,1926.87,18,42,6,24,0.273148,66872.4,168.747,150.082,1.34375,124.245,121.002,87.6377,84.2382,39.04431666,45.87357143,24.63654981,26.61,49.85014179,60.32125,0.758852222,4.252306591,0.764792899
hTME19-2_Str_05_xyz-8608-3135-359,hTME19-2,WT,D2,CPc,70.6714,73.7798,7,92.23,31114.5,140.999,1.02634,113.21,1538.91,19,42,4,23,0.467669,41402.4,176.552,132.22,1.30909,113.928,114.725,89.4287,89.581,32.16054237,36.63547619,14.17007849,14.92315789,47.02222991,54.57173913,0.779670611,4.75711722,0.8384
hTME19-2_Str_05_xyz-8674-11240-246,hTME19-2,WT,D2,CPc,79.7939,76.3972,5,70.5,19975.1,101.149,1.03509,160.07,1072.45,13,29,3,16,0.24359,27011.5,147.995,78.1007,1.31476,113.727,110.455,92.9893,101.195,29.11110514,36.97689655,18.51198435,19.50692308,37.72289079,51.17125,0.639487082,2.570408073,0.842592593
hTME19-2_Str_05_xyz-8775-13172-354,hTME19-2,WT,D2,CPc,64.4148,69.779,4,83.4,43572.8,117.922,1.02842,155.89,1873.33,17,41,7,24,0.45098,56448.2,160.664,106.4,1.25519,118.534,118.647,100.906,108.792,39.58872914,45.68658537,15.86198345,17.16352941,56.395174,65.89041667,0.781508147,4.806840181,0.826923077
hTME19-2_Str_05_xyz-8779-13861-227,hTME19-2,WT,D1,CPc,90.6192,67.1933,5,92.22,81188.8,145.376,1.02877,205.15,2962.8,23,53,7,30,0.341201,99102.3,174.637,172.139,1.21126,101.625,126.275,73.8439,76.7253,48.53426926,55.89773585,16.09919971,17.63478261,73.40115592,85.23266667,0.771768667,4.553427751,0.834960938
hTME19-2_Str_05_xyz-9087-8071-351,hTME19-2,WT,D2,CPc,45.2039,64.5947,6,99.24,55743.1,123.972,1.03435,176.352,2429.6,28,62,6,34,0.47381,70018.3,151.086,127.989,1.30456,137.146,126.865,105.721,94.4762,33.3556399,39.18209677,13.97971349,15.12714286,49.31228517,58.99205882,0.767912452,4.45961882,0.830246914
hTME19-2_Str_05_xyz-9167-6860-28,hTME19-2,WT,D1,CPc,81.7125,74.4129,4,118.43,49460.8,161.336,1.04066,180.46,1805.59,18,41,5,23,0.431217,60454.2,184.239,122.699,1.23483,108.002,120.089,89.1323,102.044,36.31208556,44.03414634,15.92060466,16.55055556,52.27063583,65.54304348,0.771065254,4.53605358,0.808
hTME19-2_Str_05_xyz-9371-13238-369,hTME19-2,WT,D1,CPc,77.0333,54.4315,6,76.4,51954.6,123.704,1.02473,184.31,1990.04,22,52,8,30,0.611364,60905.7,154.521,104.618,1.34312,113.733,131.895,91.3892,94.9125,33.38028316,38.26557692,13.29265393,14.13,48.11121127,55.965,0.804290933,5.510565948,0.89453125
hTME19-2_Str_05_xyz-9484-3139-299,hTME19-2,WT,D2,CPc,71.276,55.608,5,73.36,46887.8,134.438,1.03911,167.439,2015.38,19,43,5,24,0.293734,61125.7,165.173,101.548,1.30748,109.273,125.915,85.0845,88.855,37.50175439,46.86488372,22.25915956,25.47578947,49.56880863,63.79791667,0.674050091,2.918722235,0.852071006
hTME19-2_Str_06_xyz-10213-5571-270,hTME19-2,WT,D1,CPc,70.6309,84.5813,4,127.25,37315.5,147.516,1.03373,174.715,1773.25,14,34,6,20,0.642857,48047.8,183.187,196.437,1.12924,109.911,110.801,67.724,84.9861,43.45338063,52.14852941,14.69622119,16.67785714,63.58339224,76.978,0.715926974,3.467262198,0.673553719
hTME19-2_Str_06_xyz-10240-5033-300,hTME19-2,WT,D2,CPc,80.8001,64.604,5,110.74,67874.2,132.145,1.0303,185.449,2697.15,25,54,4,29,0.394159,83268.3,149.893,142.452,1.2038,113.605,126.445,94.8809,91.9258,43.1172272,49.94259259,12.55250423,13.6004,69.46612632,81.27206897,0.799063016,5.333317689,0.869927159
hTME19-2_Str_06_xyz-10881-6917-302,hTME19-2,WT,D2,CPc,49.564,64.5993,5,119.33,40277.5,111.673,1.02521,154.85,2199.87,25,56,6,31,0.415873,49649.4,127.758,122.687,1.32212,134.439,119.362,80.042,83.3583,34.84187515,39.27910714,12.55393418,13.3448,52.81602109,60.19387097,0.796049202,5.235732628,0.865932048
hTME19-2_Str_06_xyz-3298-12750-128,hTME19-2,WT,D2,CPc,90.4612,75.7317,6,82.72,68076.5,120.592,1.03562,205.01,2443.44,23,50,4,27,0.418357,89723.4,157.253,146.52,1.27353,95.909,115.833,98.9084,100.694,40.96030575,48.8634,14.03271028,15.45521739,63.89862783,77.32222222,0.749191939,4.049535693,0.875148633
hTME19-2_Str_06_xyz-3356-13658-167,hTME19-2,WT,D1,CPc,84.955,53.9508,3,45.5,36684.5,116.964,1.03486,188.47,1641.68,15,35,5,20,0.288889,44710.4,165.781,105.86,1.1782,104.538,136.369,93.9385,99.1147,39.04209848,46.90114286,13.21400034,14.52133333,58.41317209,71.186,0.798437559,5.312798133,0.832644628
hTME19-2_Str_06_xyz-3435-12018-181,hTME19-2,WT,D2,CPc,78.1745,61.9896,4,34.06,56910.8,154.387,1.04343,237.321,1840.59,15,33,3,18,0.355556,69104.6,196.626,175.32,1.26316,117.202,126.935,86.2059,107.67,45.38247363,55.77030303,19.49785016,21.00133333,66.95299319,84.74444444,0.752447056,4.115896768,0.8375
hTME19-2_Str_06_xyz-3694-14659-136,hTME19-2,WT,D2,CPc,79.7374,57.2337,5,33.5,41250,152.858,1.04138,136.757,1441.28,16,35,3,19,0.541667,51841.3,190.202,178.014,1.53846,105.095,117.014,92.7076,79.9917,33.99456963,41.174,20.69174244,22.69875,45.19695042,56.73210526,0.746409505,3.994309877,0.854875283
hTME19-2_Str_06_xyz-3892-13686-193,hTME19-2,WT,D2,CPc,84.0864,79.9174,6,53.11,18788,86.2395,1.0502,102.29,1125.93,11,27,5,16,0.483117,27663.9,142.456,56.5925,1.28139,100.534,112.921,86.224,99.2875,29.99530619,41.69518519,14.13413012,17.53909091,40.89986474,58.3025,0.605394818,2.291466728,0.87962963
hTME19-2_Str_06_xyz-4055-14213-167,hTME19-2,WT,D1,CPc,84.1846,57.0897,6,65.89,63662,154.831,1.03295,230.312,2268.63,16,37,5,21,0.541667,76798.6,176.482,169.611,1.17312,107.12,126.195,101.774,104.604,52.2696935,61.30972973,14.66696813,15.643125,80.91938902,96.10333333,0.795454023,5.216840084,0.850661626
hTME19-2_Str_06_xyz-4424-12693-338,hTME19-2,WT,D2,CPc,73.1662,36.2153,5,29.72,45689.2,125.033,1.03543,213.591,1794.66,20,44,4,24,0.396032,54547.5,148.602,76.3991,1.39024,116.011,136.531,83.6945,88.9299,34.73956236,40.78318182,15.37185503,16.928,50.87931846,60.6625,0.814200819,5.877251767,0.815088757
hTME19-2_Str_06_xyz-6203-11383-238,hTME19-2,WT,D1,CPc,76.1142,48.3686,8,55.27,66420.5,160.25,1.03473,233.858,2160.43,21,46,4,25,0.452003,81311,186.818,162.911,1.36966,101.278,132.585,87.4614,101.328,40.52978372,46.96152174,18.85651976,21.97380952,58.73532545,67.9512,0.824906662,6.325803123,0.746227709
hTME19-2_Str_06_xyz-6398-10234-275,hTME19-2,WT,D2,CPc,84.3002,54.1162,7,68.74,54657.2,152.885,1.04016,241.791,1886.02,20,46,6,26,0.567179,67540.3,174.956,138.661,1.52019,105.125,124.91,84.2299,98.7499,34.19727687,40.99630435,15.5831156,17.527,48.51586246,59.04961538,0.792513863,5.12528276,0.764030612
hTME19-2_Str_06_xyz-6434-2559-311,hTME19-2,WT,D2,CPc,44.8223,43.5823,4,36.14,18333,161.961,1.02109,161.229,1341.67,10,23,3,13,0.62,21166.6,171.919,201.423,1.30942,139.908,138.48,83.9059,94.779,52.71126674,58.32826087,18.84382559,19.343,78.76314455,88.31692308,0.853422203,7.883742302,0.902222222
hTME19-2_Str_06_xyz-6526-2724-289,hTME19-2,WT,D2,CPc,93.8508,69.0912,4,78.99,20131.8,94.8097,1.04223,120.356,1039.62,12,28,4,16,0.516667,26637.3,122.461,117.581,1.31529,98.4887,125.943,97.9213,103.813,31.73568617,37.12285714,14.15676067,16.22083333,44.91988029,52.799375,0.781625484,4.810046936,0.814814815
hTME19-2_Str_06_xyz-7188-2796-136,hTME19-2,WT,D1,CPc,86.5791,72.826,5,87.01,23743,114.18,1.03204,171.725,1070.58,13,29,3,16,0.216117,31280.5,170.583,111.136,1.58933,105.941,116.344,83.7326,89.513,31.41607907,36.91068966,19.32895625,20.84692308,41.23686636,49.9625,0.734583333,3.773878775,0.922839506
hTME19-2_Str_06_xyz-7302-8682-268,hTME19-2,WT,D1,CPc,77.9369,64.8479,3,59.61,31385.5,130.219,1.02389,200.86,1331.86,11,26,4,15,0.484848,38879.5,162.799,97.9403,1.24303,115.658,129.094,66.0633,85.1227,44.93711423,51.21961538,16.74269484,19.34363636,65.61302178,74.59533333,0.811405485,5.769460693,0.896193772
hTME19-2_Str_06_xyz-7720-13320-255,hTME19-2,WT,D2,CPc,60.8704,49.0777,5,44.47,69935.4,151.216,1.03225,228.25,2260.12,24,53,5,29,0.476389,84117.4,192.253,116.3,1.39258,120.629,131.384,78.2907,73.7707,36.88356628,42.63849057,18.14344733,20.73083333,52.39263023,60.76896552,0.812702449,5.8190265,0.819979188
hTME19-2_Str_06_xyz-8224-5312-339,hTME19-2,WT,D2,CPc,54.696,57.2997,6,104.21,64128.2,145.703,1.03636,174.06,2666.29,28,61,5,33,0.509524,77927.9,161.157,125.5,1.28742,120.819,128.802,88.0302,85.9106,37.03165127,43.7047541,11.24790081,12.23285714,58.90877287,70.40818182,0.797761718,5.290784656,0.819591837
hTME19-2_Str_06_xyz-8894-8071-287,hTME19-2,WT,D2,CPc,87.908,76.3059,5,107.37,66725,133.306,1.03337,160.03,2905.86,29,64,6,35,0.411494,88152.5,164.741,154.639,1.27431,97.4385,112.392,91.2628,92.2525,38.40890983,45.39875,12.83539063,14.16586207,59.59839717,71.27742857,0.752938901,4.126093007,0.903579255
hTME19-2_Str_06_xyz-8991-5849-296,hTME19-2,WT,D2,CPc,87.2982,70.7918,4,113.9,36816.4,111.626,1.03073,153.02,1581.22,16,35,3,19,0.295833,47199.6,147.471,137.771,1.24238,103.058,120.393,77.547,80.7665,39.19412498,45.17285714,13.76362715,15.433125,60.60928105,70.21684211,0.808027705,5.643875176,0.902494331
hTME19-2_Str_06_xyz-9735-4823-254,hTME19-2,WT,D1,CPc,93.3868,75.5983,3,67.72,33878.1,134.787,1.03065,205.861,1284.07,8,21,5,13,0.375,41981.7,179.495,157.723,1.16165,101.752,120.981,74.8864,49.8336,50.75840639,61.14142857,20.36427808,21.1825,69.46248534,85.73153846,0.798478396,5.31413354,0.897777778
hTME19-2_Str_06_xyz-9763-11093-338,hTME19-2,WT,D2,CPc,88.335,59.2798,5,66.8,58236.2,132.688,1.02975,190.63,2378.2,27,59,5,32,0.312346,73926.9,162.88,115.341,1.24905,103.955,114.83,97.3127,95.8966,34.92460363,40.30322034,12.51787599,14.00851852,53.83028007,62.489375,0.800134596,5.368806477,0.730968858
hTME19-2_Str_07_xyz-3033-13291-225,hTME19-2,WT,D2,CPc,36.9184,36.2108,4,30.3,26846.3,158.063,1.02212,249.44,1543.74,15,32,2,17,0.257778,29969.8,176.509,99.2376,1.27949,142.697,146.022,102.752,111.683,43.93997035,48.236875,14.32917156,15.05066667,70.06714576,77.51882353,0.880383938,10.13926008,0.889196676
hTME19-2_Str_07_xyz-3037-14107-197,hTME19-2,WT,D2,CPc,74.7633,93.8924,4,58.69,28440.1,126.416,1.0444,165.621,2267.36,19,44,6,25,0.27193,38075.2,164.55,173.691,1.30888,119.407,106.616,87.8749,87.9146,42.20247836,51.52613636,19.84273866,22.05526316,59.19588054,73.924,0.691537993,3.127834598,0.85733882
hTME19-2_Str_07_xyz-3585-15099-198,hTME19-2,WT,D1,CPc,75.3011,61.1176,8,83.87,50237,162.701,1.04227,165.689,2705.37,31,71,9,40,0.533333,71801.9,261.577,130.572,1.53827,107.281,121.758,100.012,85.5604,31.30671526,38.0984507,18.63813492,21.58580645,41.12486502,50.89575,0.747584252,4.017461289,0.732993197
hTME19-2_Str_07_xyz-4493-3460-334,hTME19-2,WT,D1,CPc,42.7105,56.2235,3,94.4,18258.7,159.745,1.02577,206.429,1297.35,10,24,4,14,0.5,21490.6,184.809,154.19,1.33088,144.173,133.764,111.257,89.5568,47.59330981,54.05083333,18.32302794,19.812,68.50065401,78.50714286,0.809101763,5.68327089,0.81640625
hTME19-2_Str_07_xyz-6219-9078-384,hTME19-2,WT,D2,CPc,62.166,56.2768,10,63.6,44873,124.961,1.03539,202.32,2108.15,26,55,3,29,0.65158,56421.5,145.914,159.9,1.45157,128.501,123.903,78.9446,93.5091,32.87387124,38.32527273,14.84030592,15.79076923,49.04189532,58.52862069,0.821332441,6.16937282,0.824141519
hTME19-2_Str_07_xyz-6248-10485-436,hTME19-2,WT,D2,CPc,43.3411,60.7116,6,65.82,49008.2,127.878,1.03611,214.99,1864.4,20,44,4,24,0.489167,61269.3,171.656,167.32,1.46253,140.731,128.126,104.899,80.9346,36.63436385,42.36818182,18.70144036,20.185,51.57846676,60.85416667,0.770152138,4.513676313,0.853550296
hTME19-2_Str_07_xyz-6518-7628-437,hTME19-2,WT,D2,CPc,98.714,65.7094,3,48.97,27400,135.146,1.04059,226.44,1204.4,8,21,5,13,0.5,35442.7,173.126,120.56,1.20896,96.7739,110.677,88.7652,116.063,46.7464341,57.34761905,19.80496717,22.56,63.32579837,78.75538462,0.781177854,4.797833972,0.8
hTME19-2_Str_07_xyz-6665-4727-252,hTME19-2,WT,D2,CPc,58.8661,52.0075,6,19.67,21685.6,113.856,1.03789,177.141,1182.78,14,32,4,18,0.464286,30041.2,180.482,66.581,1.43224,120.55,123.752,96.7232,83.2046,31.27901687,36.9571875,15.53518038,17.97357143,43.52422303,51.72222222,0.804317216,5.511483775,0.84
hTME19-2_Str_07_xyz-6806-7728-452,hTME19-2,WT,D2,CPc,61.7138,66.8323,3,94.54,45082.2,128.122,1.03956,161.719,2217.95,19,45,7,26,0.350877,54420.1,156.337,150.648,1.16728,120.144,123.032,80.5614,61.3295,40.80919904,49.28311111,12.89711732,13.56736842,61.20648953,75.38307692,0.781222827,4.799058502,0.886479592
hTME19-2_Str_07_xyz-7210-5526-398,hTME19-2,WT,D2,CPc,62.6675,65.0283,5,99.54,52989.1,130.585,1.03598,188.52,2335.17,20,47,7,27,0.456667,66095.7,154.755,124.98,1.25,123.612,123.921,94.1985,82.9976,42.46541255,49.6793617,15.58350434,16.7435,62.37793715,74.0762963,0.793108398,5.143562738,0.821640904
hTME19-2_Str_08_xyz-3136-13050-160,hTME19-2,WT,D2,CPc,60.7515,54.6371,4,49.54,26034.3,131.157,1.02807,170.96,1253.81,13,30,4,17,0.5,31817.7,170.183,78.3829,1.28406,124.804,126.217,104.687,93.5975,36.43127198,41.788,14.70571769,15.68153846,53.04493115,61.75176471,0.804121631,5.504660361,0.864265928
hTME19-2_Str_08_xyz-3655-13600-163,hTME19-2,WT,D2,CPc,58.9989,67.8315,5,96.77,40503.5,134.15,1.0332,179.01,1976.24,19,46,8,27,0.478947,49491.8,161.092,136.601,1.3623,128.078,121.275,88.9629,74.6349,37.23137576,42.95630435,17.53693152,19.51631579,51.09042912,59.45111111,0.783937114,4.874014809,0.804994055
hTME19-2_Str_08_xyz-4151-13453-267,hTME19-2,WT,D1,CPc,100.81,81.186,5,83.15,35456.2,138.049,1.03717,187.21,1596.34,14,35,7,21,0.375,44136.6,158.936,109.82,1.22276,89.005,113.884,66.3334,93.1694,38.42433781,45.60485714,13.54708852,15.25142857,55.00917067,65.84047619,0.800559006,5.382979778,0.848771267
hTME19-2_Str_08_xyz-4278-4947-254,hTME19-2,WT,D1,CPc,75.0781,81.7669,4,116.86,20741.8,125.612,1.03297,194.401,1325.75,14,30,2,16,0.476871,27740.1,174.553,112.61,1.47478,114.794,108.289,113.957,84.1713,37.17009617,44.18666667,16.90392131,21.13857143,54.90299917,64.35375,0.705149361,3.309614259,0.925925926
hTME19-2_Str_08_xyz-4469-3857-307,hTME19-2,WT,D1,CPc,74.6837,59.7743,4,88.76,29032.1,123.538,1.03633,182.221,1358.86,11,28,6,17,0.454545,34507.1,170.917,126.572,1.21814,115.274,129.502,109.432,113.232,41.91311334,48.52571429,23.00723806,24.46818182,54.14632675,64.09235294,0.803560686,5.485174689,0.850415512
hTME19-2_Str_08_xyz-4470-13862-251,hTME19-2,WT,D2,CPc,64.4797,46.2756,4,83.68,49373.8,168.621,1.02752,274.61,2299.13,20,47,7,27,0.325,59658.4,193.598,86.8297,1.2737,121.427,134.451,92.3218,110.537,43.14505561,48.91276596,21.83559123,24.031,58.92984404,67.3437037,0.826573618,6.401225278,0.801426873
hTME19-2_Str_08_xyz-4708-5301-296,hTME19-2,WT,D2,CPc,78.2135,60.4554,7,121.88,36287,131.16,1.02474,176.18,1645.81,16,36,4,20,0.6375,44763.2,155.39,138.98,1.33333,110.039,128.358,99.8798,98.1742,41.19998457,45.71138889,17.08273168,18.228125,60.49378688,67.698,0.789880535,5.045701799,0.768595041
hTME19-2_Str_08_xyz-4823-5217-264,hTME19-2,WT,D2,CPc,82.0522,72.0034,4,84.86,19060.9,116.441,1.04308,155.01,962.31,8,20,4,12,0.625,23163,144.997,100.988,1.13973,116.615,122.171,40.7771,71.3322,39.57125417,48.1095,12.57370133,12.9875,57.56962273,71.52416667,0.79236468,5.120714169,0.897959184
hTME19-2_Str_08_xyz-5160-7841-186,hTME19-2,WT,D2,CPc,65.0831,59.1929,4,92.69,53496,116.64,1.04084,176.86,2222.94,24,53,5,29,0.416667,66966.3,145.383,109.46,1.34572,115.209,122.911,96.0131,95.1375,34.42634937,41.93792453,17.77465564,19.8575,48.20706143,60.21137931,0.763560607,4.357835343,0.799167534
hTME19-2_Str_08_xyz-5192-9762-369,hTME19-2,WT,D2,CPc,68.4181,69.508,4,35.04,13334.4,101.119,1.02674,171.27,793.321,9,20,2,11,0.577778,17940.8,125.338,84.5197,1.38163,105.4,112.689,104.458,99.5611,33.53682801,39.661,12.00198414,12.68777778,51.15624573,61.73,0.772471558,4.570908537,0.846153846
hTME19-2_Str_08_xyz-5234-5525-255,hTME19-2,WT,D1,CPc,73.1032,74.364,3,141.21,26216.4,125.698,1.04321,193.762,1457.83,11,26,4,15,0.272727,33120.3,161.881,121.1,1.10438,122.086,116.808,91.2262,90.9675,47.415794,56.06461538,11.4301062,12.27636364,73.80529839,88.176,0.775753548,4.654148233,0.861591696
hTME19-2_Str_08_xyz-5325-11850-385,hTME19-2,WT,D1,CPc,67.0608,66.3677,4,77.73,27535.1,103.25,1.03463,131.147,1194.8,12,29,5,17,0.333333,35606.1,129.936,119.779,1.24564,125.565,113.657,110.634,113.392,34.26275642,41.19448276,16.1848063,16.91416667,47.02366238,58.33352941,0.732444781,3.736321742,0.861495845
hTME19-2_Str_08_xyz-5405-6367-111,hTME19-2,WT,D2,CPc,79.1813,56.5654,4,87.52,31934.8,119.844,1.02921,162.38,1546.35,18,42,6,24,0.444444,38248.9,151.992,105.139,1.26667,100.517,122.106,64.8775,71.4996,31.57790261,36.81238095,15.95244543,17.78222222,43.2969955,51.085,0.768595538,4.475982476,0.816568047
hTME19-2_Str_08_xyz-5410-9618-415,hTME19-2,WT,D2,CPc,63.9038,76.1231,4,71.29,25825.3,117.278,1.0534,160.353,1198.82,11,27,5,16,0.333333,34666.5,142.4,110.415,1.26223,126.05,109.361,99.8941,108.779,35.25068856,44.39666667,19.12665052,21.71818182,46.33596472,59.988125,0.726399723,3.633674167,0.87654321
hTME19-2_Str_08_xyz-5420-8537-345,hTME19-2,WT,D2,CPc,80.6735,73.8294,5,92.37,63351.7,119.755,1.03457,156.32,2697.46,27,61,7,34,0.506173,83100.4,146.911,124.962,1.22583,115.768,118.541,94.9283,95.3711,37.63500856,44.21622951,13.11775018,14.07555556,57.10459609,68.15147059,0.745491519,3.97638379,0.831018519
hTME19-2_Str_08_xyz-5457-7216-264,hTME19-2,WT,D2,CPc,84.9187,60.1932,5,108.8,56507.2,123.713,1.02894,186.8,2166.88,20,45,5,25,0.382143,69341.5,147.831,130.679,1.18391,109.328,133.488,87.4347,83.7288,42.09646308,48.148,11.52628265,12.4365,66.55260743,76.7172,0.798120424,5.302447957,0.903978052
hTME19-2_Str_08_xyz-5467-6501-317,hTME19-2,WT,D2,CPc,75.5762,63.6314,4,169.8,62933.8,129.562,1.0332,202.301,2401.13,17,41,7,24,0.403922,74951.6,150.737,147.087,1.15556,117.15,129.281,117.055,111.681,49.98206675,58.55902439,18.64103073,19.90411765,72.18196726,85.93958333,0.791886385,5.106116109,0.897928994
hTME19-2_Str_08_xyz-5570-7965-325,hTME19-2,WT,D2,CPc,84.2083,67.3187,4,91.59,35631.4,96.7999,1.05789,155.939,1592.92,14,36,8,22,0.380952,46319.7,150.799,125.64,1.19461,106.149,120.509,79.3991,91.8977,34.02848653,44.24333333,15.95589689,18.68357143,45.52922539,60.50863636,0.772076498,4.561068684,0.753472222
hTME19-2_Str_08_xyz-5577-8802-423,hTME19-2,WT,D1,CPc,69.1424,61.4431,4,89.78,28680.3,101.88,1.03202,136.41,1335.89,16,38,6,22,0.5125,33663.4,128.167,89.0971,1.35893,121.35,133.162,77.9977,102.304,30.7426312,35.15052632,16.75644712,18.66375,40.91440144,47.14090909,0.803478855,5.482342458,0.859375
hTME19-2_Str_08_xyz-5772-8908-231,hTME19-2,WT,D2,CPc,76.5428,59.5462,6,137.41,58641.5,131.031,1.03905,191.981,2185,24,52,4,28,0.41832,72778.6,157.153,122.938,1.289,114.047,130.26,94.5696,83.7449,35.13286441,42.01365385,16.1329173,17.78125,51.41853337,62.78428571,0.767151167,4.441507731,0.787777778
hTME19-2_Str_08_xyz-6169-11708-300,hTME19-2,WT,D2,CPc,63.8869,55.583,5,75.63,32294.5,117.218,1.02333,162.62,1469.66,19,41,3,22,0.409091,37951.7,144.808,109.55,1.44618,124.17,128.049,104.905,109.249,31.79515361,35.84073171,16.01513725,16.73052632,45.42334956,52.345,0.823154811,6.248248922,0.861111111
hTME19-2_Str_08_xyz-6434-9813-361,hTME19-2,WT,D2,CPc,87.6323,74.4958,3,71.31,26585.6,95.9003,1.03633,148.67,1407.93,15,36,6,21,0.377778,34776.1,127.503,105.511,1.23214,113.831,120.459,74.2874,100.3,31.87726088,39.10416667,18.89817547,19.948,41.14803618,52.78714286,0.747305696,4.011949997,0.850661626
hTME19-2_Str_08_xyz-6548-6908-193,hTME19-2,WT,D2,CPc,75.679,73.6873,4,59.8,59807,166.817,1.033,259.83,2178.82,20,44,4,24,0.273333,75475.9,185.467,146.11,1.28939,108.231,118.552,94.9396,83.4911,41.23241362,49.51431818,15.69749491,17.548,62.51151255,76.15291667,0.771047844,4.535625072,0.892011834
hTME19-2_Str_08_xyz-6644-8791-371,hTME19-2,WT,D1,CPc,71.5179,57.8641,4,93.27,39695.3,100.58,1.02746,157.07,2089.9,24,55,7,31,0.297619,49472.8,144.733,97.2787,1.24338,117.019,130.744,92.4711,97.0126,33.20245769,37.99345455,11.50556788,12.33291667,50.0000498,57.85967742,0.806774474,5.598524854,0.795224977
hTME19-2_Str_08_xyz-6649-6807-316,hTME19-2,WT,D1,CPc,85.2565,53.0049,6,40.3,36951.1,131.45,1.02438,188.37,1459.38,18,38,2,20,0.419841,42746.6,143.58,127.48,1.38502,108.328,140.702,102.959,95.6709,34.52655736,38.40026316,12.90117901,15.06888889,53.98939788,59.3985,0.852027046,7.791812966,0.766528926
hTME15-1_Str_04_xyz-4840-15198-299,hTME15-1,WT,D1,CPi,103.21,87.895,12,137.98,66020.6,122.886,1.04292,186.83,2916.81,36,78,6,42,0.509108,114090,255.433,129.091,1.74359,88.4319,105.123,70.0287,72.2503,31.60241427,37.39051282,11.45283128,12.89972222,48.8734854,58.38261905,0.786713452,4.952887371,0.664772727
hTME15-2_Str_04_xyz-11439-9531-347,hTME15-2,Q140,D2,CPi,70.7257,74.7272,15,113.91,44700,124.971,1.03024,189.07,3249.79,47,96,2,49,0.584637,84703.8,235.378,139.838,2.20899,120.595,109.761,88.6246,93.4947,29.37664816,33.8471875,12.03200823,12.82893617,46.0133436,54.00755102,0.715291983,3.45760748,0.643983083
hTME15-2_Str_06_xyz-5324-5370-255,hTME15-2,Q140,D1,CPc,96.9524,116.933,5,62.47,12103.8,135.046,1.03599,160.48,1028.25,7,17,3,10,0.5,21038.7,198.674,78.6209,1.37445,84.352,61.7256,85.7792,99.9988,46.72312967,60.48176471,17.23409331,19.05857143,67.36545511,89.478,0.679181937,2.977487289,0.868055556
hTME16-1_02_xyz-4526-11998-115,hTME16-1,WT,D2,CPr,62.7061,66.6426,4,87.91,44702.9,136.917,1.04113,194.15,1733.39,15,35,5,20,0.428571,53773.8,167.145,124.49,1.17374,131.6,124.295,92.729,92.7088,40.9052804,49.52114286,12.97503656,13.698,61.85296327,76.3885,0.76053056,4.289393707,0.929752066
hTME16-1_02_xyz-5532-9060-319,hTME16-1,WT,D1,CPr,75.156,64.6894,4,96.15,32822.3,121.787,1.0316,176.021,1693.43,16,36,4,20,0.46875,38564.2,150.023,174.932,1.28037,106.184,127.484,86.2491,97.414,40.9763166,47.03444444,17.32696266,18.990625,59.89579975,69.4695,0.820225751,6.122343485,0.890495868
hTME16-1_02_xyz-5602-11441-130,hTME16-1,WT,D2,CPr,76.3819,80.2717,7,85.92,42389.4,103.696,1.03878,173.75,1952.3,25,54,4,29,0.422476,53794.9,121.985,93.3792,1.2705,112.339,117.976,95.3527,105.065,30.53867729,36.14888889,13.89841538,14.9492,44.88373065,54.42448276,0.72730608,3.648743112,0.849115505
hTME16-1_02_xyz-6851-8819-232,hTME16-1,WT,D1,CPr,65.5574,75.4311,4,95.77,35352,107.477,1.03978,162.36,1833.05,20,44,4,24,0.2875,46910.4,129.715,100.674,1.32138,123.439,121.422,76.7116,70.1014,34.85960739,41.65545455,12.88107131,14.337,53.17505413,64.42083333,0.722587102,3.571479878,0.893491124
hTME16-1_02_xyz-6897-9234-156,hTME16-1,WT,D2,CPr,81.9055,71.3783,6,62.72,21318.7,98.1329,1.04119,103.824,1467.88,20,43,3,23,0.360833,29486.3,121.77,103.921,1.30039,103.524,111.075,99.6685,93.4865,27.72983071,34.13232558,10.14705723,11.2165,43.01919895,54.05913043,0.65625617,2.729826401,0.816
hTME16-1_02_xyz-7144-10478-321,hTME16-1,WT,D1,CPr,82.7435,65.7909,5,78.66,41615.9,127.776,1.04272,145.37,1759.77,16,36,4,20,0.454167,51240.1,158.187,127.64,1.16976,109.467,122.846,89.2913,98.9782,39.80211468,48.87833333,10.29454848,10.99125,63.40816764,79.188,0.735872874,3.796851875,0.855371901
hTME16-1_02_xyz-7291-12508-168,hTME16-1,WT,D2,CPr,80.7481,71.2764,4,86.68,34674.6,96.1959,1.03463,141.35,1713.44,17,39,5,22,0.361345,44926.4,158.619,92.7913,1.1571,100.718,114.703,89.9895,90.4552,36.43730755,43.92974359,11.31603558,12.36705882,55.84919952,68.31909091,0.775421988,4.645615929,0.885416667
hTME16-1_02_xyz-8371-10624-92,hTME16-1,WT,D2,CPr,79.4128,74.471,7,39.37,18946.1,114.58,1.03869,135.557,1151.43,15,31,1,16,0.510245,26661.2,150.753,133.208,1.37978,114.501,118.223,100.33,92.4679,31.51334738,37.13774194,12.35317779,13.77066667,49.47600636,59.044375,0.750184458,4.069566224,0.904320988
hTME16-1_03_xyz-2691-14590-268,hTME16-1,WT,D2,CPi,76.8623,84.526,6,75.79,22747.9,83.3379,1.04274,91.4795,1498.22,18,40,4,22,0.455291,30789.3,121.354,115.53,1.24368,104.472,106.944,81.9463,84.3798,30.71536909,37.45,9.266944528,10.41611111,48.2640801,59.56863636,0.733171517,3.749009703,0.857638889
hTME16-1_03_xyz-2899-11914-279,hTME16-1,WT,D2,CPi,71.0012,63.8031,4,75.03,19611.6,113.097,1.0322,135.12,1207.12,14,33,5,19,0.371429,24244.9,140.23,119.82,1.22717,113.5,123.147,86.3158,99.9901,31.04530523,36.57515152,12.79411011,13.67,44.49355427,53.45263158,0.732690849,3.740609243,0.743764172
hTME16-1_03_xyz-2916-14533-144,hTME16-1,WT,D2,CPr,78.2051,72.8429,5,74.86,31934.8,103.405,1.02929,142.84,1681.06,19,42,4,23,0.227068,41521.6,128.406,114.93,1.17098,110.325,116.29,75.5084,89.4429,33.92936983,40.02119048,10.08354161,10.66684211,53.62809748,64.27043478,0.744689041,3.960830569,0.8688
hTME16-1_03_xyz-3802-10429-268,hTME16-1,WT,D2,CPi,75.2803,86.5328,3,79.88,16095.3,90.0678,1.0403,109.74,1130.85,12,30,6,18,0.1,21284.4,111.991,99.11,1.24697,117.28,104.342,86.9347,80.1767,30.84282025,37.69133333,15.73416853,18.33916667,40.91525473,50.59277778,0.670377612,2.877901512,0.9
hTME16-1_03_xyz-3849-12839-131,hTME16-1,WT,D2,CPr,75.8196,53.4341,4,55.21,15820.4,86.8866,1.0453,131.161,1007.62,9,25,7,16,0.37037,21115.5,116.229,96.8954,1.34521,108.818,127.085,92.7463,97.944,31.24134763,40.3,16.10322849,17.47333333,39.75653964,53.14,0.737499383,3.82618546,0.898148148
hTME16-1_03_xyz-3994-9190-240,hTME16-1,WT,D1,CPi,84.996,71.3029,8,99.71,46250.8,136.247,1.02838,162.459,1819.63,22,47,3,25,0.451879,57363.8,146.398,116.985,1.37753,109.059,116.858,92.6188,88.2161,33.67260204,38.7106383,15.45466778,16.55136364,49.70438419,58.2108,0.774421397,4.620036214,0.743484225
hTME16-1_03_xyz-4546-13446-275,hTME16-1,WT,D2,CPi,83.489,70.2907,7,87.12,26891.6,86.5238,1.03338,118.679,1485.25,18,41,5,23,0.429012,39262.8,156.856,95.8742,1.2866,111.477,110.33,88.0393,95.4672,29.71068014,36.2202439,12.13717908,14.50888889,43.46385488,53.21173913,0.717069819,3.484759506,0.8416
hTME16-1_03_xyz-4809-12427-280,hTME16-1,WT,D1,CPi,57.0462,75.6383,4,74,19786.3,87.7243,1.03856,129.113,1362.8,15,38,8,23,0.488889,25950.7,117.061,110.312,1.24686,124.983,109.987,100.192,90.528,29.26193225,35.85763158,13.64298453,15.04666667,39.4482025,49.43,0.726147881,3.629506713,0.8144
hTME16-1_03_xyz-4999-7572-223,hTME16-1,WT,D2,CPr,67.7707,66.4526,4,73.74,21998.5,118.293,1.03092,130.84,1285.61,15,35,5,20,0.395556,26527.6,135.502,104.78,1.34318,120.788,120.827,89.742,80.5735,31.56467367,36.72657143,17.23406554,18.07,42.31262977,50.719,0.795302379,5.212046074,0.861570248
hTME16-1_03_xyz-5725-14660-141,hTME16-1,WT,D1,CPr,81.177,64.4137,6,71.56,27828.9,104.319,1.02927,145.26,1603.91,21,47,5,26,0.470899,35020.9,120.62,111.64,1.34507,106.448,123.487,100.625,94.3491,30.17457918,34.12085106,10.71407481,11.58904762,45.89267887,52.31961538,0.798464639,5.3136836,0.891581633
hTME16-1_03_xyz-6764-14530-99,hTME16-1,WT,D2,CPr,70.7408,61.7948,3,57.42,32773.8,107.989,1.04249,164.591,1693.06,20,46,6,26,0.258333,39899.1,140.163,94.1714,1.32415,121.136,126.342,85.6485,80.6178,30.53586171,36.80108696,18.92713871,20.4915,39.46564864,49.34692308,0.76927356,4.492331514,0.887755102
hTME16-1_03_xyz-7131-9546-217,hTME16-1,WT,D2,CPi,81.3011,71.9169,4,99.25,51296.8,99.5763,1.02882,157.519,2315.25,25,58,8,33,0.409333,63217.3,119.867,124.849,1.30994,113.064,124.679,83.923,93.5087,34.6827679,39.91344828,17.28055645,18.99,47.86626142,55.76454545,0.771978553,4.558635016,0.911020408
hTME16-1_03_xyz-7155-8729-284,hTME16-1,WT,D2,CPi,67.9576,68.1292,2,73.32,16819.9,86.4935,1.05144,129.311,904.98,8,21,5,13,0.125,20788.2,121.066,93.5281,1.22764,128.568,128.548,81.8585,78.2407,36.30294657,43.08857143,21.1314113,23.68375,45.63927598,55.03,0.749349244,4.052698595,0.906666667
hTME16-1_03_xyz-7655-13622-83,hTME16-1,WT,D2,CPr,85.6678,69.6231,8,56.98,28033.5,91.5578,1.03584,126.46,1477.96,25,53,3,28,0.439751,50671.8,203.169,83.2812,1.82353,100.629,118.508,87.0552,78.8668,22.29481754,27.88056604,14.58442329,20.3676,29.17909812,34.58857143,0.65806484,2.748044076,0.9
hTME16-1_03_xyz-7837-6524-281,hTME16-1,WT,D1,CPi,51.7778,54.9785,4,50.38,18972.2,83.2225,1.04627,124.32,1373.65,17,39,5,22,0.462745,29601.2,128.003,97.7997,1.2334,132.454,118.144,86.7915,81.0487,28.72524667,35.21615385,11.86816987,13.60352941,41.75116965,51.91681818,0.703047852,3.280346132,0.880208333
hTME16-1_03_xyz-8574-7315-209,hTME16-1,WT,D1,CPi,56.8424,63.2183,4,66.97,34035.6,107.301,1.03005,158.17,1801.71,18,41,5,23,0.446296,40411.6,160.217,147.683,1.28571,131.931,130.271,92.8174,98.8947,38.38636117,43.9395122,15.83785212,16.87944444,56.03302042,65.11695652,0.815270783,5.919475295,0.9104
hTME16-1_03_xyz-9185-11658-249,hTME16-1,WT,D1,CPi,84.7511,49.1511,3,122.93,32862,114.121,1.025,69.7401,1209.11,12,28,4,16,0.375,38075.4,140.835,139.547,1.3559,100.829,136.656,93.4578,92.6529,38.04401029,43.1775,23.96756194,25.66833333,48.60134655,56.309375,0.823659227,6.270403001,0.944444444
hTME16-1_03_xyz-9248-11061-255,hTME16-1,WT,D1,CPi,72.5261,66.0975,4,100.35,36537.5,94.6479,1.02139,143.21,1670.79,18,40,4,22,0.374074,43733.9,115.102,131.1,1.18283,125.434,127.942,99.4648,91.637,37.71588281,41.764,11.43206255,11.93444444,59.22082666,66.17,0.822188451,6.206197941,0.918402778
hTME16-1_04_xyz-10467-14005-183,hTME16-1,WT,D2,CPi,80.2307,44.647,3,43,29256.9,119.202,1.03247,176.702,1332.7,8,24,8,16,0.375,34952,140.787,93.6976,1.13962,113.707,133.248,102.491,72.1462,46.93560456,55.52416667,14.99699609,15.79,62.90490879,75.39125,0.801051908,5.399525117,0.799382716
hTME16-1_04_xyz-10488-14038-325,hTME16-1,WT,D2,CPi,58.6477,71.7316,5,67.22,19740.4,109.817,1.04519,157.99,1061.2,11,26,4,15,0.563636,25941,123.721,83.3002,1.25708,128.921,117.573,111.297,109.897,33.52055237,40.81038462,10.85677971,11.74181818,50.14065232,62.12733333,0.746415071,3.99441901,0.892733564
hTME16-1_04_xyz-3492-9647-75,hTME16-1,WT,D1,CPi,82.3524,50.7742,4,50.99,20248.6,98.7267,1.03873,146.48,1150.9,12,31,7,19,0.516667,24637.1,121.846,102.58,1.34921,112.246,130.352,70.1067,84.5355,31.51194769,37.12096774,22.58451874,25.43666667,37.15032386,44.50052632,0.809897572,5.712781219,0.882086168
hTME16-1_04_xyz-4396-6485-115,hTME16-1,WT,D2,CPi,69.6475,67.8708,10,82.71,29094.6,110.124,1.03539,147.638,1824.17,26,57,5,31,0.497436,37423.5,128.815,132.427,1.36348,113.594,121.952,65.7798,69.9502,27.44470321,31.99754386,13.11113366,14.39,39.4664067,46.76516129,0.742892953,3.926410229,0.7456382
hTME16-1_04_xyz-4424-5361-213,hTME16-1,WT,D2,CPi,56.2104,55.9733,5,66.41,36463.8,110.75,1.04072,179.619,2003.79,21,47,5,26,0.275737,49627.7,180.483,117.5,1.30942,134.354,126.312,71.7134,79.2218,34.51905907,42.62914894,16.4171487,17.96285714,49.13983284,62.55192308,0.730048663,3.695024734,0.891581633
hTME16-1_04_xyz-4618-6371-157,hTME16-1,WT,D2,CPi,67.3874,70.4108,3,100.5,39507.1,132.597,1.04138,136.908,2613.59,22,58,14,36,0.212121,51076.2,175.962,149.757,1.22798,120.354,123.127,88.0051,93.4079,37.62642672,45.05637931,20.46524946,24.29090909,48.11381282,57.74638889,0.756532022,4.201971533,0.709141274
hTME16-1_04_xyz-4970-5608-217,hTME16-1,WT,D1,CPi,73.2163,57.6856,6,101.06,49876.4,123.596,1.02393,147.4,2185.88,20,45,5,25,0.4,59257.8,139.025,132.549,1.14045,121.33,130.702,103.552,110.75,43.59055062,48.57088889,10.81053218,11.236,69.81456537,78.4388,0.814241108,5.878831857,0.90260631
hTME16-1_04_xyz-5213-10461-232,hTME16-1,WT,D1,CPi,52.4512,64.7301,4,108.29,30261.2,111.922,1.03491,113.966,1656.87,20,46,6,26,0.465476,38773.6,146.577,109.897,1.29746,132.054,124.911,89.0089,88.934,30.27860943,36.01391304,12.66547603,13.7955,43.82717358,53.105,0.759337676,4.262974793,0.890306122
hTME16-1_04_xyz-5357-12368-265,hTME16-1,WT,D1,CPi,73.8814,59.6327,6,67.72,14374.5,82.2399,1.03401,118.21,942.211,14,30,2,16,0.419545,19597.8,105.254,70.144,1.32565,120.293,128.586,99.5549,79.335,25.63487178,31.402,10.00218589,10.57785714,39.31347193,49.623125,0.712794495,3.420092427,0.87962963
hTME16-1_04_xyz-5416-6486-112,hTME16-1,WT,D1,CPi,78.9465,62.1688,5,86,35037.8,101.006,1.03038,140.538,1881.95,18,44,8,26,0.433333,43356,117.583,104.149,1.24063,118.618,124.438,74.8627,74.0495,36.95586483,42.76659091,14.50710549,15.78722222,52.49731361,61.44461538,0.763287924,4.35159621,0.908163265
hTME16-1_04_xyz-5528-10783-275,hTME16-1,WT,D1,CPi,70.4905,59.8419,6,103.31,68154.8,120.789,1.02332,155.46,2861.04,31,71,9,40,0.260753,81113.9,142.023,139.141,1.34002,118.267,129.181,81.1992,70.4622,35.8713207,40.29126761,20.81575021,22.35516129,47.53938783,54.19175,0.795743009,5.225997925,0.853741497
hTME16-1_04_xyz-5604-13777-240,hTME16-1,WT,D1,CPi,72.9351,60.2222,7,86.82,80518.8,145.777,1.02649,184.83,3100.04,37,78,4,41,0.458108,96365.2,168.676,124.998,1.28374,120.656,127.93,97.2722,89.7372,34.9008698,39.73884615,12.02559186,12.55702703,55.5444133,64.26878049,0.796527236,5.250995952,0.826392645
hTME16-1_04_xyz-5891-5515-108,hTME16-1,WT,D2,CPi,62.7302,52.3459,3,70.51,32477.4,113.748,1.03236,182.631,1543.92,15,35,5,20,0.166667,38954.5,150.479,112.1,1.36585,121.121,130.731,97.5565,92.789,38.57599193,44.10657143,24.52332401,26.928,49.11549287,56.9905,0.809675435,5.704516167,0.929752066
hTME16-1_04_xyz-6825-13047-113,hTME16-1,WT,D2,CPi,61.0295,60.6377,4,67.69,37145.7,111.809,1.04459,153.593,1884.87,18,41,5,23,0.408995,48623.8,152.079,133.523,1.23802,125.021,123.669,105.177,83.0287,36.97114555,45.96780488,16.88229394,18.19555556,52.69285551,67.7026087,0.758607165,4.246939406,0.7808
hTME16-1_04_xyz-7196-5653-284,hTME16-1,WT,D2,CPi,61.4198,72.4414,5,101.74,29000.1,104.314,1.04026,131.569,1502.18,17,37,3,20,0.342297,38903.7,129.202,111.471,1.28765,129.377,117.935,82.8752,79.8052,34.37860304,40.59405405,9.649829309,9.972941176,55.39806071,66.622,0.674679155,2.925816105,0.91322314
hTME16-1_04_xyz-7483-6969-272,hTME16-1,WT,D1,CPi,54.1656,72.5023,4,96.3,46832.1,107.341,1.03679,156.921,2355.57,24,57,9,33,0.304563,57227.4,127.992,131.877,1.23899,137.484,122.38,87.9674,100.576,34.98153314,41.32105263,14.23494884,15.09166667,50.06995809,60.3969697,0.769057402,4.487107741,0.795102041
hTME16-1_04_xyz-8486-8961-249,hTME16-1,WT,D2,CPi,66.2948,76.37,5,119.13,50454.6,111.133,1.04157,138.172,2170.64,24,53,5,29,0.416667,62293.9,142.521,122.865,1.27778,125.187,120.762,73.9691,80.8248,33.54151066,40.95018868,13.09427634,13.75125,50.46335974,63.45965517,0.74250683,3.919080159,0.849115505
hTME16-1_04_xyz-8535-12277-349,hTME16-1,WT,D2,CPi,89.5275,81.2821,5,57.44,22753.1,95.8735,1.05239,149.01,1278.93,19,42,4,23,0.622807,31227.2,117.394,50.7591,1.47538,110.342,105.942,110.482,113.094,24.56654065,30.44571429,12.37378124,13.41105263,34.63882015,44.51782609,0.670204725,2.876004429,0.8128
hTME16-1_04_xyz-8561-6886-152,hTME16-1,WT,D2,CPi,70.0123,105.298,3,70.39,17524.5,118.65,1.05631,176.61,886.273,5,14,4,9,0.266667,23660.2,137.844,111.349,1.16102,115.364,100.201,115.074,123.739,44.72923408,63.3,14.85222276,15.5,61.3275737,89.85555556,0.655175455,2.719040817,0.851239669
hTME16-1_04_xyz-8697-6304-294,hTME16-1,WT,D2,CPi,94.123,74.5,5,63.46,25630,137.178,1.03496,169.65,1193.93,16,34,2,18,0.300379,35609.4,169.671,90.6002,1.35294,107.187,118.577,91.6456,90.507,29.87604527,35.11147059,14.16664375,16.7275,43.83995774,51.45277778,0.722464831,3.56951661,0.9175
hTME16-1_04_xyz-8746-14214-240,hTME16-1,WT,D1,CPi,59.9707,63.0282,5,85.77,40963,113.277,1.02139,191.05,2022.45,22,49,5,27,0.386364,48278.3,146.326,120.41,1.27692,125.352,124.461,80.527,90.0177,37.20794748,41.26959184,12.75737758,13.53272727,57.13063407,63.87,0.84304903,7.243713628,0.827586207
hTME16-1_04_xyz-8911-6281-314,hTME16-1,WT,D1,CPi,68.2661,68.0056,4,89.58,34292.7,124.729,1.04013,193.052,1463.87,14,33,5,19,0.47619,44195.2,149.656,124.09,1.32085,124.89,125.994,93.0273,98.9837,37.09846748,44.35424242,18.71272655,20.83,50.64585554,61.68789474,0.748611205,4.037897067,0.825396825
hTME16-1_04_xyz-9386-14519-199,hTME16-1,WT,D1,CPi,61.531,58.0829,3,79.45,47205.3,142.426,1.02591,206.53,1511.51,12,30,6,18,0.5,54933.5,173.424,119.59,1.23001,113.216,133.215,76.319,86.7846,45.0666426,50.37866667,17.6266944,18.7625,63.35994141,71.45611111,0.802495996,5.448529715,0.84
hTME16-1_04_xyz-9667-14145-209,hTME16-1,WT,D2,CPi,65.804,58.5851,4,100.92,36119.2,100.733,1.03234,131.699,1786.85,18,42,6,24,0.361111,46504.7,127.051,110.724,1.17632,127.064,123.728,78.5824,82.9849,35.82252503,42.5397619,13.0582934,14.30055556,52.89569875,63.71916667,0.738437081,3.843280646,0.850591716
hTME16-1_05_xyz-10402-10185-296,hTME16-1,WT,D1,CPi,83.1104,73.3968,6,61.35,11916.3,105.097,1.02982,119.52,883.693,12,29,5,17,0.520833,15683.4,118.728,72.09,1.32776,113.144,114.982,95.6944,83.8292,26.71063827,30.46758621,10.40022179,10.92,38.22387343,44.26588235,0.765366174,4.399555046,0.831024931
hTME16-1_05_xyz-3171-6420-286,hTME16-1,WT,D1,CPi,81.3862,60.74,6,93.62,50821.7,107.443,1.02921,163.959,2666.06,34,77,9,43,0.360224,62729.7,128.608,101.598,1.33497,109.968,129.354,97.6252,96.8903,30.59430058,34.61909091,14.82327905,15.92235294,43.06441064,49.40255814,0.780165468,4.770416736,0.785679012
hTME16-1_05_xyz-4341-6947-292,hTME16-1,WT,D2,CPi,73.065,66.786,7,101.78,33826.3,92.1146,1.02755,144.29,1893.6,26,56,4,30,0.393212,40933.3,115.481,86.7508,1.26753,121.849,119.247,87.0654,89.7844,29.77000847,33.80946429,9.477162987,9.933461538,47.35714122,54.502,0.78698588,4.960750271,0.85546875
hTME16-1_05_xyz-4502-5181-297,hTME16-1,WT,D1,CPi,82.2581,71.3237,6,110.43,36369.4,103.268,1.03693,137.946,1891.27,24,52,4,28,0.487103,49847.9,152.692,133.117,1.39067,109.754,113.509,81.0958,84.3519,30.25785912,36.36480769,11.99947617,13.43666667,45.90790165,56.0175,0.775160676,4.638911121,0.786666667
hTME16-1_05_xyz-4631-8426-248,hTME16-1,WT,D2,CPi,52.2377,49.5967,3,94.46,39868.3,100.28,1.03811,165.64,2043.14,16,42,10,26,0.3125,46858.7,118.283,126.67,1.18523,137.192,138.196,105.188,97.129,40.38100988,48.64119048,15.19316122,16.488125,55.88122444,68.42769231,0.790243313,5.056532945,0.926020408
hTME16-1_05_xyz-4952-9619-244,hTME16-1,WT,D2,CPi,64.1396,71.926,6,103.71,55680.3,107.888,1.03315,145.186,2631.77,31,66,4,35,0.422776,76081.1,173.707,166.341,1.43124,119.079,117.582,93.8153,86.8608,33.67265281,39.87015152,13.84719296,15.23903226,51.23234582,61.68628571,0.717090905,3.485083809,0.815193572
hTME16-1_05_xyz-5154-13313-260,hTME16-1,WT,D2,CPi,56.8685,54.7051,7,83.95,37659.1,119.314,1.03415,169.151,2035.34,27,58,4,31,0.542328,50982.6,144.67,109.525,1.45732,121.699,124.207,94.3906,79.3363,29.781726,35.08724138,11.24000021,12.28185185,45.93097104,54.95,0.794665789,5.192007344,0.772268136
hTME16-1_05_xyz-5225-6257-68,hTME16-1,WT,D2,CPi,71.7424,57.4491,5,94.47,48839.5,118.178,1.03289,142.699,2488.63,27,65,11,38,0.268519,61658.7,162.972,117.15,1.38486,108.179,129.32,82.4286,81.9374,32.99396558,38.28153846,17.88758131,20.0062963,43.72744914,51.26657895,0.757153388,4.215346765,0.679375
hTME16-1_05_xyz-5469-10101-262,hTME16-1,WT,D1,CPi,62.6992,62.347,7,100.82,67364,115.202,1.03478,162.55,2811.57,30,64,4,34,0.418939,82028.7,141.739,153.17,1.26867,128.017,126.583,94.3253,90.6652,36.99410976,43.9259375,13.53617942,14.50966667,57.69228359,69.88147059,0.752576398,4.118573749,0.829475309
hTME16-1_05_xyz-5525-7069-240,hTME16-1,WT,D1,CPi,76.1611,66.1027,6,93.6,56705.9,107.815,1.03693,159.511,2633.2,27,61,7,34,0.3107,71046.9,130.224,122.992,1.224,118.839,126.226,84.3013,81.8839,35.72648387,43.16213115,13.33128295,14.27296296,53.51090813,66.10352941,0.751778178,4.102102607,0.829475309
hTME16-1_05_xyz-5666-10983-259,hTME16-1,WT,D2,CPi,58.6215,61.9657,6,99.38,44641,94.9714,1.03206,147.81,2413.62,28,62,6,34,0.418537,55880.6,114.956,131.661,1.29286,125.158,129.096,85.8313,90.0075,33.20042219,38.92403226,11.36237591,12.1,51.1846956,61.01441176,0.779164991,4.743597011,0.901234568
hTME16-1_05_xyz-8337-7654-262,hTME16-1,WT,D2,CPi,74.5457,82.9837,7,60.51,25302.2,107.844,1.05099,140.7,1693.54,26,56,4,30,0.456259,36065.2,130.454,107.07,1.35252,112.726,110.672,102.982,93.935,24.93289227,30.23642857,11.26713832,12.85423077,36.77654569,45.301,0.67132931,2.888383748,0.815429688
hTME16-1_05_xyz-8401-9301-261,hTME16-1,WT,D1,CPi,69.1023,75.1981,3,83.4,25504.8,98.9641,1.03239,140.238,1540.83,19,43,5,24,0.238596,32755,138.734,115.231,1.31779,124.411,124.933,97.8618,97.0783,30.67542353,35.82860465,13.78151412,15.08842105,44.04976849,52.24791667,0.735302188,3.786654499,0.789940828
hTME16-1_05_xyz-8529-13228-332,hTME16-1,WT,D2,CPi,57.1077,67.0275,4,82.86,33552.9,99.1354,1.03619,151.291,1730.89,16,41,9,25,0.325,40096.9,114.489,103.888,1.20839,134.23,124.492,88.5016,106.337,35.73209092,42.21268293,14.77328246,15.8075,49.14572833,59.112,0.782941604,4.84628073,0.861454047
hTME16-1_05_xyz-8690-13639-307,hTME16-1,WT,D2,CPi,77.7217,68.492,6,62.07,48492.4,110.189,1.03317,163.04,1935.65,22,47,3,25,0.502814,61936.9,141.769,139.86,1.26519,113.03,118.275,77.9123,76.8734,34.85460015,41.17914894,11.27212152,12.11454545,55.60718134,66.756,0.761754223,4.316800246,0.919067215
hTME16-1_05_xyz-9083-8792-280,hTME16-1,WT,D2,CPi,77.7044,77.6707,7,86.42,50045.9,104.477,1.03428,138.76,2157.93,29,62,4,33,0.443678,75878.2,177.95,135.58,1.61605,115.29,117.047,89.2018,94.4884,29.45613548,34.80064516,13.94635069,14.96965517,43.08594637,52.22787879,0.646699723,2.636950983,0.86122449
hTME16-1_05_xyz-9121-13479-193,hTME16-1,WT,D2,CPi,47.6536,50.4626,6,59.26,18776.5,106.882,1.02473,140.557,2006.68,24,56,8,32,0.460317,23407.1,147.658,148.742,1.30789,133.513,133.027,93.8582,100.822,32.13549651,35.82892857,15.42126381,17.33166667,44.67117103,49.701875,0.814988148,5.908268805,0.758650519
hTME16-1_05_xyz-9253-10943-297,hTME16-1,WT,D1,CPi,67.0504,65.3762,5,71.43,38477.5,110.138,1.04421,136.513,1878.98,24,56,8,32,0.408333,49822.5,136.648,104.217,1.26438,112.333,124.724,76.6085,90.7705,27.27438144,33.54803571,13.58161404,14.80166667,37.543957,47.6078125,0.686635355,3.066616419,0.700692042
hTME16-1_05_xyz-9506-14140-312,hTME16-1,WT,D1,CPi,75.4909,69.8074,5,57.48,21401.7,111.965,1.03567,114.089,1116.13,12,28,4,16,0.75,25294.4,118.441,96.5496,1.16953,114.341,123.141,105.74,113.878,34.04570253,39.85607143,6.476121066,6.66,54.72288864,64.753125,0.788604974,5.007947362,0.882716049
hTME16-1_05_xyz-9852-12611-268,hTME16-1,WT,D2,CPi,79.2767,64.5086,5,54.82,29954.5,97.1502,1.0381,146.91,1652.78,21,49,7,28,0.357143,39753,144.952,74.0709,1.32191,107.953,120.209,91.767,86.6822,27.28464842,33.72469388,15.54050744,17.94047619,36.09275415,45.56285714,0.7242457,3.598301959,0.79
hTME16-1_06_xyz-1863-8324-243,hTME16-1,WT,D1,CPc,70.2178,61.0106,7,75.84,65918.7,123.05,1.02497,156.49,2661.79,31,68,6,37,0.564516,80981.6,138.817,119.281,1.1861,116.806,126.624,86.6986,90.355,34.29134187,39.13867647,8.301299959,8.736451613,56.06678239,64.61081081,0.808785877,5.671633154,0.769230769
hTME16-1_06_xyz-2473-6868-139,hTME16-1,WT,D2,CPc,87.5836,69.122,3,23.59,29857.1,120.443,1.02264,200.05,1309.34,7,21,7,14,0.333333,36696.3,154.821,163.77,1.17108,107.9,125.826,117.295,87.4219,54.45063307,62.3452381,21.36978978,23.41571429,70.99105472,81.81,0.861626068,8.466428633,0.890625
hTME16-1_06_xyz-3045-11190-295,hTME16-1,WT,D2,CPc,72.8842,75.1418,6,92.93,43876.1,96.9907,1.03766,135.739,2460.24,29,63,5,34,0.453859,59248.9,157.749,101.553,1.29925,119.558,118.129,94.0486,91.1685,33.0574347,39.04619048,11.05387013,12.09344828,51.82518096,62.03529412,0.750989707,4.085947828,0.846450617
hTME16-1_06_xyz-3744-5280-327,hTME16-1,WT,D1,CPi,74.1674,78.7263,5,38.91,35884.2,97.0808,1.08716,145.291,1935.91,20,46,6,26,0.466667,47657.1,121.695,95.7494,1.26203,119.668,117.248,100.067,102.158,30.60772534,42.07978261,10.58988756,11.452,46.00606209,65.63961538,0.690018744,3.108635786,0.840561224
hTME16-1_06_xyz-4288-5758-144,hTME16-1,WT,D2,CPc,60.3865,62.5681,5,63.88,39407.4,134.147,1.04068,179.85,1450.85,18,39,3,21,0.448677,46907.6,151.184,69.2109,1.59931,130.177,129.814,81.719,79.0885,31.2267015,37.19615385,18.04629281,19.75555556,42.52419466,52.1452381,0.783779945,4.869617286,0.945179584
hTME16-1_06_xyz-4456-11599-288,hTME16-1,WT,D1,CPc,86.4428,82.3564,5,91.17,49517.6,113.797,1.03338,157.839,2153.42,19,45,7,26,0.575188,65499.8,181.857,136.311,1.21405,103.082,110.912,87.8445,85.3562,40.43446789,47.84866667,14.18171216,15.05210526,59.619174,71.81538462,0.749042049,4.04652597,0.730867347
hTME16-1_06_xyz-4628-5189-337,hTME16-1,WT,D2,CPi,81.4835,63.3208,8,53.7,43242.9,109.544,1.03452,169.32,1977.14,32,66,2,34,0.500225,56073.1,139.708,99.3798,1.40651,111.059,125.097,88.6034,89.7341,25.40797175,29.95151515,9.878507828,10.523125,40.02393779,48.23705882,0.75924326,4.260896172,0.830246914
hTME16-1_06_xyz-5305-5097-351,hTME16-1,WT,D2,CPc,59.3245,62.3721,7,83.99,29846.3,98.152,1.04994,130.701,1649.06,27,58,4,31,0.492387,37289.8,118.113,108.286,1.25493,129.349,125.955,83.7174,85.8907,23.90141044,28.42603448,11.40448863,12.61481481,34.78582621,42.19709677,0.74548001,3.976159964,0.795224977
hTME16-1_06_xyz-5872-12309-293,hTME16-1,WT,D1,CPc,74.4655,64.7123,6,92.68,62690.9,125.279,1.03796,138.74,2920.66,31,71,9,40,0.440323,75687.9,134.757,145.21,1.27616,116.833,126.372,88.0328,97.4227,35.20434736,41.13084507,15.04964028,16.13258065,50.82424535,60.5045,0.786372336,4.943073514,0.734693878
hTME16-1_06_xyz-5935-6428-324,hTME16-1,WT,D1,CPc,80.1039,66.5358,6,72.03,41535.4,100.151,1.03559,156.22,2277.51,22,56,12,34,0.408225,53839.2,148.995,112.241,1.22635,112.027,116.426,96.9361,95.2867,34.12716883,40.66464286,13.92274279,15.13045455,47.20062097,57.18676471,0.753876402,4.145653459,0.847222222
hTME16-1_06_xyz-6738-15124-283,hTME16-1,WT,D2,CPc,77.5088,49.6204,4,62.29,32101.6,119.797,1.02918,175.63,1474.65,15,37,7,22,0.546667,37481.5,142.475,71.8099,1.19306,111.403,136.813,74.9802,79.8285,34.53952932,39.85027027,12.49763827,13.61466667,49.56809139,57.73818182,0.826819427,6.412484291,0.876736111
hTME16-1_06_xyz-6812-14655-209,hTME16-1,WT,D1,CPc,86.3407,60.9476,9,88.17,41363.9,104.407,1.03052,135.599,1747.28,24,53,5,29,0.404739,52360.1,125.628,87.9382,1.38055,107.031,124.331,99.048,101.027,28.78223495,32.96150943,13.17824741,14.35541667,41.69587982,48.35965517,0.760993386,4.299722959,0.868886576
hTME16-1_06_xyz-7374-14315-167,hTME16-1,WT,D1,CPc,45.674,54.2891,9,60.52,20914.6,112.928,1.02979,156.32,1826.54,25,55,5,30,0.56,26718.5,176.782,130.769,1.60329,141.583,129.303,86.8662,86.7795,28.72365998,33.20509091,12.56782193,13.4104,42.18685835,49.70066667,0.735149183,3.783928787,0.66796875
hTME16-1_06_xyz-7455-12845-280,hTME16-1,WT,D2,CPc,62.1563,64.7114,6,111.88,34075.5,89.2798,1.03452,141.87,1717.43,28,60,4,32,0.480272,42823.9,120.24,74.6912,1.52528,117.56,117.07,96.5233,97.9592,24.91221697,28.61866667,12.81837412,14.41035714,35.49432946,41.0509375,0.759416778,4.264717634,0.811418685
hTME16-1_07_xyz-3222-8793-281,hTME16-1,WT,D2,CPc,60.9127,57.0805,4,98.31,40268.1,100.988,1.02452,149.359,2215.95,26,58,6,32,0.370513,48179,112.789,127.868,1.31078,125.705,131.352,85.0365,81.4089,33.99363803,38.20086207,14.72841632,15.88115385,49.64663067,56.335625,0.796851216,5.261386015,0.887543253
hTME16-1_07_xyz-3841-7717-93,hTME16-1,WT,D2,CPc,79.5488,67.32,5,68.47,46127.3,159.17,1.03566,199.091,1789.9,18,40,4,22,0.298148,57152.1,193.953,153.645,1.24459,106.717,123.855,91.8986,97.1809,38.72870815,44.7425,13.64035411,14.86388889,59.25554327,69.18863636,0.824294488,6.298505966,0.800347222
hTME16-1_07_xyz-4420-13566-279,hTME16-1,WT,D1,CPc,72.2858,68.0846,6,89.15,42517.6,105.489,1.02298,136.48,2270.34,28,62,6,34,0.344955,54387.2,123.783,131.15,1.24835,120.274,124.391,83.4722,92.1479,32.57838689,36.61322581,10.00784792,10.4825,51.16588958,58.13264706,0.770662867,4.526168034,0.804783951
hTME16-1_07_xyz-4815-9710-344,hTME16-1,WT,D1,CPc,71.9215,72.5987,8,90.65,39384,107.066,1.03343,149.356,2153.62,27,61,7,34,0.496914,52831.3,153.799,137.898,1.3913,114.763,115.964,94.5722,112.733,30.56009246,35.30032787,13.47613592,14.81333333,44.12676383,51.56941176,0.821528297,6.177763644,0.863425926
hTME16-1_07_xyz-5148-13075-267,hTME16-1,WT,D1,CPc,61.5548,60.1806,6,78.66,49792.7,107.392,1.02543,138.489,2527.28,26,61,9,35,0.438034,59125.5,124.117,146.983,1.21493,128.186,125.897,71.1465,73.9472,36.3140588,41.42606557,11.55174587,12.35307692,54.70891983,63.02314286,0.798692776,5.321153952,0.790357925
hTME16-1_07_xyz-6956-12885-338,hTME16-1,WT,D1,CPc,78.1575,74.9441,4,42.54,18328.9,93.2752,1.04361,151.61,1195.03,15,34,4,19,0.411111,24130.7,108.548,73.3194,1.18818,111.912,116.656,74.461,73.3495,28.7408098,35.14352941,10.30350917,10.65933333,43.29657347,54.47315789,0.717141697,3.485865209,0.884353741
hTME16-1_07_xyz-6962-14004-282,hTME16-1,WT,D2,CPc,91.965,71.5765,4,48.32,23765.2,118.889,1.03966,173.08,1371.96,16,37,5,21,0.5125,29614.5,134.463,93.5606,1.26046,100.561,114.725,93.3246,84.9561,31.23189293,37.07513514,10.30045288,10.9125,47.17965678,57.00857143,0.776081535,4.662616266,0.810964083
hTME16-1_08_xyz-3374-9375-354,hTME16-1,WT,D2,CPc,77.576,64.4851,5,80.34,37297.2,119.92,1.02582,176.64,1605.91,16,37,5,21,0.44375,44695.7,150.912,112.741,1.23714,103.439,128.11,101.701,103.999,37.67342909,43.39810811,10.17481463,10.753125,58.62475439,68.27047619,0.791128578,5.083139633,0.820415879
hTME16-1_08_xyz-3772-13188-260,hTME16-1,WT,D2,CPc,54.8104,59.4065,6,67.35,29406.1,100.521,1.03342,127.374,1720.14,17,41,7,24,0.480392,36012.5,116.792,148.266,1.18732,128.097,126.483,99.3004,74.0249,35.97421024,41.94902439,8.815382408,9.291764706,55.21171328,65.08125,0.803027181,5.466757019,0.852071006
hTME16-1_09_xyz-2052-9331-234,hTME16-1,WT,D2,CPc,71.7558,96.002,5,50.04,15684.9,95.5133,1.05117,163.149,848.435,9,22,4,13,0.577778,22963.3,134.296,54.8566,1.46286,114.393,84.5659,81.3782,96.4981,30.16436498,38.56090909,17.95251926,20.91777778,38.61871971,50.77538462,0.640574818,2.580256935,0.844444444
hTME16-1_09_xyz-3452-10300-332,hTME16-1,WT,D1,CPc,67.9244,50.7731,5,47.91,23103.9,115.331,1.02714,136.67,1291.38,16,38,6,22,0.464583,28249.1,139.707,84.0704,1.32661,113.946,131.073,110.661,106.807,30.05599622,33.97921053,14.36007305,15.238125,41.47121306,47.60909091,0.798925104,5.328780948,0.883680556
hTME20-1_02_xyz-3921-7229-157,hTME20-1,Q140,D1,CPr,90.6319,68.3726,4,70.22,68537.9,134.501,1.02869,183.889,2227.36,17,40,6,23,0.392157,81954.1,149.946,170.491,1.20807,97.496,126.537,71.577,109.737,48.56107623,55.6795,19.7935617,22.05117647,69.82402175,80.53521739,0.80977039,5.708046503,0.8448
hTME20-1_02_xyz-4241-9616-157,hTME20-1,Q140,D2,CPr,72.9861,68.5022,7,83.12,67527,120.79,1.02902,136.51,2638.96,32,67,3,35,0.428612,93202.4,192.917,147.825,1.44962,114.4,117.905,93.1565,91.5419,33.77142293,39.38298507,12.79436688,13.8796875,52.95044561,62.70028571,0.683334801,3.026577969,0.889700511
hTME20-1_02_xyz-4750-6082-133,hTME20-1,Q140,D2,CPr,79.4647,75.6577,4,56.7,43057.4,122.55,1.03067,143.822,1809.94,21,47,5,26,0.356009,52501.8,138.996,125.427,1.21918,108.953,114.971,77.6741,83.5616,32.93706572,38.50404255,11.51385844,12.23190476,50.24042545,59.72384615,0.756661328,4.204748649,0.848214286
hTME20-1_02_xyz-6334-6770-140,hTME20-1,Q140,D2,CPr,67.0433,74.8043,5,90.94,39114.9,130.345,1.03611,157.5,1803.43,22,50,6,28,0.506336,49592.4,145.516,108.938,1.28445,111.198,116.149,96.1754,99.3261,30.47926608,36.0644,12.09191678,13.03727273,44.92646911,54.15714286,0.718629955,3.50889983,0.813333333
hTME20-1_02_xyz-8403-8487-142,hTME20-1,Q140,D1,CPr,46.8863,72.5149,3,46.08,17580.4,99.7059,1.03437,132.09,1258.85,12,31,7,19,0.333333,21906.6,118.811,98.9202,1.18415,137.097,113.172,107.591,108.578,34.48619276,40.60322581,13.90751787,15.06083333,47.48325059,56.73526316,0.730260604,3.698644734,0.85260771
hTME20-1_03_xyz-3274-10214-56,hTME20-1,Q140,D2,CPi,84.7986,67.6347,5,89.38,48199.7,105.173,1.03262,152.57,2233.49,22,52,8,30,0.393939,58734.6,133.048,127.953,1.241,114.406,127.845,82.2667,84.0342,36.79410844,42.94653846,15.68293418,16.94954545,52.27563624,62.011,0.793652202,5.160385808,0.891601563
hTME20-1_03_xyz-3416-9170-154,hTME20-1,Q140,D2,CPr,77.027,59.6703,6,91.61,38297.3,101.976,1.04041,160.45,1842.84,15,37,7,22,0.463333,46325.9,127.757,131.983,1.18322,122.552,133.255,88.1288,87.5334,41.6333151,49.80135135,12.47718522,13.03933333,61.51249456,74.86636364,0.797360882,5.277806001,0.855902778
hTME20-1_03_xyz-3503-5332-126,hTME20-1,Q140,D2,CPr,87.5111,93.9573,4,87.83,25430.7,112.602,1.03078,160.871,1110.9,9,23,5,14,0.481481,31045.4,137.675,88.2801,1.15209,112.392,111.725,92.5116,84.3053,41.64543779,48.29565217,11.47370481,11.83888889,61.04155184,71.73214286,0.757635687,4.225781097,0.9140625
hTME20-1_03_xyz-3717-7780-122,hTME20-1,Q140,D2,CPr,79.5868,69.6428,4,103.01,34828.9,104.939,1.03179,147.171,1608.2,15,35,5,20,0.195556,43454.3,123.51,118.639,1.17077,119.895,118.852,92.5728,76.9019,38.88287907,45.944,13.9240865,14.818,57.60197349,69.2885,0.78220288,4.825883029,0.762396694
hTME20-1_03_xyz-3913-5800-103,hTME20-1,Q140,D2,CPr,74.4076,70.2122,5,94.86,38175.8,99.7826,1.03107,140.563,2091.97,25,57,7,32,0.463238,48906.8,135.437,119.284,1.26618,120.782,116.737,90.8456,88.8591,31.94588456,36.69614035,10.85850169,11.4312,48.42040243,56.434375,0.792930484,5.138080201,0.760380623
hTME20-1_03_xyz-4044-11452-110,hTME20-1,Q140,D2,CPr,69.0401,66.4512,4,96.98,25149.1,106.979,1.04146,131.35,1397.22,16,37,5,21,0.45,30419,130.022,127.057,1.31579,116.491,126.509,77.217,88.8805,31.60773333,37.75810811,16.38702612,17.75125,43.20446263,53.00142857,0.80495565,5.533863155,0.820415879
hTME20-1_03_xyz-4521-9102-279,hTME20-1,Q140,D1,CPr,73.7466,62.4658,4,134.38,49940.3,104.801,1.03672,155.74,2314.16,22,50,6,28,0.325758,60336.6,123.408,126.541,1.21878,123.628,129.531,89.706,92.6753,39.242071,46.2782,13.07971888,13.81772727,59.7982048,71.78285714,0.774141315,4.612921203,0.864444444
hTME20-1_03_xyz-4705-6978-129,hTME20-1,Q140,D2,CPr,60.5832,73.8435,4,98.22,37933.4,97.844,1.03853,125.27,2299.75,25,58,8,33,0.348,48393,122.933,114.239,1.23214,130.755,119.279,89.2081,86.3055,31.89185041,39.64586207,11.48420672,12.6248,47.35218654,60.11636364,0.691254415,3.124235199,0.838367347
hTME20-1_03_xyz-4724-5535-105,hTME20-1,Q140,D2,CPr,73.3693,73.1531,6,92.62,45118.3,109.893,1.0355,137.45,2181.42,26,56,4,30,0.353929,61066.4,142.739,118.131,1.36649,112.519,119.325,96.1311,95.7784,32.82144948,38.94821429,13.62082628,15.31615385,49.46198959,59.42933333,0.732087416,3.730110583,0.913085938
hTME20-1_03_xyz-4908-5172-290,hTME20-1,Q140,D2,CPr,82.1452,75.1275,5,125.12,33135.6,113.151,1.03351,164.419,1364.17,13,30,4,17,0.532967,42834.8,125.569,111.995,1.22188,111.997,116.088,102.845,101.564,38.60500099,45.46733333,11.28766907,11.84384615,59.49472539,71.17941176,0.818336324,6.043528217,0.822714681
hTME20-1_03_xyz-4963-5504-338,hTME20-1,Q140,D1,CPr,72.4511,76.502,4,75.24,42688,118.394,1.03196,163.64,1622.28,18,41,5,23,0.375661,52908.7,147.891,137.811,1.22657,120.511,114.213,106.544,108.532,33.74610328,39.56268293,12.91547984,13.56944444,50.04833032,59.90521739,0.778133451,4.716226565,0.8864
hTME20-1_03_xyz-6476-6853-122,hTME20-1,Q140,D1,CPr,62.7397,64.907,7,81.63,29696.7,114.364,1.03627,155.811,1639.63,18,40,4,22,0.555556,38299.2,139.121,131.56,1.2649,114.436,118.933,77.3665,96.068,34.54070211,40.98525,11.82976745,12.69111111,53.12237593,64.135,0.763354166,4.353110398,0.723958333
hTME20-1_03_xyz-6671-12982-82,hTME20-1,Q140,D2,CPi,64.3923,58.4304,5,86.01,35998.5,94.1236,1.02979,150.83,1950.12,23,52,6,29,0.474638,43363.2,133.502,108.959,1.26343,126.778,132.61,93.3442,93.0794,32.52986774,37.49769231,11.58942481,12.31826087,49.13780523,57.46758621,0.783035534,4.848885426,0.888657648
hTME20-1_03_xyz-8912-10846-176,hTME20-1,Q140,D1,CPr,82.6142,63.207,4,81.63,23924.2,98.4459,1.03077,145.53,1364.77,13,32,6,19,0.487179,28637.6,113.178,112.271,1.21782,120.046,123.739,88.2945,112.06,37.04733536,42.64375,12.88210556,13.36769231,53.58143996,62.67473684,0.782309524,4.828818159,0.907029478
hTME20-1_04_xyz-3095-8329-192,hTME20-1,Q140,D1,CPi,59.7309,62.726,4,79.36,28690,101.839,1.03235,125.495,1452.39,13,33,7,20,0.5,36720.5,140.273,106.716,1.24283,132,127.52,98.3925,123.378,37.60732093,44.00606061,18.01949517,20.29538462,50.33940767,59.418,0.756903569,4.209960129,0.803719008
hTME20-1_04_xyz-3612-7882-304,hTME20-1,Q140,D1,CPi,62.8976,72.3303,5,75.93,35456.5,113.32,1.03758,171.56,1643.12,22,50,6,28,0.486364,42391.8,132.801,89.4217,1.37685,125.034,121.299,82.3148,102.91,28.48502724,32.8572,13.11216354,13.96772727,40.56370587,47.69892857,0.752323803,4.113348713,0.731111111
hTME20-1_04_xyz-3736-6721-298,hTME20-1,Q140,D2,CPi,90.2598,85.615,9,105.59,47087.7,120.059,1.02947,151.29,2125.7,26,55,3,29,0.384056,74951.1,164.748,110.729,1.33266,97.1574,106.203,93.3217,103.119,33.41072032,38.64418182,8.201387064,8.955,56.01219151,65.26206897,0.78047961,4.778894122,0.826222685
hTME20-1_04_xyz-3844-10601-126,hTME20-1,Q140,D2,CPi,80.0421,70.6275,4,100.98,33293.6,111.918,1.02963,149.35,1918.92,18,42,6,24,0.481481,40948.3,129.259,117.471,1.20124,107.821,119.017,100.83,92.3432,39.55089829,45.68357143,13.33450545,13.83388889,59.21319292,69.57083333,0.785880388,4.928981565,0.823964497
hTME20-1_04_xyz-4344-4963-277,hTME20-1,Q140,D2,CPi,80.9022,80.2784,7,94.95,24556.8,91.1366,1.03481,120.159,1496.2,19,42,4,23,0.409091,32409.6,119.156,105.72,1.35081,109.189,116.552,109.091,108.851,30.44329906,35.61928571,10.84073633,11.65631579,46.63672044,55.41478261,0.692624391,3.141691833,0.8128
hTME20-1_04_xyz-4907-11486-232,hTME20-1,Q140,D2,CPi,64.3916,59.8536,7,59.44,41576.9,114.379,1.03291,182.35,1851.88,19,43,5,24,0.455138,50553.3,141.767,147.208,1.17533,127.117,127.949,85.4029,89.2825,37.0526275,43.06255814,13.25001435,13.99157895,55.8963629,66.07708333,0.767034212,4.438737039,0.853550296
hTME20-1_04_xyz-5291-2946-224,hTME20-1,Q140,D1,CPi,51.646,70.7764,4,99.56,43823.4,132.006,1.03641,173.111,1915.03,17,40,6,23,0.382353,55151.1,162.849,131.17,1.23742,135.304,124.79,71.6335,57.5487,40.66436767,47.871,17.56355203,19.33705882,57.73888358,68.96130435,0.728767796,3.673280697,0.7808
hTME20-1_04_xyz-5478-8588-215,hTME20-1,Q140,D2,CPi,66.6205,63.9069,7,119.15,44593.1,90.462,1.03062,116.342,2621.37,31,70,8,39,0.500384,57762.3,121.821,112.348,1.31809,117.11,121.285,80.7799,85.908,32.1284497,37.44357143,12.21752127,13.89290323,47.95508512,56.16333333,0.757865237,4.230763546,0.878643664
hTME20-1_04_xyz-5785-3656-304,hTME20-1,Q140,D2,CPi,78.0258,73.1624,5,105.5,32951.6,104.55,1.04439,129.709,1614,19,42,4,23,0.348872,44589.4,138.426,130.784,1.34633,103.17,112.069,87.2465,79.1323,30.64177309,38.42357143,16.05071281,17.29210526,42.69525767,55.88,0.674783662,2.926997538,0.8672
hTME20-1_04_xyz-6763-3535-122,hTME20-1,Q140,D2,CPi,84.0958,86.5508,6,103.3,28198.5,95.2273,1.03493,136.72,1860.74,22,47,3,25,0.44266,38010,120.737,113.059,1.22396,103.088,109.302,81.8395,82.1638,33.07179106,39.58489362,9.7335717,10.12090909,53.60942409,65.5132,0.714640085,3.447745141,0.884773663
hTME20-1_04_xyz-6795-7991-253,hTME20-1,Q140,D2,CPi,81.8286,70.449,4,73,39826.4,105.764,1.03867,155.76,1864.36,16,39,7,23,0.48125,49967.5,132.286,91.1031,1.17654,110.938,121.066,84.8153,70.7792,39.04261601,47.79974359,10.32577276,10.955625,59.01955044,73.43043478,0.761728402,4.316218693,0.8592
hTME20-1_04_xyz-7047-4932-327,hTME20-1,Q140,D1,CPi,61.1675,69.4314,4,88.55,29185.4,108.25,1.04544,159.38,1490.57,15,37,7,22,0.311111,35573.3,133.63,123.439,1.1391,126.612,126.179,85.7807,84.7425,32.66536936,40.27972973,9.350105001,9.973333333,48.56214051,60.94318182,0.762574713,4.335352952,0.878472222
hTME20-1_04_xyz-7308-2786-339,hTME20-1,Q140,D2,CPi,84.5818,64.8061,6,56.47,33642.8,95.8589,1.03938,137.31,1683.98,22,50,6,28,0.636364,44807.7,150.469,119.829,1.31934,101.338,121.434,88.8203,88.9044,27.82978994,33.6742,12.34780246,13.62272727,39.99420868,49.42892857,0.716190762,3.471287024,0.862222222
hTME20-1_04_xyz-7564-1776-324,hTME20-1,Q140,D1,CPi,71.8009,74.4152,4,115.46,23809.8,117.121,1.03229,156.449,1080.74,13,30,4,17,0.538462,28407.4,140.914,131.817,1.42446,115.555,127.409,86.7482,84.9882,31.69817348,36.02,13.82837602,14.83769231,45.36331272,52.21823529,0.783342602,4.857418042,0.878116343
hTME20-1_04_xyz-7814-5650-289,hTME20-1,Q140,D1,CPi,78.6754,68.3602,6,98.72,57518.4,107.185,1.03884,165.568,3042.79,38,82,6,44,0.355024,75496.4,135.554,128.161,1.27986,106.166,117.143,95.9613,94.5663,31.40682894,37.10195122,12.69950882,13.94236842,47.56315086,57.10340909,0.762027865,4.322971944,0.757088847
hTME20-1_04_xyz-8709-7142-263,hTME20-1,Q140,D1,CPi,72.7046,62.8242,4,102.82,46085.2,111.814,1.02722,154.5,2211.4,23,52,6,29,0.166667,54383.9,129.31,129.161,1.22535,120.889,130.794,102.33,94.9361,37.26500242,42.52173077,14.15181467,14.84695652,55.59615133,64.47068966,0.808590736,5.664465228,0.82830385
hTME20-1_04_xyz-8737-5533-298,hTME20-1,Q140,D2,CPi,75.0866,66.7962,6,100.04,55494,120.388,1.03559,161.441,2606.51,37,78,4,41,0.395446,69755.7,144.15,96.9878,1.33995,113.998,125.44,93.0842,90.9837,28.99370557,33.41166667,10.1010081,10.66810811,46.04321304,53.93634146,0.759728056,4.271588445,0.768523526
hTME20-1_04_xyz-8753-2922-206,hTME20-1,Q140,D1,CPi,58.9002,61.2818,8,84.59,24115.2,108.989,1.0208,161.19,1479.29,16,38,6,22,0.527778,29878.7,133.742,131.449,1.24536,117.519,115.624,105.425,79.2551,35.21593262,38.92394737,8.943805761,9.425625,54.32293398,60.37727273,0.834513659,6.783862772,0.881944444
hTME20-1_04_xyz-9308-4548-74,hTME20-1,Q140,D2,CPi,85.1253,68.5787,5,86.59,45137,92.2948,1.04956,133.229,2691.35,32,71,7,39,0.470833,63005.3,145.45,123.09,1.32802,101.908,115.437,99.713,102.38,29.17332997,37.9015493,9.904290984,10.951875,44.9838235,60.01410256,0.704086353,3.294752137,0.788221297
hTME20-1_04_xyz-9527-7048-325,hTME20-1,Q140,D1,CPi,59.5413,77.8233,7,94.4,52893.2,119.385,1.03068,180.679,2151.93,34,73,5,39,0.516191,67091.5,143.437,130.64,1.74017,129.411,111.088,81.7043,87.8939,25.53129968,29.47315068,17.51773854,19.35941176,32.51748118,38.29025641,0.742151438,3.912355031,0.788816181
hTME20-1_04_xyz-9586-2841-261,hTME20-1,Q140,D2,CPi,78.8762,59.8911,7,88.07,45406,113.669,1.03265,172.22,2006.86,22,49,5,27,0.518457,56010.7,158.978,130.151,1.21628,104.219,125.309,108.942,103.439,34.10797369,40.95163265,10.58855888,11.30909091,53.27194131,65.10481481,0.795736134,5.225779714,0.803804994
hTME20-1_05_xyz-2846-8694-265,hTME20-1,Q140,D1,CPi,78.1012,64.5612,5,73.58,36313.7,103.204,1.03247,135.441,1472.85,19,41,3,22,0.479699,46670.4,119.044,111.69,1.37736,104.862,125.134,82.5904,81.5826,30.25612518,35.91829268,11.78255823,13.15421053,46.21056936,55.57818182,0.750059621,4.067037116,0.824652778
hTME20-1_05_xyz-3066-9741-86,hTME20-1,Q140,D2,CPi,73.3313,64.6218,5,106.8,61113.6,107.082,1.03168,141.389,2672.14,33,71,5,38,0.327905,75957.2,139.482,162.419,1.2828,119.74,128.15,91.8794,79.4878,32.54311372,37.63112676,11.96780847,12.68606061,50.41114198,59.29394737,0.772546741,4.572785449,0.875
hTME20-1_05_xyz-3848-6864-323,hTME20-1,Q140,D2,CPi,75.1568,66.7305,5,83.56,36040.7,90.8553,1.04086,125.36,1954.69,26,58,6,32,0.342857,44820.6,123.175,114.292,1.17402,114.252,123.902,96.5717,111.818,27.96287142,33.69655172,10.25776994,10.66923077,42.34826637,52.40625,0.746148973,3.989207667,0.891868512
hTME20-1_05_xyz-4316-5477-232,hTME20-1,Q140,D1,CPi,58.2039,61.9769,5,60.73,31154.6,100.999,1.04024,152.61,1781.55,17,41,7,24,0.505882,37097.2,120.864,129.199,1.2648,123.612,130.801,101.807,102.487,36.16308492,43.44756098,13.61417843,14.40941176,52.13522702,64.01625,0.773457614,4.595635271,0.897928994
hTME20-1_05_xyz-4556-11305-74,hTME20-1,Q140,D2,CPi,56.2741,57.4736,6,85.04,33388.1,97.3111,1.03474,145.65,2030.74,29,64,6,35,0.49647,41337.4,109.497,107.606,1.36653,129.516,127.934,69.9624,75.4543,27.27743452,31.72515625,11.27180676,12.07758621,40.53924037,48.00457143,0.766018263,4.414798504,0.792549306
hTME20-1_05_xyz-4651-12136-57,hTME20-1,Q140,D2,CPc,71.4099,71.4036,5,80,42861.7,111.047,1.0326,159.281,2635.01,35,77,7,42,0.416372,56027.8,147.94,111.999,1.41157,114.232,118.653,91.4325,81.553,29.27695715,34.21584416,13.04021723,14.30371429,42.80757374,50.80928571,0.749500507,4.05574416,0.795454545
hTME20-1_05_xyz-4787-5946-314,hTME20-1,Q140,D1,CPi,81.5909,78.4242,5,85.97,46850.8,107.426,1.03698,176.811,2263.12,26,59,7,33,0.346154,62955.9,185.825,109.72,1.37053,107.792,117.967,89.1832,93.5681,31.85479673,38.35322034,15.03687591,16.84653846,45.1052798,55.29787879,0.746967788,4.005282509,0.82122449
hTME20-1_05_xyz-5079-13013-237,hTME20-1,Q140,D1,CPi,71.3778,65.738,6,98.22,42440.9,112.514,1.03582,150.79,2616.54,30,66,6,36,0.402698,53443.8,127.905,129.923,1.25524,110.698,122.843,84.4378,84.8811,33.82610101,39.63863636,12.3887887,13.12,51.69052794,61.7375,0.775235942,4.64084053,0.756232687
hTME20-1_05_xyz-5217-5738-331,hTME20-1,Q140,D1,CPi,89.0722,69.5522,5,68.42,27169.6,101.009,1.02258,153.19,1329.78,22,48,4,26,0.394406,34193.5,119.557,105.391,1.28918,102.812,125.36,98.7104,91.3908,25.00146986,27.69895833,8.466321479,8.927727273,38.99274926,43.58230769,0.822786769,6.232173267,0.790816327
hTME20-1_05_xyz-5246-5230-273,hTME20-1,Q140,D1,CPi,60.4245,83.1432,5,75.54,21105.8,100.083,1.03012,151.96,1249.84,12,29,5,17,0.416667,27683.2,124.351,106.226,1.24364,127.482,108.575,94.2275,92.4448,36.70073511,43.09206897,16.92253726,18.85833333,50.66181595,60.19823529,0.679161527,2.977249476,0.930747922
hTME20-1_05_xyz-5369-5428-294,hTME20-1,Q140,D1,CPi,79.7718,75.3294,6,102.41,44518.6,102.914,1.02929,160.78,2215.37,27,60,6,33,0.353909,53331.1,124.628,119.959,1.24728,114.307,121.111,82.5836,88.9238,32.18556034,36.91716667,14.36272413,15.22851852,46.76788088,54.66242424,0.784876675,4.900452705,0.894693878
hTME20-1_05_xyz-6276-10566-295,hTME20-1,Q140,D2,CPi,73.8041,69.9565,5,97.7,45413.1,107.638,1.05057,131.051,2520.12,30,66,6,36,0.376364,61494,155.703,105.214,1.14685,114.865,118.482,90.0884,86.6896,30.78813644,38.17878788,9.680944908,10.375,48.37746271,61.34861111,0.73631712,3.80482385,0.889889197
hTME20-1_05_xyz-6664-11409-298,hTME20-1,Q140,D2,CPi,66.7921,66.8321,7,76.76,47255.9,109.531,1.03318,156.04,2348.47,30,65,5,35,0.496296,60677.5,135.108,131.84,1.32789,125.615,123.667,90.526,76.8413,30.67820371,36.12507692,11.45062106,12.41066667,47.15898883,56.45171429,0.730955,3.710549504,0.791088386
hTME20-1_05_xyz-6759-12918-276,hTME20-1,Q140,D1,CPi,71.679,74.4456,6,102.8,37895.4,87.937,1.04101,130.42,2240.49,28,62,6,34,0.354592,48257.1,111.915,116.128,1.31127,117.056,121.009,99.8694,95.2633,29.98722862,36.1316129,12.39812932,13.16714286,44.47236923,55.04352941,0.720133243,3.532442633,0.825617284
hTME20-1_05_xyz-7118-6812-275,hTME20-1,Q140,D2,CPi,81.7177,78.1766,3,63.67,27726.4,121.473,1.04343,140.95,1220.16,8,21,5,13,0.375,34701.6,139.219,120.139,1.11891,113.492,111.264,81.0111,63.0656,48.19693665,58.09904762,15.61719069,17.13875,68.24601109,83.30538462,0.802270992,5.440841745,0.906666667
hTME20-1_05_xyz-7188-8688-300,hTME20-1,Q140,D2,CPi,76.0626,59.9943,6,44.04,26239.3,110.585,1.03519,125.011,1326.38,18,40,4,22,0.487654,33425.4,141.495,111.167,1.24497,111.033,124.632,73.9469,84.1624,27.35268383,33.15475,8.605158508,9.367777778,42.69156819,52.61681818,0.753136285,4.130197592,0.883680556
hTME20-1_05_xyz-7345-12304-329,hTME20-1,Q140,D2,CPi,54.8746,52.6266,5,97.04,27505.2,90.555,1.02576,125.487,1459.17,21,47,5,26,0.453968,33913.7,121.405,102.716,1.2622,129.863,129.544,101.813,104.504,26.94246001,31.04085106,9.461147943,9.99047619,41.06198129,48.04307692,0.74270957,3.922925872,0.8125
hTME20-1_05_xyz-8862-10708-249,hTME20-1,Q140,D2,CPi,87.7807,61.5731,5,71.88,26085.5,104.807,1.02578,138.181,1516.29,18,41,5,23,0.34709,31876.6,129.814,116.352,1.264,105.984,132.365,74.8808,80.5039,32.54176585,36.97804878,15.45353054,16.95944444,45.91516739,52.64478261,0.817939111,6.027191126,0.7808
hTME20-1_05_xyz-9371-12783-249,hTME20-1,Q140,D2,CPi,65.5245,66.3868,7,54.57,29336.2,113.119,1.03263,172.3,2031.34,26,56,4,30,0.388919,42458.4,193.82,106.35,1.53974,127.73,120.332,71.2432,75.4005,30.93103718,36.26839286,15.82785446,17.93230769,44.02046221,52.15966667,0.7045906,3.301787381,0.857421875
hTME20-1_05_xyz-9575-9340-277,hTME20-1,Q140,D1,CPi,61.4914,68.593,7,58.42,21168.4,121.81,1.04339,145.111,1143.62,17,37,3,20,0.523379,27771.6,146.742,101.529,1.4375,125.818,119.064,89.1148,92.5828,26.40372249,30.90351351,11.62961919,12.62352941,38.9617103,46.4415,0.763462297,4.355584117,0.83677686
hTME20-1_05_xyz-9766-10523-234,hTME20-1,Q140,D2,CPi,52.4634,56.2465,5,80.3,23335.7,111.939,1.04511,137.635,1271.16,10,26,6,16,0.46,30156.6,135.393,95.0743,1.21996,130.541,115.579,85.4922,87.6209,39.33353804,48.88692308,12.50195547,14.514,56.10327714,70.37,0.749468151,4.05509235,0.891975309
hTME20-1_06_xyz-2646-5391-243,hTME20-1,Q140,D2,CPc,63.1769,61.6484,6,107.66,44408.9,104.541,1.02938,150.92,2449.05,26,59,7,33,0.294567,53671.1,121.281,119.98,1.20713,120.88,129.134,98.9178,99.8157,35.98644505,41.50457627,12.90493484,13.60653846,54.17187735,63.48484848,0.802454594,5.447113629,0.875918367
hTME20-1_06_xyz-3066-7186-216,hTME20-1,Q140,D2,CPc,46.1557,60.803,4,79.73,32702.6,107.522,1.02595,158.954,1955.89,23,55,9,32,0.286957,39628,139.44,111.335,1.34199,142.111,127.599,98.7034,91.754,30.84410543,35.55636364,18.0244129,19.20869565,40.05825944,47.30625,0.771076765,4.536336946,0.670415225
hTME20-1_06_xyz-3278-3430-139,hTME20-1,Q140,D2,CPc,59.478,67.9206,5,104.53,27493.4,117.451,1.0382,154.85,1622.1,17,39,5,22,0.436275,34433.5,136.653,119.869,1.25963,129.282,116.485,98.2608,98.8511,34.90422539,41.58692308,11.33157433,13.02470588,53.11945575,63.65772727,0.808915168,5.676391252,0.829861111
hTME20-1_06_xyz-3635-2404-94,hTME20-1,Q140,D2,CPc,63.0626,85.8217,4,76.63,24555.8,94.7484,1.03957,131.659,1293.35,15,35,5,20,0.455556,35688,129.162,106.641,1.33874,118.168,102.41,91.0721,68.263,29.11431035,36.94714286,19.20502159,20.842,36.54627692,49.026,0.650071641,2.669088343,0.892561983
hTME20-1_06_xyz-3908-4701-222,hTME20-1,Q140,D2,CPc,75.3489,68.6859,5,128.92,47678.8,114.881,1.0344,147.649,2360.2,21,52,10,31,0.425397,58439.2,128.152,139.11,1.20063,115.023,117.232,103.768,99.469,39.51732437,45.38346154,17.26200858,18.8252381,54.59350603,63.37451613,0.790439046,5.062394118,0.844811754
hTME20-1_06_xyz-4375-5562-257,hTME20-1,Q140,D1,CPc,61.2368,62.6537,3,60.56,21603.9,94.1433,1.0298,158.72,1171.14,16,35,3,19,0.208333,27301.6,138.715,84.2249,1.30149,125.687,126.511,90.8029,92.4281,28.33049727,33.45628571,14.09669237,15.0125,40.31685929,48.98789474,0.721491241,3.553952199,0.818594104
hTME20-1_06_xyz-4454-4581-328,hTME20-1,Q140,D1,CPc,89.009,75.1518,5,52.64,35916.7,99.0606,1.03261,150.97,1782.44,25,57,7,32,0.481333,46227.3,121.872,116.821,1.33497,100.269,112.828,83.0119,77.6084,27.16604507,31.26596491,13.01665034,14.1808,38.22025969,44.61375,0.779258042,4.74608,0.730103806
hTME20-1_06_xyz-4761-5437-331,hTME20-1,Q140,D2,CPc,89.4035,69.2764,5,58.62,32863,97.3106,1.04246,160.24,1648.08,27,58,4,31,0.388125,40116.9,124.696,66.455,1.45468,105.465,123.26,91.4883,94.9904,23.81203534,28.41034483,13.00452241,13.88074074,33.22503047,41.06516129,0.747477268,4.01534299,0.774104683
hTME20-1_06_xyz-5244-1218-168,hTME20-1,Q140,D2,CPc,59.6583,54.2554,4,46.82,14491,126.529,1.02399,189.029,1000.59,10,23,3,13,0.52,16902.6,139.949,123.739,1.26087,133.586,133.542,101.542,87.6951,39.31639348,43.49782609,12.50758719,13.129,59.93855217,66.85846154,0.830787374,6.599295106,0.897777778
hTME20-1_06_xyz-5344-6650-294,hTME20-1,Q140,D1,CPc,76.4531,62.3505,3,93.4,28891.1,115.261,1.03159,141.569,1665.97,17,41,7,24,0.333333,36039,130.308,89.6462,1.16944,114.837,120.379,99.3973,88.0469,34.58785267,40.62829268,12.10134069,13.22235294,50.51579866,60.04083333,0.761719577,4.316019971,0.899408284
hTME20-1_06_xyz-5390-8683-288,hTME20-1,Q140,D2,CPc,79.7345,86.3221,6,60.46,28839.8,97.579,1.04121,147.27,1762.39,20,45,5,25,0.438333,50847.8,197.486,100.001,1.37431,104.222,92.8229,85.2083,87.6947,28.43633383,39.15911111,14.96915027,18.5635,39.21008067,55.6356,0.62224278,2.422492973,0.836762689
hTME20-1_06_xyz-5547-5458-296,hTME20-1,Q140,D2,CPc,74.4438,73.3733,6,95,59969.7,106.745,1.03944,167.78,2894.62,39,84,6,45,0.469373,81392.2,150.094,120.37,1.41736,119.131,123.043,75.1013,88.4096,28.70313368,34.45392857,11.07712588,12.35538462,43.97900711,53.606,0.740229937,3.876347865,0.820733364
hTME20-1_06_xyz-5735-1390-147,hTME20-1,Q140,D2,CPc,68.175,65.2291,3,100.06,22190.4,157.007,1.02577,198.401,1173.8,10,24,4,14,0.433333,26710.9,193.958,137.641,1.26479,114.142,129.743,82.3668,88.8718,43.12255093,48.90375,19.78063868,20.585,59.79534539,69.13142857,0.852292016,7.809123073,0.81640625
hTME20-1_06_xyz-5820-10494-298,hTME20-1,Q140,D1,CPc,59.3177,56.3537,5,66.59,38810.6,108.892,1.02895,172.43,1804.4,20,46,6,26,0.4375,44866.3,123.946,112.111,1.16773,128.937,131.235,80.0411,91.783,34.16002487,39.22130435,8.912555041,9.1785,53.58115551,62.33115385,0.817887359,6.025068466,0.790816327
hTME20-1_06_xyz-5851-1725-308,hTME20-1,Q140,D2,CPc,83.3713,61.7565,6,111.79,31422.6,139.481,1.04873,209.049,1285.34,9,23,5,14,0.603175,39688.8,178.427,103.497,1.16636,111.037,130.757,63.8566,73.4681,46.29680711,55.87956522,12.61426449,13.22555556,67.94987023,83.3,0.738141622,3.837879466,0.8125
hTME20-1_06_xyz-5993-1744-187,hTME20-1,Q140,D2,CPc,60.7289,59.6194,3,56.62,21749.9,105.698,1.02742,129.631,1359.63,15,37,7,22,0.422222,26342.5,113.491,109.412,1.21756,118.529,125.452,94.5828,92.4336,32.32663192,36.74216216,15.81932337,16.86466667,43.58161503,50.295,0.793212448,5.146774003,0.881944444
hTME20-1_06_xyz-6005-1371-302,hTME20-1,Q140,D2,CPc,96.4274,90.5272,4,48.83,13698.3,87.1856,1.03645,110.971,976.14,12,27,3,15,0.433333,18992,115.502,84.4595,1.18768,98.6402,106.936,76.5695,86.3824,30.44312972,36.14851852,8.028761618,8.355,48.3746242,58.38333333,0.705877582,3.319864214,0.892733564
hTME20-1_06_xyz-6167-2053-285,hTME20-1,Q140,D1,CPc,72.2848,64.2811,5,76.63,32929,134.152,1.04579,92.2904,1342.91,18,39,3,21,0.534392,40166.2,155.236,137.84,1.44646,111.593,120.841,81.418,79.4303,27.95507075,34.42871795,18.78879874,20.77722222,35.81187532,46.13,0.749959547,4.065011707,0.869565217
hTME20-1_06_xyz-6999-11174-278,hTME20-1,Q140,D2,CPc,74.3059,54.1465,4,82.06,21740.6,83.1172,1.02767,118.53,1321.8,15,35,5,20,0.277778,26725.1,108.118,104.401,1.17524,119.79,133.183,86.0215,97.8424,32.671366,37.76057143,11.92203785,12.60666667,48.23336212,56.626,0.801402529,5.411350224,0.892561983
hTME20-1_06_xyz-7102-7996-297,hTME20-1,Q140,D2,CPc,70.2059,71.5929,6,74.26,55502.2,113.934,1.02502,194.359,2509.37,27,60,6,33,0.411111,72031.7,135.085,110.892,1.26685,107.766,115.367,82.9422,94.3638,37.38575805,41.8175,14.64883769,16.22,55.98869289,62.76090909,0.784943055,4.902330289,0.769795918
hTME20-1_06_xyz-8215-10261-238,hTME20-1,Q140,D2,CPc,89.6295,76.3061,5,54.45,21785.5,96.0194,1.03192,97.8274,1312.5,19,42,4,23,0.516291,29309.5,138.675,106.925,1.39388,98.0878,112.551,90.4491,79.2445,26.86001912,31.245,12.2399333,13.51210526,38.93748132,45.89391304,0.709044983,3.365106823,0.7424
hTME20-1_07_xyz-2473-5150-375,hTME20-1,Q140,D2,CPc,62.6388,59.7761,6,72.14,38019.1,97.8683,1.04126,165.99,1765.24,22,49,5,27,0.537879,46481.2,159.169,59.0898,1.35857,130.175,131.045,114.438,105.215,28.68973126,36.02061224,13.32499424,14.36363636,41.20914662,53.66703704,0.757561793,4.22417943,0.827586207
hTME20-1_07_xyz-3015-4273-397,hTME20-1,Q140,D1,CPc,71.4271,66.9618,6,66.72,29169.9,102.161,1.03893,165.37,1577.66,19,45,7,26,0.332331,35983.1,120.744,70.8,1.21634,119.972,126.926,88.5719,91.6606,29.10585267,35.05422222,8.868636349,9.333684211,43.89458767,53.85,0.769000132,4.485725545,0.889030612
hTME20-1_07_xyz-3173-5146-372,hTME20-1,Q140,D2,CPc,68.8557,70.8358,6,92.53,40567.1,86.8053,1.02684,141.457,2001.72,27,60,6,33,0.354938,49559,100.32,100.118,1.19809,121.56,121.363,84.1533,81.0595,29.1295849,33.35666667,11.22942594,11.66259259,43.7751695,51.10636364,0.768567793,4.475315732,0.86122449
hTME20-1_07_xyz-3419-5427-181,hTME20-1,Q140,D1,CPc,60.3092,71.3224,3,103.21,17403,95.5042,1.03191,121.11,969.091,9,22,4,13,0.333333,21373.1,120.936,125.594,1.24658,124.908,123.113,100.291,112.575,37.81438377,44.04454545,15.89563536,17.57888889,52.9889019,62.36692308,0.780739348,4.785923817,0.924444444
hTME20-1_07_xyz-3667-6608-339,hTME20-1,Q140,D2,CPc,81.8432,69.5942,5,77.54,30341.1,101.661,1.03542,123.369,1716.75,22,51,7,29,0.339394,39625.8,132.658,110.186,1.29601,100.561,118.673,84.1019,85.0488,28.95330063,33.65705882,14.17761622,16.25090909,40.16244054,46.86172414,0.750937556,4.084883319,0.74817898
hTME20-1_07_xyz-3700-4372-139,hTME20-1,Q140,D2,CPc,74.2686,66.7897,3,86.65,26322.4,141.836,1.02396,187.211,1218.5,13,30,4,17,0.271795,29942.6,153.208,94.2567,1.17365,128.401,132.091,78.2312,64.8434,36.32582024,40.612,11.03354985,11.39923077,55.66696819,62.95117647,0.844110468,7.304842915,0.861495845
hTME20-1_07_xyz-3795-3537-375,hTME20-1,Q140,D2,CPc,83.1173,70.8631,6,78.2,36778.3,100.979,1.02907,121.318,2223.31,30,68,8,38,0.555556,50201.6,139.823,109.661,1.39079,108.956,116.003,74.1738,77.9085,27.93527808,32.69058824,12.53252104,13.42133333,40.09534944,47.90315789,0.760589167,4.290699225,0.854375
hTME20-1_07_xyz-4694-5411-347,hTME20-1,Q140,D2,CPc,81.1389,87.8728,7,51.31,24887.6,110.498,1.04418,171.251,1279.31,16,37,5,21,0.526042,33636.2,143.065,106.312,1.41188,103.386,98.8232,80.2818,77.976,28.87280689,34.57108108,14.90210683,16.568125,39.51714979,48.28761905,0.702380545,3.271147905,0.873345936
hTME20-1_07_xyz-5228-9270-290,hTME20-1,Q140,D1,CPc,74.9528,76.0585,4,45.28,40160.6,115.439,1.02865,183.532,1717.89,21,48,6,27,0.425397,47923.6,141.334,130.498,1.35669,115.51,122.064,90.0989,96.4426,31.59512659,35.78458333,14.84812819,15.85571429,44.6205698,51.28481481,0.778096706,4.715256805,0.675386445
hTME20-1_07_xyz-5370-9969-226,hTME20-1,Q140,D1,CPc,71.5167,60.7338,5,101.2,42775.7,115.335,1.02951,170.26,1936.04,22,49,5,27,0.34596,53592.6,141.677,59.3202,1.31172,115.142,124.62,104.615,115.822,34.66640084,39.50591837,15.50393475,16.86409091,50.2802621,57.95481481,0.813570921,5.852647228,0.768133175
hTME20-1_07_xyz-5605-3346-373,hTME20-1,Q140,D1,CPc,71.3147,78.8286,5,42.87,13782.9,79.4462,1.03839,131.29,795.663,16,34,2,18,0.569444,18092.9,97.1132,57.5422,1.49133,115.18,118.323,94.0067,106.72,19.64695743,23.39676471,8.196804224,8.665,29.82487139,36.49166667,0.713195252,3.426063559,0.83
hTME20-1_07_xyz-5800-10568-262,hTME20-1,Q140,D2,CPc,72.2485,58.7018,5,40.6,16497.4,97.8052,1.03215,143.502,1192.73,18,41,5,23,0.367003,20623.8,135.08,81.8496,1.40327,113.086,126.684,102.769,99.375,25.21681621,29.08536585,14.77289469,15.87277778,33.39032001,39.42565217,0.775946513,4.65912691,0.8368
hTME20-1_07_xyz-5844-10879-249,hTME20-1,Q140,D2,CPc,92.6681,62.6498,5,50.91,14223.2,91.5642,1.02857,142.261,1018.32,16,36,4,20,0.635417,17534.3,98.3471,98.7111,1.34637,93.6324,119.93,74.3874,74.6869,24.73449663,28.28194444,11.11529064,11.683125,35.62986142,41.561,0.834994465,6.808356675,0.83677686
hTME20-1_07_xyz-5873-2644-359,hTME20-1,Q140,D1,CPc,77.5004,47.4719,4,25.41,34751.7,128.346,1.02394,204.31,1244.18,12,27,3,15,0.494444,40694.9,146.474,120.779,1.30866,117.16,133.25,93.5327,94.7122,40.36212761,46.07518519,18.90643957,19.90666667,57.52667805,67.01,0.854446586,7.9524958,0.896193772
hTME20-1_08_xyz-3269-7271-440,hTME20-1,Q140,D1,CPc,67.8174,51.5889,5,73.52,42242.6,94.6785,1.0328,140.396,2193.85,31,69,7,38,0.371505,51082.1,120.922,108.326,1.31926,117.673,133.069,88.2247,83.3568,27.72319206,31.78927536,12.0428778,13.25903226,40.51502739,46.90605263,0.81416415,5.875814349,0.735625
hTME20-1_08_xyz-3710-6800-426,hTME20-1,Q140,D1,CPc,96.8294,79.5534,5,81.5,47915.7,102.29,1.03837,148.412,2486.39,30,67,7,37,0.390232,66025.2,139.146,111.091,1.28835,94.3788,109.857,90.207,93.6228,31.03120597,37.10537313,12.09811137,13.05966667,46.38236376,56.60189189,0.754651125,4.161943096,0.769230769
hTME20-1_08_xyz-5121-4624-445,hTME20-1,Q140,D1,CPc,75.9181,77.4573,3,104.75,26820.4,125.888,1.03595,174.114,1222.95,9,23,5,14,0.37037,32968.3,143.343,142.015,1.07143,114.612,112.446,79.475,91.7075,44.22057277,53.1673913,9.841556333,10.31333333,66.32136905,80.71642857,0.789971933,5.048426646,0.91015625
hTME24-2_02_xyz-3054-6661-95,hTME24-2,WT,D2,CPr,72.0064,62.0003,6,90.6,34644.4,108.556,1.03424,136.91,1735.89,20,46,6,26,0.43,43589.3,125.927,110.351,1.29929,125.739,123.788,86.1899,67.672,32.28123353,37.73130435,14.82373603,16.587,45.71007776,53.99615385,0.783278519,4.855635137,0.757653061
hTME24-2_02_xyz-4754-10903-312,hTME24-2,WT,D1,CPr,72.9247,66.7019,5,116.68,34761,89.5929,1.02575,142.198,1867.22,23,54,8,31,0.478261,44337.3,119.915,94.4513,1.29961,110.552,113.861,96.6612,95.3256,30.47457342,34.57333333,14.2260446,15.59130435,42.52993351,48.65677419,0.794056533,5.172958374,0.82369146
hTME24-2_02_xyz-7498-10029-350,hTME24-2,WT,D2,CPr,77.3593,81.7503,6,86.68,36841.1,122.716,1.03526,170.861,1749.08,21,45,3,24,0.530952,48926.2,144.193,115.45,1.32396,113.505,112.595,72.6465,80.3494,31.41405229,38.86377778,13.2944843,14.73761905,47.26867428,59.97416667,0.681976693,3.010368579,0.791420118
hTME24-2_02_xyz-8496-6763-150,hTME24-2,WT,D2,CPr,56.1951,75.5065,4,82.42,23067.6,117.116,1.03092,159.089,1200.66,10,24,4,14,0.193333,27866.1,135.27,126.15,1.16631,128.367,125.543,96.4721,98.318,43.93967906,50.02291667,13.42925807,14.749,65.73283691,75.21857143,0.789865334,5.045248878,0.88671875
hTME24-2_03_xyz-3459-8971-322,hTME24-2,WT,D2,CPr,72.332,82.286,4,89.76,29928.3,105.81,1.02938,144.897,1703.9,17,41,7,24,0.394118,38473.5,161.074,130.366,1.24223,118.441,116.001,91.1468,82.6377,35.50391501,41.55365854,14.51266862,15.40588235,50.37271453,60.075,0.746030642,3.986894131,0.823964497
hTME24-2_03_xyz-3575-7694-91,hTME24-2,WT,D1,CPi,73.4529,64.8322,6,96.28,54267.5,113.988,1.03458,152.269,2696.77,37,78,4,41,0.473745,69177,151.115,134.938,1.41876,117.064,128.055,97.067,91.0653,29.46830065,34.57,12.9256048,13.92621622,44.39707496,53.1997561,0.780167323,4.770466725,0.786371011
hTME24-2_03_xyz-4840-4510-270,hTME24-2,WT,D2,CPr,67.4956,60.6253,3,74.85,19994.8,103.266,1.06111,154.66,1591.17,13,34,8,21,0.179487,25102.5,124.395,99.2178,1.17805,109.438,120.846,93.9539,115.639,35.91822188,46.79441176,17.38480773,18.39076923,47.39128779,64.37761905,0.718358462,3.504677676,0.869565217
hTME24-2_03_xyz-4907-5495-322,hTME24-2,WT,D1,CPr,72.7149,68.6923,4,82.55,44767.7,119.709,1.04937,156.58,2021.85,19,45,7,26,0.570175,57836.4,182.328,116.141,1.38012,112.085,116.61,82.0778,97.228,36.47020418,44.92511111,21.20775449,23.58526316,47.6235328,60.51961538,0.712753831,3.419487583,0.792091837
hTME24-2_03_xyz-5268-5192-338,hTME24-2,WT,D2,CPr,63.094,75.1894,6,66.74,24826.2,90.2046,1.07265,86.938,1419.11,16,37,5,21,0.368056,35368.6,131.479,105.839,1.38726,128.707,106.904,83.8699,104.331,27.01221035,38.34918919,12.96600534,15.615,37.71408084,55.67047619,0.62415653,2.438181668,0.816635161
hTME24-2_03_xyz-5303-10294-333,hTME24-2,WT,D1,CPr,79.9741,71.1507,5,86.61,32898.7,107.604,1.03721,145.591,1681.34,21,45,3,24,0.337188,44149.7,175.234,129.162,1.30609,111.556,116.721,89.6785,78.1973,31.44180603,37.35911111,12.12926892,13.05809524,48.340276,58.6225,0.747469778,4.015194752,0.872781065
hTME24-2_03_xyz-5510-3952-272,hTME24-2,WT,D2,CPr,79.6308,73.8469,5,112.13,49827.9,132.364,1.02954,201.531,2746.82,21,51,9,30,0.27381,59331.5,157.043,152.888,1.23476,112.018,123.129,80.8025,77.9235,46.89045816,53.85333333,22.67363188,24.60095238,63.84223655,74.33,0.789442416,5.032676722,0.760742188
hTME24-2_03_xyz-5789-4733-292,hTME24-2,WT,D1,CPr,60.5929,76.4212,5,63.88,16163.1,89.0388,1.03917,122.448,1088.2,13,31,5,18,0.692308,22608.1,127.661,91.0102,1.37817,123.941,112.949,91.3487,81.2913,28.58353702,35.09806452,11.33849732,12.25076923,41.03828792,51.59888889,0.737054387,3.818120078,0.81
hTME24-2_03_xyz-6386-6558-317,hTME24-2,WT,D2,CPr,88.8239,80.5267,6,85.64,38029,97.1878,1.02798,161.519,2090.28,23,52,6,29,0.455072,51626,167.598,103.34,1.31108,97.9109,109.329,85.5378,81.7768,34.51815782,40.19288462,12.24981331,13.74956522,52.17925864,61.16517241,0.711336317,3.398520856,0.799167534
hTME24-2_03_xyz-7202-5866-209,hTME24-2,WT,D2,CPi,69.678,74.3591,4,86.79,12843.4,85.259,1.04705,121.53,1322.5,13,32,6,19,0.538462,17047.4,130.11,91.0089,1.2,116.423,114.24,95.9086,93.9724,33.45191192,41.323125,11.4358255,12.22846154,48.51555,61.23,0.727218373,3.647280056,0.907029478
hTME24-2_03_xyz-7542-11740-142,hTME24-2,WT,D2,CPr,69.5766,79.2491,6,96.73,34130.3,91.8808,1.03416,113.776,1816.27,21,46,4,25,0.353846,46019.6,131.184,110.435,1.29722,124.379,115.999,105.823,87.5736,33.087518,39.47956522,14.36696968,16.75952381,48.81277858,58.5644,0.706197491,3.324384791,0.882030178
hTME24-2_03_xyz-7804-12847-295,hTME24-2,WT,D1,CPr,70.8127,65.839,7,55.63,23406.9,99.9763,1.03777,130.653,1423.03,22,47,3,25,0.422078,34498.1,134.734,79.4522,1.65714,112.87,113.083,66.8657,88.9538,25.4044745,30.27276596,11.38270616,13.39,37.74363064,45.1296,0.803320122,5.47685615,0.746227709
hTME24-2_03_xyz-8129-7130-98,hTME24-2,WT,D2,CPi,82.5736,68.0057,5,118.44,37702.4,107.087,1.02476,152.23,2123.21,27,59,5,32,0.294444,48495.4,135.68,120.183,1.35792,105.221,124.387,97.0847,97.909,31.59512508,35.98135593,13.27833632,14.21666667,47.0499156,54.3453125,0.79558262,5.220911673,0.784602076
hTME24-2_03_xyz-8251-9036-255,hTME24-2,WT,D2,CPr,64.3419,74.4735,5,83.39,33038.9,114.239,1.02933,178.348,2001.47,22,50,6,28,0.406818,42069.2,142.032,125.17,1.33019,115.107,118.05,98.4244,92.9947,34.18247804,40.0248,14.76754507,15.59363636,49.43706822,59.22071429,0.775542394,4.648711197,0.762222222
hTME24-2_03_xyz-8422-6650-175,hTME24-2,WT,D1,CPi,97.3639,77.0611,5,111.66,27102.3,137.421,1.02887,162.921,1811.44,18,40,4,22,0.291534,34283.4,153.938,139.56,1.23991,92.359,115.099,81.0958,72.2476,39.94572895,45.281,17.41876871,19.17222222,58.37687823,66.64272727,0.763533434,4.357212879,0.859375
hTME24-2_03_xyz-8816-7514-240,hTME24-2,WT,D2,CPr,77.1615,69.4227,4,66.55,28785.4,118.752,1.03715,169.949,1633.09,17,39,5,22,0.482353,37195.7,162.584,130.97,1.26047,110.306,117.116,91.4745,93.2367,35.45671191,41.86923077,16.93700973,18.60411765,49.76739087,59.84681818,0.755377523,4.177320867,0.881944444
hTME24-2_03_xyz-8947-7207-270,hTME24-2,WT,D1,CPr,72.4142,73.172,6,82.01,20565.5,102.71,1.02961,142.829,1397.88,20,42,2,22,0.44375,29253.8,142.505,90.0423,1.37553,110.395,109.304,97.5013,100.993,29.01476568,33.27857143,8.86015591,9.647,47.3371382,54.76181818,0.777235758,4.69263723,0.880208333
hTME24-2_04_xyz-10270-8806-210,hTME24-2,WT,D2,CPi,73.7818,76.0197,5,52.84,31238.3,97.4679,1.04169,158.971,1813.29,22,49,5,27,0.369697,40127.1,141.771,134.149,1.31918,110.227,116.543,91.725,86.2795,30.44352939,37.00061224,13.57053234,15.12545455,44.19189735,54.82481481,0.725332435,3.616070883,0.876337693
hTME24-2_04_xyz-4482-4854-247,hTME24-2,WT,D1,CPi,69.4699,63.8986,5,158.35,61051.1,124.794,1.04069,164.531,2718.05,26,60,8,34,0.457692,75825.6,154.102,166.139,1.42006,121.393,123.311,81.293,74.5318,37.5166076,45.29533333,18.41137575,20.19115385,52.12649078,64.49264706,0.724251134,3.59839043,0.824845679
hTME24-2_04_xyz-5570-6335-278,hTME24-2,WT,D2,CPi,77.4616,70.006,5,102.7,45581,99.0923,1.03001,168.28,2212.23,26,56,4,30,0.410651,61246.9,134.751,127.33,1.33407,109.648,125.358,105.075,105.081,33.91512791,39.49982143,14.08623033,15.95346154,51.10017248,59.90666667,0.756597456,4.203376461,0.858398438
hTME24-2_04_xyz-5926-5765-286,hTME24-2,WT,D2,CPi,71.6431,71.9974,5,108.12,45662.4,111.151,1.04096,144.85,2366.7,27,62,8,35,0.428924,59192.5,151.369,116.194,1.3147,117.661,114.072,103.347,106.347,31.17962455,38.16693548,13.39866522,16.09666667,44.89636461,55.19257143,0.743594642,3.939793689,0.791088386
hTME24-2_04_xyz-6771-3786-228,hTME24-2,WT,D2,CPi,103.011,83.3341,7,103.08,29802.6,109.678,1.03122,148.75,1775.48,23,49,3,26,0.417391,43948.4,161.861,116.169,1.53259,96.3497,113.584,81.2905,68.5001,30.9244715,36.22959184,12.96743828,14.2373913,46.80953935,55.68423077,0.749359264,4.052900214,0.846938776
hTME24-2_04_xyz-6813-9364-278,hTME24-2,WT,D1,CPi,58.0375,66.0594,6,111.04,36866.6,103.771,1.03277,137.131,1892.7,20,45,5,25,0.440714,45107.4,143.389,129.412,1.21377,126.929,130.716,93.3957,78.6903,34.98747143,42.05488889,10.93364108,11.5295,54.23053571,66.4752,0.804318531,5.511529675,0.864197531
hTME24-2_04_xyz-8469-5506-214,hTME24-2,WT,D2,CPi,53.7569,68.2806,6,82.77,39005,125.248,1.03926,138.03,1933.04,23,50,4,27,0.438406,49346.2,168.663,118.339,1.42219,132.203,117.794,94.8868,102.727,31.90469604,38.6554,15.86172934,17.28478261,45.57092694,56.86,0.697653695,3.207274882,0.92508918
hTME24-2_04_xyz-8587-5942-266,hTME24-2,WT,D2,CPi,75.8236,62.8183,5,106.35,34900.6,106.046,1.02655,148.341,1825.49,22,50,6,28,0.437466,42076.3,130.148,129.078,1.34821,115.673,125.959,82.9099,81.6386,32.620321,36.5056,15.21102327,16.45636364,46.29905492,52.25857143,0.79044145,5.062466185,0.9
hTME24-2_04_xyz-8670-4517-303,hTME24-2,WT,D2,CPi,85.9886,62.6322,4,66.31,32780.1,132.015,1.03024,217.299,1342.89,16,34,2,18,0.213542,39585.2,152.713,84.1119,1.34799,105.617,127.779,93.6019,105.349,34.61619104,39.49235294,16.57731813,18.025625,50.65074473,58.57388889,0.803454635,5.481504698,0.895
hTME24-2_05_xyz-3358-7658-60,hTME24-2,WT,D2,CPi,65.8423,76.5825,6,80.44,34555.8,105.49,1.03324,147.811,1910.21,26,59,7,33,0.529304,44458.2,130.706,113.921,1.35684,122.932,119.36,75.3989,79.7969,27.96128332,32.37084746,13.33397751,14.49230769,39.4858273,46.4569697,0.735264859,3.785989177,0.770612245
hTME24-2_05_xyz-3473-3504-261,hTME24-2,WT,D1,CPi,66.6683,77.3935,3,42.52,27373.2,106.969,1.06128,132.279,1621.17,14,35,7,21,0.404762,35117.7,134.858,121.299,1.24057,123.489,116.305,85.6536,85.6729,36.61364857,46.314,14.65751057,15.58785714,51.2510739,66.79809524,0.754890756,4.16700484,0.741020794
hTME24-2_05_xyz-3732-3709-69,hTME24-2,WT,D2,CPi,88.5878,74.2155,6,54.8,28234.2,104.249,1.05974,142.43,1742.76,26,56,4,30,0.462821,36949.8,125.51,91.0788,1.42123,111.186,122.701,91.3653,90.1028,24.04576759,31.11571429,12.44221265,13.49346154,34.10218188,46.38833333,0.71260643,3.417296684,0.815429688
hTME24-2_05_xyz-3874-7909-273,hTME24-2,WT,D2,CPi,58.692,61.3424,5,62.63,27554.5,116.969,1.02658,125.814,1322.82,15,34,4,19,0.3,33451.5,134.648,125.492,1.14354,127.323,126.373,108.703,107.088,34.17353764,38.90147059,5.726891343,5.866666667,56.63141629,64.98157895,0.818288618,6.041561903,0.85260771
hTME24-2_05_xyz-4275-5215-286,hTME24-2,WT,D1,CPi,70.8652,67.5524,4,84.5,30488.7,87.9568,1.02991,122.726,2058.91,26,60,8,34,0.467033,36555.5,109.837,137.125,1.27027,124.458,129.136,103.69,102.809,29.85822066,34.31,14.06696802,14.75615385,41.93388444,49.26294118,0.781376116,4.80323642,0.926697531
hTME24-2_05_xyz-7375-7149-250,hTME24-2,WT,D1,CPi,79.0607,69.5404,3,111.63,38555.8,112.35,1.02842,169.302,1820.74,15,39,9,24,0.355556,45862.1,133.011,106.65,1.21291,106.083,124.06,119.388,104.902,41.01254794,46.68025641,18.2137352,20.46933333,55.26180591,63.06208333,0.823290356,6.254188238,0.855029586
hTME24-2_05_xyz-7433-5259-284,hTME24-2,WT,D1,CPi,79.7955,67.2163,4,89.18,29892.9,108.205,1.04159,156.16,1739.29,19,44,6,25,0.339181,39757.7,172.113,125.28,1.28435,114.618,119.234,94.6798,81.8228,31.17454348,39.52477273,16.91220912,18.23894737,42.01391759,55.702,0.754170024,4.15181383,0.810699588
hTME24-2_05_xyz-7823-5748-251,hTME24-2,WT,D2,CPi,48.0242,64.6872,8,82.38,39400.5,126.11,1.03457,145.461,1766.14,22,49,5,27,0.550649,48124.8,153.828,132.889,1.47288,134.036,126.076,91.9689,76.3974,30.92638162,36.03938776,14.58019838,15.63136364,44.2454939,52.66814815,0.751872341,4.104039513,0.853745541
hTME24-2_05_xyz-8978-12619-149,hTME24-2,WT,D1,CPi,64.3001,67.1149,6,89.02,25911.3,106.087,1.03043,153.528,2530.36,31,68,6,37,0.370528,32668.3,131.152,104.229,1.31537,119.443,117.992,91.0106,89.9278,32.61976799,37.20617647,11.229164,11.67354839,50.54162538,58.59837838,0.770621476,4.525153383,0.74556213
hTME24-2_05_xyz-9487-9106-121,hTME24-2,WT,D2,CPi,82.9513,61.4168,8,65.3,23860,98.289,1.03907,153.47,1422.05,16,37,5,21,0.432292,30157.7,115.694,94.9593,1.3703,109.686,121.823,78.214,76.7986,32.52535803,38.42864865,13.70852687,15.79125,46.8619913,55.67619048,0.79249413,5.124678029,0.846880907
hTME24-2_05_xyz-9945-9248-252,hTME24-2,WT,D1,CPi,72.1951,61.7959,7,90.29,27666.5,111.018,1.0359,178.64,1706.92,16,38,6,22,0.483036,33474.8,129.177,110.841,1.17939,114.907,125.624,104.014,97.5976,38.92891724,44.91421053,11.03099552,11.369375,59.21831486,69.31045455,0.838098861,6.970423599,0.828125
hTME24-2_06_xyz-4320-6611-305,hTME24-2,WT,D1,CPc,73.107,67.6512,5,88.65,54258.9,104.865,1.02947,162.841,2426.54,30,68,8,38,0.392222,64322.3,148.611,133.093,1.35348,121.525,129.405,90.7202,90.0771,31.30285619,35.67970588,16.22228545,16.864,43.20856994,50.53421053,0.782962815,4.846868696,0.839375
hTME24-2_06_xyz-4493-7000-301,hTME24-2,WT,D1,CPc,67.079,70.0476,7,102.53,48302.8,93.6671,1.0302,125.831,2646.25,39,86,8,47,0.47265,62879.6,131.437,104.316,1.43599,121.27,115.977,90.6255,84.2414,26.43283863,30.76581395,11.43236392,12.45128205,38.88004104,45.96297872,0.781003902,4.79310296,0.746772178
hTME24-2_06_xyz-4938-5133-240,hTME24-2,WT,D2,CPc,53.7852,67.5842,5,106.11,34046.7,103.89,1.03626,140.001,1601.52,18,40,4,22,0.375,41280,132.207,118.233,1.40823,135.067,128.787,76.7542,76.983,34.4129917,40.0325,16.18861989,17.35333333,49.32384137,58.58818182,0.754538988,4.159578173,0.921875
hTME24-2_06_xyz-5102-6540-64,hTME24-2,WT,D2,CPc,73.7905,66.8765,6,54.37,20704.2,95.1175,1.03218,147.54,1539.35,26,56,4,30,0.285256,25628.9,117.8,98.251,1.35443,112.834,124.726,102.356,100.89,23.71935527,27.48285714,10.20509244,10.95769231,35.43171639,41.80466667,0.76328955,4.351633364,0.8125
hTME24-2_06_xyz-5661-8944-269,hTME24-2,WT,D1,CPc,52.4517,57.8634,6,62.48,40707.8,90.1454,1.0293,133.162,2333.07,36,77,5,41,0.293188,50036.8,111.382,88.0582,1.39227,137.595,130.029,101.411,90.7545,26.55665882,30.29480519,12.26084293,13.12861111,39.10908253,45.36756098,0.774405297,4.619626672,0.825310979
hTME24-2_07_xyz-3492-11598-280,hTME24-2,WT,D1,CPc,81.4679,62.0414,6,32.07,19727.8,90.8498,1.03987,143.03,1139.54,16,38,6,22,0.619643,23940.3,111.562,93.5711,1.38512,111.477,126.197,98.9565,102.009,25.38570394,29.98342105,14.21937819,15.821875,33.50666811,40.28272727,0.783326946,4.856982352,0.850694444
hTME24-2_07_xyz-5805-6786-73,hTME24-2,WT,D2,CPc,66.7825,67.667,9,72.55,30892.9,88.9204,1.04643,150.85,1809,27,56,2,29,0.466543,48821,141.235,106.2,1.44063,107.148,116.748,92.2522,100.533,26.44497629,32.29803571,9.703584208,11.32333333,42.03178961,51.8262069,0.750449328,4.074941646,0.848074922
hTME24-2_08_xyz-1978-5324-263,hTME24-2,WT,D2,CPc,67.0206,45.6129,4,62.13,43825.8,134.751,1.03544,219.83,1948.95,21,48,6,27,0.264021,50294,143.07,105.72,1.32879,122.688,138.832,85.0962,82.6627,35.50289155,40.59854167,18.65430812,20.24285714,48.60734533,56.43074074,0.857996719,8.199367834,0.831153389
hTME24-2_08_xyz-2602-6862-332,hTME24-2,WT,D2,CPc,60.9886,68.4845,7,80.1,53449.3,114.931,1.03272,178.83,2725.37,36,80,8,44,0.510317,65163.3,130.979,106.38,1.42318,123.668,125.639,97.2011,93.1718,28.9723658,34.0625,9.751445508,10.34194444,44.69857331,53.47022727,0.789178282,5.024853318,0.756143667
