file_path,Brain,Type,Sex,Striatal.Subregion,Striatal.Community,Bif_ampl_local,Bif_ampl_remote,Branch_Order,Depth,Sum_EucDistance,Max_EucDistance,Fractal_Dim,Height,Length,N_bifs,N_branch,N_stems,N_tips,Partition_asymmetry,Sum_PathDistance,Max_PathDistance,Width,Terminal_degree,Bif_tilt_local,Bif_tilt_remote,Bif_torque_local,Bif_torque_remote,ABEL_All,BAPL_All,ABEL_Internal,BAPL_Internal,ABEL_Terminal,BAPL_Terminal,Balancing_Factor,Centripetal_Bias,Convexity
1001_TME07-1_30x_Str_05B_xyz-3495-18394-128,TME07-1,D2,Male,CPc,CPc_d,73.8116,69.685,6,114.85,68251,149.818,1.02191,242.74,2244.87,23,50,4,27,0.472257,84815.4,188.198,150.449,1.36752,125.26,124.835,86.3402,82.6854,39.98790242,44.892,19.61854922,20.67086957,57.33957366,65.52481481,0.746191798,3.99004555,0.831153389
1002_TME07-1_30x_Str_05B_xyz-3553-9333-260,TME07-1,D1,Male,CPi,CPi_vm,75.9143,66.7948,2,45.59,36674,145.924,1.0263,236.411,1216.55,7,18,4,11,0.142857,44103.1,167.21,183.871,1.16477,123.893,125.682,113.285,97.5138,58.64689266,67.58111111,27.34525161,30.27,78.56611878,91.32454545,0.798197158,5.304948967,0.905325444
1004_TME07-1_30x_Str_05B_xyz-3861-13906-168,TME07-1,D1,Male,CPc,CPi_vm,71.7588,70.1539,3,67.55,49536.6,147.714,1.02116,236.43,1460.8,11,25,3,14,0.424242,58487.7,167.945,154.1,1.2128,118.742,118.81,101.989,99.745,52.52910551,58.4276,21.29116163,22.26090909,77.07320428,86.84428571,0.8017931,5.424577694,0.9296875
1005_TME07-1_30x_Str_05B_xyz-4211-18593-355,TME07-1,D1,Male,CPi,CPi_dm,61.1835,62.5991,8,110.9,99501.9,179.72,1.02619,212.43,3351.06,33,71,5,38,0.357431,121022,213.815,155.571,1.27904,131.432,128.811,83.3553,84.361,41.17272415,47.19309859,21.16017172,22.71181818,58.55204599,68.45315789,0.754326397,4.155101324,0.77625
1006_TME07-1_30x_Str_05B_xyz-4413-17905-16,TME07-1,D1,Male,CPc,CPc_d,74.4543,68.0988,4,77.87,41354,148.446,1.03534,151.6,1667.79,20,44,4,24,0.346429,50050.2,168.395,119.199,1.40062,112.15,122.594,100.414,92.4156,32.21136894,37.89909091,19.03653598,20.958,43.1903964,52.01666667,0.755385958,4.177500016,0.823964497
1007_TME07-1_30x_Str_05B_xyz-4417-18113-366,TME07-1,D2,Male,CPi,CPi_dm,59.4677,63.2551,2,119.92,47586.4,206.126,1.02637,216.813,1406.37,6,17,5,11,0,57058.6,263.181,208.394,1.04896,133.82,121.158,88.5798,102.037,69.4860419,82.72294118,27.38859704,27.65666667,92.44828456,112.7590909,0.759095373,4.257644034,0.852071006
1008_TME07-1_30x_Str_05B_xyz-4527-20831-183,TME07-1,D1,Male,CPc,CPc_d,75.4633,64.6276,5,106.85,99945.6,158.108,1.02515,198.682,3317.08,30,65,5,35,0.379121,123847,175.077,170.181,1.17822,114.225,123.974,100.91,91.9274,44.68080374,51.02692308,13.12504246,13.853,71.72859913,82.89028571,0.761693041,4.315422502,0.815193572
1009_TME07-1_30x_Str_05B_xyz-4694-5498-443,TME07-1,D1,Male,CPi,CPi_vm,95.7693,71.7612,5,90.97,33874.6,130.516,1.02177,132.25,1533.14,17,42,8,25,0.5,40982.4,164.309,122.109,1.40351,100.547,126.435,85.0014,97.5452,32.94204822,36.49857143,22.02306433,23.66235294,40.36695726,45.2272,0.831141609,6.61644975,0.864197531
1010_TME07-1_30x_Str_05B_xyz-4730-6000-377,TME07-1,D2,Male,CPi,CPi_vm,61.0194,63.6002,5,100.2,91078.7,194.149,1.01528,311.64,1897.27,13,28,2,15,0.395971,107081,214.161,218.549,1.25492,135.484,134.179,81.0601,57.7832,62.16073191,67.755,26.75131224,28.09769231,92.84889563,102.1246667,0.827787241,6.457162866,0.916955017
1011_TME07-1_30x_Str_05B_xyz-4815-12437-198,TME07-1,D2,Male,CPc,CPi_vm,89.8001,87.5449,4,64.56,31572.8,127.746,1.04006,154.365,1253.79,10,23,3,13,0.193333,46265.5,184.89,195.65,1.32302,101.607,107.364,70.7917,77.742,41.61225953,54.50695652,26.40233501,29.641,53.31220147,73.63461538,0.572425375,2.067047284,0.875555556
1012_TME07-1_30x_Str_05B_xyz-4854-8522-416,TME07-1,D1,Male,CPi,CPi_vm,89.1895,72.1836,5,80.45,44041.8,125.718,1.07179,190.32,1781.31,19,41,3,22,0.366188,57847.8,178.671,105.06,1.36505,113.774,118.245,97.5234,88.877,31.55539505,43.44121951,21.26530187,22.64894737,40.4422937,61.39818182,0.676741972,2.949291273,0.826388889
1013_TME07-1_30x_Str_05B_xyz-4988-12549-399,TME07-1,D2,Male,CPi,CPi_vm,70.6557,68.046,5,143.58,114795,154.883,1.03199,224.93,3982.01,32,70,6,38,0.35119,144083,187.192,215.781,1.2018,123.194,125.59,92.8,84.2795,47.47724209,56.88114286,16.04582516,17.0515625,73.94580372,90.42184211,0.729876149,3.692082801,0.75625
1014_TME07-1_30x_Str_05B_xyz-5291-16566-88,TME07-1,D2,Male,CPc,CPc_d,75.0065,60.0471,6,102.4,110746,155.607,1.02985,209.96,3502.58,33,71,5,38,0.366955,145308,222.459,160.329,1.29699,112.484,127.894,91.7597,94.0666,42.71109704,49.32788732,14.67001364,18.10575758,67.06256419,76.44184211,0.776977294,4.685884572,0.801875
1015_TME07-1_30x_Str_05B_xyz-5347-8517-183,TME07-1,D1,Male,CPc,CPc_v,96.1965,84.3271,4,133.99,53793.2,220.581,1.03901,223.126,1902.85,14,31,3,17,0.395238,83113.5,310.954,158.576,1.50514,99.4971,113.878,78.3687,80.5927,51.27245915,61.37741935,34.82461258,38.55071429,64.81774456,80.17588235,0.719568304,3.523562414,0.819944598
1016_TME07-1_30x_Str_05B_xyz-5369-19096-133,TME07-1,D2,Male,CPc,CPc_d,90.2417,65.2508,4,74.97,85719,147.383,1.02569,238.96,2959.6,25,56,6,31,0.48,100344,174.148,145.86,1.18839,106.283,133.353,93.2604,91.2722,46.81042414,52.84482143,15.89119666,16.5536,71.74528502,82.11193548,0.820833154,6.148075074,0.842975207
1017_TME07-1_30x_Str_05B_xyz-5406-9296-196,TME07-1,D2,Male,CPc,CPc_v,79.2823,82.1752,3,58.33,48476,185.172,1.05112,252.74,1485.19,12,28,4,16,0.361111,63857.5,215.705,127.891,1.38415,119.392,118.868,95.2958,74.5035,38.09751968,53.03821429,27.20108121,29.01333333,46.26984853,71.056875,0.734236637,3.767744575,0.842592593
1018_TME07-1_30x_Str_05B_xyz-5469-9333-275,TME07-1,D2,Male,CPi,CPi_vm,63.3207,67.155,4,171.37,103664,148.017,1.02484,216.569,3357.41,23,53,7,30,0.246377,124134,169.718,190.559,1.18012,130.188,127.226,101.877,90.5528,55.21883793,63.34207547,16.12711552,16.68217391,85.18915844,99.11466667,0.792785868,5.1336315,0.790039063
1019_TME07-1_30x_Str_05B_xyz-5495-12046-244,TME07-1,D2,Male,CPc,CPi_vm,93.9185,73.4725,7,159.45,106516,162.062,1.0269,232.769,3788.69,27,62,8,35,0.31358,129700,193.272,182.02,1.18433,99.6183,121.722,100.008,98.2019,53.04685806,61.10258065,13.97774119,14.66222222,83.18589107,96.928,0.779452693,4.751281658,0.817384953
1020_TME07-1_30x_Str_05B_xyz-5496-19282-343,TME07-1,D1,Male,CPi,CPi_dm,69.5357,62.8808,7,111.1,104439,141.032,1.03103,225.62,3357.7,34,73,5,39,0.465966,124335,171.645,148.679,1.27605,123.256,132.858,93.4503,89.149,39.59472346,45.99123288,19.99829715,20.88941176,56.67878741,67.87487179,0.777357055,4.695812263,0.848899465
1021_TME07-1_30x_Str_05B_xyz-5500-20987-56,TME07-1,D2,Male,CPc,CPc_d,68.2339,71.6455,4,105.9,83421.9,150.607,1.02672,198.69,3168.97,27,63,9,36,0.282187,102756,159.203,143.931,1.22481,126.967,121.665,83.0488,88.293,43.93119451,50.29666667,19.08554666,20.34777778,62.5654304,72.75833333,0.768107592,4.464282536,0.799861496
1022_TME07-1_30x_Str_05B_xyz-5502-16160-235,TME07-1,D2,Male,CPc,CPi_dl,82.2752,62.3111,6,94.45,125656,156.529,1.02529,225.56,3597.27,30,64,4,34,0.348571,153994,194.453,200.042,1.26897,114.536,129.401,97.2769,106.621,48.79379861,56.201875,17.73180708,18.92966667,76.2014382,89.08911765,0.75511812,4.171817681,0.825617284
1024_TME07-1_30x_Str_05B_xyz-6035-8827-40,TME07-1,D2,Male,CPc,CPc_v,75.4464,55.7159,4,59.05,28557.6,130.719,1.02826,157.54,1400.85,16,40,8,24,0.3875,33970.2,149.364,113.58,1.2309,120.182,137.509,77.3509,73.3022,30.33092539,35.0155,14.9731626,16.709375,40.56943392,47.21958333,0.8107371,5.744213043,0.850591716
1025_TME07-1_30x_Str_05B_xyz-6108-10727-265,TME07-1,D2,Male,CPi,CPc_v,80.3059,75.1011,5,174.96,120764,156.481,1.02698,204.34,4208.22,34,75,7,41,0.372059,150514,206.143,186.575,1.25738,118.914,121.672,89.5404,95.3875,48.38348822,56.1048,20.49020167,22.16441176,71.51450633,84.2504878,0.747773718,4.021217646,0.786371011
1027_TME07-1_30x_Str_05B_xyz-6181-15170-224,TME07-1,D1,Male,CPc,CPi_dl,66.8396,60.1929,6,125.51,133766,158.4,1.02571,249.86,4026.93,35,77,7,42,0.463492,159567,190.675,210.022,1.32912,124.758,130.466,92.8592,88.4396,45.99029411,52.29272727,25.38525389,26.69828571,63.16116097,73.62142857,0.766476362,4.425563872,0.662190083
1030_TME07-1_30x_Str_05B_xyz-6446-13031-439,TME07-1,D2,Male,CPi,CPi_vl,83.1821,68.651,5,85.3,59152.2,126.418,1.0286,147.225,2403.98,22,51,7,29,0.366047,73030.3,155.023,162.68,1.23829,114.76,126.006,72.0825,75.5603,39.66900366,47.13156863,14.77929702,15.87318182,58.55085007,70.84482759,0.742035329,3.910162334,0.890738814
1031_TME07-1_30x_Str_05B_xyz-6453-9860-353,TME07-1,D1,Male,CPi,CPi_vl,86.4939,78.9872,6,127.85,101670,137.697,1.02788,199.641,3513.71,29,64,6,35,0.419951,125235,166.577,173.09,1.20363,112.58,120.57,75.1171,85.9441,47.23087269,54.89703125,17.02690227,17.76103448,72.25701961,85.66685714,0.757989346,4.233461745,0.838568298
1032_TME07-1_30x_Str_05B_xyz-6480-10486-316,TME07-1,D1,Male,CPi,CPi_vl,74.0852,72.4715,6,136.91,124120,134.641,1.02825,193.031,4299.05,37,80,6,43,0.40399,154287,184.333,163.326,1.22265,119.049,127.55,97.1867,93.3361,45.48459759,53.73275,13.49183805,14.07783784,73.01325116,87.8544186,0.732113374,3.730561121,0.840987654
1033_TME07-1_30x_Str_05B_xyz-6534-9317-68,TME07-1,D1,Male,CPc,CPc_v,89.663,63.1986,4,77.67,66486.1,169.299,1.02469,231.468,2311.25,21,50,8,29,0.404762,79276.2,199.706,157.906,1.31987,98.5113,126.711,71.0783,84.7163,40.59782489,46.2204,23.58516347,26.3347619,52.91733834,60.62034483,0.791847243,5.104924769,0.872008325
1034_TME07-1_30x_Str_05B_xyz-6543-14537-392,TME07-1,D2,Male,CPi,CPi_vl,59.8133,64.9088,6,122.4,101915,143.301,1.02892,182.928,3757.33,38,81,5,43,0.396491,126597,160.246,172.742,1.27054,133.356,127.103,90.8244,90.8164,39.07370754,46.38197531,14.6675937,15.36105263,60.64190117,73.79581395,0.727095559,3.645233126,0.76691358
1035_TME07-1_30x_Str_05B_xyz-6585-8468-74,TME07-1,D1,Male,CPc,CPc_v,84.4902,76.9994,4,94.45,64151,145.232,1.0536,216.46,2390.23,14,37,9,23,0.357143,85451.4,286.095,105.001,1.12603,108.244,118.527,80.0345,72.6243,47.63001011,64.59540541,19.96762039,21.62642857,64.46798646,90.75043478,0.73376382,3.759407454,0.84
1036_TME07-1_30x_Str_05B_xyz-6670-8037-95,TME07-1,D1,Male,CPc,CPc_v,66.4226,77.1861,4,110.86,71867.8,188.361,1.02371,234.02,2494.6,19,44,6,25,0.340852,85823.1,202.317,170.891,1.21393,132.024,128.825,99.4494,104.233,50.20076525,56.69045455,19.17583089,20.10473684,73.77971537,84.4956,0.791230932,5.086232105,0.838134431
1037_TME07-1_30x_Str_05B_xyz-6689-6307-418,TME07-1,D1,Male,CPi,CPi_vl,66.1313,53.907,4,133.81,38412.7,176.19,1.02312,181.26,1380.09,13,29,3,16,0.333333,44920.6,214.086,73.9611,1.23232,128.374,132.391,77.4849,74.785,41.40042159,47.58448276,15.91423404,16.52692308,62.10794897,72.81875,0.793369753,5.15163566,0.901234568
1038_TME07-1_30x_Str_05B_xyz-6715-9318-66,TME07-1,D2,Male,CPc,CPc_v,90.2869,70.5091,5,127.69,106427,184.067,1.02903,240.78,3373.64,29,65,7,36,0.542529,128999,214.061,213.86,1.28167,94.8915,124.568,80.8161,94.7258,45.13612844,51.89707692,19.32391618,20.94034483,65.92929943,76.83444444,0.784646205,4.893943825,0.878808864
1039_TME07-1_30x_Str_05B_xyz-6744-11033-442,TME07-1,D2,Male,CPi,CPi_vl,77.8623,56.2208,6,123.34,52043.4,128.302,1.02667,185.361,1934.18,18,41,5,23,0.606702,63660.7,158.653,116.767,1.32224,114.76,127.909,90.7969,86.3156,40.24713026,47.17,18.32742874,19.31944444,57.40167927,68.96608696,0.754064041,4.149588365,0.8656
1040_TME07-1_30x_Str_05B_xyz-6857-19532-357,TME07-1,D1,Male,CPi,CPi_dl,67.0759,62.2108,6,149.55,108789,169.718,1.02237,229.409,4023.84,37,80,6,43,0.436293,130114,187.91,178.82,1.23769,124.582,129.243,101.042,103.536,44.97385379,50.292875,17.29730395,18.26702703,68.78855946,77.85,0.794754713,5.194798182,0.821234568
1041_TME07-1_30x_Str_05B_xyz-6948-15961-244,TME07-1,D1,Male,CPi,CPi_dl,71.2313,77.2222,5,82.06,81326.9,144.262,1.02995,169.9,2316.35,26,54,2,28,0.325321,110040,174.702,181.89,1.34034,119.444,113.954,100.357,100.106,35.22842038,42.89037037,19.69739122,22.44461538,49.65009033,61.87571429,0.649498108,2.663574376,0.731111111
1042_TME07-1_30x_Str_05B_xyz-6988-8478-90,TME07-1,D1,Male,CPc,CPc_v,61.1543,69.7216,5,135.1,75149.6,175.798,1.02372,243.61,2023.43,15,32,2,17,0.307778,93186.4,212.868,167.369,1.2,127.913,121.129,85.8138,101.89,54.35134459,63.2278125,19.7555788,21.24866667,84.87702028,100.2682353,0.761183643,4.303982017,0.886426593
1043_TME07-1_30x_Str_05B_xyz-7115-14487-317,TME07-1,D1,Male,CPi,CPi_vl,86.6376,76.08,8,152.22,134377,165.39,1.0245,225.94,4366.06,41,86,4,45,0.453125,187328,202.892,173.85,1.38234,105.072,116.316,87.2619,87.1354,44.70904914,50.76232558,19.29955108,20.87219512,67.85992515,77.99555556,0.764652652,4.382983149,0.83567225
1044_TME07-1_30x_Str_05B_xyz-7158-16545-376,TME07-1,D1,Male,CPi,CPi_dl,76.014,66.4818,5,144.27,114741,142.914,1.02193,211.391,4094.24,37,83,9,46,0.295367,137044,159.874,140.898,1.26257,119.392,130.124,78.6618,76.9145,43.84478575,49.32337349,18.69819499,19.54810811,64.07139136,73.27304348,0.787683839,4.980997628,0.792100694
1045_TME07-1_30x_Str_05B_xyz-7176-6781-320,TME07-1,D1,Male,CPi,CPi_vl,56.2798,65.1889,4,120.58,48390.1,184.418,1.02407,270.49,1646.62,12,27,3,15,0.6,57896,206.478,151.851,1.25216,130.664,128.704,65.9663,65.6478,52.51770324,60.98074074,28.88907979,30.7375,71.420602,85.17533333,0.751342371,4.093159398,0.892733564
1047_TME07-1_30x_Str_05B_xyz-7265-19054-43,TME07-1,D2,Male,CPc,CPc_d,84.3188,71.9013,5,99.26,77061.5,145.694,1.02068,226.109,2737.69,25,56,6,31,0.548,95221.9,194.716,124.628,1.21327,109.909,122.228,87.8231,93.192,43.2651714,48.88142857,14.93345054,15.4984,66.11333338,75.80322581,0.818902504,6.066953147,0.797979798
1049_TME07-1_30x_Str_05B_xyz-7313-11251-62,TME07-1,D1,Male,CPc,CPc_v,87.466,75.6129,7,114.78,162445,177.463,1.02431,213.039,5120.43,58,122,6,64,0.403708,206450,222.707,185.451,1.42685,104.497,116.266,95.1403,86.71,37.10358369,41.96581967,18.42524887,19.6587931,54.03082463,62.1815625,0.766229633,4.419759882,0.690312213
1050_TME07-1_30x_Str_05B_xyz-7362-6817-222,TME07-1,D1,Male,CPi,CPi_vl,60.2108,66.3947,4,149.78,50397.2,152.626,1.02827,188.999,1812.65,17,37,3,20,0.380952,61055.1,180.569,158.288,1.23699,131.166,128.845,82.1439,82.8346,42.40654122,48.98540541,13.95191327,14.35352941,66.59297498,78.4225,0.776339312,4.669291032,0.863636364
1052_TME07-1_30x_Str_05B_xyz-7492-9920-74,TME07-1,D2,Male,CPc,CPc_v,59.7656,60.2809,5,120.4,99969,140.99,1.03336,183.212,3352.16,29,63,5,34,0.445977,120387,163.698,216.351,1.19812,133.943,130.741,94.7927,95.5465,45.47952495,53.20349206,13.29524347,13.87896552,72.93082387,86.745,0.774910915,4.632518909,0.847222222
1054_TME07-1_30x_Str_05B_xyz-7698-13325-345,TME07-1,D2,Male,CPi,CPi_vl,80.7446,60.956,5,112.78,106766,149.377,1.0255,214.302,3586.12,31,66,4,35,0.346697,134615,202.808,189.512,1.18786,105.232,126.472,93.8383,94.1924,46.69074408,54.33030303,11.6027428,12.31129032,77.76868808,91.54714286,0.781239776,4.799520106,0.887509131
1055_TME07-1_30x_Str_05B_xyz-7719-11796-267,TME07-1,D2,Male,CPi,CPc_v,67.1943,62.38,6,129.12,117560,149.339,1.03003,233.86,4952.24,38,85,9,47,0.433288,145803,186.002,172.021,1.21592,123.611,128.048,100.094,90.8689,50.40517057,58.25658824,16.33219674,17.52736842,77.95353239,91.18659574,0.78333345,4.857163349,0.72303207
1058_TME07-1_30x_Str_05B_xyz-8129-11849-392,TME07-1,D1,Male,CPi,CPi_vl,62.853,66.4052,4,130.58,111303,150.21,1.0275,196.507,3652.43,30,70,10,40,0.27037,132450,182.41,179.274,1.33333,132.622,127.513,92.2416,86.1079,44.97342275,52.17228571,29.76407767,32.311,56.38043155,67.06825,0.777098132,4.689039441,0.820294785
1059_TME07-1_30x_Str_05B_xyz-8456-13056-34,TME07-1,D2,Male,CPc,CPc_i,78.257,56.8738,5,89.22,38579.6,112.07,1.03032,152.78,1742.64,20,47,7,27,0.382143,46024.4,133.604,116.68,1.2429,112.756,125.688,86.419,87.7312,32.26262467,37.07212766,14.51716061,15.558,45.40741286,53.00851852,0.800858843,5.393033572,0.775267539
1060_TME07-1_30x_Str_05B_xyz-8483-11090-376,TME07-1,D1,Male,CPi,CPi_vl,69.6425,63.2564,5,133.17,103963,144.126,1.02448,197.01,3646.88,36,78,6,42,0.36821,123284,162.489,179.71,1.26377,121.812,128.921,94.5785,89.4056,41.55536571,46.75025641,17.44507671,18.41111111,62.22132772,71.04095238,0.791404264,5.091476814,0.851756198
1061_TME07-1_30x_Str_05B_xyz-8542-17177-396,TME07-1,D2,Male,CPi,CPi_dl,77.2959,67.2988,4,77.24,44385.4,143.26,1.03259,232.87,1524.25,12,26,2,14,0.234127,55508.6,193.652,136.132,1.12736,114.159,127.167,108.151,102.508,50.07259037,58.62,12.32838019,12.70166667,82.42477053,97.97857143,0.778677804,4.730634765,0.9140625
1062_TME07-1_30x_Str_05B_xyz-8599-15946-373,TME07-1,D1,Male,CPi,CPi_dl,80.2434,73.1865,4,118.73,65739.9,157.073,1.01993,231.689,2103.62,16,36,4,20,0.375,83432.1,177.964,153.502,1.19178,109.677,127.708,77.7767,93.6188,51.57249763,58.42833333,16.74903484,17.460625,79.43126787,91.2025,0.743299425,3.934153051,0.803719008
1063_TME07-1_30x_Str_05B_xyz-8610-14426-172,TME07-1,D2,Male,CPc,CPc_i,68.5914,57.7961,6,102.28,93249.8,146.995,1.02482,209.5,3421.09,34,73,5,39,0.290383,114184,186.821,144.83,1.23463,120.505,133.183,88.9587,87.5794,41.29328337,46.86013699,17.39311635,18.67852941,62.12932641,71.42871795,0.791821112,5.104129737,0.768590125
1064_TME07-1_30x_Str_05B_xyz-8707-16761-435,TME07-1,D1,Male,CPi,CPi_dl,94.842,83.701,6,61.83,40339.4,166.975,1.02433,264.09,1363.49,11,27,5,16,0.357576,51189,186.394,182.85,1.16014,102.284,114.686,88.9608,85.137,44.70485438,50.49481481,15.78791394,16.39727273,64.58525094,73.936875,0.770971286,4.533741582,0.87962963
1065_TME07-1_30x_Str_05B_xyz-8748-13234-355,TME07-1,D2,Male,CPi,CPi_vl,87.8212,79.2844,8,127.85,136336,144.013,1.02803,196.16,4671.62,53,112,6,59,0.505938,184138,207.09,172.972,1.50049,104.037,114.928,99.0097,82.375,35.49940747,41.70651786,16.86808476,18.98226415,52.2360194,62.11983051,0.731781945,3.724815911,0.679118517
1066_TME07-1_30x_Str_05B_xyz-8754-12129-213,TME07-1,D2,Male,CPc,CPc_v,68.7978,65.7875,6,141.78,96268.8,144.196,1.02336,187.054,3292.16,37,77,3,40,0.372668,117666,179.06,185.491,1.30027,126.18,128.372,87.8223,88.4602,37.86655413,42.75,13.51975021,14.37513514,60.38734775,68.99675,0.754511459,4.158997963,0.813492063
1067_TME07-1_30x_Str_05B_xyz-8801-10203-435,TME07-1,D1,Male,CPi,CPi_vl,85.1571,66.4404,5,87.06,59956.6,136.84,1.02205,212.069,2516.27,24,54,6,30,0.287037,72940.8,159.624,158.839,1.19829,107.112,127.263,93.7499,94.2475,41.59015065,46.59222222,14.43072028,15.43708333,63.31769495,71.51633333,0.8016083,5.418311823,0.858398438
1068_TME07-1_30x_Str_05B_xyz-8823-15687-431,TME07-1,D2,Male,CPi,CPi_dl,72.196,60.5231,6,105.29,72200.8,131.851,1.02897,179.82,2484.32,27,58,4,31,0.504762,87942.7,166.022,176.601,1.23519,117.914,132.43,97.3736,92.4806,36.84464952,42.82793103,13.20695194,13.64185185,57.4323216,68.24806452,0.759715882,4.27131935,0.8815427
1069_TME07-1_30x_Str_05B_xyz-8995-8554-150,TME07-1,D1,Male,CPc,CPc_v,77.1289,73.3657,5,152.63,126481,145.912,1.03031,226.681,4199.57,34,73,5,39,0.443487,155064,172.763,193.787,1.17271,120.01,126.106,98.2688,96.0812,48.95784244,57.5230137,13.60229415,14.10382353,79.78062813,95.37564103,0.762622967,4.336448511,0.895300416
1070_TME07-1_30x_Str_05B_xyz-9047-14928-46,TME07-1,D1,Male,CPc,CPc_i,74.1541,61.786,6,115.35,89333.6,155.362,1.02404,202.882,3147.89,32,70,6,38,0.492188,107851,176.278,173.305,1.36285,116.303,127.568,87.527,82.2565,39.4030204,44.96514286,17.68847305,18.748125,57.68895501,67.04263158,0.779644819,4.756425878,0.78
1071_TME07-1_30x_Str_05B_xyz-9178-13106-358,TME07-1,D2,Male,CPi,CPi_vl,76.1472,79.7944,5,117.11,55679.3,115.638,1.03761,177.092,2255.58,20,45,5,25,0.426667,73133.3,143.369,140.228,1.20364,121.229,122.492,83.0721,79.6141,41.00554036,50.11866667,13.38628143,14.409,63.1009475,78.6864,0.693171225,3.148707772,0.88340192
1072_TME07-1_30x_Str_05B_xyz-9261-11936-171,TME07-1,D1,Male,CPc,CPc_v,71.7173,59.5225,6,145.93,117590,144.575,1.02587,217.11,4076.24,35,75,5,40,0.401429,140087,181.924,170.21,1.22181,124.362,132.422,87.9477,83.6295,47.5032315,54.3452,16.14750871,16.89114286,74.93948895,87.1175,0.791333765,5.089342479,0.83276644
1073_TME07-1_30x_Str_05B_xyz-9308-16798-372,TME07-1,D2,Male,CPi,CPi_dl,72.8203,71.1983,4,123.32,105425,155.69,1.02859,184.276,3258.79,29,63,5,34,0.279693,134126,198.184,218.789,1.24369,118.04,119.724,97.5848,92.5566,44.07076061,51.72222222,18.58202172,19.85517241,65.81115555,78.90294118,0.753881795,4.14576645,0.80632716
1074_TME07-1_30x_Str_05B_xyz-9366-10693-394,TME07-1,D2,Male,CPi,CPi_vl,61.5612,63.7652,5,123.72,100979,131.547,1.02845,201.9,3313.16,29,63,5,34,0.380788,119483,148.001,157.29,1.23041,130.806,130.773,88.0453,94.2636,45.05753492,52.58396825,14.39266783,15.03655172,71.21286273,84.60970588,0.78157539,4.808677429,0.913580247
1075_TME07-1_30x_Str_05B_xyz-9605-14694-375,TME07-1,D1,Male,CPi,CPi_vl,89.8241,66.7128,6,137.52,133299,164.535,1.0307,256.51,4211.41,43,90,4,47,0.388624,161755,186.808,185.791,1.35571,103.199,128.576,81.3951,91.1702,40.73582903,46.78911111,19.00070131,20.82395349,60.62115864,70.54446809,0.778742221,4.73234503,0.833402749
1076_TME07-1_30x_Str_05B_xyz-9740-15456-203,TME07-1,D1,Male,CPc,CPc_i,56.3037,51.0728,4,103.85,72073.5,165.639,1.02253,227.45,2495.87,19,44,6,25,0.239766,86001.8,202.268,192.454,1.21503,131.298,133.315,87.6062,95.0864,50.54801493,56.71977273,22.85951516,23.82684211,71.59127476,81.7184,0.816854448,5.982982436,0.862825789
1077_TME07-1_30x_Str_05B_xyz-9847-15708-190,TME07-1,D1,Male,CPc,CPc_i,68.221,63.4865,5,152.47,102076,135.276,1.02421,206.953,3640.26,29,65,7,36,0.405583,121967,173.787,191.306,1.16992,123.704,130.014,90.9295,88.4613,49.2988696,55.99846154,18.22360829,18.90827586,74.33171898,85.87666667,0.791353678,5.089945177,0.841412742
1079_TME07-1_30x_Str_05B_xyz-10612-14742-359,TME07-1,D1,Male,CPi,CPi_vl,79.2756,69.7145,5,143.81,119052,144.959,1.02746,186.922,3896.6,36,78,6,42,0.373677,152392,185.41,191.202,1.28554,118.935,123.311,92.968,95.6132,43.62726189,49.95089744,18.89819212,20.18527778,64.82360742,75.46428571,0.739443726,3.861784886,0.777892562
1080_TME07-1_30x_Str_05B_xyz-10708-12594-434,TME07-1,D1,Male,CPi,CPi_vl,84.9269,68.5005,7,102.49,49619.7,140.982,1.0277,186.52,2004.53,19,43,5,24,0.349373,68700.4,226.692,158.809,1.35431,106.033,123.256,87.7883,78.5349,39.81382462,46.61232558,20.94385317,23.40157895,54.75255203,64.9875,0.731228269,3.715253151,0.852071006
1081_TME07-1_30x_Str_05B_xyz-10994-15414-100,TME07-1,D1,Male,CPc,CPc_i,84.9358,61.3262,8,160.61,153636,152.207,1.02876,245.21,4835.94,44,94,6,50,0.425685,198443,281.918,145.212,1.38377,101.699,122.803,96.5137,93.939,43.92340668,51.44095745,21.29973948,23.72113636,63.83223381,75.8344,0.814177588,5.876341029,0.852071006
1083_TME07-1_30x_Str_06A_xyz-2086-6533-350,TME07-1,D2,Male,CPc,CPc_v,73.1321,59.0417,5,42.69,51257.8,149.712,1.03233,218.17,1857.06,14,33,5,19,0.392857,64369.9,170.037,143.52,1.13983,109.987,116.48,92.0787,78.2226,46.7547387,56.26878788,16.7691795,17.80214286,68.84936126,84.61263158,0.747157619,4.009025755,0.907029478
1084_TME07-1_30x_Str_06A_xyz-2429-6689-211,TME07-1,D2,Male,CPc,CPc_v,72.7807,60.4859,6,134.5,105258,148.06,1.02741,209.279,4033.29,40,85,5,45,0.422262,126835,172.459,163.01,1.20633,121.609,131.322,97.6854,93.6311,41.1959349,47.44541176,12.99295654,13.279,66.26524899,77.81555556,0.799198138,5.337769404,0.765957447
1087_TME07-1_30x_Str_06A_xyz-2709-4564-53,TME07-1,D1,Male,CPc,CPc_v,80.6058,65.3739,7,84.07,69040,174.043,1.02992,243.87,2258.07,18,41,5,23,0.448052,97880.8,229.871,123.154,1.30171,115.744,120.663,84.8367,98.4226,46.29376451,55.0697561,21.83275449,24.14222222,65.43716365,79.27391304,0.731530102,3.720460793,0.9088
1088_TME07-1_30x_Str_06A_xyz-2830-5879-311,TME07-1,D1,Male,CPc,CPc_v,71.966,58.2086,6,162.09,138161,162.318,1.02471,251.823,5048.97,35,80,10,45,0.367143,160602,192.253,209.481,1.17475,122.57,136.417,101.98,100.626,55.93829314,63.107125,20.60278764,21.45485714,83.42146408,95.50333333,0.825689092,6.361003897,0.818922589
1089_TME07-1_30x_Str_06A_xyz-2930-5049-367,TME07-1,D1,Male,CPc,CPc_v,90.2907,70.861,6,131.78,100576,146.824,1.03196,216.461,3538.56,32,72,8,40,0.473264,133412,251.777,168.581,1.45676,103.848,121.526,93.7744,89.732,42.43952061,49.14152778,23.14379425,25.415,57.8761017,68.12275,0.800153982,5.369452386,0.870748299
1091_TME07-1_30x_Str_06A_xyz-3471-7723-393,TME07-1,D1,Male,CPc,CPc_i,82.8994,62.3076,5,136.37,144928,154.583,1.02106,194.68,4619.4,45,98,8,53,0.279824,172452,169.173,183.962,1.26026,112.125,130.347,84.5023,85.9797,41.80440716,47.13214286,17.9661773,19.04444444,62.04441364,70.98018868,0.81101524,5.754695324,0.795702479
1093_TME07-1_30x_Str_06A_xyz-3680-3568-147,TME07-1,D1,Male,CPc,CPc_v,72.1547,64.8903,5,115.23,66517.4,186.662,1.02219,278.6,2023.5,16,36,4,20,0.464583,80370.8,199.001,151.683,1.21191,124.449,127.964,90.4001,83.5164,49.42642194,56.20333333,19.04526477,20.136875,73.73134768,85.0565,0.768990328,4.485489004,0.861570248
1094_TME07-1_30x_Str_06A_xyz-3750-3769-111,TME07-1,D2,Male,CPc,CPc_v,74.0674,63.5193,7,133.81,106668,188.428,1.02085,202.282,3331.2,32,70,6,38,0.470548,127383,211.424,205.858,1.41933,120.386,125.503,77.0018,87.2975,42.34337982,47.58357143,24.4587102,26.183125,57.40415423,65.605,0.793684208,5.161379034,0.820625
1095_TME07-1_30x_Str_06A_xyz-3932-8586-101,TME07-1,D2,Male,CPc,CPc_i,91.8935,72.5512,5,123.35,83344.7,129.479,1.03621,196.84,3220.63,28,63,7,35,0.379437,108077,154.251,148.21,1.23795,103.44,115.893,98.385,99.347,43.49010914,51.11650794,16.17370863,17.81142857,65.34322955,77.76057143,0.751697459,4.100443541,0.837837838
1097_TME07-1_30x_Str_06A_xyz-4355-1880-316,TME07-1,D2,Male,CPc,CPc_v,77.077,67.3934,6,52.84,34888.6,128.876,1.04036,185.379,1482.41,15,33,3,18,0.388148,49689.5,196.859,144.964,1.30084,119.964,117.253,111.72,93.7256,35.5048545,44.91666667,16.57944279,18.312,51.27603092,67.08722222,0.693682819,3.155296595,0.8375
1098_TME07-1_30x_Str_06A_xyz-4598-3915-400,TME07-1,D1,Male,CPc,CPc_v,63.236,67.2684,5,134.9,137272,171.4,1.02285,253.821,4418.02,36,81,9,45,0.301852,160955,187.651,184.511,1.21626,131.219,128.895,89.3151,90.0534,48.50619296,54.53888889,17.63247911,18.1525,73.20516404,83.648,0.811744968,5.782361013,0.763693979
1099_TME07-1_30x_Str_06A_xyz-4770-11103-130,TME07-1,D1,Male,CPc,CPc_d,86.0296,61.9458,5,156.65,110251,146.013,1.02451,193.229,4203.1,30,72,12,42,0.353889,131649,173.759,193.249,1.18811,104.034,130.389,100.11,86.9104,51.45077428,58.37180556,18.34674142,19.47466667,75.09651205,86.15547619,0.80733258,5.618639584,0.776342975
1100_TME07-1_30x_Str_06A_xyz-4864-4524-423,TME07-1,D2,Male,CPc,CPc_v,77.9655,58.8235,7,84.36,53325.2,142.46,1.03257,209.031,1991.43,21,45,3,24,0.458239,66202.5,163.606,138.66,1.30789,116.061,124.054,94.8139,91.0558,37.69756375,44.24933333,16.747307,18.5347619,56.0290384,66.74958333,0.719291813,3.51923071,0.850591716
1101_TME07-1_30x_Str_06A_xyz-4958-9257-160,TME07-1,D1,Male,CPc,CPc_i,68.7794,60.0407,5,169.32,112880,149.092,1.02192,196.063,3923.36,28,64,8,36,0.428571,130565,167.187,194.314,1.16435,127.209,134.236,79.1419,81.7248,54.75518774,61.29734375,16.88256803,17.59392857,84.21166973,95.28888889,0.829582301,6.54153271,0.881578947
1102_TME07-1_30x_Str_06A_xyz-4985-4971-52,TME07-1,D2,Male,CPc,CPc_v,89.9942,73.9692,6,109.09,84093.5,132.768,1.02922,201.031,3013.93,32,68,4,36,0.464763,107600,185.865,182.79,1.40386,107.573,126.095,74.6276,81.5369,38.48148968,44.31720588,15.65645316,17.0815625,58.77041104,68.52666667,0.757576084,4.224489099,0.860803324
1103_TME07-1_30x_Str_06A_xyz-5024-11645-361,TME07-1,D1,Male,CPc,CPc_d,89.6354,71.9112,6,137.6,102975,175.459,1.02524,224.304,4004.5,35,80,10,45,0.50034,122123,193.543,164.928,1.26041,102.71,121.648,85.6156,88.9543,44.2266351,50.0505,18.60329837,19.92685714,64.155897,73.48,0.794876094,5.198612027,0.67904029
1104_TME07-1_30x_Str_06A_xyz-5520-1643-52,TME07-1,D1,Male,CPc,CPc_v,78.0226,62.0153,6,89.71,55449.3,134.182,1.02626,194.251,2888.11,32,70,6,38,0.43971,68649.2,154.91,148.269,1.32266,114.023,131.246,99.4182,91.4393,36.29677961,41.25371429,18.52453115,19.550625,51.26288358,59.53,0.783101417,4.850713868,0.87375
1105_TME07-1_30x_Str_06A_xyz-5876-1093-340,TME07-1,D1,Male,CPc,CPc_v,79.2919,66.6262,5,76.81,56574.1,175.321,1.01978,198.369,1695.44,15,33,3,18,0.44,75917,217.358,152.663,1.40958,115.484,119.356,94.7382,78.8008,46.40073518,51.37181818,28.60654478,30.33066667,61.22922718,68.90611111,0.806355014,5.583492206,0.935
1106_TME07-1_30x_Str_06A_xyz-5879-11821-327,TME07-1,D1,Male,CPc,CPc_d,49.2216,47.4981,3,46.12,62086.2,168.145,1.0289,217.94,1821.01,11,29,7,18,0.636364,72794.5,210.265,135.2,1.17882,143.449,133.719,99.6511,110.815,51.86905816,62.78758621,19.54126521,20.21090909,71.62493163,88.80666667,0.799723808,5.355151828,0.87
1108_TME07-1_30x_Str_06A_xyz-6088-1494-375,TME07-1,D2,Male,CPc,CPc_v,71.228,64.7148,3,102.06,49755.4,151.735,1.03012,224.55,1767.15,11,26,4,15,0.136364,61056.7,166.744,140.14,1.09917,121.704,114.73,89.6463,90.3227,57.47911781,67.96230769,15.44444175,16.00363636,88.30454693,106.0653333,0.76478154,4.385968359,0.91349481
1109_TME07-1_30x_Str_06A_xyz-6096-1097-183,TME07-1,D1,Male,CPc,CPc_v,82.6158,68.0507,5,111.48,67114.1,125.997,1.02929,184.74,3047.07,29,66,8,37,0.426437,80034.8,143.097,144.542,1.21662,108.577,124.974,90.184,86.6307,40.70908877,46.16272727,16.45370781,17.22482759,59.72006303,68.84378378,0.801723635,5.422220864,0.813280736
1110_TME07-1_30x_Str_06A_xyz-6181-2154-80,TME07-1,D2,Male,CPc,CPc_v,85.3953,70.5155,4,83.33,58247.4,201.458,1.03145,208.94,2714.66,30,69,9,39,0.276667,70892.6,247.16,139.869,1.27715,107.007,123.734,90.7472,95.836,34.56947715,39.33811594,17.49293376,18.90666667,47.70527976,55.05461538,0.771091445,4.536698368,0.687685901
1111_TME07-1_30x_Str_06A_xyz-6233-13389-102,TME07-1,D1,Male,CPc,CPc_d,76.3888,64.855,7,91.71,79336.9,162.413,1.0302,175.729,3349.88,32,73,9,41,0.522491,96117.5,188.386,151.61,1.27018,114.713,128.57,88.8632,86.7544,39.58156472,45.88383562,13.73800647,14.475625,59.75214678,70.39756098,0.788827655,5.014501713,0.676041103
1112_TME07-1_30x_Str_06A_xyz-6326-3013-52,TME07-1,D1,Male,CPc,CPc_v,73.0106,80.3508,5,85.53,36540,148.077,1.02524,176.76,1564.26,18,40,4,22,0.316667,48090.3,183.758,129.43,1.35,125.499,120.457,90.8527,78.3268,34.43452987,39.1015,17.84181678,19.23833333,48.01038603,55.35318182,0.720302168,3.535105676,0.788194444
1113_TME07-1_30x_Str_06A_xyz-6337-13711-331,TME07-1,D1,Male,CPc,CPc_d,84.9619,67.7259,4,37.4,52995.2,158.377,1.0308,243.51,1875.43,16,38,6,22,0.308333,63621.7,183.654,106.28,1.28485,106.762,122.15,95.7964,92.1535,42.76400918,49.34789474,20.05384072,21.848125,59.28049534,69.34772727,0.811851197,5.786408364,0.859375
1115_TME07-1_30x_Str_06A_xyz-6542-10803-106,TME07-1,D1,Male,CPc,CPc_d,82.9439,56.8924,7,75.33,141181,182.415,1.01952,214.042,4372.03,44,95,7,51,0.412407,168590,212.099,251.46,1.33811,107.321,131.541,92.3789,88.5948,41.46601981,46.01673684,19.91977288,21.28431818,60.05493872,67.3545098,0.828072678,6.470447198,0.705945176
1117_TME07-1_30x_Str_06A_xyz-6733-8822-163,TME07-1,D1,Male,CPc,CPc_i,60.4219,74.4367,7,88.11,83046.3,138.966,1.02361,199.49,2996.51,31,66,4,35,0.526381,105869,170.955,168.198,1.43535,133.423,121.048,84.1486,86.1861,39.71029296,45.39681818,18.14166255,19.50322581,58.81393704,68.33114286,0.717696139,3.494415194,0.815193572
1119_TME07-1_30x_Str_06A_xyz-6835-6198-446,TME07-1,D1,Male,CPc,CPc_i,77.1106,64.477,6,111.3,86021.2,142.474,1.02296,189.02,3362.94,34,73,5,39,0.48219,103199,162.39,171.87,1.3177,115.557,124.297,93.0218,97.8178,41.18924834,46.06246575,16.7890654,17.76382353,62.4612027,70.73307692,0.795518966,5.218895557,0.809637121
1120_TME07-1_30x_Str_06A_xyz-6863-2397-397,TME07-1,D2,Male,CPc,CPc_v,87.3782,63.9493,5,113.37,51612.9,108.13,1.03202,134.417,2619.42,26,60,8,34,0.383883,61796.2,149.602,148.76,1.21654,112.02,129.775,76.5979,85.6424,36.79839019,43.652,16.74943552,17.67115385,52.12994377,63.51970588,0.79605679,5.23597429,0.881944444
1125_TME07-1_30x_Str_06A_xyz-7023-2129-167,TME07-1,D1,Male,CPc,CPc_v,75.6624,63.7153,5,103.5,47406.6,139.34,1.02837,168.378,1923.63,21,47,5,26,0.339683,59324.1,170.126,147.732,1.31274,116.045,129.967,106.688,96.7317,35.75393764,40.92255319,20.75809182,22.56333333,47.86596695,55.75115385,0.742246391,3.914149818,0.887755102
1126_TME07-1_30x_Str_06A_xyz-7102-7520-409,TME07-1,D2,Male,CPc,CPc_d,86.6159,69.8423,6,126.17,61891.5,116.901,1.02941,163.119,2903.76,28,63,7,35,0.384524,79185,166.657,147.132,1.23047,102.692,116.264,88.1665,86.9875,39.79513028,46.08619048,14.99036677,16.22357143,59.63894108,69.97628571,0.744985387,3.966561537,0.833455077
1129_TME07-1_30x_Str_06A_xyz-7315-2224-243,TME07-1,D2,Male,CPc,CPc_v,90.8956,67.1295,5,92.07,40047.8,109.271,1.02529,140.062,1887.36,23,52,6,29,0.355797,49961.7,142.104,124.344,1.38897,100.838,123.528,80.2808,81.4107,32.13444877,36.29,18.70106026,20.40478261,42.78851552,48.88862069,0.749328374,4.052278699,0.849115505
1131_TME07-1_30x_Str_06A_xyz-7346-7696-358,TME07-1,D1,Male,CPc,CPc_d,56.1635,49.7851,4,79.86,61958.7,165.824,1.01997,248.69,1649.83,13,30,4,17,0.410256,73739.6,194.328,145.74,1.30485,135.539,134.875,99.1325,77.3845,47.70226451,54.98966667,27.67691023,29.30384615,63.01577073,74.63176471,0.735477537,3.78978254,0.828254848
1133_TME07-1_30x_Str_06A_xyz-7397-1328-119,TME07-1,D1,Male,CPc,CPc_v,89.0245,67.9749,3,91.26,70129.2,172.574,1.02416,247.079,2183.69,17,39,5,22,0.294118,82119,226.462,211.476,1.26627,98.3986,125.394,89.9557,99.844,50.69167646,55.98641026,32.88614583,34.95882353,64.45049559,72.235,0.822744159,6.230316921,0.796875
1134_TME07-1_30x_Str_06A_xyz-7417-12810-246,TME07-1,D1,Male,CPc,CPc_d,80.051,61.8666,6,91.7,120637,170.237,1.02609,227.839,3996.17,37,82,8,45,0.305277,142861,182.018,157.678,1.29933,109.615,128.011,99.7073,103.219,42.88188441,48.72853659,16.20208879,17.43756757,64.81860526,74.45666667,0.814663697,5.895451331,0.678134903
1135_TME07-1_30x_Str_06A_xyz-7652-8098-361,TME07-1,D1,Male,CPc,CPc_d,81.0194,70.1437,5,44.64,55397.9,125.777,1.02233,197.24,1942.47,25,55,5,30,0.365714,76233,247.64,149.551,1.64303,105.263,115.161,95.8096,100.656,31.70021513,35.31272727,22.97627933,24.52,38.97016163,44.30666667,0.688427868,3.088752928,0.759765625
1139_TME07-1_30x_Str_06A_xyz-7869-14076-388,TME07-1,D1,Male,CPc,CPc_d,81.1716,57.7066,6,99.73,94428.1,144.516,1.01851,225.3,3354.17,28,67,11,39,0.432143,109442,164.316,148.341,1.20766,107.22,131.325,83.7621,78.7081,45.75400834,50.05671642,15.95051313,16.93785714,67.15138952,73.83435897,0.863559336,8.615182013,0.788221297
1141_TME07-1_30x_Str_06A_xyz-8974-12633-387,TME07-1,D1,Male,CPc,CPc_d,68.7039,76.3177,5,127.85,81519.5,144.531,1.0254,217.76,2944.81,29,64,6,35,0.440066,97628,169.228,170.199,1.24448,119.404,120.405,83.9584,81.6931,40.37947927,46.00734375,16.18011928,17.0037931,60.43037754,70.03885714,0.765749422,4.408502528,0.815193572
1143_TME07-1_30x_Str_06A_xyz-9135-11695-378,TME07-1,D1,Male,CPc,CPc_d,76.9566,80.6219,6,41.96,27236.9,99.7405,1.02802,139.9,1313.04,17,38,4,21,0.529412,39901.5,138.491,92.5599,1.4,117.84,115.556,72.9834,88.6909,28.88745817,34.54921053,15.32303942,16.96941176,39.86817811,48.78047619,0.602719112,2.271760517,0.843100189
1144_TME07-1_30x_Str_06A_xyz-9368-12209-381,TME07-1,D1,Male,CPc,CPc_d,81.5079,80.2885,4,108.09,71569.4,133.123,1.02543,185.844,3118.21,27,63,9,36,0.466049,88186.9,157.471,160.593,1.19551,112.634,118.907,102.221,107.137,43.35820917,49.48984127,15.46418956,16.07703704,64.27872387,74.54944444,0.749407175,4.053864506,0.825484765
1145_TME07-1_30x_Str_06A_xyz-9753-11021-414,TME07-1,D1,Male,CPc,CPc_d,84.093,76.6773,6,53.91,40030.1,131.289,1.03223,161.139,1606.85,21,47,5,26,0.415079,53005.6,153.797,124.169,1.46577,113.436,115.076,84.9186,68.6398,29.65320678,34.18340426,19.42291687,20.90285714,37.91613325,44.91,0.698596006,3.219831674,0.863520408
1154_TME07-1_30x_Str_06B_xyz-1245-14696-365,TME07-1,D2,Male,CPc,CPc_d,81.8229,72.394,6,74.96,71698.2,162.455,1.02862,194.17,2729.15,24,54,6,30,0.493651,95563.2,178.294,161.09,1.26744,111.213,115.168,85.4237,90.9178,42.77721348,50.53444444,16.79843669,18.24333333,63.56023491,76.36733333,0.731138743,3.713711019,0.760742188
1155_TME07-1_30x_Str_06B_xyz-1330-14285-196,TME07-1,D2,Male,CPc,CPc_d,67.3113,52.6381,4,38.8,53406.6,242.34,1.02315,285.25,1514.81,12,27,3,15,0.291667,61259.7,259.412,168.302,1.24431,119.317,133.142,99.3039,106.066,49.55258242,56.09925926,14.12819176,14.76,77.89209494,89.17066667,0.834654502,6.791021307,0.920415225
1156_TME07-1_30x_Str_06B_xyz-1445-15385-397,TME07-1,D1,Male,CPc,CPc_d,92.2386,82.8884,5,49.58,30868.6,126.509,1.04099,87.9002,1280.3,12,28,4,16,0.480159,42178.9,192.274,158.892,1.2188,104.631,96.7196,82.1102,73.64,36.21897922,45.72,13.35846637,14.84083333,53.36436386,68.879375,0.678152048,2.965528635,0.722222222
1159_TME07-1_30x_Str_06B_xyz-2409-15505-329,TME07-1,D2,Male,CPc,CPc_d,69.5806,56.3998,5,67.38,74407.3,134.906,1.02472,221.161,2647.86,24,56,8,32,0.45,87632.8,159.31,154.78,1.28668,122.82,132.157,89.4166,93.6847,41.39181596,47.2775,18.80097377,20.04708333,58.3349476,67.7003125,0.805166793,5.541300511,0.785467128
1160_TME07-1_30x_Str_06B_xyz-2652-7487-409,TME07-1,D1,Male,CPc,CPc_v,77.9098,58.6987,4,35.95,54267,206.443,1.01664,292.48,1444.5,11,25,3,14,0.409091,61091.8,223.594,202.51,1.31743,109.062,138.414,51.2323,44.11,53.04750283,57.7752,29.97571723,31.57454545,71.17533437,78.36142857,0.853052165,7.859169722,0.88671875
1161_TME07-1_30x_Str_06B_xyz-2739-4214-415,TME07-1,D1,Male,CPc,CPc_v,69.4934,76.282,4,101.75,46649.4,127.507,1.03181,168.83,1839.59,19,44,6,25,0.235589,56194.4,161.812,137.4,1.32793,124.809,125.469,100.338,98.4742,36.18155797,41.80477273,22.76259574,24.62210526,46.37996927,54.8636,0.762770403,4.339798941,0.88340192
1162_TME07-1_30x_Str_06B_xyz-2824-5053-409,TME07-1,D1,Male,CPc,CPc_v,71.5578,52.1943,3,79.02,56596.1,157.542,1.03197,191.1,2290.94,18,44,8,26,0.37037,66125.7,183.284,162.08,1.19752,117.963,136.157,81.4506,72.6438,44.25779791,52.06204545,19.22082494,21.025,61.59108689,73.54923077,0.800300464,5.374337686,0.818877551
1164_TME07-1_30x_Str_06B_xyz-2990-4352-364,TME07-1,D2,Male,CPc,CPc_v,84.9817,66.4499,4,97.85,34468.2,109.181,1.03128,141.299,1450.82,15,34,4,19,0.288889,43771,148.045,118.218,1.27961,112.09,128.174,75.0395,77.9919,36.14241148,42.66588235,19.05957846,20.70266667,49.6288586,60.00526316,0.705380073,3.31285555,0.900226757
1169_TME07-1_30x_Str_06B_xyz-3379-13634-33,TME07-1,D1,Male,CPc,CPc_d,73.8319,81.1985,5,59.37,41397,145.327,1.0218,182.661,1618.05,19,43,5,24,0.570175,54163.7,160.628,118.281,1.53363,116.621,111.11,91.1022,89.5856,33.77053515,37.62395349,23.42237253,25.47736842,41.96283056,47.24,0.705686403,3.317167882,0.872781065
1171_TME07-1_30x_Str_06B_xyz-3527-15496-360,TME07-1,D1,Male,CPc,CPc_d,55.7727,56.3527,5,108.59,87914.6,149.911,1.02146,222.499,3057.86,24,56,8,32,0.258333,101201,164.573,154.462,1.18222,138.024,137.807,88.4422,80.4711,49.02239559,54.59928571,14.26849254,14.78541667,75.08782289,84.4596875,0.816180947,5.955824859,0.848615917
1176_TME07-1_30x_Str_06B_xyz-3966-4340-141,TME07-1,D2,Male,CPc,CPc_v,82.0003,75.146,6,110.93,42507.6,145.894,1.02205,167.2,1819.41,18,40,4,22,0.369048,54390.1,163.602,142.153,1.23169,115.231,123.494,89.8835,94.4323,40.27961123,45.4805,15.1263571,15.77777778,60.85954643,69.78272727,0.766659114,4.429871677,0.800347222
1180_TME07-1_30x_Str_06B_xyz-4333-9181-311,TME07-1,D2,Male,CPc,CPc_i,78.046,70.1529,5,138.29,91394.4,123.437,1.03386,174.28,3350.24,27,60,6,33,0.325926,117413,158.028,147.769,1.185,116.207,124.212,79.0494,74.7326,46.54340265,55.83233333,13.99917365,14.68888889,73.1704991,89.49515152,0.744779487,3.962578122,0.859591837
1181_TME07-1_30x_Str_06B_xyz-4334-4450-187,TME07-1,D2,Male,CPc,CPc_v,61.6279,62.4841,5,130.43,59652.6,127.763,1.02609,172.218,2482.09,28,62,6,34,0.374405,70177.5,143.414,138.607,1.28942,132.348,131.54,75.0642,78.5225,35.45503715,40.02887097,14.27761707,15.07107143,52.89526545,60.58235294,0.793153105,5.144942075,0.782407407
1185_TME07-1_30x_Str_06B_xyz-4627-7022-284,TME07-1,D1,Male,CPc,CPc_v,84.9597,66.4025,5,139.16,146515,169.708,1.0219,258.23,4365.65,34,74,6,40,0.359982,174658,186.624,225.534,1.29127,112.887,129.468,78.3159,82.5818,52.47376326,58.99067568,25.78189549,27.04588235,75.16185086,86.14375,0.804213705,5.507870663,0.796485261
1186_TME07-1_30x_Str_06B_xyz-4757-4295-391,TME07-1,D1,Male,CPc,CPc_v,71.4091,79.5676,4,118.6,86077.9,185.688,1.02546,220.12,2545.37,19,43,5,24,0.438596,108720,234.901,193.361,1.2354,123.604,119.109,79.3592,74.7445,51.15412329,59.19046512,23.89674243,25.09421053,72.73288314,86.18333333,0.725924925,3.625824342,0.853550296
1189_TME07-1_30x_Str_06B_xyz-4928-5190-54,TME07-1,D2,Male,CPc,CPc_v,76.9101,64.1413,4,125.42,66667.3,134.668,1.02622,175.599,2658.82,25,57,7,32,0.38,79413.7,148.682,137.03,1.18462,118.51,128.246,93.6071,79.3586,41.69793645,46.64105263,14.22723189,15.3528,63.15942438,71.085,0.80649235,5.58840607,0.833910035
1191_TME07-1_30x_Str_06B_xyz-5041-2986-64,TME07-1,D1,Male,CPc,CPc_v,65.8064,65.6063,7,114.96,62840.5,139.205,1.01969,199.291,2937.13,38,83,7,45,0.503655,75623.9,167.425,121.62,1.37584,125.04,123.478,95.471,95.9318,31.75049444,35.38253012,16.63805645,17.27710526,44.51210875,50.67155556,0.789872619,5.04546593,0.80353101
1192_TME07-1_30x_Str_06B_xyz-5091-4511-103,TME07-1,D2,Male,CPc,CPc_v,87.0339,72.7055,7,107.91,105031,163.149,1.0296,244.74,3320.02,36,76,4,40,0.466673,150324,277.78,160.088,1.55651,102.348,114.053,80.7162,78.5212,38.34298989,43.67947368,17.98215125,19.89,56.66774467,65.09,0.756478223,4.20081705,0.661564626
1193_TME07-1_30x_Str_06B_xyz-5111-5525-391,TME07-1,D2,Male,CPc,CPc_v,69.5091,55.9895,6,119.99,118837,161.007,1.02383,223.45,3887.66,35,78,8,43,0.527143,138335,207.099,200.76,1.19006,123.45,133.9,89.5279,92.1799,44.07413246,49.8375641,13.96992847,14.54028571,68.57755431,78.56790698,0.799384571,5.343922615,0.803950617
1194_TME07-1_30x_Str_06B_xyz-5156-5036-231,TME07-1,D1,Male,CPc,CPc_v,87.0788,61.1209,6,135.6,120868,182.49,1.02766,294.701,3303.91,24,53,5,29,0.473545,141742,212.635,184.521,1.27165,101.77,133.002,84.5617,84.0132,54.3148007,62.33226415,26.35790804,27.76875,77.45153945,90.93655172,0.806309687,5.58187213,0.773152966
1195_TME07-1_30x_Str_06B_xyz-5170-2759-203,TME07-1,D1,Male,CPc,CPc_v,76.0539,75.3904,4,89.97,47814.8,130.66,1.02923,171.628,1653.41,16,35,3,19,0.371528,66238.3,179.456,133.181,1.47007,116.401,114.79,85.1262,85.9517,40.6346524,47.23542857,27.09614968,29.371875,52.0354968,62.27842105,0.721959591,3.561424457,0.925170068
1200_TME07-1_30x_Str_06B_xyz-5554-13036-161,TME07-1,D2,Male,CPc,CPc_i,76.2223,70.8801,7,138.51,114946,139.967,1.02929,206.839,3786.4,31,70,8,39,0.384076,143608,181.223,176.521,1.25201,112.419,120.616,87.1302,91.287,46.21128111,54.08657143,20.15304491,22.06806452,66.92423809,79.53717949,0.778557243,4.727436887,0.809637121
1201_TME07-1_30x_Str_06B_xyz-5572-4805-52,TME07-1,D1,Male,CPc,CPc_v,65.9588,65.7232,5,101.41,76819.3,159.314,1.02668,237.43,2695.32,24,54,6,30,0.28125,91032.1,181.224,143.451,1.26107,129.701,130.77,100.024,102.644,44.51308194,49.90814815,19.65117401,21.33875,64.40260828,72.76366667,0.81436549,5.883714736,0.92578125
1202_TME07-1_30x_Str_06B_xyz-5574-3157-329,TME07-1,D2,Male,CPc,CPc_v,83.9864,84.7485,4,66.04,46054.6,133.815,1.0439,197.689,1678.38,12,31,7,19,0.216667,62290.2,203.084,150.921,1.47095,112.594,100.871,93.3264,87.7322,41.71842231,54.13677419,30.94064835,33.80583333,48.52543744,66.97736842,0.7032419,3.283029496,0.789115646
1203_TME07-1_30x_Str_06B_xyz-5723-12189-20,TME07-1,D2,Male,CPc,CPc_i,87.705,71.9346,5,54.56,54036.5,128.839,1.02193,204.221,2189.38,25,56,6,31,0.432444,66893.5,156.243,132.679,1.26638,109.704,117.246,85.0882,90.9602,34.51450175,39.09107143,13.61575889,14.34,51.36832664,59.0516129,0.779967099,4.765077464,0.914600551
1204_TME07-1_30x_Str_06B_xyz-5863-5891-42,TME07-1,D2,Male,CPc,CPc_v,81.285,66.0822,6,107.45,78719.8,153.6,1.02691,198.76,2768.28,29,61,3,32,0.301724,101273,176.238,171.609,1.28144,110.014,123.694,88.4687,85.2666,39.80755832,45.37688525,16.52548915,18.09206897,60.9069335,70.10375,0.781497373,4.806545932,0.759515571
1206_TME07-1_30x_Str_06B_xyz-5978-4819-336,TME07-1,D1,Male,CPc,CPc_v,85.4102,67.3208,5,157.64,93912,161.564,1.02247,216.616,3307.15,27,60,6,33,0.437449,111164,180.67,216.924,1.23101,110.885,131.982,97.4067,94.1292,49.34137336,55.114,17.60007325,18.47592593,75.31152801,85.09060606,0.80007021,5.366662137,0.878367347
1209_TME07-1_30x_Str_06B_xyz-6083-3964-379,TME07-1,D2,Male,CPc,CPc_v,73.4249,70.0348,6,104.16,69606.1,124.7,1.02582,184.61,2894.46,33,73,7,40,0.508947,84675.5,141.987,111.653,1.29303,119.877,124.243,101.484,84.4363,34.67733354,39.64479452,13.93064185,15.06454545,51.79335417,59.9235,0.787219253,4.967503809,0.778911565
1210_TME07-1_30x_Str_06B_xyz-6406-7350-177,TME07-1,D2,Male,CPc,CPc_v,81.1122,76.028,5,173.14,122293,132.723,1.02407,203.116,4168.77,34,76,8,42,0.47451,153139,173.789,191.748,1.22683,112.736,120.521,89.1056,80.7497,47.96305925,54.84776316,18.93376874,20.235,71.46296109,82.86761905,0.772128208,4.562354476,0.777892562
1211_TME07-1_30x_Str_06B_xyz-6594-3879-91,TME07-1,D1,Male,CPc,CPc_v,56.4642,72.6298,5,137.17,58834.1,168.385,1.02225,226.908,1693.33,12,28,4,16,0.527778,72629.9,223.051,209.971,1.34398,135.379,118.425,74.0395,67.3973,53.68684732,60.47035714,32.45819876,35.67833333,69.60833373,79.064375,0.757471619,4.222226378,0.904320988
1212_TME07-1_30x_Str_06B_xyz-6679-7099-271,TME07-1,D2,Male,CPc,CPc_v,91.9659,63.3988,9,139.38,131305,144.803,1.02853,215.933,4081.95,38,79,3,41,0.447907,169419,189.67,200.814,1.33039,100.832,128.052,84.9526,81.3335,45.22814136,51.66544304,13.07235093,14.37736842,75.03106907,86.22512195,0.799146761,5.336075964,0.786911844
1213_TME07-1_30x_Str_06B_xyz-6834-12003-42,TME07-1,D1,Male,CPc,CPc_i,86.0644,63.6828,5,77.66,87907.9,147.834,1.02578,233.123,2866.81,28,64,8,36,0.337302,101193,172.757,188.081,1.27075,103.721,127.851,89.4623,83.565,39.93985615,44.78890625,20.54415014,22.0325,55.02540527,62.48833333,0.808309782,5.65417387,0.782548476
1214_TME07-1_30x_Str_06B_xyz-7016-8333-175,TME07-1,D2,Male,CPc,CPc_v,82.088,78.1946,6,144.26,108583,135.061,1.02412,193.09,3912.11,34,74,6,40,0.442997,136129,171.84,162.582,1.24629,106.062,115.091,92.5044,84.529,46.08593683,52.86094595,16.79362344,18.25823529,70.98440322,82.27325,0.778020719,4.713252556,0.798752834
1216_TME07-1_30x_Str_06B_xyz-7117-4906-291,TME07-1,D1,Male,CPc,CPc_v,75.7791,68.6536,6,111.26,111519,162.975,1.02418,263.791,3621.59,26,60,8,34,0.434188,138537,218.809,199.17,1.2839,118.755,127.289,93.1532,91.706,52.7196827,60.35516667,25.87031076,27.60461538,73.25155536,85.39970588,0.771412364,4.544612259,0.864197531
1219_TME07-1_30x_Str_06B_xyz-7613-9692-17,TME07-1,D2,Male,CPc,CPc_i,81.2671,75.6523,3,67.33,40577.7,117.365,1.02298,186.182,1557.16,13,32,6,19,0.333333,49875.5,144.26,160.372,1.22044,114.534,122.331,77.5434,68.6099,42.54542507,48.6565625,19.88921918,21.98,58.04703963,66.90894737,0.783999229,4.875754736,0.93877551
1220_TME07-1_30x_Str_06B_xyz-7644-8247-112,TME07-1,D1,Male,CPc,CPc_v,86.3678,64.2033,5,168.86,155479,167.013,1.02867,268.15,4817.11,41,90,8,49,0.48223,183484,208.624,205.809,1.2866,109.156,127.314,75.6686,78.0485,47.25160592,53.51866667,24.51391562,26.2804878,66.27702026,76.30979592,0.796506344,5.250327222,0.743560169
1222_TME07-1_30x_Str_06B_xyz-8242-9198-214,TME07-1,D1,Male,CPc,CPc_v,79.5505,66.3451,3,136.68,100108,184.274,1.03049,262.48,2807.8,12,32,8,20,0.416667,123506,255.355,228.56,1.1095,102.994,114.468,87.8627,81.8308,72.21901927,87.7390625,22.72571603,24.95333333,101.9150012,125.4105,0.769943703,4.508596032,0.923553719
1223_TME07-1_30x_Str_06B_xyz-8265-8016-129,TME07-1,D2,Male,CPc,CPc_v,89.4645,68.531,5,155.73,102615,151.292,1.03301,181.714,4103.63,30,71,11,41,0.394841,125210,167.56,163.461,1.16667,102.73,125.494,100.975,96.711,49.11716077,57.79253521,16.74336136,17.16166667,72.80530669,87.52243902,0.793628197,5.159641108,0.745808545
1224_TME07-1_30x_Str_06B_xyz-8288-8864-379,TME07-1,D2,Male,CPc,CPc_v,82.6513,66.6897,4,127.86,85723.8,138.833,1.02863,195.779,3407.65,27,63,9,36,0.273663,107537,166.155,158.589,1.19481,112.905,127.844,72.896,68.2992,46.49402516,54.0847619,16.69597301,17.62962963,68.84256428,81.42611111,0.779121877,4.742447325,0.863573407
1225_TME07-1_30x_Str_06B_xyz-8609-8359-278,TME07-1,D2,Male,CPc,CPc_v,65.1898,57.5579,9,132.02,111014,148.77,1.02528,203.5,4040.97,36,76,4,40,0.51078,134277,171.65,196.75,1.25078,119.226,128.602,77.411,90.1188,46.95207034,53.16605263,12.16757519,12.77833333,78.25811597,89.515,0.804221955,5.508158492,0.776643991
1229_TME07-1_30x_Str_07A_xyz-2440-6796-367,TME07-1,D2,Male,CPc,CPc_i,82.3301,57.8786,6,92.05,108442,150.45,1.02639,220.241,3719,35,76,6,41,0.471088,129679,165.146,149.63,1.23515,108.934,132.58,83.786,89.2503,43.03478516,48.92960526,11.59937934,12.442,69.86988768,80.07756098,0.806450163,5.586895791,0.747431044
1232_TME07-1_30x_Str_07A_xyz-2588-9334-384,TME07-1,D1,Male,CPc,CPc_i,98.7337,70.3586,5,47.75,75799.1,147.04,1.02302,243.65,2488.99,18,42,6,24,0.357407,92441.8,193.359,165.33,1.2582,94.4941,121.478,85.7016,85.2697,52.66720267,59.25642857,22.91244944,24.87944444,74.98326759,85.03916667,0.833506407,6.733061879,0.825443787
1233_TME07-1_30x_Str_07A_xyz-2638-4153-386,TME07-1,D1,Male,CPc,CPc_i,88.0469,57.6602,6,71.39,100340,169.983,1.02205,291.61,2853.28,28,61,5,33,0.38254,116809,192.085,155.809,1.33248,106.595,130.755,95.2882,86.3766,41.96396311,46.77,21.54239946,23.12892857,59.29135044,66.82909091,0.816761422,5.979218075,0.798367347
1236_TME07-1_30x_Str_07A_xyz-2718-3606-312,TME07-1,D1,Male,CPc,CPc_i,77.6055,66.7747,8,108.47,106356,146.77,1.02553,208.301,3279.15,36,75,3,39,0.485582,134576,186.3,137.947,1.40865,115.599,129.376,99.6466,96.4948,37.94156072,43.71733333,13.27977648,14.03555556,60.70628463,71.11589744,0.732323983,3.734220175,0.847114813
1239_TME07-1_30x_Str_07A_xyz-2873-4788-390,TME07-1,D1,Male,CPc,CPc_i,69.759,64.1573,6,100.09,85339.1,142.574,1.02298,185.331,2994.09,23,53,7,30,0.405797,100790,157.35,203.47,1.12893,120.245,127.062,81.6855,74.5797,50.15095065,56.48735849,10.39193421,10.72869565,80.63286325,91.569,0.828658562,6.497869353,0.857421875
123_TME07-1_30x_Str_01B_xyz-1793-10777-446,TME07-1,D1,Male,CPr,CPr_m,60.7721,60.9518,4,106.89,61428.8,181.543,1.02987,237.252,1924.68,18,40,4,22,0.378307,71625.6,203.061,146.76,1.28554,128.753,128.153,82.9317,93.1385,40.97436115,48.11225,19.16632556,20.35388889,58.81729935,70.82363636,0.789249797,5.026969365,0.829861111
1240_TME07-1_30x_Str_07A_xyz-3022-6909-417,TME07-1,D1,Male,CPc,CPc_i,84.2252,65.1532,5,68.02,91244.2,145.108,1.03029,238.4,3106.23,31,66,4,35,0.50914,110406,159.575,153.55,1.1688,106.733,125.993,91.4985,87.6671,41.46585432,47.05939394,11.85840332,12.49387097,67.68959663,77.67457143,0.792593347,5.127719854,0.834185537
1241_TME07-1_30x_Str_07A_xyz-3205-9200-353,TME07-1,D1,Male,CPc,CPc_i,58.2123,53.9185,4,125.51,123841,172.018,1.02512,230.82,3843.1,26,62,10,36,0.371795,141012,217.338,183.39,1.2444,134.871,132.591,92.696,100.699,54.94597324,61.98096774,29.86861176,31.86,73.05740097,83.735,0.827721917,6.454129562,0.779778393
1243_TME07-1_30x_Str_07A_xyz-3323-9215-70,TME07-1,D1,Male,CPc,CPc_i,93.939,71.1246,6,109.46,81263.6,159.493,1.02585,200.3,2978.06,34,74,6,40,0.410472,99779,178.061,142.153,1.30757,104.509,128.812,84.6655,88.4608,36.07133334,40.23945946,16.32001648,17.37647059,52.85995266,59.673,0.77138615,4.543964899,0.868480726
1244_TME07-1_30x_Str_07A_xyz-3416-5212-383,TME07-1,D1,Male,CPc,CPc_i,81.7509,55.5262,6,119.66,115222,147.989,1.02448,211.301,3660.35,26,62,10,36,0.339744,137912,183.449,190.029,1.14439,110.102,129.395,86.7603,91.5098,52.51367123,59.03306452,15.67908523,17.27192308,79.11642778,89.19388889,0.822136956,6.203971497,0.824099723
1245_TME07-1_30x_Str_07A_xyz-3428-4947-156,TME07-1,D1,Male,CPc,CPc_i,71.1222,81.0631,4,152.9,67755.3,162.16,1.02925,215.301,2154.8,13,31,5,18,0.333333,87210.3,204.252,146.96,1.16253,115.71,117.038,77.2334,82.5502,58.68026566,69.50451613,22.22381502,23.71,85.00992445,102.5783333,0.735972971,3.798645513,0.87
1246_TME07-1_30x_Str_07A_xyz-3480-4577-214,TME07-1,D1,Male,CPc,CPc_v,78.1594,59.4267,8,139.92,154249,208.857,1.02132,303.36,4115.77,31,67,5,36,0.512135,182015,234.587,210.66,1.23829,112.221,129.361,86.4399,89.2196,55.08774611,61.42447761,21.19656259,22.44677419,84.2718208,94.98861111,0.814010437,5.869795611,0.75900277
1249_TME07-1_30x_Str_07A_xyz-3846-2771-245,TME07-1,D1,Male,CPc,CPc_v,93.3286,69.5027,3,123,74801.9,170.892,1.03106,204.281,2795.27,21,50,8,29,0.31746,92424.6,200.828,169.88,1.17507,105.868,126.118,97.1227,90.5206,47.60759618,55.9008,19.57725985,21.25142857,67.90542594,80.99172414,0.75558929,4.181823085,0.850156087
1250_TME07-1_30x_Str_07A_xyz-3961-3762-402,TME07-1,D1,Male,CPc,CPc_v,75.5234,60.4533,6,134.13,97720.5,178.233,1.02227,252.469,3019.01,24,53,5,29,0.349537,115351,199.219,175.671,1.18866,114.341,131.837,84.9753,93.3146,50.94726155,56.95716981,19.19792219,20.09,77.22257689,87.46793103,0.812912155,5.827112851,0.824141519
1251_TME07-1_30x_Str_07A_xyz-3971-2592-74,TME07-1,D2,Male,CPc,CPc_v,63.6948,66.4608,4,122.17,76627.4,133.15,1.02528,208.241,2726.63,24,53,5,29,0.347619,93715.5,165.699,190.908,1.17897,128.63,125.647,80.9533,90.55,44.63602209,51.44132075,13.01541208,13.74958333,70.80480279,82.63448276,0.773217546,4.589593165,0.849115505
1253_TME07-1_30x_Str_07A_xyz-4181-4072-147,TME07-1,D2,Male,CPc,CPc_v,92.2899,62.4845,5,144.25,105707,139.774,1.0241,217.732,3555.36,30,67,7,37,0.485873,125846,169.09,184.923,1.26393,104.316,129.098,90.4197,86.4865,47.02953932,53.05970149,18.99433053,20.47533333,69.76078968,79.47945946,0.817351588,6.003172117,0.852071006
1254_TME07-1_30x_Str_07A_xyz-4416-3112-274,TME07-1,D2,Male,CPc,CPc_v,82.0017,58.9465,5,100.2,88397.1,169.007,1.0224,262.19,2453.54,16,36,4,20,0.489583,104363,184.446,223.62,1.16949,113.591,131.183,103.202,93.535,60.43433408,68.14861111,14.88597774,15.443125,96.87301916,110.313,0.818671936,6.057393994,0.911157025
1255_TME07-1_30x_Str_07A_xyz-4640-10464-406,TME07-1,D1,Male,CPc,CPc_d,82.6364,62.9686,5,67.39,38416.6,184.201,1.04549,230.38,1083.69,9,20,2,11,0.412698,52705.8,256.771,133.642,1.26923,107.804,113.414,80.1022,92.8386,46.25633319,54.18,21.84000078,27.85666667,66.23333244,75.71727273,0.788299506,4.998981282,0.911242604
1256_TME07-1_30x_Str_07A_xyz-4644-1976-360,TME07-1,D1,Male,CPc,CPc_v,84.1049,68.5094,5,122.21,90219.6,186.347,1.03377,260.009,3171.03,25,55,5,30,0.445143,114221,198.941,143.853,1.20118,103.069,129.942,99.5139,98.2363,49.36484177,57.65036364,17.21501792,18.5336,76.15636164,90.24766667,0.770796802,4.529454162,0.858398438
1259_TME07-1_30x_Str_07A_xyz-5261-10506-216,TME07-1,D2,Male,CPc,CPc_d,65.1306,57.1882,6,71.99,84308.3,143.946,1.02773,222.62,2879.3,25,57,7,32,0.454945,99842.9,157.545,144.45,1.23394,122.99,135.448,83.3112,76.8671,43.76440667,50.50877193,16.40593918,17.1016,65.1382094,76.608125,0.80661249,5.592711031,0.808823529
1260_TME07-1_30x_Str_07A_xyz-5559-2677-312,TME07-1,D2,Male,CPc,CPc_v,91.3291,55.7625,4,106.96,73092.8,232.644,1.02778,208.985,2040.04,16,36,4,20,0.433333,86927.3,294.008,276.888,1.2528,102.825,128.95,85.401,69.5653,49.04139022,56.66333333,25.83199896,27.43125,67.60890322,80.049,0.770448017,4.520905576,0.857438017
1261_TME07-1_30x_Str_07A_xyz-5606-1752-162,TME07-1,D1,Male,CPc,CPc_v,62.3734,56.7627,3,41.56,41461.6,133.779,1.0291,202.54,1526.41,12,31,7,19,0.333333,47186.9,151.396,116.731,1.3664,130.048,128.279,98.7959,110.967,42.74073206,49.23322581,34.36485575,36.49,48.03075921,57.28157895,0.826634103,6.403992439,0.85260771
1264_TME07-1_30x_Str_07A_xyz-6002-1601-414,TME07-1,D1,Male,CPc,CPc_v,90.642,74.5794,5,72.89,34812.9,125.491,1.02865,209.39,1749.72,22,49,5,27,0.481818,44656.5,143.167,117.67,1.4428,110.672,120.499,88.117,93.6106,31.69547904,35.7044898,21.03592927,22.95227273,40.38103811,46.09518519,0.759264839,4.261371088,0.828775268
1265_TME07-1_30x_Str_07A_xyz-6114-2339-130,TME07-1,D1,Male,CPc,CPc_v,74.0691,76.3594,5,97.16,53336.9,161.74,1.03182,239.05,2012.24,17,38,4,21,0.380952,68073.5,192.061,129.541,1.25527,115.737,116.731,96.554,93.1758,46.51683983,52.94894737,18.57463997,19.92411765,69.1367159,79.68333333,0.71789573,3.497502175,0.899810964
1266_TME07-1_30x_Str_07A_xyz-6228-1855-223,TME07-1,D2,Male,CPc,CPc_v,87.7343,69.2183,4,99.92,63784.7,179.23,1.02913,280.75,1687.58,10,23,3,13,0.7,75753.5,211.91,221.56,1.17862,108.499,129.76,101.938,99.965,63.94357707,73.36782609,25.0533308,27.071,93.85915112,108.9807692,0.84212123,7.19103236,0.906666667
1269_TME07-1_30x_Str_07A_xyz-6689-1745-175,TME07-1,D2,Male,CPc,CPc_v,63.977,57.1834,5,88.23,42798.2,139.328,1.02869,189.03,1639.31,19,42,4,23,0.164035,51462.4,160.598,117.601,1.36115,128.08,132.128,71.5523,79.5874,34.55391418,39.02595238,17.85557737,19.22210526,48.34819242,55.38565217,0.80276568,5.457770092,0.888
1270_TME07-1_30x_Str_07A_xyz-6719-2160-61,TME07-1,D2,Male,CPc,CPc_v,86.7327,69.6563,5,86.29,37034,122.683,1.02756,146.85,1734.44,24,54,6,30,0.486111,44636.2,146.488,118.16,1.36416,111.904,125.194,93.1674,89.5216,28.41791337,32.11444444,13.32667555,14.23291667,40.49090363,46.41966667,0.771598751,4.549219933,0.836914063
1271_TME07-1_30x_Str_07B_xyz-1220-2119-345,TME07-1,D1,Male,CPc,CPc_v,56.1632,58.9186,5,81.87,91440.1,181.976,1.01445,254.461,2358.79,16,36,4,20,0.494643,102710,205.665,166.988,1.31784,137.395,137.514,91.9293,97.9023,59.35856935,65.51666667,24.57103964,25.624375,87.18859312,97.4305,0.838379451,6.985415005,0.911157025
1273_TME07-1_30x_Str_07B_xyz-1497-2459-332,TME07-1,D1,Male,CPc,CPc_v,78.6915,71.2483,5,133.44,113420,225.295,1.02257,318.01,2746.64,14,33,5,19,0.328571,128325,238.938,211.77,1.12522,123.815,131.422,81.7248,84.0611,75.43261536,83.22606061,24.04239623,24.63928571,113.2990926,126.3952632,0.855268383,8.008439234,0.922902494
1274_TME07-1_30x_Str_07B_xyz-1610-3778-432,TME07-1,D1,Male,CPc,CPc_v,67.7797,49.0055,4,120.33,90747.4,195.186,1.01936,292.921,2366.88,17,39,5,22,0.309804,107307,220.356,155.552,1.28628,119.412,135.298,85.1052,81.6779,55.41739805,60.68358974,35.73224332,38.33411765,70.62865399,77.95363636,0.823882436,6.280251626,0.828125
1275_TME07-1_30x_Str_07B_xyz-1660-1937-382,TME07-1,D1,Male,CPc,CPc_v,82.2775,50.434,3,90.7,59205.9,177.289,1.02314,293.629,1794.31,9,23,5,14,0.333333,70721.7,202.555,145.359,1.14155,111.662,130.036,86.154,86.2299,67.54417213,78.00782609,27.8607097,29.46444444,93.05496941,109.2142857,0.814600555,5.892962732,0.91015625
1280_TME07-1_30x_Str_07B_xyz-2365-4473-70,TME07-1,D2,Male,CPc,CPc_v,96.0212,76.673,9,111.77,75979.2,143.342,1.03096,215.88,2743.85,27,59,5,32,0.478008,96291.2,171.062,152.129,1.29863,91.2709,115.476,91.3222,90.0884,39.83386137,46.50152542,16.14560457,17.58888889,59.82082805,70.8965625,0.752144379,4.109644467,0.85467128
1281_TME07-1_30x_Str_07B_xyz-2394-10232-376,TME07-1,D2,Male,CPc,CPc_i,60.2399,58.296,7,57.79,89390,149.899,1.02833,237.86,3109.57,29,64,6,35,0.414286,104865,183.332,158.898,1.20505,128.711,129.582,88.257,91.9645,42.82682234,48.581875,13.06778917,13.5962069,67.48430697,77.57,0.825919638,6.371443402,0.870708546
1282_TME07-1_30x_Str_07B_xyz-2432-7764-449,TME07-1,D1,Male,CPc,CPc_i,91.3805,87.5374,10,81.2,56394.2,135.485,1.02328,184.488,2372.51,30,65,5,35,0.542929,86530.6,210.197,146.27,1.60109,100.304,105.198,95.4644,93.9712,32.46599363,36.49553846,17.85847157,19.24,44.98672683,51.286,0.717531161,3.491867202,0.766983199
1284_TME07-1_30x_Str_07B_xyz-2631-4412-426,TME07-1,D1,Male,CPc,CPc_v,61.0366,49.326,4,107.21,91907.5,150.146,1.02281,216.04,2844.75,23,54,8,31,0.456522,103814,167.667,173.557,1.19405,127.371,134.572,71.993,86.0636,47.23332536,52.6762963,20.16000058,20.95434783,67.31998568,76.21193548,0.844180958,7.30893547,0.865932048
1285_TME07-1_30x_Str_07B_xyz-2660-4055-389,TME07-1,D2,Male,CPc,CPc_v,75.7096,69.9941,4,137.81,84527.5,148.158,1.03072,208.79,2942.46,19,46,8,27,0.45614,100941,199.628,191.436,1.12921,118.974,124.309,72.6679,71.8799,55.00624157,63.96173913,15.87684201,16.52789474,82.54174496,97.34111111,0.795675734,5.223863422,0.829964328
1286_TME07-1_30x_Str_07B_xyz-2718-5550-320,TME07-1,D1,Male,CPc,CPc_i,80.9402,66.7695,5,85.9,132750,158.499,1.02383,233.06,4009.87,36,77,5,41,0.433796,159756,178.078,178.249,1.2461,113.66,125.457,84.5074,89.8435,46.19092731,52.07142857,15.90229396,16.80972222,72.78582489,83.03292683,0.810753819,5.744842158,0.826933478
1289_TME07-1_30x_Str_07B_xyz-4119-5531-63,TME07-1,D2,Male,CPc,CPc_v,105.356,80.0371,5,120.02,76025.6,142.139,1.02612,223.502,2697.58,24,52,4,28,0.504167,98199.5,209.713,154.46,1.23416,87.4436,124.482,91.5904,91.4588,44.86442761,51.87153846,15.08995187,15.89958333,70.38540682,82.70464286,0.785786132,4.926289824,0.842222222
1290_TME07-1_30x_Str_07B_xyz-4339-6577-442,TME07-1,D1,Male,CPc,CPc_i,88.9801,65.4236,7,78.6,67971.1,155.446,1.02105,238.15,2498.21,27,62,8,35,0.567901,79843.5,187.322,139.67,1.29321,106.3,130.402,92.8076,90.8609,36.1301197,40.28903226,20.57929359,21.56814815,48.12647127,54.73085714,0.795069552,5.204700983,0.7706355
1292_TME07-1_30x_Str_07B_xyz-4611-5848-100,TME07-1,D1,Male,CPc,CPc_i,75.5803,68.2632,8,130,129488,162.609,1.02266,250.261,4441.72,50,104,4,54,0.380975,169156,208.675,158.328,1.41067,110.344,122.995,92.1041,97.8298,38.20685123,42.70394231,18.33848556,19.6182,56.60348611,64.07962963,0.792469364,5.123919235,0.751913265
1293_TME07-1_30x_Str_07B_xyz-4613-5182-251,TME07-1,D1,Male,CPc,CPc_i,81.0463,59.84,5,95.8,92247.3,184.325,1.03323,216.299,2971.89,27,61,7,34,0.404938,112789,209.598,153.021,1.33095,111.112,134.736,75.389,83.088,41.55494253,48.71491803,20.37860333,23.20481481,58.37144719,68.97294118,0.817997142,6.029572955,0.726851852
1294_TME07-1_30x_Str_07B_xyz-4956-6328-280,TME07-1,D2,Male,CPc,CPc_i,90.7054,60.4976,6,77.06,97963.9,151.201,1.02695,225.88,3227.77,33,72,6,39,0.49352,120668,188.913,132.191,1.31512,100.529,127.962,88.16,96.8193,38.67999097,44.82513889,16.66958268,18.09878788,57.30418261,67.43974359,0.776923818,4.684489636,0.721594289
1295_TME07-1_30x_Str_08A_xyz-2305-7386-98,TME07-1,D1,Male,CPc,CPc_i,69.4032,64.8144,7,62.03,75045.8,200.158,1.01873,285.801,2244.83,35,73,3,38,0.369796,90445.4,222.899,151.52,1.61713,121.741,130.959,92.2143,97.7644,28.5464788,30.74643836,20.95708727,21.85457143,35.53670783,38.93631579,0.790091329,5.051990198,0.709375
1296_TME07-1_30x_Str_08A_xyz-2594-6674-233,TME07-1,D1,Male,CPc,CPc_i,79.0085,61.8961,6,134.42,81110.6,156.034,1.02237,225.401,2755.99,22,49,5,27,0.426573,99003.3,179.198,144.259,1.17391,112.349,129.262,106.577,98.6858,50.11472081,56.23959184,16.49497852,17.27,77.50858489,87.99259259,0.831136249,6.616189551,0.913198573
1299_TME07-1_30x_Str_08A_xyz-2710-6769-296,TME07-1,D1,Male,CPc,CPc_i,92.2258,55.6776,3,92.53,47803,146.36,1.0271,206.022,1653.18,8,22,6,14,0.25,56109.4,163.97,169.103,1.10741,100.216,129.524,100.018,99.4573,65.94654203,75.14,21.14617535,23.0675,91.54675156,104.8957143,0.829735796,6.54883936,0.92578125
1301_TME07-1_30x_Str_08A_xyz-2829-8046-72,TME07-1,D2,Male,CPc,CPc_i,60.9162,68.9684,6,113.01,79284.6,169.617,1.03148,239.77,3035.53,25,58,8,33,0.576571,99082.4,193.96,160.06,1.19645,130.971,123.185,71.4896,90.08,44.15788034,52.33241379,13.53299492,14.3652,67.35855112,81.09545455,0.764330871,4.375546169,0.82122449
1302_TME07-1_30x_Str_08A_xyz-2992-6682-359,TME07-1,D2,Male,CPc,CPc_i,85.78,72.9586,5,131.96,75737.4,124.727,1.0298,166.44,2755.65,31,67,5,36,0.407885,98754.2,177.279,162.677,1.4269,109.397,122.946,81.766,78.3903,35.20351662,41.12373134,18.66107609,20.78,49.44839596,58.64194444,0.734000899,3.763583726,0.733379501
1303_TME07-1_30x_Str_08A_xyz-3183-6121-161,TME07-1,D2,Male,CPc,CPc_i,84.4982,74.9683,5,152.47,82339.2,152.287,1.02202,195.53,2587.78,21,46,4,25,0.557143,102834,198.298,172.681,1.19785,106.181,117.678,99.7676,100.024,49.93732234,56.25065217,19.38526718,20.12285714,75.60104867,86.598,0.807930697,5.640341197,0.85733882
1304_TME07-1_30x_Str_08A_xyz-3209-6321-152,TME07-1,D2,Male,CPc,CPc_i,77.0632,61.5538,5,91.28,41301.9,138.234,1.03127,168.269,1615.62,12,30,6,18,0.583333,49329,158.849,171.869,1.17247,112.24,127.027,75.8152,82.9297,46.24941825,53.84866667,16.63179892,18.345,65.9944978,77.51777778,0.789916611,5.046777035,0.8975
1306_TME07-1_30x_Str_08A_xyz-3316-7993-316,TME07-1,D2,Male,CPc,CPc_i,77.3126,67.7015,6,112.94,42650.8,122.37,1.04454,170.772,1947.22,15,35,5,20,0.475556,57453.5,224.377,127.04,1.13133,111.254,117.667,86.2963,84.6572,44.3644786,55.62971429,9.8045249,10.21,70.28444387,89.6945,0.685175735,3.048795981,0.849173554
1309_TME07-1_30x_Str_08A_xyz-3711-7346-430,TME07-1,D2,Male,CPc,CPc_i,69.8482,57.2557,5,62,46061.2,148.2,1.02619,208.1,1609.79,14,33,5,19,0.369048,54639.5,187.36,118.851,1.22626,114.178,129.096,90.8979,94.3667,42.73387876,48.77606061,16.5950353,17.98214286,61.9940792,71.46631579,0.781166327,4.797520207,0.814058957
1310_TME07-1_30x_Str_08A_xyz-3806-7438-172,TME07-1,D2,Male,CPc,CPc_i,94.0049,72.3815,6,98.2,74564.5,126.406,1.02676,218.82,2923.62,24,55,7,31,0.590278,90973.7,149.404,157.87,1.2018,99.818,123.784,82.7757,93.6834,46.27307667,53.15163636,17.36540351,18.16791667,68.65321073,80.23580645,0.784618608,4.89316548,0.84389348
1311_TME07-1_30x_Str_08A_xyz-3815-6862-377,TME07-1,D2,Male,CPc,CPc_i,77.8015,78.7638,4,112.98,56302.4,142.805,1.02459,209.099,1960.79,16,36,4,20,0.314583,68011.3,167.267,175.13,1.18627,117.374,115.676,115.195,113.643,48.19733424,54.46138889,19.11322345,19.91375,71.46462288,82.0995,0.780887704,4.789947335,0.801652893
1312_TME07-1_30x_Str_08A_xyz-3920-6187-454,TME07-1,D1,Male,CPc,CPc_i,82.0764,66.5378,3,71.71,29351.4,137.603,1.02169,176.528,993.754,10,24,4,14,0.6,34428.4,168.227,183.97,1.28702,106.142,130.137,78.053,107.143,37.14076051,41.40125,19.1764056,20.361,49.97244259,56.43,0.815852348,5.94265521,0.9140625
1313_TME07-1_30x_Str_08A_xyz-4009-5375-371,TME07-1,D2,Male,CPc,CPc_i,84.234,66.2642,5,133.27,74128.8,165.011,1.02099,213.932,2334.04,17,38,4,21,0.279412,90996.1,187.077,177.349,1.20232,105.492,127.286,105.759,104.169,54.62321172,61.41789474,23.84995133,25.33,79.5348987,90.63190476,0.800905145,5.394589122,0.941398866
1314_TME07-1_30x_Str_08A_xyz-4020-5853-449,TME07-1,D1,Male,CPc,CPc_i,63.5666,67.3375,4,58.9,23650.9,137.717,1.02009,153.56,970.986,11,25,3,14,0.590909,28872.7,162.956,191.439,1.41061,125.846,126.748,102.567,99.5235,34.73100482,38.8348,26.47553234,28.02090909,41.21744747,47.33142857,0.757315337,4.218845326,0.85546875
1315_TME07-1_30x_Str_08A_xyz-4027-5448-425,TME07-1,D2,Male,CPc,CPc_i,67.9689,55.9621,4,80.1,49944.2,165.323,1.02504,228.185,1687.77,14,32,4,18,0.464286,58959.6,191.366,169.739,1.14845,125.204,135.432,87.3154,96.2467,46.14279598,52.736875,12.35019192,12.77714286,72.42593247,83.81666667,0.817036386,5.990357056,0.9125
1321_TME07-1_30x_Str_08A_xyz-4368-5447-162,TME07-1,D1,Male,CPc,CPc_i,64.8072,63.9981,4,162.45,109018,169.651,1.02136,221.81,3445.14,30,64,4,34,0.375556,131686,198.48,183.609,1.21692,128.655,126.986,100.465,87.4318,48.20115667,53.825,16.10466218,16.73666667,76.52159298,86.55,0.782968738,4.847032912,0.848765432
1322_TME07-1_30x_Str_08A_xyz-4388-5159-285,TME07-1,D1,Male,CPc,CPc_i,91.3507,67.3223,4,126.43,73231.3,183.8,1.01982,253.21,2350.94,15,36,6,21,0.455556,87196.6,217.874,196.671,1.16196,105.373,126.827,90.0095,88.8434,58.39864695,65.29944444,24.8875921,26.20733333,82.3351147,93.22238095,0.808610694,5.665197601,0.846880907
1324_TME07-1_30x_Str_08A_xyz-4938-4265-129,TME07-1,D2,Male,CPc,CPc_i,78.4957,67.922,4,130.08,82566.1,159.138,1.03172,218.81,2908.47,19,45,7,26,0.280702,100438,196.831,171.298,1.14384,109.867,121.804,92.7838,94.8491,55.0069108,64.62755556,16.36819046,17.39578947,83.24289875,99.14307692,0.782383335,4.830851533,0.868622449
1326_TME07-1_30x_Str_08A_xyz-5196-3259-118,TME07-1,D2,Male,CPc,CPc_v,92.7508,86.0467,4,138.07,87083.5,161.49,1.03445,244.11,2453.69,14,33,5,19,0.238095,114815,199.21,170.414,1.14365,103.519,121.218,87.8556,100.794,62.79924154,74.34818182,23.46371085,25.64214286,91.78331678,110.2368421,0.760652341,4.292107269,0.945578231
1329_TME07-1_30x_Str_08A_xyz-5363-4087-385,TME07-1,D1,Male,CPc,CPc_v,91.1847,72.582,3,134.47,49940.4,169.582,1.02994,274.3,1362.41,5,15,5,10,0.6,59597.7,194.262,161.363,1.10292,107.764,124.802,95.6372,96.1029,76.99442586,90.82266667,22.46390698,23.898,104.2596853,124.285,0.819855847,6.106768018,0.833333333
1330_TME07-1_30x_Str_08A_xyz-5384-3419-448,TME07-1,D1,Male,CPc,CPc_v,104.884,74.6362,2,83.34,21109.6,148.329,1.02345,220.771,831.03,5,15,5,10,0,25737.3,179.02,97.3259,1.1087,93.0948,121.444,134.833,90.1214,49.80850883,55.39666667,20.14256887,22.792,64.64147881,71.699,0.855609739,8.031886208,0.902777778
1331_TME07-1_30x_Str_08A_xyz-5430-6011-398,TME07-1,D1,Male,CPc,CPc_i,63.266,70.6555,2,14.1,12100.1,118.774,1.02303,191.72,468.558,5,12,2,7,0.2,14211.6,128.537,76.9302,1.40097,128.459,122.245,22.8468,24.6975,35.29150877,39.04166667,28.05365993,29.72,40.46140079,45.7,0.866376602,8.840587449,0.888888889
1332_TME07-1_30x_Str_08A_xyz-5535-3601-360,TME07-1,D2,Male,CPc,CPc_v,77.3623,77.7948,4,134.29,59396.5,193.744,1.0195,243.79,1685.09,12,27,3,15,0.625,71960.9,222.091,234.9,1.30327,110.397,114.419,88.7651,80.2726,56.7006991,62.40555556,37.4923174,40.51166667,72.06740445,79.92066667,0.767457162,4.448771543,0.896193772
1333_TME07-1_30x_Str_08A_xyz-5552-4269-427,TME07-1,D1,Male,CPc,CPc_v,91.7019,76.1143,3,94.1,37697.1,157.172,1.02503,207.219,1186.11,7,19,5,12,0.0714286,43015.4,189.349,198.89,1.22009,102.541,130.381,74.8439,70.583,54.97433858,62.42105263,29.13682922,30.85285714,70.04621904,80.83583333,0.820535317,6.135433405,0.897959184
1334_TME07-1_30x_Str_08A_xyz-5598-4573-359,TME07-1,D2,Male,CPc,CPc_v,78.9302,78.0057,4,144.92,49571.5,132.428,1.02412,183.729,1849.19,16,36,4,20,0.4375,64262,184.445,152.073,1.24222,112.45,122.764,107.593,100.305,44.87222619,51.36055556,20.46869428,21.778125,64.39505172,75.0265,0.724871253,3.608511214,0.867768595
1335_TME07-1_30x_Str_08A_xyz-5684-2612-54,TME07-1,D1,Male,CPc,CPc_v,73.3675,67.122,2,104.05,46962,181.178,1.02262,263.862,1381.5,8,21,5,13,0.25,54104.9,195.956,169.279,1.186,121.917,128.439,88.2727,88.0636,58.11787237,65.78190476,37.14366223,39.265,71.02507862,82.1,0.81681796,5.981505426,0.888888889
1336_TME07-1_30x_Str_08A_xyz-5741-4133-376,TME07-1,D1,Male,CPc,CPc_v,86.2118,75.0317,4,143.09,66565.6,185.369,1.02008,246.92,1850.22,11,27,5,16,0.575758,80767.4,211.052,138.351,1.12769,115.167,127.893,88.3905,92.3965,60.57352628,68.52222222,19.18533064,20.07727273,89.02791079,101.828125,0.805910474,5.567639867,0.814814815
1339_TME07-1_30x_Str_08A_xyz-6034-3108-431,TME07-1,D1,Male,CPc,CPc_v,101.305,61.3071,3,87.32,28581.2,182.255,1.03158,206.471,835.37,6,16,4,10,0.5,34182.7,221.048,132.98,1.32641,102.496,132.233,100.907,89.1993,44.97119164,52.205625,41.22241814,45.93,47.22045575,55.971,0.773546058,4.597864841,0.916666667
1340_TME07-1_30x_Str_08B_xyz-1896-4592-413,TME07-1,D1,Male,CPc,CPc_v,78.4363,63.2827,3,88.49,51300.9,196.797,1.01444,287.37,1295.15,7,17,3,10,0.333333,56881.7,208.213,181.153,1.16028,109.256,126.161,60.8382,56.1773,70.68330257,76.18058824,25.54099735,26.47857143,102.2829162,110.972,0.872981817,9.413100548,0.888888889
1341_TME07-1_30x_Str_08B_xyz-1955-3890-244,TME07-1,D1,Male,CPc,CPc_v,60.0503,70.0033,3,148.65,61732.7,191.899,1.02616,299.712,1802.27,10,25,5,15,0.233333,72249.6,227.056,167.266,1.1024,135.488,130.672,70.6297,58.498,63.49895507,72.086,20.59848908,21.592,92.09926573,105.7486667,0.816777165,5.979854862,0.871972318
1343_TME07-1_30x_Str_08B_xyz-2238-2766-353,TME07-1,D2,Male,CPc,CPc_v,64.1988,80.5517,5,44.76,21010.3,140.472,1.02621,187.4,1279.76,13,30,4,17,0.525641,26204.7,171.339,102.26,1.31549,128.273,116.664,107.397,100.213,37.94761684,42.654,13.27907202,14.09692308,56.81179817,64.49176471,0.77137276,4.543634282,0.739612188
1344_TME07-1_30x_Str_08B_xyz-2301-4628-451,TME07-1,D2,Male,CPc,CPc_v,62.1633,66.2233,3,41.01,32590,129.288,1.02802,189.92,1271.08,9,24,6,15,0.37037,40919.7,172.014,179.4,1.12039,122.394,115.644,96.397,106.919,45.28489501,52.95625,17.65324344,18.62666667,61.86388594,73.554,0.751628801,4.099033295,0.795847751
1345_TME07-1_30x_Str_08B_xyz-2348-5769-326,TME07-1,D1,Male,CPc,CPc_i,55.6101,83.8021,3,96.03,25854.1,146.351,1.02114,202.171,959.795,7,18,4,11,0.333333,32555.2,160.187,57.5079,1.20925,132.128,108.621,71.2203,57.5437,47.46795529,53.31722222,23.98878206,25.34857143,62.40924734,71.11545455,0.8650979,8.736975934,0.804733728
1349_TME07-1_30x_Str_08B_xyz-2591-5525-463,TME07-1,D2,Male,CPc,CPc_i,67.954,59.9787,3,87.53,33917,172.987,1.02235,202.91,1160.97,9,21,3,12,0.444444,41982.4,190.712,132.859,1.19256,121.844,126.512,81.9408,104.647,49.33345934,55.27952381,21.57908536,23.56,70.14923983,79.06916667,0.791620274,5.098026493,0.928571429
1351_TME07-1_30x_Str_08B_xyz-2601-2887-102,TME07-1,D1,Male,CPc,CPc_v,60.7457,64.6504,4,81.03,43348.5,210.216,1.01941,245.78,1306.12,9,21,3,12,0.5,50359.6,224.822,176.091,1.22481,134.856,129.309,98.8697,87.2233,56.72922208,62.19190476,23.59984539,24.27,81.5762546,90.63333333,0.809128413,5.684254704,0.897959184
1352_TME07-1_30x_Str_08B_xyz-2656-3595-271,TME07-1,D1,Male,CPc,CPc_v,64.7489,70.1537,5,154.5,53861.4,157.703,1.02915,203.749,1737.97,10,24,4,14,0.45,68789.4,218.522,159.723,1.23852,126.064,122.166,96.1165,74.2582,61.34328151,72.41083333,28.64727609,30.736,84.6975711,102.1785714,0.753576006,4.139367828,0.9296875
1354_TME07-1_30x_Str_08B_xyz-2725-2830-74,TME07-1,D1,Male,CPc,CPc_v,75.9267,47.2869,4,156.74,84318.9,205.706,1.02496,295,2446.7,16,38,6,22,0.325,97197.6,238.043,181.281,1.20885,114.683,141.571,94.1363,88.6005,56.61172461,64.38210526,26.72575114,28.955,78.34697805,90.14727273,0.827040156,6.422624939,0.904513889
1355_TME07-1_30x_Str_08B_xyz-2880-6712-36,TME07-1,D1,Male,CPc,CPc_i,64.6479,63.8836,6,84.07,61209.7,187.932,1.02026,250.42,2181.62,26,55,3,29,0.510256,81427.1,209.67,141.511,1.31952,119.907,121.017,74.1444,84.3405,35.8346653,39.66018182,14.19133741,14.90384615,55.23902824,61.85551724,0.753988062,4.147994225,0.644120708
1356_TME07-1_30x_Str_08B_xyz-2936-4503-216,TME07-1,D2,Male,CPc,CPc_i,64.8401,67.5262,5,110,76894.4,146.477,1.02809,232.155,2613.48,19,43,5,24,0.45614,95510.4,190.905,200.162,1.15284,125.187,119.999,99.0138,85.4618,52.73958749,60.77372093,17.40557034,18.19842105,80.71235107,94.47916667,0.792488388,5.12450207,0.826923077
1359_TME07-1_30x_Str_08B_xyz-3051-5899-226,TME07-1,D1,Male,CPc,CPc_i,77.1869,70.8946,5,121.86,70035.2,134.822,1.0213,210.51,2645.09,27,59,5,32,0.287383,83673.5,164.541,128.47,1.28723,115.264,122.906,73.423,72.4382,40.32310075,44.82745763,16.89672153,17.87148148,60.08910822,67.5715625,0.782002094,4.820365533,0.730968858
1360_TME07-1_30x_Str_08B_xyz-3054-4255-199,TME07-1,D1,Male,CPc,CPc_v,88.6347,76.0598,4,162.06,72442,179.621,1.03287,211.881,2558.94,17,40,6,23,0.188235,88802,214.692,172.753,1.16683,101.217,121.559,84.7097,91.5725,55.02280911,63.96875,16.94386703,17.93470588,83.16811413,97.99391304,0.782955815,4.846674651,0.8688
1361_TME07-1_30x_Str_08B_xyz-3107-5765-360,TME07-1,D2,Male,CPc,CPc_i,64.1902,68.4859,5,92.2,42116.6,153.887,1.02926,183.431,1422.81,14,31,3,17,0.357143,49984.9,176.702,149.875,1.26367,131.337,129.888,114.032,109.571,39.70065846,45.89290323,18.28806449,19.10857143,57.33455937,67.95058824,0.746111526,3.988475269,0.858725762
1362_TME07-1_30x_Str_08B_xyz-3120-5689-61,TME07-1,D1,Male,CPc,CPc_i,89.6341,62.9842,6,81.54,83402.5,196.083,1.02064,288.6,2484.16,25,57,7,32,0.52,97426.5,222.82,159.221,1.37899,107.063,131.594,92.9999,93.5999,39.36677872,43.57631579,24.92562619,26.3912,50.64892914,57.0021875,0.779252648,4.745936002,0.784602076
1363_TME07-1_30x_Str_08B_xyz-3213-5938-325,TME07-1,D2,Male,CPc,CPc_i,79.8642,61.7233,4,116.8,55846.8,137.887,1.02895,206.12,2229.48,19,46,8,27,0.342105,67682.7,159.887,114.542,1.21636,113.471,130.673,91.3469,77.5297,41.77187144,48.4626087,18.38521534,19.72684211,58.22914795,68.68407407,0.781131911,4.796583638,0.831153389
1364_TME07-1_30x_Str_08B_xyz-3363-5130-170,TME07-1,D1,Male,CPc,CPc_i,71.6111,67.1791,4,133.7,81037.1,135.425,1.0267,220.002,2741.73,24,53,5,29,0.386111,98317.1,170.477,135.363,1.21039,119.992,130.882,101.431,96.5463,45.50250042,51.7254717,18.59192462,19.8575,67.77332176,78.09896552,0.78927637,5.027756031,0.907388137
1365_TME07-1_30x_Str_08B_xyz-3371-4599-352,TME07-1,D1,Male,CPc,CPc_v,60.1416,58.6596,3,117.55,63099.8,165.127,1.0234,249.579,1948.6,13,30,4,17,0.246154,75259.2,220.314,182.678,1.15707,131.385,131.544,103.668,105.17,57.74202257,64.948,18.65652804,19.31,87.63093015,99.84764706,0.804686758,5.524417646,0.889196676
1366_TME07-1_30x_Str_08B_xyz-3412-3741-320,TME07-1,D1,Male,CPc,CPc_v,94.3125,83.8126,4,102.75,39408.4,145.473,1.02329,208.39,1823.04,16,36,4,20,0.625,47866.2,157.079,137.54,1.21062,105.001,113.851,86.1093,60.9421,45.15246091,50.63583333,17.04619943,18.064375,67.6374701,76.693,0.784842482,4.899486064,0.91322314
1369_TME07-1_30x_Str_08B_xyz-3783-5122-411,TME07-1,D2,Male,CPc,CPc_i,73.4894,65.7568,2,122.75,42776.2,157.353,1.02055,219.421,1575.72,11,29,7,18,0.363636,49736.5,177.147,155.309,1.20067,122.054,130.408,92.5735,83.5024,49.25966549,54.33034483,33.88668343,35.72636364,58.65426564,65.69944444,0.812274264,5.802578123,0.89
1370_TME07-1_30x_Str_08B_xyz-3829-7198-330,TME07-1,D1,Male,CPc,CPc_i,75.9134,77.8004,4,137.05,60179.1,138.592,1.03092,191.32,2171.79,17,40,6,23,0.443137,74043.2,150.892,150.698,1.1991,120.559,123.453,88.5243,92.733,45.97335936,54.289,18.67217215,19.73411765,66.15249774,79.82956522,0.739924627,3.870681004,0.8816
1371_TME07-1_30x_Str_08B_xyz-3864-4238-53,TME07-1,D1,Male,CPc,CPc_i,62.7555,65.596,6,85.01,69114.9,147.112,1.01591,241.01,2255.32,29,61,3,32,0.425035,83313.9,178.609,128.049,1.37608,129.707,127.731,81.381,83.6752,33.99957657,36.96688525,16.17637495,16.88310345,50.15185304,55.1678125,0.782969646,4.84705808,0.829584775
1372_TME07-1_30x_Str_08B_xyz-4109-4381-390,TME07-1,D1,Male,CPc,CPc_v,67.3949,61.326,4,35.89,46364.7,167.41,1.02458,264.77,1578.92,11,26,4,15,0.393939,54078.6,187.225,143.521,1.17541,121.124,128.205,123.731,115.563,54.32753737,60.72230769,18.92520602,20.67727273,80.28924703,90.08866667,0.841096071,7.133621614,0.830449827
1373_TME07-1_30x_Str_08B_xyz-4220-8624-132,TME07-1,D2,Male,CPc,CPc_i,86.8511,67.7767,6,74.07,57756.9,186.356,1.02487,238.71,2115.35,25,55,5,30,0.467333,70241.8,210.927,145.601,1.35261,103.972,127.599,81.4716,78.6289,34.18860817,38.45545455,14.75041095,15.4576,50.38710586,57.62033333,0.756758413,4.206835921,0.858398438
1374_TME07-1_30x_Str_08B_xyz-4300-9980-291,TME07-1,D2,Male,CPc,CPc_d,83.4909,63.2254,7,118.62,76620.7,140.977,1.03174,232.44,2603.77,24,53,5,29,0.333333,95228.7,161.096,134.267,1.23569,104.859,124.836,100.122,95.2955,42.42074079,49.12264151,15.22929699,17.07916667,64.92400463,75.64137931,0.79295362,5.138792549,0.770031217
1375_TME07-1_30x_Str_08B_xyz-4312-6777-64,TME07-1,D2,Male,CPc,CPc_i,73.3419,54.9109,5,91.12,88990.6,141.394,1.02245,204.911,2881.07,28,61,5,33,0.429082,103685,171.581,194.581,1.22848,121.878,137.509,83.7605,83.4405,42.38661871,47.22672131,16.48237036,17.06178571,64.36598096,72.82121212,0.817912469,6.026098206,0.860408163
1376_TME07-1_30x_Str_08B_xyz-4356-5956-205,TME07-1,D2,Male,CPc,CPc_i,77.3241,64.2069,5,133.54,86744,156.972,1.02498,214.352,2920.19,24,52,4,28,0.479365,103587,177.207,160.87,1.20692,113.911,128.619,91.5645,83.3507,50.33202642,56.15269231,12.79815265,13.34666667,82.50391822,92.84357143,0.810080325,5.719597071,0.901111111
1381_TME07-1_30x_Str_08B_xyz-4766-9413-178,TME07-1,D1,Male,CPc,CPc_d,76.3081,57.077,7,102.24,96326.1,172.939,1.0206,213.42,3167.28,30,66,6,36,0.360528,114724,193.159,175.1,1.33661,116.832,132.125,96.8654,105.248,43.11344922,47.98393939,19.68862487,20.66766667,62.63413618,70.7475,0.809528594,5.69906448,0.823407202
1383_TME07-1_30x_Str_08B_xyz-4962-10077-45,TME07-1,D1,Male,CPc,CPc_d,62.2789,86.2563,4,139.18,57683.7,209.513,1.03,205.698,1493.18,7,20,6,13,0.571429,68334.9,298.395,185.989,1.06962,125.635,101.672,73.5023,90.4561,64.30372193,74.654,12.79090739,12.96142857,92.04139129,107.8730769,0.816328202,5.96174364,0.835555556
149_TME07-1_30x_Str_01B_xyz-3717-9715-62,TME07-1,D1,Male,CPr,CPr_imv,80.3583,71.2578,5,117.18,27848,173.615,1.02446,225.737,1665.5,11,28,6,17,0.363636,32744.8,209.233,142.444,1.26316,104.172,107.925,116.207,118.307,52.18783072,59.47642857,27.25440857,29.16363636,68.32122153,79.09058824,0.807133566,5.611452015,0.831024931
154_TME07-1_30x_Str_01B_xyz-3898-10758-110,TME07-1,D1,Male,CPr,CPr_m,73.4447,66.5306,3,127.92,83390.1,218.294,1.02679,285.381,2158.96,9,27,9,18,0.259259,107413,295.065,172.099,1.15574,120.333,118.333,85.7993,96.8152,70.17938961,79.9562963,32.02834927,36.26777778,89.25490978,101.8005556,0.812585605,5.814529702,0.845
159_TME07-1_30x_Str_01B_xyz-4205-11052-191,TME07-1,D1,Male,CPr,CPr_imv,75.6648,79.4446,3,124.13,103466,217.747,1.01869,326.712,2033.18,8,22,6,14,0.5,119356,242.467,232.148,1.07924,118.698,113.211,104.446,99.4119,83.72416333,92.41181818,23.60653594,24.88875,118.0770933,130.9964286,0.840060236,7.076447563,0.8828125
166_TME07-1_30x_Str_01B_xyz-4706-10442-112,TME07-1,D2,Male,CPr,CPr_imv,68.8403,68.9867,7,156.97,135475,176.289,1.03254,238.11,4018.99,30,67,7,37,0.398995,179011,252.432,178.5,1.16231,118.29,118.015,94.3606,104.597,50.20838655,59.98014925,16.08081973,17.448,77.87938668,94.46567568,0.748229306,4.030275862,0.767258383
180_TME07-1_30x_Str_01B_xyz-5643-13800-92,TME07-1,D2,Male,CPr,CPr_imd,77.6203,72.5735,6,80.68,50676.7,138.479,1.02371,214.21,2264.09,21,50,8,29,0.35,63457.7,182.355,164.191,1.20804,105.163,117.672,78.0941,89.0074,40.1691473,45.2772,15.36593925,16.14714286,58.13009107,66.37137931,0.765130793,4.394075815,0.804370447
197_TME07-1_30x_Str_01B_xyz-7121-11360-174,TME07-1,D1,Male,CPr,CPr_imd,69.3397,68.065,7,160.9,77314,163.026,1.02373,236.79,3058.29,27,59,5,32,0.490182,95701.2,181.704,172.313,1.23425,116.949,120.089,88.3719,94.627,45.36526613,51.83033898,14.15568883,14.68222222,71.69834698,83.1740625,0.752199229,4.110776218,0.782871972
207_TME07-1_30x_Str_02A_xyz-3664-13324-80,TME07-1,D1,Male,CPr,CPr_l,61.5822,73.1009,4,156.85,57534.6,141.786,1.02241,227.86,1945.44,16,36,4,20,0.197917,71655.5,184.145,172.948,1.19036,133.994,124.225,84.922,86.4447,47.3866404,54.03555556,17.08668369,18.298125,71.62660576,82.6255,0.756865231,4.209134579,0.834710744
209_TME07-1_30x_Str_02A_xyz-3999-14422-100,TME07-1,D2,Male,CPr,CPr_imd,73.5745,78.661,5,105.41,33246.2,129.628,1.02995,182.198,2182.91,19,41,3,22,0.474311,45442.9,163.72,176.18,1.31111,123.236,120.702,75.1471,84.1575,45.85828061,53.23731707,15.86970054,17.09842105,71.75750886,84.44818182,0.695061378,3.173172523,0.901041667
210_TME07-1_30x_Str_02A_xyz-4152-12595-325,TME07-1,D1,Male,CPr,CPr_l,61.4736,53.042,5,111.6,85541.6,187.394,1.02001,266.56,3475.13,26,58,6,32,0.366911,100056,218.009,205.369,1.27321,125.32,133.872,71.7709,85.1101,54.21952735,59.9112069,25.07768448,26.58038462,77.89727467,86.9925,0.823888449,6.280517332,0.89100346
211_TME07-1_30x_Str_02A_xyz-4504-11422-113,TME07-1,D2,Male,CPr,CPr_l,71.9095,67.2516,6,101.75,60978.6,158.27,1.03043,238.87,2134.93,22,47,3,25,0.434839,77061.4,183.994,122.679,1.3564,123.7,115.981,84.1742,82.7596,38.22161651,45.41893617,16.31551143,17.68227273,57.49898899,69.8272,0.684575443,3.041519749,0.83127572
212_TME07-1_30x_Str_02A_xyz-4676-11302-440,TME07-1,D1,Male,CPr,CPr_l,75.8584,64.9136,4,70.49,93522.5,177.452,1.02686,274.767,2543.37,15,35,5,20,0.435556,109085,210.742,243.917,1.22375,117.353,132.556,83.0235,72.0515,63.49731371,72.66285714,33.94774979,35.764,85.65948664,100.337,0.796919908,5.263593705,0.921487603
213_TME07-1_30x_Str_02A_xyz-4732-14541-168,TME07-1,D2,Male,CPr,CPr_imd,64.1812,59.9207,6,83.89,81895.6,153.914,1.02805,247.14,2786.78,22,48,4,26,0.511255,98171.7,186.31,145.712,1.15371,129.169,127.917,90.7483,76.1532,49.92743413,58.05354167,11.20407536,11.54454545,82.69335309,97.40730769,0.793550656,5.157236891,0.933673469
214_TME07-1_30x_Str_02A_xyz-4761-14871-299,TME07-1,D2,Male,CPr,CPr_imd,70.6299,65.0164,5,123.96,83931.5,167.027,1.02138,231.809,2998.08,26,57,5,31,0.384615,101016,192.959,193.339,1.38999,124.157,129.08,88.1028,91.282,46.77819585,52.59210526,22.69746734,24.31923077,66.97493589,76.30483871,0.786870406,4.95741469,0.883379247
216_TME07-1_30x_Str_02A_xyz-4952-13720-363,TME07-1,D2,Male,CPr,CPr_imd,87.6041,75.4429,7,100.21,65348.7,154.016,1.02307,210.82,2561.33,27,57,3,30,0.473063,90580.2,198.158,143.29,1.37412,104.327,114.288,88.5885,90.4826,39.52415733,44.93087719,16.66470385,18.33666667,60.09766547,68.86566667,0.765528562,4.403342262,0.786132813
217_TME07-1_30x_Str_02A_xyz-5125-11056-273,TME07-1,D1,Male,CPr,CPr_imv,79.3045,77.5752,5,55.41,59783.7,156.726,1.03843,226.851,1910.34,18,39,3,21,0.55,81617.8,188.811,154.8,1.43959,116.89,115,104.457,93.1092,39.07047024,48.97769231,26.88460163,31.58555556,49.51550048,63.8852381,0.600158412,2.253167189,0.850661626
218_TME07-1_30x_Str_02A_xyz-5193-11810-360,TME07-1,D1,Male,CPr,CPr_imv,75.7888,62.762,4,163.04,99056.1,182.7,1.0225,268.372,3226.2,21,47,5,26,0.449206,117526,205.25,194.158,1.18838,121.563,126.447,92.3305,87.5576,60.05343248,68.63765957,18.33798741,19.02619048,93.74667658,108.7084615,0.781166562,4.797526616,0.889030612
219_TME07-1_30x_Str_02A_xyz-5368-12495-273,TME07-1,D1,Male,CPr,CPr_imv,73.5146,64.3841,5,172.04,111758,163.822,1.02867,214.799,3426.9,24,54,6,30,0.348611,134835,193.543,177.653,1.26576,125.016,126.65,89.3644,88.9504,54.48061898,63.45592593,23.75156824,25.49833333,79.06385958,93.822,0.766186437,4.418745159,0.813476563
221_TME07-1_30x_Str_02A_xyz-5589-13456-405,TME07-1,D2,Male,CPr,CPr_imd,76.87,85.4699,5,142.59,92598.2,149.72,1.01997,209.369,3176.01,30,65,5,35,0.403333,119019,189.682,192.11,1.33665,125.021,120.607,86.3276,97.2895,43.68931724,48.85676923,21.13919203,22.325,63.01799599,71.59828571,0.737416162,3.824674818,0.718042367
222_TME07-1_30x_Str_02A_xyz-6013-7133-103,TME07-1,D1,Male,CPr,CPr_l,66.0834,60.5646,4,137.68,49393.1,151.467,1.03321,220.9,2732.24,15,38,8,23,0.555556,60882.5,190.753,150.171,1.18777,120.376,123.031,91.0502,86.1318,59.62764861,71.89631579,23.09278647,25.998,83.45473261,101.83,0.764812179,4.386678524,0.9104
223_TME07-1_30x_Str_02A_xyz-6117-8246-110,TME07-1,D1,Male,CPr,CPr_imv,75.3355,75.6703,5,89.49,69873.4,154.662,1.02568,273.1,2003.73,16,35,3,19,0.271875,86596,187.242,179.8,1.32413,118.912,124.687,108.741,113.801,50.24661088,57.24457143,31.1193241,34.145625,66.35379975,76.69631579,0.727714971,3.65557767,0.902494331
225_TME07-1_30x_Str_02A_xyz-6267-15141-197,TME07-1,D1,Male,CPr,CPr_imd,78.244,82.4352,4,98.57,25669.9,127.148,1.02941,118.221,1579.85,13,30,4,17,0.502564,33195.2,176.941,153.186,1.20197,112.152,112.676,85.0102,84.2408,42.86659745,52.65733333,19.70309196,20.94923077,60.57986636,76.90470588,0.705200194,3.310327932,0.891966759
226_TME07-1_30x_Str_02A_xyz-6588-13921-279,TME07-1,D1,Male,CPr,CPr_imd,74.5407,57.1837,5,123.71,82559.1,147.324,1.02436,227.829,3370.79,25,57,7,32,0.37,98796.4,196.862,213.508,1.31755,118.716,131.068,90.2266,87.5975,52.39006451,59.13157895,22.05590801,23.876,76.08862428,86.675,0.806201842,5.578020923,0.866782007
227_TME07-1_30x_Str_02A_xyz-6623-13716-76,TME07-1,D2,Male,CPr,CPr_imd,82.3716,74.818,5,147.76,44384,163.092,1.0242,188.911,2902.8,26,58,6,32,0.330128,56135.1,188.754,148.482,1.23692,113.461,118.292,83.7483,87.2037,43.57662873,50.04327586,18.91139781,19.73730769,63.61712885,74.666875,0.708753917,3.360903875,0.759515571
228_TME07-1_30x_Str_02A_xyz-6782-15035-403,TME07-1,D1,Male,CPr,CPr_imd,85.6918,52.1142,5,104.1,73667.3,170.876,1.02223,249.46,2350.05,23,51,5,28,0.231884,84709.2,201.699,201.718,1.38987,103.484,132.811,87.7275,94.2908,41.17939784,46.07431373,23.76813283,25.2526087,55.48150838,63.17785714,0.815456995,5.926879544,0.834444444
229_TME07-1_30x_Str_02A_xyz-6876-14849-102,TME07-1,D1,Male,CPr,CPr_imd,78.5032,67.8883,6,142.91,86533.2,137.49,1.02628,182.125,3175.16,31,67,5,36,0.389555,107987,169.964,164.37,1.26719,114.621,123.448,78.6169,73.3745,41.96126796,47.38522388,17.78979665,18.72,62.77559047,72.06916667,0.742112562,3.911620621,0.843490305
233_TME07-1_30x_Str_02A_xyz-7140-15691-47,TME07-1,D2,Male,CPr,CPr_m,75.8926,71.5148,5,75.33,35333.5,146.346,1.02025,183.12,2073.9,26,57,5,31,0.385897,44816.8,162.687,160.139,1.37914,114.669,116.76,67.9457,74.1939,32.78623268,36.37964912,14.87090015,15.625,47.81199546,53.78677419,0.762463784,4.332836333,0.887052342
234_TME07-1_30x_Str_02A_xyz-7202-11734-278,TME07-1,D1,Male,CPr,CPr_imv,82.2276,78.7033,6,56.62,46400.8,169.036,1.03652,259.64,1727.2,21,44,2,23,0.4424,57311.5,192.317,60.1412,1.5487,111.198,108.608,82.6002,63.9862,32.4473904,39.24977273,17.01119532,18.85238095,46.54130765,57.87347826,0.745227125,3.971247424,0.8128
236_TME07-1_30x_Str_02A_xyz-7372-10483-292,TME07-1,D2,Male,CPr,CPr_imv,81.3707,72.2678,6,129.75,57359.3,139.733,1.02591,199.719,2764.34,24,52,4,28,0.461797,73468.3,184.966,176.73,1.27437,107.204,121.059,95.7698,81.6176,45.89155743,53.15538462,18.67079962,20.20625,69.22363555,81.3975,0.730034872,3.694789407,0.862222222
239_TME07-1_30x_Str_02A_xyz-7519-13748-217,TME07-1,D2,Male,CPr,CPr_m,83.0014,66.1723,7,138.61,54059.4,163.203,1.02466,193.08,2877.33,28,62,6,34,0.508929,67937.8,170.508,172.203,1.27676,104.942,117.733,106.133,105.721,40.33741141,46.40387097,15.90509334,16.88,60.45814394,70.71764706,0.769484497,4.497439648,0.760030864
240_TME07-1_30x_Str_02A_xyz-7531-10159-389,TME07-1,D2,Male,CPr,CPr_imv,82.4674,78.1253,7,145.8,54365.3,141.208,1.02996,185.719,2634.28,22,49,5,27,0.544589,75571.6,238.536,177.401,1.23737,105.785,114.927,74.7262,80.1227,44.04095815,53.75530612,15.85949088,17.92363636,67.00363517,82.95148148,0.708974041,3.364081574,0.854934602
243_TME07-1_30x_Str_02A_xyz-7759-12995-92,TME07-1,D2,Male,CPr,CPr_m,63.8037,78.0822,5,98.96,75543.6,137.301,1.03521,209.11,2714.93,25,53,3,28,0.484667,99945.7,186.479,150.221,1.27273,132.439,118.636,83.014,85.3389,41.84103569,51.2209434,17.49408404,19.3772,63.57938538,79.65285714,0.694552802,3.166557033,0.838888889
246_TME07-1_30x_Str_02A_xyz-8169-13031-429,TME07-1,D2,Male,CPr,CPr_m,88.4033,97.1896,11,63.46,25431.5,110.887,1.04257,48.9203,1279.64,20,43,3,23,0.561111,70362.7,301.989,142.83,2.91295,107.293,95.2622,110.302,95.933,23.3945317,29.75465116,15.83455198,22.315,29.9684271,36.22391304,0.379898297,1.244639972,0.8032
249_TME07-1_30x_Str_02A_xyz-8360-12154-187,TME07-1,D2,Male,CPr,CPr_m,83.155,77.6203,10,83.63,53245.3,127.668,1.03039,199.41,2378.53,30,64,4,34,0.467989,94856.5,298.51,120.371,1.63895,102.17,103.144,86.0476,75.7137,30.80818133,37.159375,22.45033131,25.56733333,38.18275489,47.38764706,0.650758568,2.675718543,0.783179012
250_TME07-1_30x_Str_02A_xyz-8466-13683-167,TME07-1,D2,Male,CPr,CPr_m,88.9304,89.3563,4,115.44,50510.7,151.83,1.05149,263.629,1597.34,9,21,3,12,0.5,65842,209.179,189.95,1.11483,109.283,102.069,89.037,92.5292,60.33909994,76.05809524,14.64667287,15.82444444,94.60842025,121.2333333,0.706747706,3.332185294,0.765306122
251_TME07-1_30x_Str_02A_xyz-8481-13977-428,TME07-1,D1,Male,CPr,CPr_m,92.4217,67.6401,4,146.79,44935.2,181.044,1.02287,213.759,1948.45,19,43,5,24,0.466667,53149.2,214.585,158.007,1.2867,102.594,124.639,81.964,106.237,39.88638425,45.30744186,22.47362376,23.57052632,53.67148631,62.51583333,0.796370851,5.245993882,0.727810651
252_TME07-1_30x_Str_02A_xyz-8516-14675-426,TME07-1,D2,Male,CPr,CPr_m,92.5514,76.9559,7,70.89,24757,139.346,1.02611,140.541,1044.15,15,33,3,18,0.462222,31372.4,161.786,105.527,1.5,106.078,117.068,111.373,104.6,27.48039714,31.63575758,17.43103461,18.464,35.85486592,42.61222222,0.730113935,3.696138923,0.76
253_TME07-1_30x_Str_02A_xyz-8559-8734-72,TME07-1,D1,Male,CPr,CPr_imv,61.7134,71.4509,5,84.87,54832.1,161.495,1.02874,220.77,2116.44,15,36,6,21,0.6,71770,206.9,178.411,1.24304,124.642,121.301,90.7954,86.7562,48.78278484,58.78388889,22.3839283,25.36066667,67.63911094,82.65761905,0.70776739,3.34672743,0.871455577
254_TME07-1_30x_Str_02A_xyz-8588-15103-338,TME07-1,D1,Male,CPr,CPr_m,63.9707,69.0598,5,108.14,65591.3,167.779,1.02329,230.34,2572.43,19,44,6,25,0.368421,78127.3,187.668,140.9,1.19536,131.925,122.594,108.185,109.086,51.61476654,58.45954545,24.03602018,25.66052632,72.57461377,83.3868,0.798119097,5.302404732,0.920438957
255_TME07-1_30x_Str_02A_xyz-8649-14909-133,TME07-1,D2,Male,CPr,CPr_m,67.6491,81.1818,5,103.72,81503.9,135.473,1.02439,204.702,2602.5,23,50,4,27,0.197404,106103,181.515,157.64,1.27311,130.535,119.952,92.7865,84.3304,45.05427102,52.0454,18.68382458,20.29826087,67.51798466,79.08925926,0.714338726,3.443202824,0.772889417
256_TME07-1_30x_Str_02A_xyz-8726-10030-295,TME07-1,D2,Male,CPr,CPr_imv,51.2122,89.3823,3,127.83,46606,147.008,1.04028,194.831,2326.29,11,30,8,19,0.363636,59364.7,195.111,186.161,1.10216,133.93,114.898,109.023,106.528,59.84162301,77.538,17.76580496,19.35090909,84.20130715,111.2252632,0.732779172,3.742150313,0.818594104
257_TME07-1_30x_Str_02A_xyz-8843-12424-412,TME07-1,D1,Male,CPr,CPr_m,70.0391,67.2069,6,90.71,43872.9,138.188,1.03015,166.77,1880.83,20,43,3,23,0.585348,58140,158.07,103.686,1.25501,122.787,122.555,94.4554,101.197,38.08920839,43.73488372,12.57596573,13.042,60.27463679,70.42434783,0.725956237,3.62634109,0.8896
259_TME07-1_30x_Str_02A_xyz-9233-11353-206,TME07-1,D2,Male,CPr,CPr_imv,51.3432,74.8336,5,115.22,54434.7,128.828,1.03336,188.388,2424.53,20,43,3,23,0.303333,74588.6,170.621,176.02,1.19908,133.709,116.024,89.4181,78.0218,45.62237393,56.37953488,17.48206157,19.6225,70.09221076,88.34217391,0.658593328,2.753407139,0.8704
260_TME07-1_30x_Str_02A_xyz-9288-10629-229,TME07-1,D2,Male,CPr,CPr_imv,61.4591,83.582,4,44.84,32489.4,124.608,1.03034,195.76,1735.21,15,34,4,19,0.431746,44218.8,184.401,122.011,1.34325,130.513,119.002,102.959,95.4554,42.0603596,51.03029412,18.32681467,19.52,60.79736875,75.90684211,0.709247417,3.368035427,0.825396825
263_TME07-1_30x_Str_02A_xyz-9747-12592-60,TME07-1,D1,Male,CPr,CPr_m,57.3087,67.6998,3,71.27,37629.2,152.484,1.0204,192.94,1968.96,17,39,5,22,0.27451,46055.6,199.47,160.87,1.22593,139.35,129.923,100.251,102.862,44.76342529,50.48128205,22.28141474,23.68882353,62.13588799,71.18454545,0.77553389,4.648492459,0.902777778
264_TME07-1_30x_Str_02A_xyz-9782-14743-87,TME07-1,D1,Male,CPr,CPr_m,50.7243,62.6111,3,43.42,31537.3,185.96,1.02131,215.351,1450.35,9,23,5,14,0.37037,37349.7,214.433,159.556,1.16859,133.665,129.423,82.0933,101.039,56.09744312,63.05304348,21.39803631,22.52888889,78.40420464,89.10428571,0.812395552,5.807228792,0.8203125
265_TME07-1_30x_Str_02A_xyz-9784-13329-407,TME07-1,D1,Male,CPr,CPr_m,56.4867,59.7014,4,112.82,31394.3,139.096,1.03571,200.3,1256.91,13,29,3,16,0.348718,38853.7,174.962,102.818,1.28452,132.6,125.459,61.8094,73.1496,36.82017897,43.33827586,15.60413685,16.12153846,54.05821319,65.451875,0.741322566,3.896749869,0.882716049
267_TME07-1_30x_Str_02A_xyz-9878-12758-216,TME07-1,D1,Male,CPr,CPr_m,71.5083,86.7938,6,127.04,41055.1,134.502,1.03597,156.302,1755.63,18,38,2,20,0.422222,61042.2,187.014,109.256,1.3338,124.005,110.157,85.3367,80.7011,35.87301229,46.19657895,16.46774916,18.27277778,53.3377491,71.328,0.579434322,2.111609323,0.834710744
289_TME07-1_30x_Str_02B_xyz-2831-14420-366,TME07-1,D1,Male,CPr,CPr_m,77.4421,60.6155,5,57,35592.3,130.973,1.02443,204.407,1500.96,14,31,3,17,0.566667,43264.5,165.821,130.991,1.18564,111.632,123.095,122.385,107.259,41.95047759,48.41419355,10.75884463,11.81428571,67.63770474,78.55529412,0.787371783,4.971926755,0.905817175
290_TME07-1_30x_Str_02B_xyz-2838-12460-381,TME07-1,D1,Male,CPr,CPr_m,79.0444,63.8605,5,75.38,70385,197.891,1.02076,235.21,2281.83,13,31,5,18,0.397436,82972.6,247.643,194.868,1.16903,117.053,128.734,97.999,90.7439,65.17906491,73.60258065,22.58588958,24.04461538,95.94080265,109.3944444,0.822770934,6.231483286,0.9275
291_TME07-1_30x_Str_02B_xyz-2885-11736-285,TME07-1,D1,Male,CPr,CPr_m,65.5688,63.7961,4,75.82,59228.9,155.903,1.03377,227.581,2115.05,14,33,5,19,0.538095,77159.3,255.744,161.272,1.22824,126.761,119.153,115.968,112.344,51.94156761,64.08727273,21.65201214,24.40285714,74.26018744,93.32842105,0.709772061,3.375646448,0.882086168
293_TME07-1_30x_Str_02B_xyz-2973-12717-175,TME07-1,D2,Male,CPr,CPr_m,78.8477,79.7466,6,54.62,41644,153.896,1.02721,217.46,1887.74,11,28,6,17,0.636364,50369.7,184.521,134.01,1.21099,114.874,115.896,96.5852,107.85,58.15189176,67.415,18.93903393,19.75636364,83.52491741,98.25294118,0.738673989,3.847621288,0.828254848
294_TME07-1_30x_Str_02B_xyz-3099-11229-234,TME07-1,D2,Male,CPr,CPr_imv,83.8321,74.3542,4,72.6,28441,165.81,1.0284,163.56,1350.49,13,30,4,17,0.371795,36926.5,211.122,111.07,1.31729,110.884,109.789,82.1405,70.7734,37.74230883,45.012,19.41743825,21.84769231,51.75544516,62.72588235,0.682127845,3.012165086,0.825484765
299_TME07-1_30x_Str_02B_xyz-3592-12717-290,TME07-1,D2,Male,CPr,CPr_m,76.182,64.2002,4,139.82,52010.9,127.4,1.03268,166.399,2571.33,22,49,5,27,0.315152,70106.9,161.116,146.619,1.22884,110.097,117.07,95.5329,100.155,42.99962184,52.47061224,18.90304625,21.28545455,62.63386862,77.88074074,0.662564733,2.794297957,0.876337693
300_TME07-1_30x_Str_02B_xyz-3616-13710-99,TME07-1,D2,Male,CPr,CPr_m,75.0688,73.0259,7,121.22,44699,156.969,1.03644,168.072,2171.81,20,44,4,24,0.579167,57149.2,173.462,143.551,1.26397,111.615,111.315,98.5025,80.0782,40.95019695,49.35477273,16.41907874,17.438,61.39279546,75.95208333,0.730398108,3.700996719,0.794378698
302_TME07-1_30x_Str_02B_xyz-3670-15651-253,TME07-1,D2,Male,CPr,CPr_m,89.4013,82.7577,4,110.52,64897.2,146.624,1.02491,255.751,2569.79,19,43,5,24,0.22807,82481.8,186.351,159.24,1.21143,103.446,119.813,77.4531,88.2164,52.62933541,59.75767442,20.234381,22.05736842,78.27534098,89.60375,0.763318921,4.352304634,0.855029586
303_TME07-1_30x_Str_02B_xyz-3842-12746-298,TME07-1,D2,Male,CPr,CPr_m,90.0416,73.8776,5,148.91,59544.4,144.084,1.02851,183.919,2613.05,24,54,6,30,0.483135,78523.7,178.64,162.789,1.29915,100.354,114.409,109.525,116.428,41.75900974,48.38481481,20.12909285,22.13666667,59.06294325,69.38333333,0.726819175,3.640634124,0.625
307_TME07-1_30x_Str_02B_xyz-4230-9915-38,TME07-1,D1,Male,CPr,CPr_imv,89.8671,73.5766,5,118.47,36722.7,126.855,1.03443,164.611,2072.27,20,44,4,24,0.558333,51348.8,171.045,120.709,1.35842,103.143,116.178,103.166,112.687,38.46026445,47.09113636,20.90099222,24.2155,53.09299131,66.15416667,0.671928528,2.895017962,0.894970414
308_TME07-1_30x_Str_02B_xyz-4460-9559-310,TME07-1,D2,Male,CPr,CPr_imv,78.4437,64.2616,2,134.24,36966.5,199.601,1.03452,233.369,1335.01,6,16,4,10,0.166667,44723.4,227.678,175.982,1.14663,115.222,133.374,91.8245,110.284,67.89348413,83.43125,26.95322747,28.87833333,92.45763812,116.163,0.776084685,4.662697728,0.868055556
312_TME07-1_30x_Str_02B_xyz-5026-16903-185,TME07-1,D2,Male,CPr,CPr_m,87.6149,69.9034,4,106.1,75461.8,160.793,1.02596,217.14,2653.59,18,43,7,25,0.474074,90458.4,186.485,185.399,1.17707,110.324,116.583,91.6618,107.916,54.09425433,61.70627907,18.94789573,20.00888889,79.39963252,91.7284,0.784746567,4.89677633,0.834019204
314_TME07-1_30x_Str_02B_xyz-5370-14601-372,TME07-1,D1,Male,CPr,CPr_imd,76.1462,69.16,4,140.99,72820,151.492,1.0349,183.994,2815.9,18,43,7,25,0.455556,87002.9,190.993,214.461,1.16036,116.361,130.13,97.9175,84.6373,54.53109311,65.48139535,19.60651312,21.29055556,79.6767907,97.2988,0.766458954,4.425153927,0.935528121
316_TME07-1_30x_Str_02B_xyz-5760-16313-306,TME07-1,D2,Male,CPr,CPr_imd,70.1126,60.1743,4,136.28,77583.9,153.454,1.0243,228.558,2818.78,19,44,6,25,0.350877,91952.2,180.133,177.681,1.19763,116.406,129.085,98.2551,101.187,56.20431343,64.05818182,17.75029018,19.17947368,85.42937109,98.166,0.797193058,5.272389025,0.884773663
317_TME07-1_30x_Str_02B_xyz-6322-10679-250,TME07-1,D1,Male,CPr,CPr_imv,80.9609,70.8086,6,94.78,26012.5,131.078,1.0381,218.22,1888.3,20,44,4,24,0.544444,35829.4,165.553,115.241,1.40521,107.317,115.322,103.389,93.3127,34.55153031,42.91136364,19.4978497,22.8975,47.09626414,59.58958333,0.666860232,2.839730409,0.730769231
318_TME07-1_30x_Str_02B_xyz-6466-12196-12,TME07-1,D1,Male,CPr,CPr_imv,71.6674,58.135,5,69.75,23159,145.301,1.02524,199.21,987.081,7,19,5,12,0.514286,27359.1,178.325,124.3,1.14239,109.322,125.475,70.0136,53.4926,45.1240882,51.94736842,16.07147987,16.88,62.07144306,72.40333333,0.801122828,5.401913214,0.918367347
320_TME07-1_30x_Str_02B_xyz-6759-13338-422,TME07-1,D2,Male,CPr,CPr_imd,80.2808,80.0877,5,96.31,76777.1,154.99,1.02616,223.64,2671.41,19,43,5,24,0.452632,99100.5,188.881,176.404,1.22771,109.131,124.58,93.6369,97.6704,53.59442819,62.12139535,20.89343824,22.01263158,79.4827119,93.87416667,0.738732546,3.84869551,0.853550296
322_TME07-1_30x_Str_02B_xyz-7089-11476-13,TME07-1,D1,Male,CPr,CPr_imv,85.1441,77.3334,5,133.77,45660.9,128.12,1.0271,77.8892,1812.69,16,37,5,21,0.558036,59167.3,153.902,165.23,1.26294,109.505,115.027,91.3603,80.8481,42.57490924,48.98648649,16.27532696,17.50125,62.61268622,72.9752381,0.722263698,3.56629127,0.892249527
323_TME07-1_30x_Str_02B_xyz-7155-16217-142,TME07-1,D2,Male,CPr,CPr_imd,72.1196,71.69,5,93.72,47240.3,138.515,1.04,204.54,2028.66,15,35,5,20,0.261111,60944.7,160.56,129.95,1.1753,122.676,123.477,84.3673,61.2268,47.2806258,57.95657143,16.58450884,18.902,70.30271352,87.2475,0.742709064,3.922916263,0.805785124
324_TME07-1_30x_Str_02B_xyz-7199-10350-382,TME07-1,D2,Male,CPr,CPr_l,73.035,70.9674,6,92.38,39346.7,131.86,1.03344,152.56,1779.75,17,37,3,20,0.436975,48580,155.146,204.94,1.29816,121.286,123.98,83.0595,75.2994,39.8994054,48.09594595,19.61338779,20.82647059,57.14252038,71.275,0.740590227,3.883054264,0.886363636
325_TME07-1_30x_Str_02B_xyz-7545-13268-339,TME07-1,D2,Male,CPr,CPr_imd,75.0961,75.3297,5,87.7,25529.9,116.418,1.0366,185.013,1491.14,17,37,3,20,0.416246,34346.2,156.261,120.219,1.29237,116.689,118.657,80.9082,81.9098,33.4661628,40.29675676,14.39631465,15.17470588,49.67553373,61.6505,0.656113253,2.728395833,0.907024793
328_TME07-1_30x_Str_02B_xyz-7776-16023-291,TME07-1,D2,Male,CPr,CPr_imd,73.2277,59.3339,4,105.94,63154.5,168.829,1.02262,246.78,2582.45,22,49,5,27,0.454545,73674.9,188.454,169.859,1.25634,120.198,132.517,98.3477,90.7882,46.88191142,52.69755102,20.34715832,21.19545455,68.50282135,78.36592593,0.79983735,5.358919736,0.741973841
333_TME07-1_30x_Str_02B_xyz-8367-13528-239,TME07-1,D1,Male,CPr,CPr_imd,75.7064,76.3545,4,183.77,103357,167.819,1.03124,269.3,3260.09,23,50,4,27,0.391304,129270,199.089,210.36,1.22494,113.973,120.74,87.9235,93.7368,55.48517862,65.197,26.96236626,28.48521739,79.78238915,96.47,0.75689841,4.209849021,0.804994055
334_TME07-1_30x_Str_02B_xyz-8381-12920-311,TME07-1,D1,Male,CPr,CPr_imd,74.1788,76.9981,4,159.64,69945.6,160.833,1.02532,238.95,3194.17,24,54,6,30,0.233333,86747.1,197.093,154.098,1.3103,123.37,119.506,100.904,96.5027,51.87755733,59.14648148,30.65655364,32.935,68.85436028,80.11566667,0.744389025,3.955043667,0.78515625
336_TME07-1_30x_Str_02B_xyz-8435-14330-280,TME07-1,D2,Male,CPr,CPr_imd,70.197,63.0134,5,112.27,85363,139.054,1.02522,199.242,3161.08,28,60,4,32,0.363095,105015,160.748,204.44,1.29976,120.428,127.036,98.8777,99.1309,45.63598903,52.67916667,14.78667154,15.80535714,72.62914184,84.94375,0.786817218,4.955879659,0.756920415
337_TME07-1_30x_Str_02B_xyz-8838-13744-85,TME07-1,D1,Male,CPr,CPr_l,75.9315,63.8919,6,127.31,32817.2,148.765,1.02144,210.792,3308.69,27,62,8,35,0.460317,40541.3,187.762,181.543,1.37061,111.992,125.031,108.385,116.539,47.59019391,53.36112903,23.552469,26.0937037,66.13358169,74.396,0.798563172,5.316907758,0.870708546
338_TME07-1_30x_Str_02B_xyz-9620-14279-135,TME07-1,D2,Male,CPr,CPr_l,72.1507,73.8946,4,78.97,67671.8,146.834,1.02961,236.622,2284.63,16,37,5,21,0.29375,80827.7,170.476,117.59,1.19202,125.292,117.302,95.7097,76.7901,53.41243329,61.74189189,23.46544899,25.338125,76.22918323,89.47809524,0.797670061,5.287811841,0.897920605
340_TME07-1_30x_Str_03A_xyz-2731-12712-253,TME07-1,D1,Male,CPi,CPi_vl,66.6696,57.9457,5,201.13,74542.2,146.49,1.02086,193.842,3651.02,33,70,4,37,0.36229,88489.2,185.884,212.372,1.32709,122.041,133.301,80.6736,76.6268,46.6885005,52.15242857,22.50033504,23.74727273,68.26172916,77.48675676,0.786150328,4.936705114,0.834319527
341_TME07-1_30x_Str_03A_xyz-3048-12793-418,TME07-1,D2,Male,CPr,CPr_l,57.885,60.575,5,96.11,71322.3,137.461,1.03103,210.063,2407.21,23,49,3,26,0.359213,85981.2,164.778,185.38,1.22157,135.841,133.266,82.7611,75.8136,42.37899767,49.12183673,13.71356264,14.23478261,67.73688251,79.98346154,0.782743273,4.840789234,0.887755102
343_TME07-1_30x_Str_03A_xyz-3069-13681-428,TME07-1,D1,Male,CPr,CPr_l,86.4026,83.5403,4,99.54,52974,141.605,1.04537,218.65,2047.89,16,37,5,21,0.3125,68706.7,196.134,103.749,1.26953,112.224,104.229,86.5095,80.509,44.37363513,55.34297297,27.68123008,28.96375,57.09165802,75.44142857,0.745489212,3.976338929,0.850661626
346_TME07-1_30x_Str_03A_xyz-3959-16075-280,TME07-1,D1,Male,CPi,CPi_dl,81.0753,67.6383,5,167.85,81825.1,173.662,1.02409,253.779,3292.63,25,54,4,29,0.338,98393.2,204.958,183.29,1.24297,114.729,124.342,83.0129,84.3023,53.59361542,60.96925926,21.23579253,22.102,81.48829033,94.47551724,0.78408413,4.878134716,0.888657648
347_TME07-1_30x_Str_03A_xyz-4053-17095-335,TME07-1,D2,Male,CPi,CPi_dl,69.7924,57.9743,5,107.73,95366.8,155.7,1.02228,228.04,3560.36,30,66,6,36,0.386667,114122,189.246,203.54,1.22417,118.321,133.626,100.057,93.6583,48.31557994,53.93939394,16.11516169,17.12,75.14926182,84.62222222,0.823361882,6.257326431,0.822022161
349_TME07-1_30x_Str_03A_xyz-4598-14198-377,TME07-1,D1,Male,CPr,CPi_dl,72.8962,63.0876,6,114.31,62701.4,172.26,1.05802,211.199,2091.31,15,34,4,19,0.46,79496.4,220.227,95.1693,1.33471,115.974,116.175,76.3172,83.5848,47.97333414,61.50411765,29.33920554,31.91933333,62.6844883,84.86052632,0.694672696,3.168114413,0.818594104
350_TME07-1_30x_Str_03A_xyz-4609-10444-366,TME07-1,D1,Male,CPr,CPr_l,79.0229,71.2994,5,154.42,119388,161.892,1.02662,229.91,4059.89,32,69,5,37,0.302404,149036,188.116,203.819,1.23014,111.752,122.686,100.993,100.889,51.25267003,58.83391304,16.92069433,18.2703125,80.94518956,93.91594595,0.786843112,4.956626879,0.897435897
351_TME07-1_30x_Str_03A_xyz-4851-8717-255,TME07-1,D1,Male,CPi,CPi_vl,66.5315,75.35,5,131.27,95700.7,155.404,1.04741,235.461,2926.52,20,45,5,25,0.323095,118897,188.148,176.136,1.2571,128.526,116.424,93.5375,88.6084,51.65822946,65.02844444,27.14767293,30.9875,71.26667468,92.2612,0.745876465,3.983883356,0.775034294
352_TME07-1_30x_Str_03A_xyz-4860-18344-59,TME07-1,D1,Male,CPi,CPi_dm,80.7741,54.9395,4,77.78,81765.2,145.331,1.01781,249.09,2610.46,27,59,5,32,0.32134,94928.1,179.462,150.321,1.32986,109.895,132.224,81.9436,86.7686,40.17345687,44.24084746,18.46624972,19.14148148,58.4889129,65.4184375,0.823608853,6.268184197,0.903114187
353_TME07-1_30x_Str_03A_xyz-4915-18034-329,TME07-1,D2,Male,CPi,CPi_dl,68.2794,69.8258,5,120.76,75422,169.399,1.03064,224.1,3142.26,25,54,4,29,0.345714,92419.5,189.312,172.09,1.18798,126.631,124.429,96.1274,95.164,50.80995061,58.185,15.83091356,16.5636,80.9642929,94.06551724,0.787301297,4.969881977,0.870967742
354_TME07-1_30x_Str_03A_xyz-5075-17583-88,TME07-1,D1,Male,CPi,CPi_dm,57.2781,57.4392,5,152.05,47413,180.933,1.01956,109.921,2317.53,19,43,5,24,0.464912,55342,200.148,234.17,1.40351,135.988,131.423,96.6642,92.3035,47.67302336,53.89139535,23.1673941,24.21368421,67.07331318,77.38625,0.793193785,5.146197746,0.877218935
355_TME07-1_30x_Str_03A_xyz-5076-17034-309,TME07-1,D2,Male,CPi,CPi_dl,71.8329,59.0226,4,106.97,71148.1,158.28,1.02334,211.19,2859.71,25,54,4,29,0.424381,84371,178.06,213.33,1.29548,123.575,133.334,95.1065,101.315,47.40212162,52.95277778,21.08441938,22.4732,70.08979597,79.22827586,0.804636668,5.52266131,0.887617066
356_TME07-1_30x_Str_03A_xyz-5142-12287-102,TME07-1,D1,Male,CPi,CPi_vl,69.0809,74.4592,5,159.67,126766,151.641,1.03109,209.719,4075.01,36,78,6,42,0.371429,167949,198.807,165.277,1.3516,124.558,121.343,87.4643,91.7426,43.56701416,52.23846154,21.29856412,23.15861111,62.65425705,77.16404762,0.665472083,2.824908315,0.79803719
358_TME07-1_30x_Str_03A_xyz-5212-12074-429,TME07-1,D1,Male,CPr,CPr_l,82.8082,65.6005,5,100.86,95560.7,173.736,1.02253,234.93,3089.17,30,66,6,36,0.393333,113758,215.931,202.511,1.33065,108.265,133.322,84.3176,90.6205,41.85811829,46.79969697,19.12271913,20.16366667,60.80428426,68.99638889,0.778893655,4.736369899,0.87534626
361_TME07-1_30x_Str_03A_xyz-5722-16723-313,TME07-1,D2,Male,CPi,CPi_dl,72.1769,68.464,5,112.3,62962.6,172.342,1.03696,199.87,2261.51,19,42,4,23,0.462657,81867.8,215.837,146.089,1.2972,120.812,118.392,101.508,94.2865,45.23448942,53.84071429,21.29206862,24.71,65.01301095,77.90521739,0.712086226,3.409584456,0.864
362_TME07-1_30x_Str_03A_xyz-5737-8285-75,TME07-1,D1,Male,CPi,CPi_vm,70.2518,56.7738,6,127.38,83520.3,148.261,1.03338,201.899,2799.55,24,53,5,29,0.547024,101474,181.817,192.059,1.3447,120.886,126.969,81.8091,73.7565,44.85721515,52.81660377,22.02977725,23.82958333,63.7488879,76.80586207,0.764151504,4.37141044,0.827263267
363_TME07-1_30x_Str_03A_xyz-5745-11091-85,TME07-1,D2,Male,CPi,CPi_vm,87.9116,81.4909,6,136.04,106100,129.016,1.03322,188.86,3869.18,32,69,5,37,0.450521,146519,195.583,158.37,1.23096,101.4,109.184,98.4814,104.111,46.54603324,56.06971014,14.80394531,15.883125,73.99864982,90.82567568,0.722660087,3.572652673,0.831689678
364_TME07-1_30x_Str_03A_xyz-5805-11693-27,TME07-1,D1,Male,CPi,CPi_vm,66.8247,62.1094,6,71.92,66911.2,159.661,1.02846,222.88,2627.09,26,57,5,31,0.535897,83280.5,188.927,207.012,1.37487,125.323,124.235,92.096,89.0073,39.40457828,46.0845614,22.56708173,24.86153846,53.52634958,63.88451613,0.734771661,3.777218366,0.844811754
365_TME07-1_30x_Str_03A_xyz-5815-10699-367,TME07-1,D2,Male,CPr,CPr_imv,71.7011,80.8506,5,80.65,47833.6,136.805,1.04188,170.26,2314.45,24,50,2,26,0.259722,65083.6,181.378,142.51,1.25873,126.596,115.939,95.8762,102.977,37.53125827,46.2834,15.87482579,17.16541667,57.52181132,73.16153846,0.657028297,2.737577851,0.844387755
366_TME07-1_30x_Str_03A_xyz-5926-13951-360,TME07-1,D2,Male,CPr,CPi_dl,83.35,66.1977,5,120.83,117407,132.468,1.02706,195.79,3802.64,33,72,6,39,0.269697,152166,208.951,170.589,1.3595,108.643,123.341,89.1143,84.8993,44.82381264,52.80916667,21.99690821,24.60666667,64.13888561,76.67282051,0.729062644,3.678265851,0.846519929
368_TME07-1_30x_Str_03A_xyz-6134-18884-274,TME07-1,D2,Male,CPi,CPi_dm,83.7606,62.0035,7,89.54,75940.3,151.302,1.02227,244.52,2898.28,26,55,3,29,0.327979,93668.6,213.775,175.901,1.30865,107.584,124.106,97.7968,100.387,46.18190728,52.69054545,18.7371152,19.81846154,70.78758294,82.16206897,0.792679032,5.130349418,0.867845994
369_TME07-1_30x_Str_03A_xyz-6148-9067-393,TME07-1,D1,Male,CPr,CPr_l,87.3709,71.7116,4,128.58,59778.1,149.828,1.03681,235.56,2458.13,21,48,6,27,0.330159,73286.5,175.412,166.928,1.29405,109.055,124.356,68.8311,70.6774,42.6927562,51.20583333,23.41573865,24.85952381,57.68599207,71.69740741,0.73214084,3.731037944,0.913198573
372_TME07-1_30x_Str_03A_xyz-6428-12447-77,TME07-1,D1,Male,CPi,CPi_vm,85.292,72.6442,4,119.64,112832,159.645,1.03134,222.78,3526.1,28,61,5,33,0.440816,140690,189.396,184.63,1.25969,111.024,122.372,91.2564,95.0671,48.74920295,57.8,19.60043239,21.04607143,73.48149312,88.98515152,0.760361999,4.285642809,0.839183673
373_TME07-1_30x_Str_03A_xyz-6468-14539-115,TME07-1,D1,Male,CPi,CPi_dm,84.4149,79.0741,4,130.91,106139,127.072,1.03918,202,3769.26,30,66,6,36,0.375397,135992,173.463,169.201,1.20537,111.574,119.751,87.5179,85.8454,46.54353362,57.10545455,17.39136294,18.801,70.83700918,89.02583333,0.708568141,3.358226162,0.878808864
374_TME07-1_30x_Str_03A_xyz-6477-14389-369,TME07-1,D1,Male,CPr,CPr_imd,72.016,71.9743,7,128.21,106364,140.989,1.02421,206.82,3965.87,36,77,5,41,0.358466,132588,177.451,190.681,1.30362,121.098,124.022,94.09,94.8937,44.369467,51.49961039,16.03121662,17.09277778,69.25183319,81.7104878,0.731773162,3.724663865,0.859383451
376_TME07-1_30x_Str_03A_xyz-6543-9402-433,TME07-1,D2,Male,CPr,CPr_l,79.0836,67.0773,5,104.86,76990.2,151.167,1.03019,232.819,2696.24,22,50,6,28,0.412554,97957.1,192.086,197.592,1.254,117.403,127.91,74.2281,76.1534,44.69702207,53.92,17.30021815,19.08318182,66.22308229,81.29178571,0.737998417,3.835266447,0.881111111
377_TME07-1_30x_Str_03A_xyz-6564-13609-329,TME07-1,D2,Male,CPi,CPi_dl,91.1392,68.7719,5,84.81,85001.3,156.334,1.03073,191.033,3184.89,24,54,6,30,0.43287,108756,181.238,165.746,1.26452,103.409,124.002,87.8957,85.1748,49.99307931,58.97444444,21.8181326,23.96666667,72.53303668,86.98066667,0.741531784,3.90067833,0.78515625
379_TME07-1_30x_Str_03A_xyz-6664-9422-231,TME07-1,D2,Male,CPi,CPi_vl,85.3412,70.1428,5,132.4,62755.4,142.587,1.03543,218.79,3097.98,25,55,5,30,0.466667,83386.9,184.404,152.569,1.25411,103.213,114.925,80.1101,82.1995,46.43099599,56.32163636,19.02584574,21.2312,69.26862119,85.56366667,0.71996228,3.529751094,0.8359375
383_TME07-1_30x_Str_03A_xyz-6805-6070-26,TME07-1,D2,Male,CPi,CPi_vm,91.3002,65.2008,4,88.5,56724.4,182.862,1.02283,193.77,1584.11,14,32,4,18,0.452381,65030,200.662,244.43,1.36292,108.921,125.296,86.3105,76.4455,44.746731,49.49875,27.76927532,29.225,57.95141876,65.26722222,0.834476956,6.781999495,0.8375
385_TME07-1_30x_Str_03A_xyz-6924-18341-157,TME07-1,D2,Male,CPi,CPi_dm,77.2357,76.9706,4,108.92,103254,158.39,1.02254,242.069,3477.01,26,58,6,32,0.385714,127790,180.027,197.887,1.18336,118.357,122.014,89.0805,81.9171,52.87116754,59.94293103,16.48927084,17.545,82.43145861,94.39125,0.790852041,5.074801321,0.870242215
386_TME07-1_30x_Str_03A_xyz-6962-8236-434,TME07-1,D1,Male,CPr,CPr_l,87.7428,77.5066,5,80.6,75001.9,145.891,1.02365,208.999,2596.56,25,56,6,31,0.472,92885.9,186.568,180.068,1.2717,105.42,116.873,83.5912,84.2882,39.67846847,46.36232143,17.0052241,17.8556,57.96334297,69.3516129,0.714092698,3.439502365,0.844811754
391_TME07-1_30x_Str_03A_xyz-7341-6716-147,TME07-1,D2,Male,CPi,CPi_vm,58.314,70.4161,6,115.37,103705,172.072,1.02232,240.908,3734.9,29,63,5,34,0.41954,129236,201.344,176.711,1.21463,133.199,121.533,87.2252,91.6488,53.02575072,59.27952381,16.69567937,17.74482759,84.01316452,94.70617647,0.788524363,5.005578472,0.864969136
393_TME07-1_30x_Str_03A_xyz-7426-7402-246,TME07-1,D1,Male,CPi,CPi_vm,82.5034,80.9647,5,150.98,84638.6,156.511,1.03265,191.109,3279.12,29,62,4,33,0.418719,107495,187.586,184.788,1.27281,109.597,115.712,97.745,91.3879,44.86654666,52.88483871,15.58510221,16.27482759,70.59872511,85.05727273,0.714061328,3.439031043,0.822040816
394_TME07-1_30x_Str_03A_xyz-7447-9242-299,TME07-1,D1,Male,CPi,CPi_vl,88.8982,77.2491,4,155.03,64614,153.211,1.03065,223.92,3217.98,21,49,7,28,0.406349,85303.1,192.724,196.291,1.26637,103.534,117.787,100.675,105.346,55.44571402,65.66816327,25.88240545,28.14714286,77.61819545,93.80892857,0.709286762,3.368605153,0.787777778
395_TME07-1_30x_Str_03A_xyz-7463-9559-187,TME07-1,D1,Male,CPi,CPi_vm,71.3554,63.0928,4,116.7,100606,155.338,1.03098,208.691,3589.99,25,57,7,32,0.28,125957,183.344,200.899,1.1769,122.297,127.525,82.9385,94.4832,52.0342084,62.97684211,23.22326896,24.7584,74.54275483,92.835,0.731704593,3.723477287,0.808823529
396_TME07-1_30x_Str_03A_xyz-7494-12237-378,TME07-1,D1,Male,CPr,CPr_imv,87.8278,68.216,5,140.86,98619.3,149.31,1.03148,200.17,3459.75,33,70,4,37,0.379955,129430,171.653,165.589,1.32512,105.903,121.934,88.6255,88.3565,41.61879331,49.41971429,16.17906297,17.26636364,64.30828253,78.09702703,0.714665382,3.448126929,0.719921105
398_TME07-1_30x_Str_03A_xyz-7559-8215-134,TME07-1,D2,Male,CPi,CPi_vm,74.3827,72.6502,4,126.55,45651.4,163.469,1.02656,182.809,2488.91,18,42,6,24,0.427778,58530.7,210.172,177.451,1.26601,115.343,119.659,88.1597,87.079,49.82279468,59.2547619,19.99228727,21.795,72.19567524,87.34958333,0.78243695,4.832329474,0.795857988
399_TME07-1_30x_Str_03A_xyz-7590-9169-89,TME07-1,D2,Male,CPi,CPi_vm,58.7832,82.8997,5,149.62,59039.8,140.16,1.03012,218.06,3432.19,22,50,6,28,0.492424,75837.8,175.805,186.062,1.1288,132.306,111.598,96.8487,96.8958,57.81360483,68.6386,15.49418908,16.22863636,91.06457435,109.8178571,0.692341139,3.138068486,0.783333333
401_TME07-1_30x_Str_03A_xyz-7776-7816-291,TME07-1,D1,Male,CPi,CPi_vm,77.1629,81.6691,6,194.57,107328,173.749,1.02477,217.475,3147.08,23,50,4,27,0.319462,140382,235.888,243.549,1.37311,117.957,116.915,95.8858,75.8941,53.92709597,62.9366,33.8642729,36.4926087,71.01764895,85.46296296,0.652993285,2.697486612,0.897740785
402_TME07-1_30x_Str_03A_xyz-7796-5572-81,TME07-1,D2,Male,CPi,CPi_vm,75.5462,63.7675,3,129.62,56579.1,149.606,1.02311,208.15,2020.21,16,36,4,20,0.3125,66954.6,169.894,128.663,1.24673,117.118,128.954,84.38,87.4877,49.88529744,56.1125,25.62262839,26.891875,69.29543269,79.489,0.796228421,5.241445624,0.94214876
403_TME07-1_30x_Str_03A_xyz-7950-12753-428,TME07-1,D1,Male,CPr,CPr_imv,85.4854,72.0444,5,57.93,63747.2,154.314,1.02544,203.1,2320.78,25,56,6,31,0.393744,78952.6,179.659,166.229,1.26126,108.228,123.816,69.8372,67.8077,36.22493128,41.43732143,15.77241467,17.126,52.71889629,61.04322581,0.754275705,4.154035105,0.84389348
405_TME07-1_30x_Str_03A_xyz-8006-12055-210,TME07-1,D2,Male,CPi,CPi_vm,78.9187,77.7721,5,184.9,101522,130.246,1.0262,186.27,3748.73,29,65,7,36,0.513793,131612,181.277,179.85,1.20719,118.975,120.185,85.7184,87.2731,48.45296831,57.66769231,16.2534438,17.09310345,74.39147417,90.35277778,0.714912424,3.451859196,0.87534626
406_TME07-1_30x_Str_03A_xyz-8027-12856-266,TME07-1,D2,Male,CPi,CPi_vm,93.5834,79.392,6,133.42,99803.2,144.274,1.02859,201.142,3431.19,29,63,5,34,0.366858,135261,201.152,161.942,1.35549,99.0438,115.072,80.2548,82.9516,45.86753923,54.45857143,20.5497483,22.61586207,67.46212561,81.61852941,0.713239242,3.42672011,0.885802469
410_TME07-1_30x_Str_03A_xyz-8224-16184-408,TME07-1,D2,Male,CPr,CPr_imd,73.3455,70.9011,6,86.63,100158,142.573,1.03181,200.669,3577.3,33,72,6,39,0.419927,140059,306.414,172.762,1.36609,121.804,119.89,91.1337,97.7105,40.79527488,49.67986111,21.4749568,23.17484848,57.14323633,72.10717949,0.714817046,3.450417394,0.844735277
411_TME07-1_30x_Str_03A_xyz-8353-10872-296,TME07-1,D1,Male,CPi,CPi_vm,66.5224,67.6142,4,171.58,121326,154.575,1.02969,250.197,3917.47,25,57,7,32,0.296381,150661,205.96,214.06,1.18897,129.247,123.342,105.37,101.327,57.29565299,68.72245614,22.23849269,24.098,84.68405948,103.5853125,0.735420286,3.788760739,0.919550173
412_TME07-1_30x_Str_03A_xyz-8419-14860-256,TME07-1,D1,Male,CPi,CPi_dm,66.6982,79.1087,4,152.14,108673,164.921,1.02758,251.72,4024.92,26,59,7,33,0.310256,131080,179.048,188.181,1.15714,127.41,118.653,88.8217,89.8034,58.75996468,68.2140678,17.66013489,18.43538462,91.14164876,107.4336364,0.75876269,4.250344277,0.892244898
413_TME07-1_30x_Str_03A_xyz-8550-16745-261,TME07-1,D1,Male,CPi,CPi_dm,67.6141,57.69,6,138.06,81031.2,165.564,1.02309,236.731,3712.74,33,71,5,38,0.360317,97388.9,216.65,228.4,1.28503,119.932,129.559,91.2457,92.0722,46.34994371,52.28661972,21.62150347,22.97818182,67.82464182,77.73868421,0.803738369,5.491333463,0.756875
414_TME07-1_30x_Str_03A_xyz-8883-10860-273,TME07-1,D2,Male,CPi,CPi_vm,84.5242,71.8858,4,153.85,66640.6,152.101,1.0284,198.351,3145.71,23,52,6,29,0.417391,84387.3,182.155,173.202,1.19787,103.844,121.965,88.8675,73.086,51.02547796,60.49,18.88759974,20.04695652,76.51414,92.56551724,0.750306241,4.072036198,0.802289282
415_TME07-1_30x_Str_03A_xyz-8886-14552-40,TME07-1,D2,Male,CPi,CPi_dm,67.8016,80.8534,4,93.4,46279.3,134.313,1.02778,160.92,1846.29,18,41,5,23,0.486772,58383.1,156.136,141.7,1.24242,122.56,117.897,76.1081,74.158,39.01283827,45.02609756,15.76709725,16.81333333,57.20515733,67.10565217,0.728956889,3.676476415,0.8688
416_TME07-1_30x_Str_03A_xyz-8958-14606-424,TME07-1,D2,Male,CPr,CPr_m,65.5206,67.2848,5,96.85,58317.3,135.795,1.02403,181.69,2316.66,21,48,6,27,0.453968,74138.3,174.859,152.981,1.15945,119.105,120.211,82.4464,90.3376,41.87315954,48.25854167,11.54447102,12.22714286,65.4621395,76.28296296,0.743300813,3.93417954,0.875148633
418_TME07-1_30x_Str_03A_xyz-9144-14551-385,TME07-1,D1,Male,CPr,CPr_m,84.1008,81.4969,5,102.18,34777.1,134.212,1.02635,214.592,1325.11,7,20,6,13,0.714286,43075.1,171.991,133.013,1.17658,112.154,120.757,84.7819,74.3041,57.39135105,66.2505,22.89649235,24.37571429,75.96550573,88.79846154,0.773859815,4.605789983,0.875555556
420_TME07-1_30x_Str_03A_xyz-9242-19312-301,TME07-1,D1,Male,CPi,CPi_dm,73.3593,63.1326,5,122.25,77526.7,195.604,1.02787,285.73,2836.97,18,42,6,24,0.421296,91546.6,216.313,235.78,1.13093,117.279,124.896,74.6237,81.2279,58.79864553,67.54166667,16.44567946,17.155,90.56337008,105.3316667,0.81730803,6.001398258,0.850591716
421_TME07-1_30x_Str_03A_xyz-9302-17091-299,TME07-1,D1,Male,CPi,CPi_dm,71.3491,80.0551,6,133.81,95389.7,147.762,1.02907,231.29,3233.14,28,62,6,34,0.468254,119151,176.622,192.931,1.35994,121.107,120.559,90.9353,91.6972,45.360442,52.14225806,22.78453894,24.66285714,63.95236217,74.77235294,0.724646467,3.604836708,0.884259259
422_TME07-1_30x_Str_03A_xyz-9343-9231-58,TME07-1,D2,Male,CPi,CPi_vm,79.6965,78.4853,7,134.66,60743.2,138.275,1.02251,196.72,2528.84,26,57,5,31,0.407051,86985.6,211.479,130.192,1.45331,105.054,110.326,96.7737,86.8952,38.57128899,44.36035088,19.20749365,21.61653846,54.81189153,63.43580645,0.714883946,3.451428583,0.844811754
423_TME07-1_30x_Str_03A_xyz-9484-17874-332,TME07-1,D1,Male,CPi,CPi_dm,95.3693,80.797,4,67.47,48442,156.995,1.0292,205.8,1611.46,11,26,4,15,0.484848,60992.9,203.39,171.86,1.28687,107.858,112.345,90.7257,95.5257,51.67415075,61.97384615,26.76622193,28.09,69.93996521,86.822,0.688413318,3.088572116,0.795847751
424_TME07-1_30x_Str_03A_xyz-9612-13516-248,TME07-1,D1,Male,CPi,CPi_dm,65.2833,63.2726,6,118.95,58258.9,172.318,1.04202,227.26,2758.94,26,59,7,33,0.384615,73623.7,239.67,169.28,1.33086,125.219,124.742,87.9428,89.4092,38.59023777,46.75711864,21.51261259,22.97269231,52.0453364,65.49636364,0.740773886,3.886480833,0.796734694
425_TME07-1_30x_Str_03A_xyz-9643-17402-215,TME07-1,D1,Male,CPi,CPi_dm,68.8305,62.0702,4,137.42,90810.7,157.947,1.02555,219.498,3109.45,22,49,5,27,0.348485,107547,200.993,197.132,1.14286,120.87,129.386,103.762,88.3227,55.07890303,63.45244898,15.38171529,15.89272727,87.42475971,102.2048148,0.792398282,5.121742557,0.83353151
426_TME07-1_30x_Str_03A_xyz-9660-16228-372,TME07-1,D2,Male,CPi,CPr_m,88.0007,71.2694,6,100.76,48628.7,140.188,1.03299,170.04,2115.86,19,44,6,25,0.5,60910.1,160.823,132.076,1.3325,106.8,121.086,90.9142,108.857,39.84727873,48.08272727,17.79140367,18.91842105,56.60974378,70.2476,0.710000834,3.378974812,0.83127572
428_TME07-1_30x_Str_03A_xyz-9726-14033-262,TME07-1,D2,Male,CPi,CPi_dm,79.3332,74.8372,5,141.73,49343.6,134.228,1.03241,187.082,2501.5,21,47,5,26,0.495238,64341,175.471,188.842,1.26667,119.477,115.638,91.3189,87.6567,44.72346673,53.21829787,19.32109479,20.55047619,65.24076715,79.60384615,0.733503984,3.754839786,0.844387755
429_TME07-1_30x_Str_03A_xyz-9818-10748-198,TME07-1,D1,Male,CPi,CPi_vm,86.9357,64.754,4,84.44,23192.4,125.689,1.02892,116.318,1359.32,12,27,3,15,0.194444,31578.5,176.363,140.94,1.28732,104.321,122.865,73.1644,63.335,42.33920615,50.34074074,16.49858556,17.61416667,63.01170262,76.522,0.696122779,3.187057799,0.871972318
430_TME07-1_30x_Str_03A_xyz-9826-18134-132,TME07-1,D1,Male,CPi,CPi_dm,58.5693,68.9918,4,117.86,38813.9,169.518,1.02044,227.018,1949.09,10,26,6,16,0.4,44321.6,188.792,178.628,1.11516,137.748,132.072,74.891,63.4564,66.80231595,74.96038462,18.15614458,18.5,97.20617306,110.248125,0.840755937,7.114755914,0.882716049
431_TME07-1_30x_Str_03A_xyz-9925-17244-405,TME07-1,D2,Male,CPi,CPr_m,60.1113,62.7739,5,85.55,45155,171.38,1.02828,179.53,1686.51,18,40,4,22,0.32037,57743.7,202.004,158.71,1.30583,135.86,123.749,81.9551,88.2367,35.08260728,42.1575,16.82370307,17.93722222,50.02171072,61.97409091,0.688950589,3.095261199,0.904513889
432_TME07-1_30x_Str_03A_xyz-9946-10865-430,TME07-1,D2,Male,CPr,CPr_imv,82.4169,83.7789,4,80.05,40208.9,140.491,1.02578,211.09,1708.15,17,40,6,23,0.22409,50943.9,161.44,148.21,1.22,113.782,116.538,103.015,98.4805,36.89484728,42.69825,14.80695964,15.33882353,53.22067728,62.92043478,0.726736775,3.639264997,0.8832
433_TME07-1_30x_Str_03A_xyz-9949-9476-207,TME07-1,D1,Male,CPi,CPi_vm,79.0504,68.3582,5,100.31,64551.2,166.07,1.03097,191.218,1859.5,14,32,4,18,0.52381,80254.5,208.751,141.452,1.2244,113.487,127.272,82.6518,80.2589,48.61904407,58.104375,17.36366427,18.285,72.92878392,89.075,0.735504198,3.790258561,0.87
435_TME07-1_30x_Str_03A_xyz-9996-17151-133,TME07-1,D2,Male,CPi,CPi_dm,84.667,73.6212,5,144.43,65694.3,129.45,1.02793,186.878,2450.97,19,43,5,24,0.374436,85017.2,175.856,162.503,1.23922,109.921,119.054,92.4775,89.7047,49.27740589,56.99348837,22.29550836,24.03210526,70.63807476,83.08791667,0.728029644,3.660852909,0.877218935
436_TME07-1_30x_Str_03A_xyz-10023-18207-22,TME07-1,D2,Male,CPi,CPi_dm,80.5065,62.0896,4,61.25,24369.5,136.098,1.03636,135.257,1181.88,12,29,5,17,0.319444,30193.7,163.923,136.346,1.24208,111.516,124.567,98.0447,102.622,36.12341227,40.74931034,19.46711557,21.13166667,47.88079817,54.59705882,0.776262066,4.667289078,0.889196676
437_TME07-1_30x_Str_03A_xyz-10077-10519-298,TME07-1,D1,Male,CPi,CPi_vm,81.2038,78.2858,4,144.86,81700.2,155.578,1.03091,235.89,3000.48,19,43,5,24,0.364912,100616,205.452,210.38,1.16843,123.52,124.473,104.907,115.762,60.26978954,69.77395349,22.90372714,23.68789474,89.85125561,106.25875,0.753451204,4.13676144,0.943786982
438_TME07-1_30x_Str_03A_xyz-10132-8657-75,TME07-1,D1,Male,CPi,CPi_vm,77.8406,74.3643,4,109.26,39603.2,222.298,1.02776,272.9,2071.34,14,34,6,20,0.285714,47163,247.823,138.413,1.18468,116.873,126.186,88.8812,81.252,53.48062993,60.91676471,17.6238427,19.12571429,78.58038099,90.1705,0.795926565,5.231829734,0.911157025
440_TME07-1_30x_Str_03A_xyz-10200-15578-153,TME07-1,D2,Male,CPi,CPi_dm,82.7423,81.7785,5,145.41,54810.8,130.503,1.02619,164.72,2856.66,22,50,6,28,0.340909,69688.6,172.684,145.669,1.18357,107.456,111.822,99.385,79.1892,48.88347634,57.1282,18.45241812,19.73318182,72.79359351,86.51,0.723218185,3.581643485,0.841111111
441_TME07-1_30x_Str_03A_xyz-10256-18623-402,TME07-1,D2,Male,CPi,CPr_m,57.3717,66.3186,5,123.11,33000.5,154.748,1.01809,201.82,1383.84,15,35,5,20,0.311111,38840,180.616,110.771,1.21453,132.98,126.099,85.3737,95.751,35.53464574,39.53342857,12.9754094,13.438,52.45407299,59.105,0.799093319,5.334315457,0.890495868
443_TME07-1_30x_Str_03A_xyz-10338-15146-111,TME07-1,D1,Male,CPi,CPi_dm,79.4674,68.5113,6,108.61,78484.5,146.349,1.02448,208.141,3029.5,27,59,5,32,0.455026,97511.1,168.343,186.069,1.2298,114.831,129.311,88.8632,85.5596,44.53621421,51.34186441,14.01762131,14.58444444,70.28627697,82.3559375,0.753496003,4.137696689,0.871107266
444_TME07-1_30x_Str_03A_xyz-10457-14196-422,TME07-1,D1,Male,CPr,CPr_m,69.752,71.9623,4,102.86,45833.9,133.403,1.02279,219.03,1782.97,16,37,5,21,0.429167,56134.8,162.376,127.514,1.22319,123.832,120.449,101.157,116.749,42.23907784,48.18297297,17.67393603,18.30125,60.95537637,70.95,0.733425631,3.75346434,0.896030246
447_TME07-1_30x_Str_03A_xyz-10763-13674-253,TME07-1,D1,Male,CPi,CPi_dm,79.3532,66.874,7,136.44,66786.7,157.644,1.02296,185.079,3131.91,29,63,5,34,0.493295,81618.6,184.404,155.137,1.2384,114.638,126.551,88.5878,93.4935,43.53621889,49.70809524,17.32466982,18.13758621,65.89312839,76.63588235,0.788427773,5.002742673,0.825617284
449_TME07-1_30x_Str_03A_xyz-10892-15825-166,TME07-1,D2,Male,CPi,CPi_dm,79.7323,83.074,4,110.97,41892.4,140.487,1.02563,164.06,1898.11,17,38,4,21,0.423529,52852,160.877,131.97,1.24174,117.889,114.228,76.4867,73.6804,43.45243524,49.94473684,18.64032472,19.48588235,63.53842947,74.60190476,0.740273151,3.877151159,0.914933837
453_TME07-1_30x_Str_03A_xyz-10993-11852-296,TME07-1,D1,Male,CPi,CPi_vm,69.4065,60.7576,5,100.12,70645.2,175,1.0234,250.159,2551.51,20,44,4,24,0.416667,84055.9,204.793,198.635,1.26392,123.953,133.273,104.797,89.3377,51.77023038,57.98318182,24.18417524,25.8625,74.75860967,84.75041667,0.811199774,5.761668883,0.893491124
455_TME07-1_30x_Str_03A_xyz-11057-12150-434,TME07-1,D1,Male,CPr,CPr_imv,62.8828,68.2143,5,119.04,52055.3,134.036,1.02805,203.709,2146.83,25,54,4,29,0.372,64652.2,169.291,84.2397,1.27417,129.597,125.529,96.5934,93.2461,34.12422455,39.75148148,15.17967251,16.1308,50.45573492,60.11413793,0.732359597,3.734839547,0.801248699
457_TME07-1_30x_Str_03A_xyz-11106-12058-240,TME07-1,D1,Male,CPi,CPi_vm,78.8554,65.2079,4,58.65,39474.2,134.069,1.03065,211.801,2111.11,15,35,5,20,0.444444,49553.5,164.885,159.66,1.13417,117.22,120.622,84.9317,85.2692,51.90250546,60.31228571,17.45240439,19.36533333,77.74008126,91.0225,0.749786849,4.06152068,0.911157025
461_TME07-1_30x_Str_03A_xyz-11422-15986-396,TME07-1,D1,Male,CPr,CPr_m,70.7556,61.7254,5,24.88,48487.3,168.878,1.02236,285.41,1637.18,15,35,5,20,0.422222,58639.1,201.439,104.26,1.34107,121.383,126.143,93.5578,95.1357,40.55021646,46.77142857,20.64516629,21.676,55.47900409,65.593,0.735795011,3.795457679,0.857438017
479_TME07-1_30x_Str_03B_xyz-4108-15473-370,TME07-1,D2,Male,CPr,CPr_m,77.1827,65.838,5,42,42669.8,169.259,1.03081,213.001,1824.52,16,36,4,20,0.373512,53209.4,188.536,171.674,1.23029,117.609,122.214,68.2422,64.6976,43.47514224,50.67583333,17.5338945,18.995,64.22814044,76.0205,0.759357038,4.263401273,0.911157025
482_TME07-1_30x_Str_03B_xyz-4521-11186-276,TME07-1,D2,Male,CPr,CPr_imv,75.2552,70.6572,3,51.43,49490.1,164.603,1.02638,240.62,1846.96,11,27,5,16,0.272727,62991.7,192.224,159.83,1.23696,120.506,120.655,84.1169,66.2534,58.08143926,68.40111111,21.66755322,26.06363636,83.11598591,97.508125,0.748202166,4.029735237,0.811728395
483_TME07-1_30x_Str_03B_xyz-4530-10901-416,TME07-1,D1,Male,CPr,CPr_imv,75.272,56.7925,3,67.4,37636.4,143.826,1.02354,200.028,1725.23,13,33,7,20,0.538462,44308,165.814,136.87,1.23438,119.587,125.577,89.7899,88.3861,45.91392943,52.27484848,26.03815948,28.66307692,58.83317991,67.6225,0.798443098,5.312979224,0.94214876
484_TME07-1_30x_Str_03B_xyz-4560-14760-280,TME07-1,D2,Male,CPi,CPr_m,67.9397,70.3592,7,85.54,48460.1,124.43,1.02658,170.283,2330.58,22,48,4,26,0.534271,65550.4,162.696,173.107,1.27328,123.411,120.287,100.457,93.8577,40.77855367,48.54895833,12.20593572,13.12318182,64.95538424,78.52461538,0.704871254,3.305714559,0.846938776
485_TME07-1_30x_Str_03B_xyz-4631-13104-277,TME07-1,D1,Male,CPi,CPr_m,64.313,53.9721,3,120.99,63805.7,218.419,1.02379,278.44,2125.2,13,31,5,18,0.269231,74901,250.029,202.589,1.22537,129.52,130.969,73.6898,81.7527,59.06346221,68.54903226,31.05648808,33.17384615,79.2907213,94.09777778,0.785278352,4.911834042,0.8025
488_TME07-1_30x_Str_03B_xyz-4855-14463-344,TME07-1,D1,Male,CPr,CPr_m,83.0512,61.5707,5,132.53,62035.1,151.037,1.02099,210.74,2750.47,21,47,5,26,0.388889,76224.6,172.112,160.091,1.19692,112.471,128.416,86.3289,92.5654,51.55943596,58.51531915,14.89917964,15.50238095,81.16964299,93.25653846,0.768087112,4.463792675,0.887755102
492_TME07-1_30x_Str_03B_xyz-5443-18522-278,TME07-1,D1,Male,CPi,CPi_dm,82.4748,63.5116,4,95.72,75882.8,138.362,1.02571,231.529,2741.19,20,47,7,27,0.285,90654,160.753,168.1,1.17399,111.212,130.809,91.2453,88.6706,51.48230972,58.31723404,17.36866785,18.7795,76.75167407,87.60444444,0.808529291,5.662211613,0.878715815
498_TME07-1_30x_Str_03B_xyz-5758-9554-304,TME07-1,D2,Male,CPr,CPi_vm,84.1699,75.6707,6,88.65,61906.4,149.202,1.02577,227.51,2662.19,22,48,4,26,0.448268,78694.3,174.959,167.841,1.27037,107.079,115.13,73.6159,82.5201,47.87233349,55.4575,21.91367895,24.27954545,69.83734887,81.83884615,0.749286839,4.051443299,0.887755102
499_TME07-1_30x_Str_03B_xyz-5836-15496-197,TME07-1,D1,Male,CPi,CPi_dm,76.6903,65.7345,4,146.89,78078.1,142.838,1.02406,228.25,3048.92,25,57,7,32,0.228952,91562.9,169.681,164.6,1.25572,117.168,129.999,80.5207,79.9215,47.7266485,53.48491228,27.45924582,29.0772,63.56055685,72.5534375,0.792131191,5.113578499,0.783737024
500_TME07-1_30x_Str_03B_xyz-5908-18123-65,TME07-1,D1,Male,CPi,CPi_dm,63.9669,58.2103,4,74.45,51960.5,120.137,1.02583,169.343,2061.96,20,46,6,26,0.308333,63950.8,159.57,150.328,1.20022,130.73,128.18,80.0698,78.8049,38.84001692,44.82065217,15.89444195,16.957,56.49045921,66.25423077,0.733231872,3.750066873,0.890306122
501_TME07-1_30x_Str_03B_xyz-6029-11804-286,TME07-1,D1,Male,CPi,CPi_vm,69.4334,74.8964,5,120.42,108882,183.218,1.02581,256.825,3184.37,17,41,7,24,0.382353,130115,211.219,229.781,1.15467,118.857,117.788,103.928,98.4451,67.41560841,77.66292683,21.09123396,22.83941176,100.228707,116.49625,0.799837023,5.358908866,0.887573964
502_TME07-1_30x_Str_03B_xyz-6041-15944-320,TME07-1,D2,Male,CPi,CPr_m,74.4762,67.3403,6,138.37,85360.6,157.378,1.02618,181.176,3007.26,28,61,5,33,0.506803,105761,173.842,182.343,1.24637,120.539,125.002,92.4205,89.7841,42.85030622,49.29442623,14.81072158,15.28535714,66.64146895,78.15060606,0.741759222,3.904956918,0.84
504_TME07-1_30x_Str_03B_xyz-6162-15779-377,TME07-1,D2,Male,CPr,CPr_m,73.6932,71.3655,3,143.85,58237.7,141.483,1.02415,214.319,2633.46,16,43,11,27,0.145833,71770.8,192.249,177.341,1.17548,118.646,126.393,103.164,95.8939,52.21614433,61.23837209,25.27734988,26.88625,68.17987437,81.59518519,0.735308105,3.78675997,0.873959572
505_TME07-1_30x_Str_03B_xyz-6194-19415-165,TME07-1,D1,Male,CPi,CPi_dm,79.6755,65.7138,3,139.99,77461.1,149.641,1.02189,206.963,2771.99,19,45,7,26,0.421053,90452.3,171.82,191.889,1.15861,109.723,128.706,86.5742,96.588,54.95089951,61.59422222,18.13251222,19.07473684,81.85664406,92.66615385,0.819305946,6.083745012,0.849489796
506_TME07-1_30x_Str_03B_xyz-6197-18355-403,TME07-1,D2,Male,CPr,CPr_m,70.5352,73.4713,4,139.07,74895.1,152.333,1.02406,205.35,2475.31,21,47,5,26,0.5,90776.6,183.429,129.449,1.24404,122.15,123.818,91.9232,104.437,46.21514615,52.66106383,16.8840503,17.6952381,69.90564665,80.90269231,0.784559702,4.891504833,0.844387755
508_TME07-1_30x_Str_03B_xyz-6270-17964-204,TME07-1,D1,Male,CPi,CPi_dm,68.949,70.2932,6,118.82,62348.7,175.524,1.02372,201.808,2862.37,26,56,4,30,0.415293,77790.6,235.918,157.629,1.27683,123.787,124.846,88.9292,91.6441,45.16822158,51.10892857,19.05973708,19.95807692,67.79557482,78.10633333,0.75561903,4.182456064,0.834960938
509_TME07-1_30x_Str_03B_xyz-6275-4437-30,TME07-1,D1,Male,CPi,CPi_vm,67.7117,71.2803,4,74.88,16209.3,99.005,1.03216,129.1,1216.46,12,29,5,17,0.411111,21644.9,140.838,106.769,1.17595,123.252,112.391,97.6131,89.8748,34.9902533,41.94103448,13.21242817,14.35583333,50.36283574,61.41294118,0.666933153,2.840512779,0.891966759
511_TME07-1_30x_Str_03B_xyz-6735-10995-344,TME07-1,D1,Male,CPr,CPr_imv,64.3806,78.8687,4,128.53,84604,170.125,1.02491,211.1,2685.9,18,41,5,23,0.314815,104007,202.455,172.97,1.21321,131.817,120.821,107.168,98.0908,55.81693789,65.50439024,23.17897998,24.40944444,81.35968756,97.66565217,0.748026423,4.026237559,0.9232
514_TME07-1_30x_Str_03B_xyz-6828-19117-220,TME07-1,D1,Male,CPi,CPi_dm,80.7014,64.2317,4,149.45,75339.9,184.925,1.02189,246.07,3077.84,23,51,5,28,0.374396,92434.1,210.148,213.401,1.21489,114.209,122.159,89.8277,95.2686,52.7720309,60.34411765,16.45145481,17.12434783,82.60678983,95.84607143,0.763249621,4.35072111,0.842222222
517_TME07-1_30x_Str_03B_xyz-7094-7542-55,TME07-1,D2,Male,CPi,CPi_vm,81.1747,61.0189,5,102.66,65587.5,197.173,1.03029,320.939,2347.98,20,44,4,24,0.284365,79352.4,242.667,156.588,1.30376,111.372,125.897,93.8127,92.2508,46.03972167,53.35772727,22.68068361,24.863,65.50558673,77.10333333,0.806545871,5.590323156,0.816568047
518_TME07-1_30x_Str_03B_xyz-7216-8237-309,TME07-1,D2,Male,CPr,CPi_vm,86.9319,85.3735,5,98.73,39726.7,167.569,1.02786,196.39,1999.64,18,40,4,22,0.420635,51688.9,217.116,151.188,1.29783,109.821,113.595,94.1458,99.4022,42.11801873,49.98575,21.37586552,23.22888889,59.08887135,71.87772727,0.683844872,3.032705425,0.802083333
519_TME07-1_30x_Str_03B_xyz-7301-12877-125,TME07-1,D2,Male,CPi,CPi_vm,73.4383,76.3409,5,146,95021.8,155.235,1.02556,229.08,3153.69,25,56,6,31,0.296381,121499,193.983,150.208,1.26324,119.098,124.142,83.606,82.526,47.43163185,56.31071429,21.18461652,23.0088,68.59857969,83.16709677,0.725321105,3.615884819,0.844811754
520_TME07-1_30x_Str_03B_xyz-7360-10026-112,TME07-1,D1,Male,CPi,CPi_vm,66.7315,63.0107,4,184.87,109201,158.132,1.02552,239.21,3455.63,21,49,7,28,0.311111,129734,189.969,169.22,1.13208,126.983,131.826,90.8397,94.6442,60.64049287,70.51795918,17.14611824,17.77333333,93.26127385,110.0764286,0.787555425,4.977261263,0.918888889
521_TME07-1_30x_Str_03B_xyz-7400-19132-186,TME07-1,D1,Male,CPi,CPi_dm,58.5192,54.257,4,127.54,97371.5,148.026,1.0229,224.96,3310.55,23,54,8,31,0.369565,113228,168.156,185.12,1.18266,135.357,134.028,91.1525,95.5347,54.75473771,61.30203704,22.41349428,23.56434783,78.7498538,89.30096774,0.803123225,5.470064452,0.84389348
523_TME07-1_30x_Str_03B_xyz-7625-16823-103,TME07-1,D2,Male,CPi,CPi_dm,84.114,69.0282,6,88.3,85973.7,130.753,1.03039,211.1,3214.14,29,66,8,37,0.44532,109499,166.859,120.788,1.27806,102.54,123.387,65.1442,68.9148,41.17611738,48.69378788,17.89349691,19.91862069,59.42465776,71.2472973,0.73047513,3.702315316,0.847468771
524_TME07-1_30x_Str_03B_xyz-7643-12910-448,TME07-1,D1,Male,CPr,CPr_imv,75.1432,79.501,3,119.91,27413,116.273,1.04015,82.2816,1177.91,9,21,3,12,0.481481,35357.4,150.208,164.16,1.16473,121.682,112.702,108.441,102.017,47.15526459,56.08666667,18.9356565,20.22333333,68.31997065,82.98416667,0.681578198,3.00564131,0.913265306
525_TME07-1_30x_Str_03B_xyz-7705-13851-92,TME07-1,D1,Male,CPi,CPi_dm,79.579,63.7597,5,127.92,116671,166.643,1.02653,226.258,3815.01,29,66,8,37,0.335057,141557,190.499,177.161,1.22556,117.452,128.248,88.1693,93.064,49.68070331,57.79848485,20.01451617,20.92172414,72.93257971,86.70189189,0.758660872,4.248114651,0.744247206
528_TME07-1_30x_Str_03B_xyz-8097-6865-227,TME07-1,D1,Male,CPi,CPi_vm,90.3135,74.7766,5,123.06,47006,201.121,1.03992,263.381,1970.09,10,26,6,16,0.4,58236.3,222.802,166.669,1.13322,95.5264,114.599,121.056,106.813,66.89958294,75.76846154,21.08537011,23.227,95.53346596,108.606875,0.819971912,6.111647458,0.842592593
529_TME07-1_30x_Str_03B_xyz-8151-13130-233,TME07-1,D2,Male,CPi,CPi_dm,94.2365,80.1629,10,173.47,76032.3,133.481,1.03721,206.24,3598.17,41,86,4,45,0.53019,105992,186.421,156.87,1.5386,95.644,113.635,89.387,84.9726,35.33417781,41.83418605,19.83597569,21.22658537,49.45476197,60.61,0.718709408,3.510137169,0.726120416
530_TME07-1_30x_Str_03B_xyz-8187-7294-381,TME07-1,D1,Male,CPr,CPr_l,76.6352,65.297,7,104.19,62972.1,158.158,1.02672,200.181,2970.61,32,71,7,39,0.589236,75790.8,181.475,175.935,1.29689,107.611,121.078,102.692,99.5102,36.9805095,41.83408451,14.62289291,15.6084375,55.32522055,63.3525641,0.802465547,5.447488196,0.719809637
531_TME07-1_30x_Str_03B_xyz-8193-18011-205,TME07-1,D2,Male,CPi,CPi_dm,70.1425,87.7038,6,62.47,42866.6,115.169,1.03351,182.28,1708.09,16,37,5,21,0.464583,63341.8,184.94,124.53,1.3687,127.645,101.287,77.214,74.2314,37.15387486,46.15918919,20.90412009,22.7875,49.5346404,63.96619048,0.621517588,2.416592872,0.873345936
532_TME07-1_30x_Str_03B_xyz-8204-6712-425,TME07-1,D1,Male,CPr,CPr_l,89.5877,75.3379,5,96.87,67280,131.735,1.04445,186.701,2537.74,21,48,6,27,0.177778,87967.3,186.859,142.44,1.26908,105.15,123.751,73.0511,72.3773,40.72318262,52.865625,23.83049401,25.88,53.86194043,73.85444444,0.671674287,2.892199894,0.856123662
533_TME07-1_30x_Str_03B_xyz-8275-5424-30,TME07-1,D1,Male,CPi,CPi_vm,79.9795,70.0334,6,106.53,93016.5,185.605,1.03145,197.18,3042.3,27,61,7,34,0.435626,118415,211.097,161.571,1.32749,109.527,116.289,79.5387,94.3986,41.75520317,49.86934426,18.86691881,20.40444444,59.9311937,73.26794118,0.702615437,3.274380482,0.760802469
534_TME07-1_30x_Str_03B_xyz-8299-9092-409,TME07-1,D1,Male,CPr,CPr_l,71.3675,71.4698,4,84.55,32662.7,130.229,1.03385,192.296,1273.75,11,27,5,16,0.175758,40624.9,182.986,144.604,1.2594,120.931,125.189,95.0589,101.233,39.01333021,47.17074074,23.44502067,24.77,49.71654302,62.57125,0.745394427,3.974496221,0.839506173
536_TME07-1_30x_Str_03B_xyz-8309-17444-434,TME07-1,D1,Male,CPr,CPr_imd,75.7673,65.1931,6,81.86,42281.6,152.74,1.03061,198.309,1518.32,16,36,4,20,0.496528,55315.5,179.786,89.2124,1.2358,114.345,113.374,96.9125,103.022,35.79892536,42.17,11.24318823,12.039375,55.44351507,66.2745,0.736585021,3.80964576,0.890495868
537_TME07-1_30x_Str_03B_xyz-8433-9192-275,TME07-1,D2,Male,CPi,CPi_vl,85.9425,72.7742,5,97.21,51007.1,153.813,1.03205,194.689,2165.02,15,33,3,18,0.435238,62864.7,198.68,172.829,1.21193,106.358,119.212,89.0178,80.8055,54.64024195,65.60121212,19.70850824,22.02866667,83.75002005,101.9116667,0.73108101,3.71271714,0.935
538_TME07-1_30x_Str_03B_xyz-8559-15750-70,TME07-1,D1,Male,CPi,CPi_dm,81.7157,84.9165,8,90.43,79316.4,181.16,1.02944,221.947,2524.53,26,55,3,29,0.485348,104119,246.94,219.518,1.53746,105.171,108.201,95.9528,104.624,39.26461087,45.89454545,30.96030891,34.82269231,46.70984712,55.82103448,0.726938391,3.642616604,0.744016649
539_TME07-1_30x_Str_03B_xyz-8666-7697-357,TME07-1,D2,Male,CPr,CPr_l,90.1049,93.4893,6,157.69,49465.9,161.12,1.03041,231.261,2210.59,17,39,5,22,0.411765,65418.4,182.394,139.046,1.17327,98.8664,103.569,76.7057,84.7079,47.31038733,56.67615385,17.84922445,18.74176471,70.07583138,85.98909091,0.688705668,3.092208742,0.767361111
540_TME07-1_30x_Str_03B_xyz-8828-12447-367,TME07-1,D1,Male,CPr,CPr_imv,87.4,86.8837,8,138.15,83231.6,150.518,1.03295,213.039,3286.59,30,66,6,36,0.533716,117615,214.626,148.291,1.33988,103.56,102.537,91.393,89.9066,42.05642404,49.79151515,19.42741337,20.62266667,60.91393293,74.09888889,0.667805923,2.849905991,0.804709141
542_TME07-1_30x_Str_03B_xyz-9042-7945-387,TME07-1,D2,Male,CPr,CPr_l,87.8395,67.8024,5,122.04,76176.7,166.773,1.02837,206.205,2769.93,27,59,5,32,0.339506,96735.7,199.781,177.49,1.32829,102.177,120.697,86.1103,83.2879,40.50297123,46.94338983,18.67490715,20.20888889,58.9204003,69.500625,0.770064361,4.51153565,0.729238754
543_TME07-1_30x_Str_03B_xyz-9155-14691-388,TME07-1,D1,Male,CPr,CPr_imd,93.5112,75.3907,5,148.09,96639.6,156.443,1.02572,233.021,3335.61,32,69,5,37,0.391667,124153,183.154,140.585,1.32198,101.377,116.287,94.9509,91.5129,42.11103102,48.33724638,21.94679868,23.70875,59.5503671,69.63756757,0.730504763,3.702822855,0.849441157
544_TME07-1_30x_Str_03B_xyz-9191-10119-15,TME07-1,D2,Male,CPi,CPi_vm,69.4198,71.3925,4,94.84,30875.6,127.82,1.0303,203.421,2042.49,19,43,5,24,0.364035,38552.6,154.952,160.08,1.37342,122.541,124.694,88.1698,85.9598,40.54025892,47.4944186,23.92957957,25.71105263,53.69038007,64.73958333,0.762087595,4.324321192,0.846153846
546_TME07-1_30x_Str_03B_xyz-9405-13011-423,TME07-1,D2,Male,CPr,CPr_imv,80.8149,67.9071,6,116.55,119604,171.088,1.02399,238.03,3663.25,34,73,5,39,0.361215,145638,194.439,132.93,1.30908,115.716,128.029,84.5972,85.0398,43.43298262,50.17630137,16.2721698,17.10029412,67.11163996,79.01179487,0.752175445,4.110285409,0.829863177
547_TME07-1_30x_Str_03B_xyz-9469-9308-239,TME07-1,D2,Male,CPi,CPi_vl,82.7794,73.9876,7,144.1,66809.5,139.65,1.03135,221.261,3326.79,36,77,5,41,0.444837,88805.6,172.435,171.95,1.40043,100.505,111.084,94.7268,88.4804,36.80142652,43.19974026,19.80620241,21.49027778,51.72406232,62.26170732,0.698267478,3.215444034,0.718226068
548_TME07-1_30x_Str_03B_xyz-9482-14123-364,TME07-1,D1,Male,CPr,CPr_imd,86.8861,68.9583,5,165.37,89810.3,177.242,1.03054,225.45,3369.97,24,54,6,30,0.317526,111988,220.207,191.16,1.26478,104.287,118.339,79.1737,84.4729,52.93742694,62.40185185,24.40895524,26.82166667,75.7602043,90.866,0.772958016,4.583077261,0.836914063
550_TME07-1_30x_Str_03B_xyz-9578-11252-321,TME07-1,D2,Male,CPr,CPr_imv,92.8427,82.8227,8,150.78,81379.2,143.182,1.02857,214.876,3679.75,40,83,3,43,0.460049,108006,181.903,179.082,1.45623,101.87,112.619,94.3741,98.1319,37.67636177,44.33024096,18.0193094,20.0665,55.96199189,66.90116279,0.732783768,3.742230542,0.764938272
552_TME07-1_30x_Str_03B_xyz-9873-6124-319,TME07-1,D1,Male,CPr,CPr_l,96.6139,50.1244,3,64.35,34803.1,148.365,1.03146,257.84,1457.82,10,26,6,16,0.15,38947,178.578,163.873,1.24887,85.5535,136.107,98.6583,98.8297,48.10277814,56.06461538,39.34465827,41.286,53.57660305,65.30125,0.844949864,7.353847233,0.87962963
553_TME07-1_30x_Str_03B_xyz-10059-9361-297,TME07-1,D2,Male,CPi,CPi_vl,63.4891,69.8893,6,141.9,73690.9,138.288,1.03518,185.028,3058.27,23,52,6,29,0.431159,92859.6,162.465,178.715,1.1619,127.099,121.408,79.8672,79.0827,49.4963722,58.80730769,13.90728613,14.72565217,77.72219908,93.76862069,0.738491035,3.844268437,0.803329865
554_TME07-1_30x_Str_03B_xyz-10210-11333-80,TME07-1,D1,Male,CPi,CPi_vl,79.2844,67.0671,5,123.89,106144,140.896,1.03343,219.14,3553.28,28,62,6,34,0.468254,134386,177.585,158.45,1.2058,114.633,124.466,92.1099,93.251,47.31641786,57.30548387,16.03841145,16.96892857,73.07477608,90.52382353,0.73454933,3.773276362,0.827932099
555_TME07-1_30x_Str_03B_xyz-10234-15831-377,TME07-1,D1,Male,CPr,CPr_imd,83.734,73.271,4,70.42,38166.6,133.102,1.02584,177.161,1661.21,13,30,4,17,0.302564,48335.3,163.125,126.603,1.1438,107.625,112.046,87.8135,92.5484,46.44820994,55.36766667,19.02743138,19.84230769,67.4170406,82.53411765,0.740517322,3.881695551,0.855955679
556_TME07-1_30x_Str_03B_xyz-10282-10730-137,TME07-1,D1,Male,CPi,CPi_vl,73.7457,73.6833,6,117.75,97341.5,140.069,1.03004,211.19,3436.2,27,59,5,32,0.49177,129939,213.784,185.17,1.22659,123.622,119.724,93.6968,94.3817,47.82508734,58.23610169,15.34578372,16.59740741,75.22949978,93.36875,0.714642937,3.447788191,0.85467128
557_TME07-1_30x_Str_03B_xyz-10317-8800-426,TME07-1,D2,Male,CPr,CPr_l,86.0842,64.0822,5,74.11,32950.8,146.939,1.0266,197.77,1213.23,9,22,4,13,0.388889,41560.1,176.902,135.869,1.19439,92.5099,114.745,87.3714,115.23,46.52667172,55.14181818,22.24244455,23.85777778,63.33882899,76.8,0.732241948,3.732794156,0.906666667
558_TME07-1_30x_Str_03B_xyz-10361-18269-124,TME07-1,D1,Male,CPi,CPi_dm,85.77,68.4297,5,81.44,122949,169.142,1.02323,224.548,3883.52,31,66,4,35,0.376337,151263,201.619,190.01,1.24031,111.194,120.624,91.7311,88.6246,53.10421979,58.83621212,19.39436392,20.80064516,82.9615207,92.52485714,0.814574111,5.891921078,0.793279766
559_TME07-1_30x_Str_03B_xyz-10606-16491-167,TME07-1,D1,Male,CPi,CPi_dl,78.5588,67.7842,5,141.21,47081.4,132.501,1.03284,187.8,2132.67,15,35,5,20,0.377778,57811.9,175.272,169.55,1.12913,119.423,126.226,84.5643,88.3403,51.28730092,60.92971429,15.67316357,16.37933333,77.99790393,94.3425,0.75659635,4.2033527,0.865702479
560_TME07-1_30x_Str_03B_xyz-10749-10022-42,TME07-1,D2,Male,CPi,CPi_vl,82.6386,30.4202,3,53.37,33616.4,165.973,1.02902,284.77,1346.19,9,22,4,13,0.555556,37392.8,182.354,44.6919,1.29197,114.466,144.702,99.9249,98.6064,54.43709574,61.18454545,28.10985637,30.48444444,72.66364607,82.43846154,0.866977294,8.890029993,0.915555556
561_TME07-1_30x_Str_03B_xyz-10759-13063-109,TME07-1,D2,Male,CPi,CPi_vl,72.6995,70.7385,5,145.48,122542,143.788,1.02269,201.993,3845.64,36,77,5,41,0.365608,153465,172.953,167.251,1.29901,122.385,122.928,89.4753,85.4688,43.94291695,49.93831169,15.85956286,16.96805556,68.60147175,78.88780488,0.747414439,4.014099895,0.857760952
563_TME07-1_30x_Str_03B_xyz-10800-15686-355,TME07-1,D1,Male,CPr,CPr_l,80.3642,77.5454,6,73.55,42141.3,117.982,1.04134,124.073,1801.04,21,45,3,24,0.48254,57186.8,156.205,92.2107,1.41678,112.213,115.491,89.1631,91.6823,32.44103375,40.01733333,17.27972265,19.20619048,45.70718095,58.22708333,0.634698617,2.527810299,0.727810651
564_TME07-1_30x_Str_03B_xyz-10817-10125-194,TME07-1,D2,Male,CPi,CPi_vl,76.1886,57.4534,4,108.79,76300,135.799,1.04515,187.79,2627.26,20,45,5,25,0.27381,98749.7,204.775,146.26,1.21435,118.047,129.876,97.622,93.397,45.13286271,58.378,17.95789512,20.7,66.87283678,88.5204,0.691597538,3.12859131,0.810699588
565_TME07-1_30x_Str_03B_xyz-10858-17694-296,TME07-1,D2,Male,CPi,CPi_dl,58.7805,57.396,6,102.55,108055,153.59,1.02026,231.46,3665.1,36,76,4,40,0.349928,127718,168.24,188.49,1.25747,133.249,133.402,100.432,96.5283,42.94409236,48.22013158,14.03386145,14.62611111,68.96330018,78.45475,0.809111622,5.683634821,0.869047619
566_TME07-1_30x_Str_03B_xyz-11080-14390-376,TME07-1,D1,Male,CPr,CPr_l,98.0445,77.3436,6,141.42,83902.7,140.363,1.02471,220.501,3370.17,32,69,5,37,0.408036,109404,183.328,179.733,1.31293,92.0775,118.573,82.8023,80.6091,42.81276515,48.83768116,17.64184318,19.13125,64.58221119,74.52972973,0.745614419,3.978775408,0.767915845
568_TME07-1_30x_Str_03B_xyz-11227-12245-17,TME07-1,D2,Male,CPi,CPi_vl,87.1952,77.103,3,91.16,43266.4,134.301,1.0269,170.3,1571.53,16,36,4,20,0.208333,52504.1,159.025,135.272,1.30984,109.643,120.387,95.9406,97.2749,38.22386738,43.64777778,17.39239488,18.934375,54.88904539,63.4185,0.762509769,4.333879255,0.909090909
569_TME07-1_30x_Str_03B_xyz-11258-11059-200,TME07-1,D1,Male,CPi,CPi_vl,78.9094,78.8193,4,177.59,86908.1,153.022,1.02465,224.067,2717.27,15,38,8,23,0.488889,106517,200.222,203.78,1.16517,118.962,115.386,90.8086,88.3179,62.24968666,71.50236842,27.70072811,29.462,84.78161615,98.92,0.759216911,4.260316408,0.8384
571_TME07-1_30x_Str_03B_xyz-11484-16417-171,TME07-1,D1,Male,CPi,CPi_dl,72.0178,60.1736,6,184.74,111525,196.587,1.02189,247.561,3980.27,31,66,4,35,0.397849,135125,205.541,210.334,1.23358,121,130.339,88.0862,86.4529,53.68708301,60.3019697,18.50868741,19.23548387,84.84509054,96.67514286,0.807058546,5.608746891,0.740686633
572_TME07-1_30x_Str_03B_xyz-11613-10758-266,TME07-1,D1,Male,CPi,CPi_vl,65.3631,71.7824,6,156.01,121734,151.362,1.02877,226.708,3780.76,31,67,5,36,0.36426,153242,188.382,194.339,1.26114,129.24,127.438,95.0863,89.9036,48.44560176,56.42402985,18.29075288,19.71225806,74.41227718,88.03694444,0.731991121,3.728440061,0.895429363
575_TME07-1_30x_Str_03B_xyz-11817-15440-46,TME07-1,D1,Male,CPi,CPi_dl,80.6687,54.7955,6,136.11,111388,157.442,1.02694,225.39,3194.86,23,51,5,28,0.390821,137358,193.302,130.499,1.26304,109.47,129.25,82.4047,100.072,54.00992925,62.63941176,20.98628157,22.66173913,81.13649698,95.47821429,0.775616833,4.650626629,0.787777778
576_TME07-1_30x_Str_03B_xyz-11968-9905-275,TME07-1,D1,Male,CPi,CPi_vl,66.0895,58.6348,6,156.97,134387,164.718,1.02602,247.752,4005.48,29,64,6,35,0.507389,158904,198.719,191.785,1.20025,124.203,133.368,99.383,96.5961,54.6100803,62.58015625,18.06718986,19.25551724,84.88847524,98.47771429,0.777484138,4.699142876,0.815924032
577_TME07-1_30x_Str_03B_xyz-12047-8295-235,TME07-1,D2,Male,CPi,CPi_vl,72.4904,71.9272,4,137.08,66652.5,139.58,1.03921,220.659,2476.5,20,44,4,24,0.441667,81968.7,181.816,182.761,1.23053,122.631,125.445,81.8528,86.4784,47.37173781,56.27954545,20.0605949,21.449,70.13102356,85.305,0.766967403,4.437155689,0.875739645
578_TME07-1_30x_Str_03B_xyz-12340-13345-191,TME07-1,D1,Male,CPi,CPi_dl,56.3495,64.1878,5,133.55,71631.7,178.641,1.03298,240.77,2527.2,16,38,6,22,0.475,88792.8,220.494,190.11,1.12463,136.241,119.557,80.3012,80.0886,54.43388725,66.50026316,14.50699895,15.27,83.47162419,103.7586364,0.756628307,4.204039149,0.798611111
579_TME07-1_30x_Str_03B_xyz-12444-12223-413,TME07-1,D1,Male,CPr,CPr_l,76.1454,65.9389,5,117.4,95504.6,150.699,1.02004,221.73,3108.73,29,63,5,34,0.465846,113469,172.583,228.089,1.283,116.471,131.282,96.033,90.8091,44.77397153,49.33984127,17.89806928,18.57413793,67.69753521,75.58117647,0.818202353,6.038009162,0.884259259
580_TME07-1_30x_Str_03B_xyz-12627-14990-53,TME07-1,D1,Male,CPi,CPi_dl,67.6231,53.6973,6,123.39,76403.6,154.084,1.02345,220.157,2662.64,25,56,6,31,0.425385,91299.1,177.044,164.147,1.21846,124.257,134.547,88.0287,91.24,41.98185715,47.5425,14.46691586,15.1412,64.17132594,73.67258065,0.802495943,5.448527894,0.824609734
582_TME07-1_30x_Str_03B_xyz-12667-12270-13,TME07-1,D1,Male,CPi,CPi_vl,70.636,69.169,3,62.53,17367.4,124.756,1.02611,178.742,647.697,7,16,2,9,0.171429,21956.8,148.528,87.9286,1.35018,124.069,111.073,82.0571,86.0017,35.05859665,40.476875,18.55084096,19.96714286,47.89796218,56.42888889,0.6870577,3.071806974,0.909090909
583_TME07-1_30x_Str_03B_xyz-12757-12905-91,TME07-1,D1,Male,CPi,CPi_vl,71.929,80.1,5,130.24,56086.1,153.41,1.02156,187.299,2077.75,13,32,6,19,0.358974,68076.8,174.223,158.299,1.09593,120.966,112.932,97.219,103.358,57.93514648,64.925625,19.28329351,19.90153846,84.38115114,95.73157895,0.795476253,5.217543497,0.85260771
584_TME07-1_30x_Str_03B_xyz-12779-9706-178,TME07-1,D2,Male,CPi,CPi_vl,74.3083,67.1205,5,116.82,89868.3,146.016,1.0269,220.039,2816.14,21,47,5,26,0.289683,106720,175.659,192.871,1.17609,121.851,128.426,66.9233,81.3536,52.3450127,59.91212766,17.8067384,19.12666667,80.24131117,92.85423077,0.799717297,5.354935915,0.889030612
585_TME07-1_30x_Str_03B_xyz-12785-13453-267,TME07-1,D2,Male,CPi,CPi_dl,72.0054,68.1259,4,173.54,75877.8,139.116,1.02203,204.159,3305.34,25,57,7,32,0.5,90639.6,161.532,192.409,1.17898,122.385,126.729,99.388,96.7077,51.74515217,57.98385965,18.0672982,19.0744,78.05597558,88.381875,0.790755506,5.071896321,0.833910035
586_TME07-1_30x_Str_03B_xyz-12927-15631-234,TME07-1,D1,Male,CPi,CPi_dl,87.074,69.3121,3,133.91,79889.4,164.608,1.02726,236.35,2381.34,13,32,6,19,0.346154,96601.7,205.58,150.94,1.14952,106.935,124.322,86.2516,84.6567,63.40343088,74.4128125,27.48605631,29.27307692,87.97847663,105.2978947,0.769800843,4.505119941,0.823129252
589_TME07-1_30x_Str_03B_xyz-13306-14433-117,TME07-1,D2,Male,CPi,CPi_dl,83.8956,78.1993,5,119.81,83122.8,126.381,1.02461,187.28,2959.71,26,57,5,31,0.374359,107140,177.822,165.301,1.27506,110.099,123.159,84.5564,88.7057,44.86181881,51.91947368,19.58568336,21.27307692,66.06115823,77.62290323,0.746658313,3.999193376,0.903581267
590_TME07-1_30x_Str_03B_xyz-13435-15445-111,TME07-1,D2,Male,CPi,CPi_dl,68.5837,57.6979,6,123.7,105903,145.051,1.02965,185.841,3311.91,23,53,7,30,0.413043,124593,173.68,179.08,1.13013,127.71,136.589,77.7942,84.8224,53.94341234,62.48396226,15.99217109,16.72130435,83.03936397,97.56866667,0.797416929,5.279617295,0.836914063
591_TME07-1_30x_Str_03B_xyz-13462-14969-411,TME07-1,D2,Male,CPr,CPr_l,75.6602,67.4491,5,23,38994.2,132.122,1.03134,221.07,1529.6,18,39,3,21,0.37138,50737.2,151.743,73.5697,1.29635,112.052,116.01,78.6942,71.3667,34.4820783,39.21589744,17.58303411,19.12555556,48.96697331,56.43619048,0.794459071,5.185529994,0.875236295
592_TME07-1_30x_Str_03B_xyz-13625-13261-178,TME07-1,D1,Male,CPi,CPi_vl,80.8842,70.4516,5,140.49,146345,152.36,1.02296,225.43,4038.77,30,64,4,34,0.360079,177829,184.449,190.431,1.20836,113.017,127.944,90.5224,89.3182,55.74463188,63.100625,18.28214982,19.429,88.79976312,101.6344118,0.79904472,5.33271543,0.899691358
594_TME07-1_30x_Str_04A_xyz-1860-11453-137,TME07-1,D1,Male,CPi,CPi_vl,81.0573,73.9222,5,164.29,53417.1,124.009,1.02671,181.312,2765.42,23,51,5,28,0.343168,67516.9,163.046,174.49,1.23553,117.097,122.985,96.5138,91.9172,47.5201117,54.21921569,18.44504184,19.37043478,71.40320481,82.845,0.753837516,4.144838823,0.92
596_TME07-1_30x_Str_04A_xyz-2265-12003-400,TME07-1,D2,Male,CPi,CPi_vl,91.6477,74.2826,6,133.72,95638.1,137.883,1.02946,208.45,3126.25,29,62,4,33,0.243042,125392,205.072,179.291,1.34021,105.014,121.522,87.7151,83.1247,42.29219609,50.41887097,20.90673312,22.48551724,61.08548173,74.96636364,0.711202505,3.396553388,0.85877551
597_TME07-1_30x_Str_04A_xyz-2488-10107-138,TME07-1,D1,Male,CPi,CPi_vl,73.5988,74.357,6,147.74,79055.2,127.142,1.03278,193.06,3376.56,32,67,3,35,0.303423,107456,183.292,173.582,1.26372,115.782,114.124,98.736,98.6574,43.01229619,50.39149254,17.03498135,18.3371875,66.76298404,79.69828571,0.739647573,3.865551369,0.867056245
598_TME07-1_30x_Str_04A_xyz-2530-13888-395,TME07-1,D2,Male,CPi,CPi_dl,76.1866,70.4,8,106.2,63734.8,137.173,1.02684,187.94,2514.38,24,52,4,28,0.526763,82270.6,166.085,180.663,1.22854,117.612,117.94,96.0737,95.1608,42.15598868,48.34826923,13.81337317,14.65625,66.44965912,77.22714286,0.763984574,4.367567782,0.884444444
599_TME07-1_30x_Str_04A_xyz-2538-12366-269,TME07-1,D1,Male,CPi,CPi_vl,73.3645,78.0165,5,92.29,48692.3,186.628,1.0371,220.622,1768.28,15,33,3,18,0.317778,59483.3,230.733,170.959,1.24382,131.197,123.81,102.054,114.698,45.14187354,53.57969697,17.65118371,18.61066667,68.05078173,82.72055556,0.728897711,3.675475764,0.75
600_TME07-1_30x_Str_04A_xyz-2559-13842-278,TME07-1,D1,Male,CPi,CPi_vl,80.4412,64.8178,4,142.3,96367.2,140.454,1.02343,222.818,2796.29,22,49,5,27,0.344697,116270,171.862,211.393,1.35672,115.004,129.736,108.498,101.553,49.75813795,57.06204082,25.51141214,26.87454545,69.51472935,81.65925926,0.76483291,4.387159174,0.894173603
603_TME07-1_30x_Str_04A_xyz-3177-13797-58,TME07-1,D1,Male,CPi,CPi_vl,63.968,60.7738,4,93.79,70681.6,152.839,1.02716,224.751,2365.67,18,41,5,23,0.320988,92320.3,213.35,153.462,1.12559,126.2,122.852,87.2989,105.373,48.93557279,57.69512195,13.50061189,14.40444444,76.66728132,91.57478261,0.750654527,4.079114801,0.8096
604_TME07-1_30x_Str_04A_xyz-3247-15151-411,TME07-1,D1,Male,CPi,CPi_dl,75.9745,61.773,5,126.16,65203.2,146.546,1.02406,191.97,2459.23,23,51,5,28,0.410145,77151.8,172.078,164.25,1.21643,120.355,129.869,74.2302,76.9904,42.70880937,48.21568627,18.42203559,19.25347826,62.65865925,72.00607143,0.80154266,5.416089356,0.931111111
605_TME07-1_30x_Str_04A_xyz-3279-16395-255,TME07-1,D1,Male,CPi,CPi_dl,69.6252,69.9997,5,99.48,74209.5,150.513,1.03253,181.293,2390.22,21,46,4,25,0.428571,94582.7,162.727,175.768,1.18118,121.442,116.631,83.961,95.3747,42.36178737,51.95608696,13.74659512,14.33142857,66.39854886,83.5608,0.685237209,3.049542846,0.777777778
606_TME07-1_30x_Str_04A_xyz-3433-15676-346,TME07-1,D1,Male,CPi,CPi_dl,84.8773,63.5722,6,140.34,138750,172.859,1.02285,230.959,4080.86,35,74,4,39,0.31746,166442,203.233,237.77,1.37167,107.754,129.108,83.9137,80.4547,48.55739669,55.14162162,24.24215468,25.58171429,70.37876772,81.66974359,0.785599283,4.920961625,0.821534801
607_TME07-1_30x_Str_04A_xyz-3483-13827-354,TME07-1,D2,Male,CPi,CPi_dl,84.8992,64.53,4,118.24,55065.5,142.694,1.0369,198.589,1935.81,19,41,3,22,0.365915,70133.1,187.579,112.721,1.44681,108.191,122.026,93.932,107.304,38.8490478,47.2095122,29.65657452,33.36842105,46.788002,59.16318182,0.682053515,3.011281403,0.828125
608_TME07-1_30x_Str_04A_xyz-3606-8252-391,TME07-1,D2,Male,CPi,CPi_vl,62.697,76.9858,3,186.71,67393.7,184.884,1.03367,243.281,2371.64,11,28,6,17,0.545455,82245.2,223.589,194.853,1.07119,137.293,119.287,105.493,121.115,69.11783652,84.6975,11.46545823,11.66909091,106.4223166,131.9511765,0.773826351,4.604943541,0.886426593
610_TME07-1_30x_Str_04A_xyz-3691-10184-316,TME07-1,D2,Male,CPi,CPi_vl,87.3483,58.7166,6,139.65,92365.7,138.597,1.02244,173.78,3309.04,36,75,3,39,0.388805,111563,160.144,151.521,1.33598,102.87,132.953,77.8261,89.7374,39.49396533,44.11546667,13.99888592,14.98138889,63.02788478,71.00846154,0.804379208,5.513649647,0.811421773
612_TME07-1_30x_Str_04A_xyz-3886-12642-315,TME07-1,D2,Male,CPi,CPi_vl,77.7141,57.8355,7,137.14,99867.1,155.86,1.02386,208.94,2934,27,57,3,30,0.389375,119533,173.138,147.46,1.23974,114.411,136.467,96.8337,97.8171,45.19724904,51.4677193,13.76548947,14.33407407,73.48583264,84.888,0.791003098,5.07935304,0.859375
614_TME07-1_30x_Str_04A_xyz-4523-9178-38,TME07-1,D2,Male,CPi,CPi_vl,90.8785,67.6226,5,117.39,88431.4,136.045,1.02552,209.78,3054.57,31,67,5,36,0.189324,108325,162.115,124.898,1.2903,102.108,121.788,87.0733,81.1712,39.7206363,45.5861194,18.4834635,19.6116129,58.00820176,67.95305556,0.790040394,5.050469434,0.855955679
615_TME07-1_30x_Str_04A_xyz-4746-6550-275,TME07-1,D1,Male,CPi,CPi_vl,66.6292,51.2399,5,46.14,71806,194.965,1.01951,276.649,2751.06,20,45,5,25,0.481429,81224.6,217.749,219.301,1.17788,120.956,127.916,69.4753,78.8374,55.55012513,61.12888889,16.28541176,16.795,86.96189583,96.596,0.859549598,8.311746388,0.85733882
617_TME07-1_30x_Str_04A_xyz-4823-11935-129,TME07-1,D2,Male,CPi,CPi_vl,81.4071,57.1704,5,137.4,100088,147.474,1.0304,229.96,3654.52,33,72,6,39,0.3244,124867,165.531,145.318,1.27845,110.477,130.601,84.6929,89.3962,42.44125839,50.75208333,17.95689503,19.76454545,63.15879662,76.97230769,0.750662801,4.079283222,0.768590125
619_TME07-1_30x_Str_04A_xyz-4887-17617-126,TME07-1,D2,Male,CPi,CPi_dl,93.4413,73.2082,4,63.78,36539.2,153.319,1.03368,206.57,1959.2,15,34,4,19,0.213333,46819.8,178.481,144.802,1.27342,96.8877,112.332,77.0865,85.9943,47.41931216,57.61852941,24.81630082,27.214,65.2637948,81.62210526,0.718700422,3.50999719,0.884353741
622_TME07-1_30x_Str_04A_xyz-5019-7359-59,TME07-1,D1,Male,CPi,CPi_vm,85.0504,81.1598,6,77.73,33236.2,204.933,1.03761,272.031,1939.35,19,42,4,23,0.442105,45398.7,241.097,190.568,1.57143,110.879,108.157,93.035,85.6216,38.85201946,46.1697619,26.31879015,27.86842105,49.20555671,61.28826087,0.577821171,2.101213412,0.7488
625_TME07-1_30x_Str_04A_xyz-5336-8469-441,TME07-1,D2,Male,CPi,CPi_vl,83.1885,71.0694,4,64.55,36449,141.608,1.04,201.04,1403.57,14,32,4,18,0.321429,45087.9,166.152,73.5369,1.40221,108.771,118.622,65.1523,63.6439,36.0465358,43.855625,22.23350645,25.10142857,46.79000306,58.44222222,0.692609123,3.141496337,0.805
626_TME07-1_30x_Str_04A_xyz-5342-16954-341,TME07-1,D2,Male,CPi,CPi_dl,79.5404,62.225,6,83.89,62866.4,146.502,1.02861,224.97,2504.14,26,56,4,30,0.365079,78915.6,169.493,124.22,1.31803,106.947,128.971,100.035,99.2943,39.27023372,44.71142857,19.42880133,20.67230769,56.46614178,65.54533333,0.778012641,4.713039563,0.8125
628_TME07-1_30x_Str_04A_xyz-5407-8287-32,TME07-1,D1,Male,CPi,CPi_vm,92.1022,77.6882,4,112.98,49363.5,118.769,1.03001,169.511,2008.48,23,51,5,28,0.462112,62883.3,154.816,136.02,1.41146,109.083,117.867,90.7997,98.1934,32.96884947,39.37705882,21.77785047,23.50565217,42.16145579,52.41428571,0.711472615,3.400526967,0.762222222
629_TME07-1_30x_Str_04A_xyz-5420-13917-72,TME07-1,D2,Male,CPi,CPi_vl,78.873,68.4441,5,144.7,100464,149.931,1.02704,211.429,3456.72,34,73,5,39,0.328654,124651,165.625,157.754,1.28819,117.455,124.795,87.9495,92.6176,41.36267017,47.34753425,17.73961415,18.76264706,61.95712927,72.26769231,0.744958224,3.966035618,0.844140393
630_TME07-1_30x_Str_04A_xyz-5556-6124-418,TME07-1,D1,Male,CPi,CPi_vl,72.5511,80.1493,3,80.41,21498,139.26,1.03253,202.471,963.287,7,17,3,10,0.47619,26656,184.899,127.46,1.06593,116.697,107.604,124.304,110.192,47.36492868,56.65823529,9.669801627,10.01428571,73.75151761,89.309,0.70933675,3.36932924,0.875
631_TME07-1_30x_Str_04A_xyz-5589-13404-156,TME07-1,D1,Male,CPi,CPi_vl,65.5146,55.9144,5,156.16,90781.4,179.713,1.02722,252.99,2564.36,15,36,6,21,0.5,113272,207.68,177.161,1.10742,110.116,125.223,104.608,97.0615,59.46919817,71.22638889,15.25304061,16.1,91.05216786,110.602381,0.751868936,4.103969445,0.843100189
632_TME07-1_30x_Str_04A_xyz-5700-11301-313,TME07-1,D2,Male,CPi,CPi_vl,76.0471,63.1158,5,145.62,107339,137.44,1.02764,213.5,3989.44,29,66,8,37,0.45156,129208,167.89,174.839,1.14456,118.524,126.83,81.2562,85.1928,52.37385421,60.44136364,14.01279935,14.90689655,82.44062693,96.13054054,0.800821115,5.391766655,0.923076923
633_TME07-1_30x_Str_04A_xyz-5710-11058-149,TME07-1,D1,Male,CPi,CPi_vl,84.8116,73.7146,7,127.54,117940,170.139,1.03079,212.153,3892.12,37,80,6,43,0.482132,146348,191.12,228.116,1.37026,105.008,117.96,93.2476,91.9674,41.83167792,48.647125,20.78920945,22.77216216,59.93798799,70.91162791,0.75083958,4.082884802,0.724444444
634_TME07-1_30x_Str_04A_xyz-5712-15782-197,TME07-1,D1,Male,CPi,CPi_dl,51.6089,61.1646,7,130.86,131144,173.359,1.02308,249.03,3878.34,33,70,4,37,0.379942,159306,205.462,220.216,1.27284,137.65,128.799,70.1587,73.2777,49.00525269,55.40014286,20.49405118,22.13181818,74.43416214,85.07189189,0.766206006,4.419204792,0.828402367
636_TME07-1_30x_Str_04A_xyz-5895-9183-243,TME07-1,D1,Male,CPi,CPi_vl,60.3727,65.3184,4,190.2,83354.2,143.48,1.03881,207.29,4115.55,32,72,8,40,0.333333,102363,177.807,153.131,1.21034,123.366,126.028,95.3663,87.072,47.60526118,57.15527778,20.30960844,22.1984375,69.44178337,85.12075,0.746103062,3.988309771,0.795918367
638_TME07-1_30x_Str_04A_xyz-5937-9920-379,TME07-1,D2,Male,CPi,CPi_vl,95.473,82.8691,8,132.73,84804,127.592,1.03304,183.375,3285.31,32,68,4,36,0.50699,130188,227.711,178.883,1.3872,96.3489,108.697,91.6899,96.1872,39.88851768,48.30808824,17.09044162,18.4665625,60.15347418,74.83388889,0.661104442,2.779140256,0.804709141
640_TME07-1_30x_Str_04A_xyz-5963-11934-329,TME07-1,D2,Male,CPi,CPi_vl,83.2787,68.9178,5,129.79,105445,135.646,1.03488,217.85,3579.58,32,70,6,38,0.427083,136824,195.393,157.22,1.3272,107.205,124.361,88.4815,84.9738,42.76044851,51.13214286,20.82549151,23.4365625,61.23199125,74.45473684,0.727594536,3.653562247,0.7975
641_TME07-1_30x_Str_04A_xyz-6019-16445-219,TME07-1,D1,Male,CPi,CPi_dl,66.1285,65.3135,5,132.68,111116,161.577,1.02631,250.03,3515.15,29,63,5,34,0.317241,135528,183.166,158.401,1.2246,127.485,126.83,88.7325,77.0777,48.82719314,55.79063492,19.81294389,20.96896552,73.57464102,85.49147059,0.783618917,4.865119176,0.781635802
642_TME07-1_30x_Str_04A_xyz-6084-9201-39,TME07-1,D1,Male,CPi,CPi_vm,71.6529,80.1514,6,100.24,68263.7,142.693,1.02758,214.239,2544.08,25,56,6,31,0.452571,88851.4,209.699,170.879,1.38395,119.016,115.642,97.6218,97.8472,39.22269442,45.42553571,20.75963449,23.2612,54.11225888,63.3,0.721550709,3.554899437,0.797061524
643_TME07-1_30x_Str_04A_xyz-6159-6201-432,TME07-1,D2,Male,CPi,CPi_vm,74.7784,57.4753,6,105.51,63460.8,150.048,1.03383,225.611,2555.56,21,47,5,26,0.469841,79956.3,187.75,148.16,1.24184,107.83,123.075,93.3408,95.3448,45.67825309,54.36893617,14.30618814,14.75333333,71.01722862,86.36615385,0.747751006,4.020767036,0.816326531
645_TME07-1_30x_Str_04A_xyz-6299-9296-131,TME07-1,D2,Male,CPi,CPi_vm,74.066,60.4443,4,108.72,30041.1,100.372,1.04284,132.912,1676.07,16,37,5,21,0.40625,39538.3,142.429,101.733,1.23636,123.501,126.466,103.33,102.535,35.04025511,45.29432432,14.46848766,15.119375,50.71398269,68.2847619,0.659172178,2.759302177,0.784499055
647_TME07-1_30x_Str_04A_xyz-6389-8308-406,TME07-1,D1,Male,CPi,CPi_vm,69.8041,71.2134,4,121.71,36514.5,160.273,1.02743,196.562,1359.49,12,28,4,16,0.494444,44907.6,196.237,124.597,1.24022,121.264,117.318,70.0847,64.3824,41.467226,48.54678571,17.33416534,19.38,59.56702149,70.421875,0.738339409,3.841493645,0.771604938
648_TME07-1_30x_Str_04A_xyz-6408-13030-104,TME07-1,D1,Male,CPi,CPi_vl,61.5461,80.1171,5,121.77,108798,155.909,1.02953,252.031,3736.02,34,73,5,39,0.355169,136514,178.326,142.509,1.26713,126.817,118.321,95.7303,93.8059,43.02700728,51.1730137,19.49253454,21.14735294,63.54423992,77.34923077,0.726829425,3.640804505,0.830458061
649_TME07-1_30x_Str_04A_xyz-6610-5248-327,TME07-1,D1,Male,CPi,CPi_vm,52.3127,62.775,4,218.21,158203,272.295,1.01789,370.61,2889.2,12,29,5,17,0.375,189752,350.881,241.05,1.33995,134.742,129.601,86.3924,109.544,88.40936425,99.62206897,52.87290248,55.54916667,113.4939255,130.7323529,0.741466058,3.899443447,0.941828255
652_TME07-1_30x_Str_04A_xyz-6858-13378-280,TME07-1,D1,Male,CPi,CPi_vm,75.0478,56.0188,4,129.53,77611.5,151.017,1.02307,217.459,2288.66,15,35,5,20,0.246667,91973.7,182.667,200.38,1.14518,128.507,132.24,72.8912,80.4426,57.63614996,65.38628571,17.27122004,18.44466667,87.9098474,100.5925,0.801105138,5.401317355,0.83677686
653_TME07-1_30x_Str_04A_xyz-6886-6690-218,TME07-1,D1,Male,CPi,CPi_vm,73.2254,63.0886,6,96.48,37554.9,151.889,1.01978,206.773,1901.05,20,44,4,24,0.325476,45253.9,162.572,138.013,1.33333,116.169,129.426,90.2095,97.1015,39.0611598,43.20090909,23.1996783,24.4265,52.27906105,58.84625,0.809635283,5.703024527,0.875739645
654_TME07-1_30x_Str_04A_xyz-6887-13559-422,TME07-1,D1,Male,CPi,CPi_dm,76.2812,89.9348,4,109.75,65865.5,143.219,1.04162,211.68,2698.1,19,46,8,27,0.333333,83809.4,192.346,184.67,1.19675,121.53,116.107,79.6579,85.2958,46.93936494,58.64934783,21.5853951,23.07947368,64.78104742,83.68,0.701546977,3.259721735,0.850178359
656_TME07-1_30x_Str_04A_xyz-7011-7019-378,TME07-1,D1,Male,CPi,CPi_vm,66.349,87.0398,7,108.37,42851.5,152.188,1.0222,233.21,1850.4,17,38,4,21,0.573529,62148.3,180.553,133.851,1.36152,122.316,96.3013,92.4659,93.9087,42.34863533,48.68947368,18.03808614,19.65470588,62.02860372,72.19380952,0.681432815,3.003919895,0.81852552
657_TME07-1_30x_Str_04A_xyz-7073-5696-233,TME07-1,D2,Male,CPi,CPi_vm,103.153,65.5305,4,186.56,73017.2,167.607,1.0213,241.64,3367.48,22,53,9,31,0.204545,87910,202.211,201.66,1.26923,90.3957,129.134,86.7838,77.6795,57.20366632,63.53245283,28.40994075,31.10454545,77.63792317,86.54580645,0.810974253,5.753148474,0.844811754
659_TME07-1_30x_Str_04A_xyz-7074-19373-357,TME07-1,D2,Male,CPi,CPi_dm,77.1268,61.7753,6,134.14,97042,173.583,1.01899,278.6,3125.88,27,60,6,33,0.378836,115690,224.071,193.319,1.31056,109.981,133.939,88.7038,82.8693,46.57754637,52.09283333,25.35601509,27.24962963,63.94061741,72.41909091,0.815846732,5.942430596,0.817959184
660_TME07-1_30x_Str_04A_xyz-7126-13176-414,TME07-1,D2,Male,CPi,CPi_vm,90.4754,79.791,5,104.42,57241.3,131.092,1.03164,206.551,2376.84,17,41,7,24,0.529412,77117.7,167.582,124.163,1.21148,100.259,110.963,89.8214,83.0871,47.16126305,57.96658537,19.35163606,21.31529412,66.85974884,83.92791667,0.667426257,2.845813177,0.852071006
661_TME07-1_30x_Str_04A_xyz-7219-9498-292,TME07-1,D1,Male,CPi,CPi_vm,102.697,78.2549,5,194.47,129199,166.073,1.02999,244.786,4081.43,26,58,6,32,0.383333,162523,200.636,221.801,1.16828,94.2833,118.665,82.7079,85.3371,59.98340539,70.36431034,21.30226553,22.53807692,91.41183153,109.223125,0.757733148,4.227895238,0.917820069
662_TME07-1_30x_Str_04A_xyz-7228-8322-383,TME07-1,D1,Male,CPi,CPi_vm,78.6534,72.8137,4,141.11,90552.9,170.873,1.03114,234.18,3393.05,24,54,6,30,0.428968,112942,226.458,209.489,1.22586,110.588,129.168,99.5428,101.491,53.91199799,62.82907407,20.19932958,21.40208333,80.88213271,95.97066667,0.757962844,4.232885308,0.833984375
663_TME07-1_30x_Str_04A_xyz-7266-14497-142,TME07-1,D1,Male,CPi,CPi_dm,70.7982,61.4,7,138.72,111264,165.442,1.02512,243.561,3623.62,27,61,7,34,0.398148,135939,188.597,162.395,1.22296,127.094,127.379,75.1027,82.7573,51.41336569,59.39901639,21.38918939,23.07851852,75.25609393,88.24176471,0.779293481,4.747026266,0.827932099
665_TME07-1_30x_Str_04A_xyz-7368-4434-443,TME07-1,D1,Male,CPi,CPi_vm,92.2119,64.6987,5,106.68,32800.9,144.169,1.02925,194.45,1520.85,11,28,6,17,0.327273,40166.5,173.202,129.248,1.23553,90.8131,125.832,113.61,106.351,46.17992661,54.31071429,21.46791407,22.33818182,62.17005236,74.99882353,0.779826632,4.761303172,0.911357341
666_TME07-1_30x_Str_04A_xyz-7420-16041-73,TME07-1,D2,Male,CPi,CPi_dm,87.3325,65.7459,7,110.44,97873.5,153.1,1.03038,229.48,3429.66,34,72,4,38,0.428156,129662,182.304,125.87,1.33357,107.852,121.794,88.4993,94.7717,39.62889565,47.62958333,15.47478659,17.21647059,61.24046692,74.84131579,0.726965983,3.643075721,0.73125
667_TME07-1_30x_Str_04A_xyz-7440-7386-370,TME07-1,D1,Male,CPi,CPi_vm,83.746,65.434,5,151.16,118202,174.146,1.02845,262.17,4078.08,30,67,7,37,0.454815,144112,200.953,203.05,1.23841,108.835,124.466,73.7399,76.5506,52.92377278,60.86164179,26.73849485,28.60066667,74.1550792,87.01918919,0.775237695,4.640885491,0.810650888
668_TME07-1_30x_Str_04A_xyz-7515-15780-423,TME07-1,D2,Male,CPi,CPi_dm,72.5446,67.1529,5,80.01,61211.1,139.955,1.02474,199.6,2094.76,19,45,7,26,0.282456,73138.1,182.226,146.962,1.31769,128.328,129.528,84.3197,96.7128,39.76025239,46.54444444,21.7705886,23.25894737,52.90654517,63.56076923,0.755811517,4.18655703,0.867346939
671_TME07-1_30x_Str_04A_xyz-7635-13758-149,TME07-1,D1,Male,CPi,CPi_dm,68.8402,60.2951,5,88.97,121711,152.412,1.02425,225.338,3738.71,33,72,6,39,0.404034,147569,185.556,227.598,1.25406,125.387,133.045,106.424,107.295,45.27248047,51.92138889,17.49131012,18.2769697,68.77962462,80.38974359,0.769633166,4.501046147,0.695419393
673_TME07-1_30x_Str_04A_xyz-7676-10808-69,TME07-1,D1,Male,CPi,CPi_vm,87.7651,76.6394,5,134.72,105038,184.855,1.03293,245.681,3613.35,31,68,6,37,0.364069,133074,244.129,174.26,1.24021,106.969,115.18,95.3959,98.9982,44.60014328,53.13264706,18.0213078,19.40677419,66.86889734,81.38945946,0.70737933,3.341179935,0.809993425
674_TME07-1_30x_Str_04A_xyz-7701-16838-122,TME07-1,D1,Male,CPi,CPi_dm,73.2413,76.3032,5,159.13,52570.5,156.175,1.04298,204.31,2390.07,22,50,6,28,0.378788,68304.6,197.114,157.552,1.24603,111.156,118.408,93.5132,102.686,39.0830488,47.7966,21.11112104,22.71272727,53.20384919,67.50535714,0.699966294,3.238246925,0.696666667
675_TME07-1_30x_Str_04A_xyz-7796-8944-169,TME07-1,D1,Male,CPi,CPi_vm,86.5536,63.237,5,174.02,78483.2,175.293,1.03174,275.709,2960.58,16,38,6,22,0.5,95118.7,206.079,175.632,1.15376,111.333,126.929,71.7044,91.1634,65.60515446,77.90473684,18.41808955,20.169375,99.92301985,119.8940909,0.770088869,4.512133152,0.881944444
676_TME07-1_30x_Str_04A_xyz-7857-18554-420,TME07-1,D1,Male,CPi,CPi_dm,70.8993,90.3622,5,54.33,26475.7,117.09,1.0564,149.27,1183.52,15,33,3,18,0.417778,37089.7,184.2,69.6392,1.47934,117.373,105.723,77.8752,83.474,26.67729206,35.85909091,15.48526663,19.89133333,36.00397991,49.16555556,0.604742498,2.286635971,0.8675
677_TME07-1_30x_Str_04A_xyz-7863-9263-20,TME07-1,D2,Male,CPi,CPi_vm,50.0553,67.555,6,97.38,43645.2,150.451,1.02533,160.393,1365.87,11,25,3,14,0.649351,52682.7,190.634,140.963,1.22115,139.141,124.939,96.316,92.1574,46.81502564,54.63,17.22174653,17.54272727,70.06688779,83.77,0.742347131,3.916055597,0.8828125
680_TME07-1_30x_Str_04A_xyz-7929-16386-208,TME07-1,D2,Male,CPi,CPi_dm,79.9504,73.1475,9,77.98,78324.5,144.28,1.0272,209.609,3028.62,28,63,7,35,0.529762,101132,166.188,159.693,1.26118,112.332,113.434,88.816,83.906,40.80613185,48.06761905,13.17914734,14.6425,62.90771946,74.80771429,0.729815114,3.691042951,0.766252739
681_TME07-1_30x_Str_04A_xyz-7986-18092-416,TME07-1,D2,Male,CPi,CPi_dm,78.786,64.7187,6,103.25,62384.8,141.067,1.02313,207.91,2498.23,26,57,5,31,0.339805,77845.8,165.367,131.74,1.36241,110.362,123.534,97.5761,97.0466,39.15172614,43.82385965,22.2317543,23.83576923,53.34267026,60.58806452,0.757477832,4.222360892,0.775022957
682_TME07-1_30x_Str_04A_xyz-8030-7643-119,TME07-1,D1,Male,CPi,CPi_vm,80.1572,70.7175,7,190.4,125561,185.074,1.0228,226.64,3511.69,30,65,5,35,0.448148,154712,210.379,210.09,1.44498,113.928,121.235,83.2286,86.5874,47.97936586,54.02123077,29.25364959,32.023,64.02997981,72.87685714,0.75399408,4.148120457,0.795471147
687_TME07-1_30x_Str_04A_xyz-8411-20489-292,TME07-1,D1,Male,CPi,CPi_dm,61.3943,50.9194,6,77.63,99007.3,174.305,1.02665,256.46,2763.91,21,47,5,26,0.591837,113818,188.178,167.82,1.22258,128.533,140.034,65.7957,83.3398,51.53486385,58.8012766,17.3585991,18.32,79.13877,91.49769231,0.821220378,6.164581036,0.923469388
688_TME07-1_30x_Str_04A_xyz-8538-10906-313,TME07-1,D1,Male,CPi,CPi_vm,69.9477,74.6993,4,140.89,70133.5,160.106,1.03622,198.452,3343.13,24,54,6,30,0.338889,88109.8,191.933,188.36,1.19448,111.459,120.201,99.0105,108.447,51.494369,61.905,21.982306,23.98166667,75.1040194,92.24366667,0.734045277,3.764366388,0.875
690_TME07-1_30x_Str_04A_xyz-8637-16049-127,TME07-1,D2,Male,CPi,CPi_dm,62.4455,73.958,7,157.53,137369,178.024,1.02972,219.16,4446.98,32,71,7,39,0.528125,169697,191.791,170.44,1.17377,133.358,124.755,96.072,88.2619,53.37431029,62.62830986,15.15683301,15.7846875,84.73224037,101.0641026,0.760726551,4.293762361,0.845330161
691_TME07-1_30x_Str_04A_xyz-8878-12633-289,TME07-1,D2,Male,CPi,CPi_vm,99.7238,87.1386,5,80.98,32963.6,106.109,1.05765,162.56,1587.06,17,37,3,20,0.420168,45108.9,166.298,112.101,1.29545,104.593,109.009,112.428,87.2672,31.45224289,42.88891892,15.00108044,16.13588235,45.43573097,65.629,0.603562117,2.277938211,0.832644628
692_TME07-1_30x_Str_04A_xyz-8924-18200-55,TME07-1,D1,Male,CPi,CPi_dm,72.1578,68.46,4,116.64,48198.3,116.983,1.02269,176.129,2053.14,23,52,6,29,0.362319,59963,160.896,131.358,1.27778,120.813,123.692,91.8989,91.1612,35.15733253,39.47826923,15.17376163,15.8673913,51.00637152,58.20413793,0.759639099,4.269622885,0.867845994
694_TME07-1_30x_Str_04A_xyz-9049-7398-122,TME07-1,D1,Male,CPi,CPi_vm,80.5648,64.5183,5,122.13,108700,214.542,1.02541,329.27,2762.98,19,43,5,24,0.44386,128840,258.296,170.591,1.27865,111.475,129.253,88.2981,89.5071,56.00310212,64.24953488,23.2867839,24.86842105,81.90352071,95.42625,0.796514561,5.250590232,0.821005917
696_TME07-1_30x_Str_04A_xyz-9111-10010-267,TME07-1,D1,Male,CPi,CPi_vm,74.582,69.6168,6,197.87,110503,178.972,1.03038,222.164,3679.05,26,56,4,30,0.423277,133355,197.56,198.17,1.16553,118.704,121.891,94.4156,83.9947,56.07277567,65.69160714,17.91696714,18.73653846,89.14114307,106.386,0.766881528,4.435124545,0.895507813
697_TME07-1_30x_Str_04A_xyz-9168-8094-386,TME07-1,D1,Male,CPi,CPi_vm,105.248,68.8941,4,99.99,55421.2,183.746,1.0269,236.368,2318.82,17,40,6,23,0.333333,66184.2,234.714,203.17,1.21793,95.3721,124.44,92.1369,86.972,51.11227534,57.9655,24.27584357,25.59823529,70.94789883,81.88913043,0.784750748,4.896894376,0.8912
699_TME07-1_30x_Str_04A_xyz-9235-6512-199,TME07-1,D2,Male,CPi,CPi_vm,67.6285,50.9431,2,71.77,23908.6,161.952,1.0897,172.262,1147.02,4,13,5,9,0.25,28548,192.493,140.028,1.05696,118.806,138.485,59.5123,73.1854,65.2739597,88.22615385,17.83995636,17.95,86.35573896,119.46,0.779183402,4.744088107,0.909090909
700_TME07-1_30x_Str_04A_xyz-9357-20580-49,TME07-1,D2,Male,CPc,CPc_d,70.5803,47.3378,2,54.71,25298.4,119.611,1.02277,184.69,1199.82,8,21,5,13,0.125,28846.3,139.489,123.73,1.17548,125.464,140.413,92.449,103.619,50.6937943,57.12904762,23.69678542,24.74,67.30733823,77.06076923,0.849880545,7.654099696,0.88
702_TME07-1_30x_Str_04A_xyz-9372-7716-234,TME07-1,D1,Male,CPi,CPi_vm,88.4281,66.9321,4,196.74,77203.4,195.054,1.03399,275.74,2468.73,15,33,3,18,0.344444,94589.8,255.309,239.539,1.22108,102.943,129.18,99.3149,86.0921,64.13161057,74.80545455,28.36085181,30.45066667,93.94057619,111.7677778,0.777654979,4.703626999,0.8425
703_TME07-1_30x_Str_04A_xyz-9396-14329-240,TME07-1,D1,Male,CPi,CPi_dm,84.0421,76.8742,5,122.94,112054,147.72,1.02913,211.94,3898.2,37,81,7,44,0.374775,139690,173.508,169.53,1.25046,110.972,124.172,93.1383,94.723,41.28484719,48.12074074,14.81460549,15.76108108,63.54391408,75.33227273,0.731890103,3.726689057,0.592155009
706_TME07-1_30x_Str_04A_xyz-9734-20255-120,TME07-1,D2,Male,CPi,CPi_dm,78.7133,71.6396,3,82.11,35524.3,132.375,1.03332,207.84,1937.06,13,32,6,19,0.230769,43772.9,162.484,146.46,1.1431,113.829,122.853,102.649,101.599,51.00670727,60.5275,15.65491421,16.51692308,75.19477621,90.64,0.772641945,4.575164152,0.882086168
707_TME07-1_30x_Str_04A_xyz-9895-9410-165,TME07-1,D1,Male,CPi,CPi_vm,83.162,72.1266,5,128.17,78506.9,203.438,1.03127,242.659,2728.45,19,44,6,25,0.405263,95667.6,238.645,183.348,1.25813,117.256,126.499,81.6115,88.1562,53.433346,62.00568182,28.26688996,31.04210526,72.55985259,85.538,0.774707537,4.62732544,0.880658436
708_TME07-1_30x_Str_04A_xyz-9909-14956-306,TME07-1,D1,Male,CPi,CPi_dm,61.8649,69.2284,8,132.34,74147.6,170.524,1.02612,227.426,3513.8,28,61,5,33,0.428649,89802.7,194.378,230.469,1.28421,124.086,122.049,75.1547,75.1838,50.49214801,57.59868852,17.24842074,18.29357143,78.69894691,90.94848485,0.765897049,4.411957815,0.794285714
709_TME07-1_30x_Str_04A_xyz-10039-16948-382,TME07-1,D1,Male,CPi,CPi_dm,83.5819,65.233,6,83.37,67304.2,170.159,1.02602,225.931,2625.99,21,47,5,26,0.415224,85010.8,194.346,193.151,1.26689,111.12,122.079,85.2809,94.8136,48.82484333,55.86723404,21.0945629,22.49,71.22237753,82.82576923,0.769185384,4.49019931,0.864795918
710_TME07-1_30x_Str_04A_xyz-10078-17958-285,TME07-1,D2,Male,CPi,CPi_dm,65.9526,82.6317,7,137.4,77416.1,127.952,1.02874,181.87,2847.81,23,51,5,28,0.437198,101953,162.264,169.473,1.20299,127.064,113.846,95.1524,96.5602,47.18288491,55.83392157,15.54530265,16.81347826,73.17089891,87.88642857,0.695035907,3.172840615,0.792222222
711_TME07-1_30x_Str_04A_xyz-10092-5517-414,TME07-1,D1,Male,CPi,CPi_vm,98.8532,104.645,3,124.98,46101.9,146.772,1.03953,202.537,2129.05,12,32,8,20,0.25,58587.4,184.616,180.008,1.11313,101.024,104.006,88.4501,90.3087,56.57292915,66.5271875,22.14231528,24.77,77.23129747,91.5815,0.719997933,3.530312096,0.890495868
713_TME07-1_30x_Str_04A_xyz-10171-7041-163,TME07-1,D1,Male,CPi,CPi_vm,69.2021,44.7876,3,47.66,43582.6,198.58,1.02206,300.32,1256.02,6,16,4,10,0.5,46488.1,208.269,98.5896,1.255,110.731,144.559,81.1383,74.9923,71.67582677,78.496875,47.56902557,49.29,86.1399075,96.021,0.904311524,13.36448015,0.902777778
715_TME07-1_30x_Str_04A_xyz-10302-19525-221,TME07-1,D2,Male,CPi,CPi_dm,83.4194,68.8968,7,144.05,51172.6,153.167,1.02498,182.271,2258.67,22,49,5,27,0.607576,65560.9,169.352,139.618,1.3208,104.567,119.589,82.9152,78.0859,40.17106674,46.09,16.53839722,17.38272727,59.42731598,69.48111111,0.780709467,4.785114152,0.831153389
717_TME07-1_30x_Str_04A_xyz-10383-9061-382,TME07-1,D2,Male,CPi,CPi_vm,74.4803,71.2774,5,144.78,72079.2,142.087,1.02761,204.037,2831.86,25,55,5,30,0.249143,88370.3,192.105,157.937,1.29897,120.407,124.854,90.697,100.301,44.50635382,51.48309091,25.14291037,26.9936,60.64255669,71.891,0.769726652,4.503316617,0.790039063
719_TME07-1_30x_Str_04A_xyz-10404-6412-383,TME07-1,D1,Male,CPi,CPi_vm,85.1535,64.2695,4,108.15,64231,200.469,1.02688,255.851,2032.77,16,35,3,19,0.345833,80817.8,258.517,169.882,1.2225,106.222,129.278,98.7354,110.11,49.78264879,58.074,20.37441094,21.85375,74.54748067,88.57526316,0.776989707,4.686208485,0.780045351
720_TME07-1_30x_Str_04A_xyz-10409-11841-113,TME07-1,D1,Male,CPi,CPi_vm,74.6956,62.4669,6,113.3,121787,200.62,1.02137,299.52,3267.1,31,68,6,37,0.523425,141087,217.28,183.07,1.42573,119.401,133.628,93.9442,94.7202,43.01240354,48.04029412,27.2999943,29.00741935,56.17685452,63.98675676,0.792231505,5.116642001,0.850756082
722_TME07-1_30x_Str_04A_xyz-10482-8620-203,TME07-1,D1,Male,CPi,CPi_vm,84.7919,74.1387,4,142.98,64003.2,156.619,1.02387,216.622,2520.1,19,44,6,25,0.403509,80119.3,182.565,180.27,1.23271,105.084,120.688,108.738,95.7273,50.40584575,57.27022727,20.33271912,21.93157895,73.26142198,84.1276,0.763192255,4.349411039,0.882030178
723_TME07-1_30x_Str_04A_xyz-10540-10623-297,TME07-1,D1,Male,CPi,CPi_vm,82.8751,83.4447,3,156.83,55396.3,145.997,1.02991,216.269,2521.68,13,34,8,21,0.0384615,67115.9,194.692,185.939,1.19545,112.189,122.431,84.1389,82.441,63.20025959,74.16147059,32.70368893,35.25,82.07908904,98.24952381,0.782322883,4.829186061,0.877126654
725_TME07-1_30x_Str_04A_xyz-10628-10618-223,TME07-1,D1,Male,CPi,CPi_vm,62.053,60.3107,4,141.2,66316.8,198.432,1.02784,247.768,2379.82,15,35,5,20,0.288889,78660.3,221.686,225.71,1.14085,134.128,128.504,95.6796,82.7577,59.66488034,67.99,21.97766397,23.11466667,87.93029262,101.6465,0.791830195,5.104406066,0.803719008
726_TME07-1_30x_Str_04A_xyz-10717-19679-425,TME07-1,D1,Male,CPi,CPi_dm,62.2325,70.9808,4,69.25,29643.6,132.765,1.02136,163.63,1157.59,12,28,4,16,0.472222,35980.7,154.699,121.43,1.25665,127.597,117.293,109.937,113.987,36.95864673,41.3375,16.55044207,16.87,52.26480022,59.688125,0.766304219,4.421512983,0.87654321
727_TME07-1_30x_Str_04A_xyz-10851-12832-256,TME07-1,D1,Male,CPi,CPi_dm,66.9444,63.6809,6,130.41,94334.9,165.999,1.02391,241.35,2868.72,24,54,6,30,0.375,112419,188.16,173.46,1.33362,126.694,124.769,89.2948,86.6731,48.08598963,53.11962963,26.55952252,27.93583333,65.30716331,73.26666667,0.769034079,4.486544737,0.73046875
728_TME07-1_30x_Str_04A_xyz-10868-6249-412,TME07-1,D2,Male,CPi,CPi_vm,66.3445,61.4808,4,74.33,47805.2,206.496,1.02157,303.93,1220.81,8,19,3,11,0.625,54890.2,237.663,186.577,1.29918,124.292,123.712,85.0386,92.0966,58.25371902,64.24789474,36.11213064,38.5225,74.35669239,82.95727273,0.824652139,6.314427962,0.881656805
729_TME07-1_30x_Str_04A_xyz-10916-14767-111,TME07-1,D1,Male,CPi,CPi_dm,82.9589,64.8784,4,101.21,82700.4,139.189,1.02265,230.04,2786.73,23,52,6,29,0.21256,103108,171.503,151.67,1.30574,116.428,129.253,108.533,88.4018,46.89370407,53.58634615,24.34134196,27.13956522,64.78006023,74.56137931,0.768456053,4.472632313,0.845993757
731_TME07-1_30x_Str_04A_xyz-10985-19002-210,TME07-1,D2,Male,CPi,CPi_dm,58.1997,42.9403,6,25.68,50916.7,156.494,1.0273,208.2,2021.69,17,39,5,22,0.617647,61231.7,185.508,162.44,1.16461,126.83,135.592,73.7225,71.997,45.39644789,51.83358974,14.38939929,15.58647059,69.35643998,79.84272727,0.789991833,5.049020305,0.722222222
732_TME07-1_30x_Str_04A_xyz-11027-8578-353,TME07-1,D1,Male,CPi,CPi_vm,79.3892,75.276,4,172.49,69689.3,136.036,1.0224,173.93,2273.22,18,41,5,23,0.501852,85632.7,178.706,214.3,1.2458,119.238,122.722,80.1174,87.059,48.43137125,55.4397561,20.49556603,22.14333333,70.29417533,81.49782609,0.763348768,4.352986963,0.8432
733_TME07-1_30x_Str_04A_xyz-11074-14900-63,TME07-1,D2,Male,CPi,CPi_dm,57.2707,63.3765,3,48.63,49907,142.505,1.02571,197.11,1809.11,14,33,5,19,0.25,63108.3,165.175,162.131,1.18961,130.287,121.742,88.1846,95.7111,47.14188196,54.81666667,18.70761725,20.09857143,68.09344543,80.39842105,0.763737116,4.361882498,0.87755102
735_TME07-1_30x_Str_04A_xyz-11103-17442-139,TME07-1,D1,Male,CPi,CPi_dm,71.1517,69.8423,5,109.49,74588.3,133.899,1.0248,188.13,2449.89,21,47,5,26,0.411565,88963.4,160.213,161.437,1.22212,129.039,126.23,95.4807,99.1235,45.05952181,52.11957447,18.7511524,19.67857143,66.30858942,78.32192308,0.755971311,4.189966939,0.93877551
736_TME07-1_30x_Str_04A_xyz-11190-12528-254,TME07-1,D1,Male,CPi,CPi_dm,77.616,62.7493,4,114.02,61884.1,157.418,1.0257,243.93,2253.47,15,35,5,20,0.266667,77145.2,192.903,177.591,1.22516,112.449,130.741,106.592,104.827,55.6129315,64.38028571,24.90702299,27.03733333,78.64236288,92.3875,0.774692463,4.626940924,0.832644628
737_TME07-1_30x_Str_04A_xyz-11277-16201-193,TME07-1,D1,Male,CPi,CPi_dm,70.6107,68.1325,6,137.52,83576,138.054,1.01865,188.69,3038.1,29,63,5,34,0.543514,102542,155.983,166.11,1.22588,122.142,127.48,92.7881,86.6168,43.32006725,48.21920635,15.91527993,16.92137931,66.6947388,74.91441176,0.785902926,4.929625595,0.848765432
738_TME07-1_30x_Str_04A_xyz-11282-11234-385,TME07-1,D1,Male,CPi,CPi_vm,76.4205,64.2187,3,81.29,43230,140.273,1.02994,197.035,1956.19,15,37,7,22,0.355556,50801.4,163.709,154.143,1.20029,115.372,127.223,73.2299,102.093,45.37423947,52.86513514,23.45555745,25.11733333,60.31879539,71.78409091,0.813333828,5.843434123,0.854166667
740_TME07-1_30x_Str_04A_xyz-11362-9323-172,TME07-1,D2,Male,CPi,CPi_vm,72.6951,71.4924,4,103.35,50002.7,185.924,1.0305,222.579,1903.81,10,28,8,18,0.233333,60651.1,210.476,133.139,1.11653,121.486,123.897,110.54,81.3835,58.68933748,67.98821429,21.23830791,22.645,79.49546502,93.17888889,0.783019129,4.848430334,0.7675
741_TME07-1_30x_Str_04A_xyz-11431-12528-344,TME07-1,D1,Male,CPi,CPi_dm,79.761,65.6412,4,142.37,79629.1,164.013,1.02918,238.211,2609.89,17,39,5,22,0.382353,94977.2,224.209,207.87,1.16253,120.932,124.998,95.4751,99.3436,56.97452252,66.91564103,18.77253866,19.44058824,86.49423733,103.6009091,0.786678198,4.951871496,0.857638889
743_TME07-1_30x_Str_04A_xyz-11474-13062-411,TME07-1,D2,Male,CPi,CPi_dm,59.8905,66.823,7,80.16,61391.7,140.181,1.02152,214.28,2146.84,23,49,3,26,0.526906,75658.1,167.47,147.891,1.49093,137.784,125.545,80.0259,80.4707,38.79333466,43.80836735,20.84815866,22.22782609,54.66791342,62.89884615,0.717187763,3.486574178,0.845663265
744_TME07-1_30x_Str_04A_xyz-11511-14558-274,TME07-1,D2,Male,CPi,CPi_dm,66.1459,77.7144,5,84.76,54347.5,149.797,1.03071,202.73,1905.51,16,35,3,19,0.508333,69822.7,176.863,138.96,1.2337,125.561,112.336,78.9563,80.427,44.61688667,54.43771429,14.83736395,15.87125,69.69437948,86.91473684,0.703166261,3.281983071,0.854875283
745_TME07-1_30x_Str_04A_xyz-11539-15772-234,TME07-1,D1,Male,CPi,CPi_dm,74.9251,68.774,4,98.85,57322.5,135.308,1.02246,204.911,2308.41,20,45,5,25,0.332143,73251.3,188.371,134.671,1.31457,119.178,123.665,88.1416,100.176,43.4569205,51.29266667,20.74948241,22.0665,61.62287098,74.6736,0.684183837,3.036789441,0.884773663
746_TME07-1_30x_Str_04A_xyz-11551-8525-162,TME07-1,D2,Male,CPi,CPi_vm,77.0452,70.7106,6,43.35,21874.1,107.006,1.03653,183.4,1068.53,12,26,2,14,0.607576,31054.5,145.91,105.932,1.30079,122.118,121.569,74.6091,85.7598,33.30067296,41.09230769,12.0093834,13.15333333,51.55034973,65.04,0.698456106,3.217961954,0.91015625
750_TME07-1_30x_Str_04A_xyz-11804-16965-346,TME07-1,D2,Male,CPi,CPi_dm,79.4675,70.2336,5,124.42,71778.1,142.961,1.0269,203.279,2572.14,25,54,4,29,0.346571,90865.7,166.671,169.23,1.28431,111.853,120.706,88.247,91.1388,40.41005097,47.62685185,17.04344461,17.7532,60.55367714,73.38,0.70175687,3.262592214,0.825182102
751_TME07-1_30x_Str_04A_xyz-11845-12727-130,TME07-1,D1,Male,CPi,CPi_dm,65.1598,69.8136,5,115.22,35640.3,153.725,1.01614,245.699,1204.51,11,25,3,14,0.575758,41144.8,166.005,118.089,1.28112,130.732,128.462,76.6983,87.4323,44.17829665,48.1752,21.67072101,22.32909091,61.86282036,68.48285714,0.807688595,5.631538794,0.859375
754_TME07-1_30x_Str_04A_xyz-12030-10912-425,TME07-1,D1,Male,CPi,CPi_vm,91.5932,74.7086,7,45.29,29984.5,140.007,1.02208,204.09,1329.53,17,36,2,19,0.436275,38533.6,154.493,148.38,1.44086,95.6277,118.298,92.5662,64.8803,33.48781733,36.92666667,16.9049909,17.85294118,48.32508308,53.99263158,0.712834845,3.420692791,0.879818594
755_TME07-1_30x_Str_04A_xyz-12350-14475-411,TME07-1,D1,Male,CPi,CPi_dm,67.6617,62.2362,5,87.23,46137.6,151.383,1.0275,175.48,1803.69,17,40,6,23,0.401961,54912.5,170.448,119.711,1.27948,122.628,130.102,88.7156,76.3033,39.08411589,45.08775,22.0350774,22.87529412,51.68557911,61.50565217,0.758952433,4.254504888,0.928
761_TME07-1_30x_Str_04B_xyz-2724-11266-149,TME07-1,D2,Male,CPi,CPi_dm,94.6154,55.2033,1,117.84,38781.4,222.092,1.02917,346.409,1239.43,2,8,4,6,0,45732.3,276.891,203.218,1.02703,116.167,131.791,46.2264,48.8475,129.8522314,154.92375,35.56166785,36.78,161.2824193,194.305,0.816838206,5.982324904,0.84375
762_TME07-1_30x_Str_04B_xyz-2845-13195-419,TME07-1,D2,Male,CPi,CPi_dm,78.9253,72.3042,6,41.73,55430.6,166.025,1.02204,249.22,2103.82,18,40,4,22,0.555556,67526.6,195.119,155.03,1.3265,112.3,122.001,74.242,81.3584,46.91172001,52.5905,19.04151565,20.73555556,69.71461449,78.65363636,0.796977138,5.265434312,0.902777778
763_TME07-1_30x_Str_04B_xyz-2887-14588-449,TME07-1,D1,Male,CPi,CPi_dm,91.8143,68.5293,5,59.19,33351.9,147.101,1.02233,155.539,1440.38,13,29,3,16,0.502564,42312.1,170.183,130.05,1.35031,101.003,125.739,95.8714,106.306,44.06643228,49.66310345,21.70820401,24.41538462,62.23249276,70.176875,0.767847387,4.458065743,0.925925926
765_TME07-1_30x_Str_04B_xyz-3114-11646-271,TME07-1,D1,Male,CPi,CPi_dm,77.2269,65.4239,5,68.82,101728,174.58,1.02128,277.38,2559.08,22,49,5,27,0.475758,117806,199.706,171.23,1.40609,114.969,131.079,87.4518,90.8291,46.84824066,52.22102041,30.23716495,31.70727273,60.38319124,68.93592593,0.794829157,5.197136652,0.772889417
766_TME07-1_30x_Str_04B_xyz-3134-15966-364,TME07-1,D1,Male,CPi,CPi_dm,74.4841,61.6725,6,80.32,85847.5,146.574,1.02283,230.4,3078.2,33,72,6,39,0.40101,106556,184.793,139.461,1.38914,115.057,124.445,70.6059,79.4162,37.3362035,42.74833333,20.84395579,22.23181818,51.29118233,60.10846154,0.766991464,4.437725085,0.827483641
767_TME07-1_30x_Str_04B_xyz-3305-9835-438,TME07-1,D1,Male,CPi,CPi_vm,64.8937,54.8381,5,77.24,69821.6,228.447,1.02089,265.87,1973.5,17,40,6,23,0.505882,82210.8,261.653,196.192,1.35788,129.424,133.278,88.8919,85.5968,43.86191674,49.332,24.58665802,26.49176471,58.1088471,66.21391304,0.80808419,5.645934756,0.7712
769_TME07-1_30x_Str_04B_xyz-3537-9307-319,TME07-1,D1,Male,CPi,CPi_vm,78.5989,50.0586,5,76.55,67021.2,170.199,1.02248,226.42,2186.85,18,39,3,21,0.526455,80093.8,200.727,198.508,1.25417,111.753,136.152,95.2168,97.7152,49.680609,56.06794872,17.98789754,19.095,76.84579025,87.75904762,0.812831214,5.823989329,0.812854442
770_TME07-1_30x_Str_04B_xyz-3741-12093-272,TME07-1,D2,Male,CPi,CPi_dm,76.9282,63.7711,5,100.65,45837.5,139.091,1.02837,183.649,1593.9,15,32,2,17,0.43873,56504.5,169.353,122.701,1.32362,120.223,122.401,109.907,103.507,43.30676551,49.8034375,17.28373437,19.56,66.26826358,76.48882353,0.782863272,4.844110491,0.925207756
771_TME07-1_30x_Str_04B_xyz-3808-10277-201,TME07-1,D1,Male,CPi,CPi_vm,72.1712,72.9574,4,129.25,58146.7,156.117,1.02441,203.894,2030.4,17,41,7,24,0.421569,71633.6,192.861,154.557,1.24586,123.945,122.094,89.9008,103.175,43.75512285,49.51609756,24.43785653,26.32529412,57.43818649,65.94291667,0.751669134,4.099861634,0.76035503
772_TME07-1_30x_Str_04B_xyz-3945-10889-330,TME07-1,D1,Male,CPi,CPi_vm,86.9708,64.3323,5,123.78,57200.4,174.162,1.02693,249.432,2636.18,18,42,6,24,0.388889,69419.6,190.806,179.89,1.27092,104.747,124.635,100.314,104.38,54.67003072,62.76190476,27.41448119,30.92666667,75.11169288,86.63833333,0.810792222,5.746287686,0.797337278
773_TME07-1_30x_Str_04B_xyz-3957-15940-105,TME07-1,D1,Male,CPi,CPi_dm,60.4815,62.1742,3,98.27,52419.1,144.322,1.02275,216.601,2068.01,13,34,8,21,0.410256,60229.8,160.007,178.109,1.23097,136.114,132.113,92.1426,89.3036,53.96042785,60.81823529,29.10659804,31.3,69.34613202,79.09142857,0.828693135,6.499494073,0.846880907
774_TME07-1_30x_Str_04B_xyz-4049-17651-180,TME07-1,D2,Male,CPi,CPi_dm,73.9545,79.0815,6,88.13,59148.1,134.107,1.02535,195.763,2285.13,25,53,3,28,0.469778,76919.6,168.748,143.911,1.31244,118.745,117.229,93.0836,100.844,37.47111036,43.11075472,13.36546421,13.8948,58.99400872,69.19642857,0.707584697,3.34411372,0.861111111
775_TME07-1_30x_Str_04B_xyz-4053-15227-107,TME07-1,D2,Male,CPi,CPi_dm,65.8392,78.8255,5,95.76,64498.5,150.082,1.02614,198.895,2428.84,21,47,5,26,0.486395,83213.8,198.08,164.585,1.24216,123.704,113.256,98.4254,102.294,43.84454587,51.67212766,12.83337661,13.46190476,68.89202873,82.53423077,0.695444658,3.178174284,0.848214286
776_TME07-1_30x_Str_04B_xyz-4327-12735-407,TME07-1,D1,Male,CPi,CPi_dm,90.0772,77.7143,7,131.94,76352,149.83,1.02786,204.89,2819.98,27,58,4,31,0.476032,102802,183.833,165.671,1.33874,106.259,116.986,83.3034,81.845,42.24939737,48.61517241,16.80754244,18.3762963,64.4084323,74.95225806,0.726983153,3.643361466,0.862258953
778_TME07-1_30x_Str_04B_xyz-4405-18666-315,TME07-1,D1,Male,CPi,CPi_dm,99.9248,81.4941,5,97.44,50072.2,120.062,1.02222,175.22,2260.02,19,43,5,24,0.442105,62266.6,167.159,120.611,1.25965,98.1222,117.592,72.8268,84.7127,46.96592813,52.55302326,21.24992883,22.29421053,67.32442757,76.50791667,0.765430629,4.401057557,0.872781065
779_TME07-1_30x_Str_04B_xyz-4580-19220-230,TME07-1,D2,Male,CPi,CPi_dm,64.926,41.5252,5,48.92,47919.7,176.289,1.0259,268.5,1976.27,18,41,5,23,0.310053,55139.5,202.992,112.681,1.24149,123.824,135.28,107.737,96.6959,42.73329409,48.19634146,22.44684556,23.66222222,58.60964511,67.39695652,0.821172446,6.16253355,0.744
780_TME07-1_30x_Str_04B_xyz-4712-9542-76,TME07-1,D1,Male,CPi,CPi_vm,97.1391,83.189,6,69.29,55460.3,205.286,1.03294,279.79,1774.72,13,31,5,18,0.42735,74520.5,306.31,128.38,1.36441,91.5706,101.586,90.9089,84.3113,48.74413317,57.24483871,24.29785461,27.40538462,66.3997788,78.79555556,0.750460541,4.075169486,0.84
782_TME07-1_30x_Str_04B_xyz-4829-12393-454,TME07-1,D2,Male,CPi,CPi_vm,66.2334,73.2589,6,103.78,57236.8,121.575,1.02895,175.691,2112.46,21,45,3,24,0.456494,74717.4,162.055,131.882,1.32896,124.951,121.346,89.4632,79.9607,38.74956292,46.93888889,16.84037989,18.15238095,57.92009807,72.12708333,0.711472116,3.400519626,0.897928994
783_TME07-1_30x_Str_04B_xyz-4927-19214-406,TME07-1,D1,Male,CPi,CPi_dm,66.5738,62.3498,3,111.48,59902.9,148.44,1.02203,172.385,2426.94,21,49,7,28,0.287302,70217.7,174.518,148.2,1.19711,128.333,128.271,93.0741,92.9271,44.3117599,49.5244898,16.70640739,17.47380952,65.01577427,73.5625,0.803064315,5.468035375,0.815555556
784_TME07-1_30x_Str_04B_xyz-4942-17895-276,TME07-1,D2,Male,CPi,CPi_dm,85.3897,78.4833,4,124.2,65676.7,134.727,1.03583,158.691,2367.54,22,49,5,27,0.478788,82691.9,165.936,179.408,1.30852,112.629,122.356,71.8624,74.5689,40.4451079,48.31306122,18.54185917,20.00090909,58.29219946,71.38222222,0.708009305,3.35019396,0.804994055
785_TME07-1_30x_Str_04B_xyz-5033-16109-303,TME07-1,D1,Male,CPi,CPi_dm,66.3537,92.7277,4,126.54,57378.2,197.212,1.03971,210.88,1934.3,14,33,5,19,0.345238,74065.7,271.644,136.732,1.09902,122.541,112.888,84.3052,92.3298,48.40916314,58.61060606,13.51253789,14.34,74.12246596,91.23105263,0.717896549,3.49751486,0.85260771
786_TME07-1_30x_Str_04B_xyz-5080-5509-425,TME07-1,D2,Male,CPi,CPi_vm,84.6961,66.9801,4,121.39,43205.6,166.985,1.01682,247.688,1591.21,11,27,5,16,0.30303,50112,176.55,166.018,1.15905,114.154,126.777,84.9739,83.5858,53.11834381,58.92740741,20.31336766,21.30727273,75.67176491,84.79125,0.825867432,6.369076698,0.882716049
787_TME07-1_30x_Str_04B_xyz-5107-15669-401,TME07-1,D2,Male,CPi,CPi_dm,93.6936,87.7504,6,146.73,61448,134.66,1.03433,186.791,2525.53,19,45,7,26,0.450292,78841.7,169.157,161.678,1.20366,103.05,112.354,75.1965,79.6396,46.04310142,56.11777778,17.10208729,18.16157895,67.19230405,83.855,0.705287029,3.311547696,0.788265306
789_TME07-1_30x_Str_04B_xyz-5423-8584-267,TME07-1,D2,Male,CPi,CPi_vm,78.9491,72.4994,4,137.45,93446.9,165.731,1.02475,214.782,3103.2,23,51,5,28,0.357971,119004,200.764,184.811,1.18957,115.624,124.046,96.7467,98.9602,53.0672529,60.84176471,16.51639294,17.47869565,83.09117358,96.46142857,0.746627417,3.998586376,0.861111111
790_TME07-1_30x_Str_04B_xyz-5495-6926-319,TME07-1,D2,Male,CPi,CPi_vm,60.1807,64.6069,5,64.95,35213.9,148.441,1.03008,212.659,1540.7,14,31,3,17,0.410714,45339.5,170.169,122.761,1.27549,123.26,114.63,63.9921,84.1878,42.92582325,49.69516129,18.96574105,20.04428571,62.65765565,74.11352941,0.77092582,4.532623697,0.783933518
793_TME07-1_30x_Str_04B_xyz-5687-11142-379,TME07-1,D2,Male,CPi,CPi_vm,95.0099,74.0756,4,170.99,102361,156.003,1.02997,218.392,3877.92,28,63,7,35,0.306463,127606,190.007,184.702,1.21245,95.1916,120.382,79.8661,81.2344,52.63000431,61.54952381,21.46096363,22.89178571,77.56523685,92.47571429,0.76513466,4.394165725,0.888970051
794_TME07-1_30x_Str_04B_xyz-5709-15339-431,TME07-1,D1,Male,CPi,CPi_dm,68.7998,67.1165,6,102.68,100120,208.556,1.02846,287.9,3241.17,24,55,7,31,0.371429,118284,235.33,162.429,1.2115,122.944,125.227,87.3724,79.7601,50.70318657,58.92563636,16.67904409,17.38833333,77.04445816,91.08354839,0.75906515,4.256979941,0.77318641
795_TME07-1_30x_Str_04B_xyz-5887-9450-320,TME07-1,D2,Male,CPi,CPi_vm,77.2549,75.1058,5,132.51,90681.1,178.259,1.02601,208.722,3045.09,29,61,3,32,0.420928,117282,200.58,190.191,1.30641,118.42,119.265,79.6894,78.5204,43.74998066,49.9147541,19.15426656,20.40724138,66.03984656,76.6559375,0.738428911,3.843131114,0.759515571
796_TME07-1_30x_Str_04B_xyz-5922-12901-78,TME07-1,D1,Male,CPi,CPi_vm,100.962,68.514,4,72.23,73880.6,190.359,1.0243,211.971,2320.91,21,48,6,27,0.406349,90819.8,232.613,213.637,1.29615,90.4295,122.612,76.6565,67.2137,41.73249031,48.348125,20.89945015,23.08714286,57.93596599,67.99555556,0.758045544,4.234684539,0.853745541
798_TME07-1_30x_Str_04B_xyz-6234-7459-209,TME07-1,D1,Male,CPi,CPi_vm,62.2994,72.0775,2,199.43,79180.9,192.221,1.02715,257.1,2495.58,11,28,6,17,0.363636,94846.9,243.557,188.26,1.09916,134.374,124.508,73.861,74.2866,75.99078594,89.12357143,17.27461593,17.95090909,113.9836018,135.1764706,0.780530973,4.780282758,0.941828255
799_TME07-1_30x_Str_04B_xyz-6237-6540-121,TME07-1,D2,Male,CPi,CPi_vm,62.0725,58.3153,6,80.87,47473.6,148.679,1.02338,214.1,1907.41,22,49,5,27,0.479063,56541.5,171.092,100.61,1.33854,131.476,128.488,96.0601,100.164,34.40611717,38.92306122,14.71256568,15.94409091,50.45271467,57.64666667,0.789547671,5.03580041,0.876337693
800_TME07-1_30x_Str_04B_xyz-6263-8852-378,TME07-1,D1,Male,CPi,CPi_vm,83.0311,76.6114,7,149.47,92079.9,135.439,1.02344,199.729,3207.24,28,62,6,34,0.366597,117177,180.716,168.481,1.3012,114.715,117.26,86.5904,93.4036,45.55585567,51.72483871,21.87814517,23.63428571,65.05514667,74.85823529,0.750647681,4.07897546,0.847993827
803_TME07-1_30x_Str_04B_xyz-6406-11163-444,TME07-1,D1,Male,CPi,CPi_vm,95.7474,67.3527,3,111.12,69133.1,163.795,1.03198,254.501,2855.64,20,49,9,29,0.291667,87673.9,221.741,190.742,1.17173,96.6749,126.955,105.934,107.635,48.44850654,58.27346939,22.79625303,24.2155,66.13971587,81.76172414,0.76505505,4.392315256,0.829344433
804_TME07-1_30x_Str_04B_xyz-6482-9369-198,TME07-1,D2,Male,CPi,CPi_vm,83.4152,73.2279,6,153.6,103887,150.222,1.02578,225.77,3830.21,35,75,5,40,0.336825,129753,176.15,173.129,1.26486,109.254,120.627,83.7984,81.1984,44.61551067,51.06413333,19.47998792,20.56142857,66.60909307,77.754,0.780102683,4.768725661,0.817460317
805_TME07-1_30x_Str_04B_xyz-6482-10058-248,TME07-1,D1,Male,CPi,CPi_vm,79.4997,75.0204,4,138.03,86523.7,162.042,1.02647,262.97,2605.52,19,43,5,24,0.370175,113202,210.614,180.109,1.28945,119.834,114.146,99.97,107.293,50.7537617,60.58813953,26.43958182,28.60263158,70.00248744,85.91,0.704077138,3.294623816,0.721893491
807_TME07-1_30x_Str_04B_xyz-6691-9373-396,TME07-1,D2,Male,CPi,CPi_vm,58.4287,71.8737,5,142.89,88595.9,144.769,1.03954,169.069,3111.2,25,54,4,29,0.338476,109366,178.403,184.141,1.23188,133.162,122.259,97.562,109.995,46.14288589,57.60944444,17.36913399,18.4772,70.94784443,91.34413793,0.741098719,3.89255453,0.801248699
808_TME07-1_30x_Str_04B_xyz-6721-16536-277,TME07-1,D1,Male,CPi,CPi_dm,78.1831,70.2983,7,146.58,119167,154.395,1.0256,218.12,3828.3,36,76,4,40,0.43082,155738,196.151,207.788,1.3732,113.548,118.49,88.1241,93.168,43.75244501,50.36802632,15.33668893,16.62361111,69.32662548,80.738,0.754330799,4.15519393,0.835034014
810_TME07-1_30x_Str_04B_xyz-6737-17233-42,TME07-1,D2,Male,CPi,CPi_dm,84.2343,70.4342,5,99.14,43260.5,138.214,1.03089,200.881,2200.08,21,45,3,24,0.365533,54382.7,174.922,177.46,1.23041,106.423,123.167,100.923,92.386,40.97868541,48.88577778,13.22378182,13.70095238,65.26422604,79.6725,0.745903759,3.984416056,0.896449704
814_TME07-1_30x_Str_04B_xyz-7254-4890-183,TME07-1,D1,Male,CPi,CPi_vm,72.9839,67.5895,5,126.63,87627.4,172.203,1.02413,228.57,2797.01,22,49,5,27,0.290909,104151,194.191,173.719,1.28712,118.944,125.615,95.8086,92.916,51.12080455,57.07653061,26.56115528,28.52545455,71.13237062,80.34037037,0.822948231,6.239216547,0.896551724
815_TME07-1_30x_Str_04B_xyz-7284-7147-286,TME07-1,D1,Male,CPi,CPi_vm,75.072,50.6635,2,106.83,39180.4,216.607,1.03357,303.49,987.119,4,11,3,7,0,45104.7,248.973,157.25,1.18473,119.573,133.933,85.4243,90.9727,73.68279371,89.73454545,39.61029587,41.4525,93.15279248,117.3242857,0.795050887,5.204112969,0.864197531
816_TME07-1_30x_Str_04B_xyz-7394-7011-394,TME07-1,D1,Male,CPi,CPi_vm,98.7486,79.1387,4,99.25,72506.4,141.362,1.0328,219.55,2983.95,27,60,6,33,0.377778,92076.1,166.124,188.48,1.27298,95.6065,119.085,74.2097,83.2982,42.15746943,49.72733333,18.94753749,20.65037037,61.14741374,73.51757576,0.745748814,3.981393648,0.81877551
818_TME07-1_30x_Str_04B_xyz-7575-17059-389,TME07-1,D2,Male,CPi,CPi_dm,86.6227,71.3286,5,47.52,42039.3,122.539,1.02907,180.34,1844.23,23,48,2,25,0.289855,58403.8,161.842,145.261,1.49135,105.765,114.192,83.0925,82.8082,31.9169427,38.41583333,21.54305071,23.33652174,41.46092334,52.2888,0.677985274,2.963600039,0.80521262
819_TME07-1_30x_Str_04B_xyz-7658-6058-423,TME07-1,D1,Male,CPi,CPi_vm,70.5841,61.2103,5,134.16,61226.8,169.217,1.0277,205.068,2744.69,24,55,7,31,0.397222,77423,193.648,152.254,1.18829,117.006,125.393,96.3811,87.4515,42.47670778,49.89818182,15.54519997,16.45291667,63.32690738,75.79129032,0.757647472,4.226036637,0.838383838
820_TME07-1_30x_Str_04B_xyz-7785-15085-278,TME07-1,D2,Male,CPi,CPi_dl,82.8553,74.7584,8,94.34,94009,125.588,1.02716,198.85,3465.04,46,98,6,52,0.527666,128544,202.807,140.22,1.63273,104.568,116.729,82.6721,97.3804,30.80617598,35.3527551,18.80048347,20.97543478,41.42659628,48.07115385,0.735398716,3.788375895,0.696844993
821_TME07-1_30x_Str_04B_xyz-7807-5448-315,TME07-1,D2,Male,CPi,CPi_vm,70.556,66.8787,6,134.86,94310.3,177.73,1.02382,238.479,3022.5,24,51,3,27,0.52381,115709,225.44,197.179,1.25302,120.691,128.744,99.7876,106.092,51.30921467,59.25941176,18.57786626,19.32916667,80.4037466,94.75296296,0.750031535,4.066468493,0.894173603
823_TME07-1_30x_Str_04B_xyz-8231-6766-258,TME07-1,D1,Male,CPi,CPi_vm,54.9806,47.4417,4,102.57,62244.7,207.533,1.01884,269.271,1789.11,11,26,4,15,0.29697,70032.3,224.717,164.49,1.13666,133.799,137.47,91.9782,93.1835,61.52782898,68.80730769,17.55436449,17.86454545,93.77503628,106.1653333,0.847950067,7.533951111,0.871972318
824_TME07-1_30x_Str_04B_xyz-8241-7797-256,TME07-1,D1,Male,CPi,CPi_vm,86.685,78.3866,4,167.83,85179.7,169.522,1.03123,262.52,2770.3,19,44,6,25,0.34386,105374,228.794,222.77,1.33267,110.268,121.246,89.8156,84.6791,52.21767928,62.95613636,36.62247406,39.86631579,64.07003525,80.5044,0.730595658,3.704380424,0.839506173
825_TME07-1_30x_Str_04B_xyz-8354-10152-339,TME07-1,D2,Male,CPi,CPi_vm,83.2625,72.3138,6,136.13,99020.1,135.234,1.04014,188.2,3872.16,38,79,3,41,0.364104,131160,190.435,152.991,1.32477,106.488,123.816,105.571,92.955,39.23351387,49.00936709,16.88418928,19.02052632,59.94752203,76.80390244,0.702022709,3.266234214,0.82747431
826_TME07-1_30x_Str_04B_xyz-8387-4884-81,TME07-1,D2,Male,CPi,CPi_vm,89.5019,55.8517,4,71.25,52056.7,186.128,1.0212,184.712,1897.62,15,35,5,20,0.165079,64197.5,222.829,230.391,1.24329,104.722,122.893,89.0559,98.1237,48.61575516,54.21314286,24.10877139,26.23133333,66.995993,75.1995,0.809730208,5.706552127,0.760330579
827_TME07-1_30x_Str_04B_xyz-8409-11382-184,TME07-1,D2,Male,CPi,CPi_vm,78.3169,76.564,6,152.9,100839,133.417,1.03231,195.168,3751.25,34,74,6,40,0.379902,135670,181.786,177.22,1.31416,112.695,118.447,92.7684,84.8583,42.18198947,50.68743243,18.90883864,21.31617647,61.96416768,75.653,0.677300078,2.955699336,0.757369615
828_TME07-1_30x_Str_04B_xyz-8446-17685-251,TME07-1,D2,Male,CPi,CPi_dm,71.9905,66.563,4,107.52,85070.8,125.77,1.02954,200.77,3241.79,26,60,8,34,0.567308,110454,196.781,144.011,1.20978,121.246,123.401,71.3809,75.5057,43.83765269,54.02483333,15.92272818,17.04692308,65.18435968,82.30205882,0.719485627,3.522266148,0.805555556
829_TME07-1_30x_Str_04B_xyz-8497-15869-108,TME07-1,D1,Male,CPi,CPi_dl,97.199,66.3832,8,128.65,93310.6,161.656,1.03698,219.18,2372.45,13,33,7,20,0.615385,120227,232.515,141.002,1.16667,93.9668,119.661,60.0378,75.1036,57.89006852,71.88666667,18.11063853,19.96692308,83.746698,105.6345,0.749979456,4.065414505,0.838842975
830_TME07-1_30x_Str_04B_xyz-8593-7278-85,TME07-1,D1,Male,CPi,CPi_vm,70.2334,71.0583,4,121.67,63245.7,133.161,1.02835,195.419,2364.51,17,41,7,24,0.552941,77731.4,183.567,171.319,1.24862,115.657,125.599,100.206,102.583,49.36454222,57.66609756,20.38457523,22.90941176,69.89201884,82.28541667,0.755152293,4.172541915,0.874260355
831_TME07-1_30x_Str_04B_xyz-8613-18051-217,TME07-1,D2,Male,CPi,CPi_dm,58.5256,61.681,6,135.04,99801.6,138.93,1.02745,203.369,3201.59,26,55,3,29,0.389011,119428,176.382,174.699,1.17191,130.061,126.321,86.1572,95.4409,49.35983314,58.206,11.03659047,11.43076923,83.71860242,100.1424138,0.768455198,4.472611804,0.8855359
832_TME07-1_30x_Str_04B_xyz-8658-12599-173,TME07-1,D1,Male,CPi,CPi_vl,81.8691,71.7006,7,149.29,136836,159.138,1.02938,242.839,4190.78,36,77,5,41,0.473148,178504,256.755,187.138,1.32537,111.486,120.62,87.1082,83.8841,46.17510409,54.42051948,18.12295655,19.64777778,70.80625802,84.95268293,0.757438053,4.221499781,0.783666847
834_TME07-1_30x_Str_04B_xyz-8684-7883-408,TME07-1,D1,Male,CPi,CPi_vl,74.66,66.8385,3,151.62,51558.5,148.127,1.02387,173.282,2433.9,18,43,7,25,0.37037,61314.4,173.972,170.2,1.19629,114.191,126.777,103.603,100.563,50.03434262,56.59627907,23.40844331,25.41888889,69.20499013,79.044,0.805246051,5.544096932,0.903978052
835_TME07-1_30x_Str_04B_xyz-8746-18804-141,TME07-1,D1,Male,CPi,CPi_dm,81.1313,59.6718,6,79.44,109969,145.956,1.02619,234.57,3562.05,30,68,8,38,0.430317,129853,162.672,179.83,1.23373,110.833,126.344,76.3974,89.4662,46.64660518,52.37823529,18.63824861,19.81,68.75846563,78.09,0.822622218,6.225009983,0.754375
837_TME07-1_30x_Str_04B_xyz-9018-8723-183,TME07-1,D2,Male,CPi,CPi_vl,74.6276,74.1752,6,171.99,120482,135.793,1.02961,192,4182.33,34,73,5,39,0.391527,153076,174.201,178.845,1.18052,121.578,124.496,89.3629,94.5542,48.20534254,57.28712329,12.76239476,13.41705882,79.10432267,95.53282051,0.738895776,3.851692784,0.812611541
838_TME07-1_30x_Str_04B_xyz-9036-12899-451,TME07-1,D2,Male,CPi,CPi_vl,71.291,66.1982,7,94.21,61655.7,125.722,1.02505,199.82,2542.8,28,62,6,34,0.411735,78413.6,154.59,118.391,1.27349,122.732,120.772,87.1278,90.0806,35.44388694,41.00854839,13.86341288,14.63285714,53.21604205,62.72970588,0.744157143,3.950581287,0.822530864
839_TME07-1_30x_Str_04B_xyz-9192-18783-388,TME07-1,D2,Male,CPi,CPi_dm,60.3586,65.6266,5,106.52,65341.3,139.012,1.02136,193.32,2512.72,27,59,5,32,0.228924,78740.5,159.066,155.74,1.27238,130.772,127.024,94.3525,92.1877,38.00951527,42.58322034,15.37439597,15.92037037,57.10789718,65.08,0.788542949,5.006124485,0.908304498
841_TME07-1_30x_Str_04B_xyz-9431-8812-437,TME07-1,D2,Male,CPi,CPi_vl,92.9405,81.6596,4,71.66,32374.8,110.297,1.0493,153.872,1520.64,9,24,6,15,0.444444,43575.2,151.469,145.182,1.07878,97.0413,103.991,104.03,95.6888,47.17631723,63.35541667,12.11846667,12.88333333,68.21102757,93.63866667,0.67928789,2.978722368,0.792387543
842_TME07-1_30x_Str_04B_xyz-9568-9214-445,TME07-1,D2,Male,CPi,CPi_vl,75.2351,66.4091,6,81.27,69003.7,127.841,1.02943,210.98,2666.26,27,57,3,30,0.374486,90342.7,163.955,144.96,1.30414,116.505,127.569,96.5326,106.546,39.78427772,46.77122807,14.12074979,16.17222222,62.88145285,74.31033333,0.732631742,3.739578554,0.913085938
843_TME07-1_30x_Str_04B_xyz-9627-6078-62,TME07-1,D1,Male,CPi,CPi_vl,82.7551,61.8974,4,114.95,32951.7,121.773,1.03712,106.301,1566.46,15,36,6,21,0.417778,42357,148.991,134.07,1.37687,106.322,120.667,81.7569,71.4027,36.73528361,43.50777778,22.78529033,24.576,46.69956453,57.03047619,0.740145095,3.874771619,0.778827977
845_TME07-1_30x_Str_04B_xyz-9785-6552-145,TME07-1,D2,Male,CPi,CPi_vl,77.4238,72.589,6,112.3,95891.4,143.182,1.0252,207.979,3488.57,30,65,5,35,0.42798,116844,167.252,210.689,1.27457,116.167,124.912,75.2131,77.4198,47.5710619,53.66538462,16.68024025,18.1,74.04890902,84.15,0.796972318,5.265279245,0.856099343
846_TME07-1_30x_Str_04B_xyz-9808-18654-96,TME07-1,D1,Male,CPi,CPi_dl,60.3416,65.8488,3,104.64,58369.5,128.612,1.04135,203.782,1905.41,10,26,6,16,0.133333,76881.5,200.172,144.869,1.07604,123.636,117.561,103.058,110.957,57.71075088,73.28,16.69518281,17.547,83.34548092,108.113125,0.703762759,3.290251295,0.845679012
847_TME07-1_30x_Str_04B_xyz-9869-13941-410,TME07-1,D2,Male,CPi,CPi_dl,64.4481,68.3656,5,115.95,83330.6,151.528,1.02127,188.222,2893.94,35,75,5,40,0.349063,104193,186.004,154.379,1.40514,129.684,128.298,77.5671,79.6002,34.489529,38.58106667,18.69280396,19.82085714,48.31166342,54.99625,0.73849056,3.844259739,0.73185941
848_TME07-1_30x_Str_04B_xyz-9959-17692-60,TME07-1,D2,Male,CPi,CPi_dl,81.5565,72.9049,5,119.28,93362.8,146.576,1.02825,221.01,2923.51,29,64,6,35,0.372414,126190,196.402,156.903,1.41529,107.669,118.83,99.1126,101.57,39.51836266,45.67484375,21.58102534,24.73862069,54.38072786,63.022,0.732813804,3.742754892,0.742878013
849_TME07-1_30x_Str_04B_xyz-10128-12740-434,TME07-1,D2,Male,CPi,CPi_vl,75.755,68.545,5,100.65,53059.3,142.166,1.025,198.58,2021.03,23,50,4,27,0.326708,65198.6,178.034,124.399,1.25819,118.348,126.289,84.4037,79.7211,35.30476778,40.4154,15.9607384,17.02347826,51.78301503,60.34185185,0.777473398,4.698861228,0.853745541
850_TME07-1_30x_Str_04B_xyz-10151-17305-375,TME07-1,D2,Male,CPi,CPi_dl,82.9136,73.0415,6,98.29,67538.1,136.249,1.02503,187.28,2965.79,31,67,5,36,0.490951,84979.9,160.236,153.86,1.25094,116.043,121.968,82.4783,75.4205,39.06291595,44.26014925,15.63751134,16.48645161,59.23479215,68.17638889,0.754409921,4.156859191,0.80401662
851_TME07-1_30x_Str_04B_xyz-10225-9408-346,TME07-1,D1,Male,CPi,CPi_vl,65.9689,56.931,6,140.22,125387,138.338,1.03108,208.33,4050.72,34,74,6,40,0.323996,154068,178.498,187.579,1.23398,121.283,127.769,97.3875,87.3365,47.76191816,54.73432432,17.39001546,18.83558824,73.57803546,85.24825,0.783319353,4.856771088,0.853174603
854_TME07-1_30x_Str_04B_xyz-10696-12938-135,TME07-1,D2,Male,CPi,CPi_vl,74.4177,61.6812,7,134.86,103679,121.331,1.02355,187.58,3465.85,36,77,5,41,0.359758,127711,144.073,173.878,1.3032,117.55,127.284,90.1281,88.1365,39.43253278,45.0061039,15.24505827,15.85305556,60.67031527,70.60390244,0.760984868,4.299532471,0.824229313
855_TME07-1_30x_Str_04B_xyz-10845-14187-177,TME07-1,D2,Male,CPi,CPi_dl,64.7834,67.8685,4,155.84,103312,135.461,1.02801,181.43,3514.43,30,67,7,37,0.411111,126494,165.958,162.7,1.22554,131.346,129.033,91.3334,88.2582,44.42871174,52.44940299,17.53806739,18.59733333,66.23193689,79.89702703,0.764525949,4.380052099,0.850756082
856_TME07-1_30x_Str_04B_xyz-11086-10866-210,TME07-1,D1,Male,CPi,CPi_vl,95.7054,75.6479,6,82.68,73925.7,147.915,1.04075,214.33,2528.1,27,57,3,30,0.43348,109203,240.717,126.169,1.40163,100.324,108.052,81.2792,80.5651,35.49208724,44.34736842,17.55693718,19.19444444,51.63372228,66.985,0.637583093,2.553323502,0.8125
857_TME07-1_30x_Str_04B_xyz-11113-10427-424,TME07-1,D2,Male,CPi,CPi_vl,80.6605,62.4102,4,116.66,72837.2,120.023,1.02747,179.043,3129.89,32,71,7,39,0.3375,87844.6,162.321,153.956,1.24327,108.132,133.368,73.1945,68.1869,38.35461995,44.07788732,14.9451332,15.75875,57.56240394,67.31410256,0.768769522,4.480167554,0.848304581
858_TME07-1_30x_Str_04B_xyz-11189-14124-454,TME07-1,D2,Male,CPi,CPi_dl,82.4727,88.3493,5,80.43,50843.3,124.59,1.02779,187.07,1935.37,18,38,2,20,0.381658,66871.4,151.065,154.853,1.2554,111.2,111.71,74.4293,73.9539,44.22323641,50.92631579,16.71896338,17.63888889,68.97708215,80.885,0.728929967,3.676021122,0.890495868
859_TME07-1_30x_Str_04B_xyz-11195-7688-358,TME07-1,D1,Male,CPi,CPi_vl,83.1277,70.2502,6,174.12,114772,141.63,1.03413,175,4049.58,30,68,8,38,0.373175,140926,174.921,170.337,1.20992,113.208,128.342,80.0287,85.3778,50.55493487,59.54794118,20.1173399,21.36866667,74.58461511,89.68947368,0.783461728,4.860735504,0.73375
860_TME07-1_30x_Str_04B_xyz-11465-13997-450,TME07-1,D2,Male,CPi,CPi_dl,83.388,74.6321,4,90.68,49609.1,113.443,1.02678,141.921,2177.17,22,50,6,28,0.333333,63445.1,152.485,153.222,1.24,112.455,118.413,95.5317,93.5707,36.38546095,43.5378,18.22342599,19.43227273,50.65563128,62.47785714,0.722745212,3.574021433,0.841111111
861_TME07-1_30x_Str_04B_xyz-11544-11770-277,TME07-1,D2,Male,CPi,CPi_vl,61.6155,71.465,5,137.06,94609.9,162.499,1.02639,184.251,3349.99,32,69,5,37,0.279167,118419,187.122,155.778,1.22966,135.113,125.307,85.1223,84.1333,42.26432527,48.54536232,16.148063,17.16375,64.8513629,75.68621622,0.736806938,3.813648247,0.945430638
862_TME07-1_30x_Str_04B_xyz-11550-12796-298,TME07-1,D2,Male,CPi,CPi_vl,82.9071,63.1471,5,149.8,97406.7,142.299,1.02512,173.883,3221.55,32,68,4,36,0.339583,121216,155.606,181.149,1.30057,109.383,130.834,92.2795,86.5601,41.23647658,47.37102941,16.7891861,18.06625,62.96740144,73.41972222,0.752161617,4.110000085,0.844182825
866_TME07-1_30x_Str_04B_xyz-11658-11428-116,TME07-1,D2,Male,CPi,CPi_vl,86.4762,67.5299,7,133.31,100151,141.591,1.02602,199.11,3521.11,32,71,7,39,0.409077,123577,167.194,178.207,1.26477,107.94,126.682,72.0225,80.0437,43.44068724,49.58802817,17.26000799,18.349375,64.92227021,75.21974359,0.783691584,4.867148123,0.828078525
867_TME07-1_30x_Str_04B_xyz-11755-12026-451,TME07-1,D1,Male,CPi,CPi_vl,92.8978,71.8264,5,131.92,65241.1,148.673,1.0253,199.679,2470.58,24,53,5,29,0.372685,80704.9,173.704,167.588,1.28925,110.152,122.49,93.819,88.4357,41.22041455,46.61018868,19.75326817,20.83708333,58.9863288,67.93965517,0.784375467,4.886317495,0.869927159
868_TME07-1_30x_Str_04B_xyz-12037-8419-59,TME07-1,D2,Male,CPi,CPi_vl,87.2312,65.296,6,112.95,84010.7,123.72,1.03276,171.59,3150.21,35,76,6,41,0.449796,109392,157.908,150.13,1.30444,101.282,121.74,81.6306,83.7134,34.93748916,41.44539474,13.88003668,15.49857143,52.91336322,63.59512195,0.728579796,3.67010835,0.856679286
869_TME07-1_30x_Str_04B_xyz-12433-13832-222,TME07-1,D1,Male,CPi,CPi_vl,66.7998,55.2487,4,128.35,129615,143.835,1.02548,222.28,4008.85,30,67,7,37,0.404286,151900,171.652,211.811,1.20987,122.885,133.238,82.039,77.4296,53.21136435,59.82820896,18.43717574,19.51366667,81.40665242,92.51567568,0.811856229,5.786600221,0.924391847
871_TME07-1_30x_Str_04B_xyz-12557-9611-274,TME07-1,D2,Male,CPi,CPi_vl,58.934,56.2902,5,123.77,82294,125.606,1.02734,182.668,3149.41,31,68,6,37,0.297389,97435.5,147.849,150.714,1.25637,132.366,135.231,78.3237,78.7068,40.41974815,46.30955882,14.28044776,15.00129032,62.32024308,72.54081081,0.794727171,5.193933498,0.882971729
873_TME07-1_30x_Str_04B_xyz-12602-14909-88,TME07-1,D2,Male,CPi,CPi_dl,78.935,70.3586,6,140.71,94330.6,152.286,1.02537,239.04,3295.29,25,58,8,33,0.487333,111960,174.266,152.729,1.19319,115.813,124.556,88.5801,84.7414,49.2457733,56.81051724,18.21278023,19.1096,72.75561653,85.37181818,0.788656961,5.009476182,0.819591837
874_TME07-1_30x_Str_04B_xyz-12620-12678-341,TME07-1,D1,Male,CPi,CPi_vl,84.42,64.0254,4,164.6,79385.6,159.636,1.0314,243.629,2788.99,22,48,4,26,0.337662,99515.1,193.155,189.314,1.26527,115.228,127.081,88.3989,72.5555,49.63074153,58.09916667,24.06838795,26.15409091,71.26042532,85.12961538,0.743745115,3.942674306,0.890306122
875_TME07-1_30x_Str_04B_xyz-13135-10761-197,TME07-1,D1,Male,CPi,CPi_vl,83.2217,75.9607,5,165.87,95554.7,136.523,1.02711,186.791,3078.45,26,56,4,30,0.358317,117888,163.792,181.308,1.19198,111.75,124.26,96.9388,95.5757,47.88813574,54.96732143,14.35987224,15.20115385,76.94596411,89.43133333,0.771033122,4.535262767,0.879882813
876_TME07-1_30x_Str_04B_xyz-13155-10135-143,TME07-1,D1,Male,CPi,CPi_vl,79.2812,67.3465,4,156,99748,141.969,1.02634,222.401,3196.78,28,61,5,33,0.302778,125656,204.574,159.45,1.2642,114.511,126.096,90.7208,88.1709,44.77847427,52.40163934,19.36736775,21.16785714,66.33941314,78.9030303,0.738253516,3.839923371,0.860408163
878_TME07-1_30x_Str_04B_xyz-13279-11989-435,TME07-1,D2,Male,CPi,CPi_vl,70.2188,60.2711,5,69.71,63958.3,123.893,1.02441,194.318,2261.03,21,46,4,25,0.412698,77861.2,150.808,177.021,1.28512,123.95,129.108,84.7243,81.0346,42.96001467,49.14717391,19.30259371,20.49857143,62.83224829,73.212,0.786288468,4.940665968,0.880658436
879_TME07-1_30x_Str_04B_xyz-13340-13079-437,TME07-1,D1,Male,CPi,CPi_vl,57.6246,45.5948,4,74.04,56400.7,150.761,1.02077,201.741,1756.69,18,41,5,23,0.509259,65499.3,200.786,142.046,1.20637,131.818,137.6,95.3672,100.558,37.33064695,42.84097561,14.35411603,15.08611111,55.31227985,64.56217391,0.794606437,5.190146097,0.864
882_TME07-1_30x_Str_05A_xyz-3273-11493-55,TME07-1,D1,Male,CPc,CPc_v,73.3814,77.8436,5,137.65,62938,173.679,1.02184,264.6,2125.54,17,39,5,22,0.512605,76765.3,192.465,139.46,1.23498,113.829,115.17,94.6496,93.3957,47.47447787,54.49615385,23.13864902,24.47,66.27943651,77.69818182,0.748337112,4.032424646,0.876736111
883_TME07-1_30x_Str_05A_xyz-3343-16756-221,TME07-1,D2,Male,CPc,CPc_i,69.682,55.5235,7,113.66,67499.7,146.23,1.0317,158.431,2500.08,18,43,7,25,0.561905,85385.1,178.865,160.711,1.09482,114.994,110.923,81.2829,84.1418,48.36172335,58.13581395,8.020336822,8.398888889,77.40752165,93.9464,0.725851601,3.624614765,0.809327846
884_TME07-1_30x_Str_05A_xyz-3659-14298-384,TME07-1,D1,Male,CPi,CPi_vl,83.532,71.0832,6,141.98,99309.4,142.714,1.02738,208.37,3738.36,38,82,6,44,0.328355,118977,167.003,186.559,1.29971,112.379,122.471,85.9625,89.851,40.13734614,45.585,19.08641916,20.16263158,58.31769217,67.54068182,0.794714502,5.193535841,0.824669187
886_TME07-1_30x_Str_05A_xyz-4110-12842-397,TME07-1,D1,Male,CPi,CPi_vl,76.3671,61.3551,6,129.08,89189.7,147.044,1.02332,209.801,2870.19,31,66,4,35,0.364144,105987,171.232,159.74,1.37326,114.233,127.851,84.9217,93.1038,38.63030083,43.48257576,16.23126879,17.41258065,58.4694435,66.57314286,0.799116064,5.335064623,0.817384953
887_TME07-1_30x_Str_05A_xyz-4216-17802-199,TME07-1,D1,Male,CPc,CPc_i,70.4388,65.1806,8,130.5,156730,141.355,1.02629,202.939,4946.63,47,99,5,52,0.444192,187298,171.937,201.028,1.26511,123.515,132.593,90.5206,89.1148,43.95303275,49.96060606,15.85271493,16.7187234,69.35139692,80.00615385,0.775168074,4.639100707,0.789780521
889_TME07-1_30x_Str_05A_xyz-4656-15385-434,TME07-1,D2,Male,CPi,CPi_vl,80.5875,64.7668,5,140.41,60005.7,137.845,1.02266,90.899,2090.87,22,47,3,25,0.362626,72692.5,155.499,147.45,1.41657,113.374,123.637,86.5473,95.2689,39.49361164,44.48170213,20.47278053,22.04909091,56.23194302,64.2224,0.739837984,3.869075504,0.882030178
890_TME07-1_30x_Str_05A_xyz-4780-11845-334,TME07-1,D1,Male,CPi,CPc_v,64.6283,73.1463,4,152.2,106297,146.339,1.02641,202.569,3729.36,33,71,5,38,0.367532,132194,175.062,173.42,1.19863,128.63,123.989,97.1455,89.8976,45.1105821,52.5215493,14.27634971,14.7730303,71.88767866,85.30315789,0.753138193,4.130237293,0.7975
891_TME07-1_30x_Str_05A_xyz-4789-14557-211,TME07-1,D1,Male,CPc,CPc_i,84.1032,62.0938,8,143.31,144050,148.931,1.02758,228.96,4493.38,38,82,6,44,0.40731,172458,174.194,203.659,1.25014,109.032,129.463,84.0602,82.6376,47.97761439,54.79207317,20.25678486,21.33289474,71.9183308,83.68863636,0.792359002,5.120540439,0.813327032
892_TME07-1_30x_Str_05A_xyz-4820-10779-400,TME07-1,D1,Male,CPi,CPi_vl,68.5397,64.7177,5,133.55,109825,163.502,1.02085,221.959,3461.45,24,56,8,32,0.536111,129954,210.852,208.083,1.15285,121.76,127.265,83.6445,86.3981,55.12176834,61.80625,17.70832145,18.64083333,83.1818535,94.1803125,0.798296047,5.308175189,0.870242215
893_TME07-1_30x_Str_05A_xyz-5057-19528-181,TME07-1,D2,Male,CPc,CPc_i,75.4351,65.4736,5,112.41,103070,139.463,1.02659,220.639,3434.39,33,71,5,38,0.455844,122589,168.145,132.97,1.22164,116.228,125.45,90.2699,93.2246,42.40341505,48.36605634,13.62635348,14.27333333,67.39402115,77.97289474,0.773893156,4.60663357,0.836875
894_TME07-1_30x_Str_05A_xyz-5370-15159-392,TME07-1,D2,Male,CPi,CPi_vl,75.946,62.1631,7,114.06,115810,128.564,1.02485,191.16,3832.27,45,93,3,48,0.342275,144422,175.78,164.179,1.38262,118.805,128.69,85.4811,85.8036,36.26354356,41.20236559,14.15854044,15.12511111,56.98698398,65.64979167,0.765050188,4.392202292,0.8068
896_TME07-1_30x_Str_05A_xyz-5677-9635-41,TME07-1,D2,Male,CPc,CPc_v,88.4438,59.7794,5,84.33,73427.6,121.479,1.0287,187.15,2876.62,26,62,10,36,0.435897,87305.7,141.982,165.891,1.18882,110.48,128.809,86.8381,77.6285,40.52721183,46.39225806,14.10127008,14.97923077,59.6126142,69.07944444,0.799074016,5.333679832,0.846260388
897_TME07-1_30x_Str_05A_xyz-6039-19524-240,TME07-1,D2,Male,CPc,CPc_i,71.4019,66.0216,7,118.94,96695.7,129.065,1.02552,196.75,3274.2,32,67,3,35,0.366592,120520,158.993,158.96,1.24845,120.009,127.166,92.9829,87.0675,42.90414513,48.8638806,14.41653903,15.4084375,68.94995643,79.45171429,0.753562138,4.139078064,0.872899927
899_TME07-1_30x_Str_05A_xyz-6280-13778-264,TME07-1,D1,Male,CPc,CPc_i,65.4056,59.432,4,128.43,127155,146.901,1.02599,229,3947.66,27,62,8,35,0.275309,150256,194.846,178.96,1.16987,127.243,130.207,91.3929,100.37,55.35787063,63.66725806,20.75649678,22.32851852,82.05035902,95.55714286,0.817701559,6.01745877,0.901387874
900_TME07-1_30x_Str_05A_xyz-6318-16149-314,TME07-1,D2,Male,CPi,CPi_vl,62.1998,63.5422,7,114.62,81073.2,137.794,1.02099,201.54,2788.45,31,66,4,35,0.532873,101333,153.242,165.28,1.33805,130.924,132.991,96.3694,85.2832,37.43720988,42.245,14.69903566,15.64612903,57.57673562,65.804,0.789974872,5.048514328,0.716581446
901_TME07-1_30x_Str_05A_xyz-6603-12120-210,TME07-1,D2,Male,CPc,CPc_v,76.5882,64.4208,5,141.65,114873,154.16,1.02493,189.511,3873.6,31,69,7,38,0.396816,137647,178.841,183.929,1.19584,119.211,128.425,97.8647,94.1602,49.47809023,56.13405797,15.71768319,16.68741935,77.01947492,88.31421053,0.778911588,4.736846938,0.7825
902_TME07-1_30x_Str_05A_xyz-6716-7781-379,TME07-1,D1,Male,CPi,CPi_vl,81.0153,68.4252,4,70.5,40922.3,149.773,1.03406,268.37,1211.54,10,23,3,13,0.3,48405.7,183.274,96.2811,1.34146,120.118,120.118,88.7125,107.842,44.21642274,52.67086957,30.98364998,32.663,54.39547871,68.06153846,0.730768739,3.707349544,0.902222222
903_TME07-1_30x_Str_05A_xyz-6732-12419-387,TME07-1,D1,Male,CPi,CPi_vl,57.0561,62.6948,6,136.64,137053,165.716,1.02474,205.79,4321.17,39,84,6,45,0.319963,168666,186.401,179.52,1.27292,136.27,133.691,89.7023,91.8242,44.07860264,51.43821429,16.56627404,17.11666667,67.92262076,81.18355556,0.758215162,4.238379019,0.834314169
904_TME07-1_30x_Str_05A_xyz-6850-14154-348,TME07-1,D1,Male,CPi,CPi_vl,78.4871,73.2363,7,127.33,129506,144.168,1.03037,214.83,4067.6,35,75,5,40,0.402331,168992,210.78,184.279,1.31693,110.8,120.516,91.4015,93.3063,46.15612833,54.23,19.93106081,21.80028571,69.10306241,82.606,0.739930424,3.87078846,0.756802721
905_TME07-1_30x_Str_05A_xyz-6952-10754-117,TME07-1,D1,Male,CPc,CPc_v,85.0553,61.6814,6,138.61,76240.3,169.688,1.02677,233.399,3595.54,27,61,7,34,0.32716,92527.5,198.233,177.858,1.19672,104.006,126.974,91.9381,96.7661,51.80295276,58.93836066,19.75107082,21.50259259,77.25591782,88.66676471,0.815258589,5.918991,0.900462963
906_TME07-1_30x_Str_05A_xyz-7005-17745-305,TME07-1,D1,Male,CPc,CPi_dl,79.6036,67.917,5,153.59,145542,142.011,1.03138,210.438,4815.27,43,93,7,50,0.415375,178819,165.001,174.809,1.23848,116.958,127.167,87.8045,78.0865,44.30201999,51.77301075,18.01315234,19.08139535,66.91044617,79.8878,0.770857812,4.530952474,0.716715976
907_TME07-1_30x_Str_05A_xyz-7033-15212-349,TME07-1,D1,Male,CPi,CPi_vl,82.9874,86.7193,4,139.31,71053,169.847,1.0291,218.58,2038.74,12,29,5,17,0.375,95685.2,241.075,157.365,1.2759,108.924,108.021,93.3836,95.3896,58.06546762,70.29724138,29.71954162,32.0325,78.07435656,97.30764706,0.635779015,2.537314885,0.850415512
908_TME07-1_30x_Str_05A_xyz-7149-12962-55,TME07-1,D2,Male,CPc,CPc_i,88.1606,72.5132,6,110.75,84171.5,163.511,1.02894,202.84,2980.86,31,69,7,38,0.520699,103743,193.3,139.92,1.36623,105.589,122.353,76.3896,87.6532,37.45828527,43.19594203,16.50063534,17.67096774,54.55531548,64.01894737,0.743064126,3.929667564,0.78
909_TME07-1_30x_Str_05A_xyz-7216-11476-376,TME07-1,D1,Male,CPi,CPi_vl,70.5882,74.5638,5,143.61,111805,127.085,1.03138,187.72,4273.93,37,82,8,45,0.340541,143584,253.631,163.08,1.2089,124.045,121.329,83.0328,76.7587,43.2277277,52.11634146,15.5007747,16.43945946,66.02544462,81.45066667,0.730211266,3.697801467,0.786781349
910_TME07-1_30x_Str_05A_xyz-7243-14194-61,TME07-1,D2,Male,CPc,CPc_i,84.149,78.3446,7,89.64,65975.6,119.836,1.02797,171.069,2879.79,30,69,9,39,0.516667,81864.3,146.205,146.768,1.27583,111.983,116.07,80.025,85.9808,36.12744281,41.73115942,15.29669028,16.38433333,52.1510986,61.22871795,0.759418929,4.26476506,0.810826889
912_TME07-1_30x_Str_05A_xyz-7278-9337-219,TME07-1,D1,Male,CPc,CPc_v,76.5194,79.5863,5,147.05,60963.3,146.231,1.0304,168.928,2485.49,20,47,7,27,0.446667,77364.4,225.499,137.908,1.24149,118.205,108.918,104.272,104.773,45.95591504,52.87744681,23.02353707,24.935,62.94286168,73.57555556,0.749820735,4.062205238,0.856123662
913_TME07-1_30x_Str_05A_xyz-7307-7414-330,TME07-1,D1,Male,CPi,CPi_vl,75.6542,60.1185,5,65.95,31105.2,138.233,1.0312,206.98,1310.26,13,29,3,16,0.38315,39606.6,182.507,120.381,1.36866,117.124,128.481,71.9499,87.8718,40.10046791,45.17655172,24.01243346,26.22230769,53.1719959,60.576875,0.768318533,4.469333735,0.919753086
914_TME07-1_30x_Str_05A_xyz-7431-9157-260,TME07-1,D2,Male,CPc,CPc_v,65.5556,67.6669,4,148.18,63883.7,159.65,1.02926,203.939,2516.24,18,41,5,23,0.259259,80737,224.473,152.419,1.15215,125.347,128.194,97.3617,86.5003,52.33892611,61.36658537,15.02877138,15.73166667,81.53817763,97.08086957,0.770608464,4.524834473,0.8928
916_TME07-1_30x_Str_05A_xyz-7560-14798-408,TME07-1,D2,Male,CPi,CPi_vl,79.6055,70.5011,5,102.44,63602.4,132.468,1.02674,197.17,2681.41,27,58,4,31,0.403704,80870.6,165.064,132.05,1.27137,113.543,122.892,90.9066,94.4625,40.19825914,46.22655172,15.16865427,16.14851852,61.99823757,72.42354839,0.729158006,3.679880752,0.848484848
918_TME07-1_30x_Str_05A_xyz-7900-9520-134,TME07-1,D1,Male,CPc,CPc_v,67.8391,71.8486,4,114.84,43965.6,154.395,1.05336,191.91,1644.28,13,29,3,16,0.384615,56432.8,205.384,162.317,1.25943,113.719,125.455,92.2565,87.426,43.86829915,56.6937931,24.84810314,27.28615385,59.32220841,80.5875,0.689317874,3.099848609,0.907407407
920_TME07-1_30x_Str_05A_xyz-7983-8943-359,TME07-1,D1,Male,CPi,CPi_vm,83.1496,66.5047,3,71.08,28797.6,147.295,1.0255,183.19,1108.09,8,19,3,11,0.375,35481.8,199.737,193.49,1.17633,112.219,125.96,115.077,79.4098,50.3953141,58.31578947,13.9451813,15.53875,76.90450159,89.42636364,0.837186265,6.92206427,0.887573964
922_TME07-1_30x_Str_05A_xyz-8143-9704-53,TME07-1,D2,Male,CPc,CPc_v,83.8438,78.6229,8,74.97,29486.5,98.6768,1.03404,153.55,1601.43,20,44,4,24,0.574145,41281.6,166.806,113.839,1.35348,108.169,117,85.8713,94.0452,31.21625631,36.39159091,12.90523192,14.581,46.4754433,54.56708333,0.738354499,3.841769639,0.917159763
923_TME07-1_30x_Str_05A_xyz-8210-12053-379,TME07-1,D1,Male,CPi,CPi_vm,82.9104,73.8214,5,117.2,126235,162.216,1.03233,221.51,4420.36,37,82,8,45,0.329858,158529,190.16,164.03,1.20364,110.807,120.909,92.7656,91.8036,45.81396965,53.90146341,15.06694236,15.96945946,71.09485875,85.09,0.745881891,3.983989259,0.742870077
924_TME07-1_30x_Str_05A_xyz-8252-10432-398,TME07-1,D1,Male,CPi,CPi_vm,87.2977,67.132,5,95.4,69747.4,132.435,1.02337,186.769,3092,32,71,7,39,0.387946,87168.9,156.021,176.351,1.30783,108.409,126.232,84.4008,86.2358,37.99952135,43.54422535,16.03877988,16.943125,56.01859127,65.37076923,0.765590733,4.404793759,0.745984533
926_TME07-1_30x_Str_05A_xyz-8333-8985-82,TME07-1,D1,Male,CPc,CPc_v,77.6118,63.7108,4,106.22,61148.2,170.802,1.01898,240.05,1689.87,12,29,5,17,0.458333,69993.9,192.06,199.38,1.15632,116.283,128.531,78.1424,71.5878,52.97403595,58.26586207,19.08472865,20.45,76.89589992,84.95941176,0.854699526,7.96963924,0.825484765
927_TME07-1_30x_Str_05A_xyz-8468-10852-268,TME07-1,D1,Male,CPc,CPc_v,69.4196,72.8671,5,164.62,88121.9,164.095,1.03114,234.939,3213.33,22,51,7,29,0.420455,106689,196.587,178.438,1.18421,121.615,123.412,88.9083,82.3333,54.61260075,63.00117647,18.35889082,19.16818182,82.11541518,96.2537931,0.778024328,4.713347708,0.797086368
928_TME07-1_30x_Str_05A_xyz-8497-11694-186,TME07-1,D2,Male,CPc,CPc_v,87.7362,85.3852,4,135.54,77223.9,148.572,1.0311,232.71,3059.07,23,51,5,28,0.365217,97282.1,180.171,177.541,1.15009,115.503,121.975,83.5093,83.0716,50.33279949,59.97686275,13.28438738,13.79695652,80.76542372,97.91035714,0.71978171,3.526912269,0.864444444
929_TME07-1_30x_Str_05A_xyz-8673-11327-344,TME07-1,D1,Male,CPi,CPi_vm,64.5222,59.331,4,174.07,115246,169.854,1.03234,217.12,3748.13,28,63,7,35,0.262245,137177,189.996,183.622,1.18806,130.249,131.667,92.7729,103.017,50.99286265,59.48873016,17.19963378,19.15928571,78.02744575,91.75228571,0.795441641,5.216448347,0.816654492
930_TME07-1_30x_Str_05A_xyz-8697-15318-353,TME07-1,D2,Male,CPi,CPi_vl,61.4635,70.1891,5,110.88,102588,139.411,1.02772,200.96,3441.24,29,63,5,34,0.336991,123347,161.388,177.631,1.20228,131.056,123.912,90.5683,97.4959,46.90041761,54.61777778,14.83697894,15.53448276,74.24864471,87.95352941,0.750786461,4.081801985,0.883487654
931_TME07-1_30x_Str_05A_xyz-8809-12920-189,TME07-1,D2,Male,CPc,CPi_vm,85.7879,69.6112,4,98.25,82772.1,148.927,1.028,201.96,2967.81,23,52,6,29,0.402174,104634,196.352,162.78,1.22386,110.805,119.527,79.069,88.2187,48.49220848,57.06903846,20.36549845,21.79782609,70.79959919,85.04275862,0.760783282,4.29502839,0.827263267
932_TME07-1_30x_Str_05A_xyz-8811-10493-230,TME07-1,D1,Male,CPc,CPc_v,77.6558,68.2253,6,96.52,73423.7,177.383,1.02971,272.43,2366.54,18,41,5,23,0.566667,86586.7,202.816,164.649,1.23717,114.819,127.088,81.8879,75.4684,49.26930868,57.71585366,20.99523135,22.08111111,71.39684745,85.60391304,0.762351484,4.330291253,0.8432
933_TME07-1_30x_Str_05A_xyz-8893-10958-352,TME07-1,D1,Male,CPi,CPi_vm,56.8367,64.9953,4,181.24,108261,159.506,1.02536,227.918,3525.55,23,54,8,31,0.431056,128423,216.943,195.504,1.17319,135.602,127.737,91.0352,92.2389,56.66370937,65.28240741,18.83927732,19.60173913,84.72699767,99.17451613,0.79421438,5.177881533,0.824609734
934_TME07-1_30x_Str_05A_xyz-8906-16957-275,TME07-1,D1,Male,CPc,CPc_d,75.0655,56.7159,7,123.99,104608,139.228,1.02965,229.379,3307.31,30,64,4,34,0.413439,127731,177.077,171.099,1.27727,113.862,129.124,92.0722,100.676,44.0915396,51.67171875,17.23767285,17.99033333,67.7861279,81.39058824,0.756558163,4.202532699,0.865740741
935_TME07-1_30x_Str_05A_xyz-8950-11542-170,TME07-1,D2,Male,CPc,CPc_v,75.5362,71.9906,3,72.3,55650.6,163.299,1.03033,252.9,1624.99,9,22,4,13,0.37037,66355.6,204.4,219.159,1.13604,121.648,120.59,76.5904,78.1328,61.75937644,73.85772727,21.8335181,23.01333333,89.40035529,109.0576923,0.776534419,4.674354462,0.844444444
936_TME07-1_30x_Str_05A_xyz-9002-10440-400,TME07-1,D1,Male,CPi,CPi_vm,83.8264,58.2898,4,142.08,67859.1,152.015,1.03925,245.87,2924.23,17,45,11,28,0.392157,79522.7,194.465,190.61,1.17444,107.171,127.251,88.8768,98.7235,55.17527526,64.97777778,21.30478198,22.85764706,75.73950333,90.55071429,0.831002719,6.609714088,0.864444444
937_TME07-1_30x_Str_05A_xyz-9093-17047-183,TME07-1,D1,Male,CPc,CPc_d,72.7087,69.5462,7,111.19,118096,157.024,1.02347,251.52,3761.22,38,81,5,43,0.463116,143750,171.639,144.99,1.32697,118.967,129.585,85.888,90.5571,40.69392187,46.42975309,17.72650769,18.52,60.9907065,71.09418605,0.75723924,4.217200751,0.72
938_TME07-1_30x_Str_05A_xyz-9164-12543-187,TME07-1,D2,Male,CPc,CPi_vm,71.9544,72.3951,7,117.74,50708.4,151.267,1.03714,233.34,1684.46,15,34,4,19,0.546667,65250.5,181.795,121.252,1.37159,121.487,121.99,106.546,100.954,40.26466153,49.53823529,20.43947141,21.682,55.91612742,71.53,0.678066426,2.964538219,0.845804989
939_TME07-1_30x_Str_05A_xyz-9185-21119-343,TME07-1,D1,Male,CPc,CPc_d,86.7803,70.2426,4,111.35,80558.6,137.325,1.02547,221.26,2991.74,24,55,7,31,0.236111,96445,188.252,153.37,1.18059,108.711,128.433,88.3574,95.493,48.53488188,54.39036364,17.18694066,18.01,72.80425573,82.55580645,0.830076795,6.565124414,0.866850321
943_TME07-1_30x_Str_05A_xyz-9515-11529-180,TME07-1,D2,Male,CPc,CPc_v,84.725,56.3301,5,56.95,53807.9,160.412,1.03008,261.64,1911.41,16,37,5,21,0.267045,68696,191.05,138.879,1.22955,109.669,130.629,73.0784,82.4738,44.50273845,51.65513514,19.37657511,21.91,63.64648196,74.31809524,0.763742641,4.362009287,0.846880907
944_TME07-1_30x_Str_05A_xyz-9588-21232-81,TME07-1,D2,Male,CPc,CPc_d,69.6291,66.2119,5,73.43,83902.1,149.356,1.03334,202.34,2755,27,60,6,33,0.367805,106163,200.869,131.599,1.26209,125.718,120.063,94.8246,93.1408,38.38140389,45.91233333,14.40109605,15.20518519,58.00165577,71.03636364,0.718474916,3.506487621,0.773877551
945_TME07-1_30x_Str_05A_xyz-9684-12468-340,TME07-1,D2,Male,CPi,CPi_vm,90.453,74.4303,4,113.1,90542.5,176.46,1.03574,222.746,3243.77,20,47,7,27,0.266667,113496,205,203.543,1.12787,106.454,121.648,88.5155,84.7865,55.74487458,69.01212766,17.26938651,17.9175,84.24523612,106.86,0.723049295,3.578918466,0.857312723
946_TME07-1_30x_Str_05A_xyz-9735-13502-189,TME07-1,D1,Male,CPi,CPi_vm,70.0807,64.3851,6,56.77,125616,211.607,1.02388,303.87,3209.83,26,57,5,31,0.403114,150920,239.071,205.48,1.30355,127.91,128.099,87.7654,87.814,49.66957193,56.30824561,22.76579784,24.03692308,72.23402762,83.37451613,0.769221837,4.491080568,0.771349862
947_TME07-1_30x_Str_05A_xyz-9796-7289-391,TME07-1,D2,Male,CPi,CPi_vm,97.5298,83.6784,3,80.07,46730.7,219.391,1.02233,336.721,1258.63,5,13,3,8,0.6,56754.6,272.184,272.271,1.16136,105.894,106.649,78.2729,89.4436,85.74149881,96.81384615,29.62443664,31.232,120.8146627,137.8025,0.814837562,5.902313644,0.88
948_TME07-1_30x_Str_05A_xyz-9815-10046-319,TME07-1,D1,Male,CPi,CPi_vm,66.1576,61.0351,4,73.32,95788.5,205.614,1.02438,235.498,3041.44,23,52,6,29,0.440994,120974,274.306,237.52,1.24102,124.296,126.82,67.8913,78.4067,51.6481239,58.48403846,27.85517633,30.48782609,70.51839266,80.68793103,0.778063738,4.714387049,0.774193548
949_TME07-1_30x_Str_05A_xyz-9825-14736-374,TME07-1,D2,Male,CPi,CPi_vm,67.8019,59.2189,5,136.24,81660.1,139.972,1.02755,202.298,2820.83,23,53,7,30,0.262319,97737,164.568,164.678,1.25063,126.578,128.416,80.5445,77.6013,46.14051779,53.21792453,20.32953116,22.58347826,65.92894088,76.70433333,0.783355946,4.857789455,0.859375
950_TME07-1_30x_Str_05A_xyz-9848-12159-197,TME07-1,D2,Male,CPc,CPi_vm,81.3316,65.5599,4,74.79,89180.6,210.409,1.02653,242.309,2631.15,17,39,5,22,0.5,110488,254.319,234.36,1.17848,111.537,129.524,104.088,102.033,59.00083546,67.45948718,18.27297797,19.99529412,90.4723617,104.1363636,0.799480512,5.347094095,0.883680556
951_TME07-1_30x_Str_05A_xyz-9947-9861-265,TME07-1,D2,Male,CPi,CPi_vm,85.6823,54.934,6,38.62,35374.9,150.174,1.02415,226.1,1392.62,18,39,3,21,0.5,42312.2,164.842,96.72,1.38534,102.689,123.999,91.1687,87.5207,31.82925265,35.70307692,18.08327993,18.97444444,43.61151498,50.04190476,0.825823215,6.367073445,0.843100189
952_TME07-1_30x_Str_05A_xyz-10099-19358-29,TME07-1,D1,Male,CPc,CPc_d,73.9613,61.7971,5,77.32,76459.7,133.181,1.02613,196.13,2743.04,26,57,5,31,0.469231,98876.2,179.939,153.011,1.27379,117.284,127.704,96.9604,100.763,42.00516711,48.11807018,16.61217691,18.23115385,63.30251374,73.18451613,0.7738959,4.606703023,0.814508724
953_TME07-1_30x_Str_05A_xyz-10166-8312-414,TME07-1,D2,Male,CPi,CPi_vm,83.8936,57.904,4,58.6,36260.2,162.29,1.01643,257.43,1392.09,13,32,6,19,0.461538,40519.6,185.252,102.06,1.19196,111.155,135.462,78.8073,85.1621,40.16545311,43.498125,16.45470597,17.03153846,56.38859589,61.60684211,0.868077724,8.981912369,0.854875283
955_TME07-1_30x_Str_05A_xyz-10439-10870-299,TME07-1,D2,Male,CPi,CPi_vm,60.5886,96.0036,3,64.4,31270.4,143.574,1.05248,133.081,1431.11,10,24,4,14,0.366667,43643.2,164.825,203.622,1.17668,130.548,82.0973,92.2296,97.9528,45.11239936,59.62541667,21.21050807,23.6,62.18517886,85.35785714,0.615107002,2.3654835,0.859375
957_TME07-1_30x_Str_05A_xyz-10491-16565-372,TME07-1,D2,Male,CPi,CPi_dm,86.3543,73.3395,5,129.66,86525.1,124.731,1.02567,187.57,3431.29,29,63,5,34,0.179355,109863,170.316,162.942,1.18189,112.289,121.018,79.6047,76.0393,46.92502699,54.45968254,13.84050724,14.78,75.14417618,88.30411765,0.757456449,4.221897971,0.865740741
958_TME07-1_30x_Str_05A_xyz-10591-18538-71,TME07-1,D1,Male,CPc,CPc_d,64.864,59.691,5,62.74,75656.1,152.778,1.02149,256.049,2206.36,18,40,4,22,0.437037,88603.2,178.166,184.13,1.20237,125.615,130.237,84.396,78.3545,49.46718472,55.15425,11.39954693,11.82111111,80.61343383,90.60863636,0.843320555,7.259262963,0.854166667
959_TME07-1_30x_Str_05A_xyz-10790-19100-101,TME07-1,D1,Male,CPc,CPc_d,80.124,66.6394,4,140.02,96808,171.966,1.02263,199.219,2793.4,19,46,8,27,0.359649,114369,208.659,164.757,1.19392,116.797,129.822,91.4438,84.1428,53.67687039,60.72108696,24.10686042,25.36368421,74.48539591,85.60222222,0.783310604,4.856527637,0.873959572
961_TME07-1_30x_Str_05A_xyz-11197-19221-184,TME07-1,D1,Male,CPc,CPc_d,64.8765,70.8308,7,160.17,115630,157.067,1.01958,207.068,3527.28,34,72,4,38,0.488499,144065,184.696,204.832,1.369,130.024,124.498,87.1251,79.0421,44.44255557,48.98444444,19.37372866,20.30676471,66.8725586,74.64342105,0.749616076,4.058073826,0.81875
962_TME07-1_30x_Str_05A_xyz-11258-18542-131,TME07-1,D1,Male,CPc,CPc_d,61.9586,76.7196,7,49.53,45207.1,141.712,1.02511,214.85,1846.49,25,54,4,29,0.372755,56078.6,157.482,109.051,1.52708,135.068,121.787,77.4157,87.7558,29.72503264,34.18962963,16.9455749,17.8336,40.74180655,48.28965517,0.692976898,3.146211381,0.682622268
963_TME07-1_30x_Str_05A_xyz-11266-12725-409,TME07-1,D1,Male,CPi,CPi_vm,84.1046,74.954,8,101.27,82985.3,152.508,1.03491,208.787,2899.55,25,55,5,30,0.595325,101993,177.358,177.54,1.25607,111.78,118.68,83.1417,86.7466,44.39326462,52.71381818,17.35445104,18.7432,66.92560927,81.02266667,0.750871201,4.083529612,0.895507813
965_TME07-1_30x_Str_05A_xyz-11311-19524-413,TME07-1,D1,Male,CPi,CPi_dm,62.9815,56.6428,4,70.88,41419.4,132.412,1.02541,167.69,1567.19,17,39,5,22,0.419608,47430.2,156.262,126.345,1.32977,123.831,134.498,87.7032,85.2901,35.66864476,40.18,18.85593387,20.07647059,48.66028499,55.71454545,0.808932514,5.677030146,0.921875
966_TME07-1_30x_Str_05A_xyz-11411-11053-396,TME07-1,D1,Male,CPi,CPi_vm,70.1941,65.3694,7,112.97,105785,156.448,1.02768,262.13,3020.02,30,63,3,33,0.331818,135986,208.531,186.91,1.44519,117.361,123.844,78.2055,76.0321,41.34510311,47.93174603,23.79047654,25.92333333,57.30385454,67.93939394,0.739822076,3.868780855,0.88
967_TME07-1_30x_Str_05A_xyz-11441-19828-84,TME07-1,D1,Male,CPc,CPc_d,84.4838,66.0094,4,79.63,83023.4,166.215,1.02273,245.89,2696.54,21,48,6,27,0.142857,101137,211.477,173.55,1.2464,108.96,125.289,88.5932,85.7148,49.40996838,56.17354167,22.01036784,23.28428571,70.72076881,81.75407407,0.764552556,4.380667317,0.895362663
968_TME07-1_30x_Str_05A_xyz-11455-15201-353,TME07-1,D2,Male,CPi,CPi_vm,78.9458,68.6653,6,108.22,81128.1,151.926,1.02524,226.483,3112.1,28,62,6,34,0.511111,101247,180.175,201.923,1.26744,117.394,123.396,76.1021,80.9599,43.73992136,50.19016129,18.3804942,19.32285714,64.62415549,75.61029412,0.753043467,4.128266544,0.735339506
969_TME07-1_30x_Str_05A_xyz-11491-17025-374,TME07-1,D2,Male,CPi,CPi_dm,76.1127,64.584,6,85.95,77774.2,132.455,1.02458,184.799,2678.98,34,73,5,39,0.510621,97000.3,178.112,155.37,1.40388,115.466,125.946,95.7072,96.5822,32.19616902,36.69356164,15.43680427,16.49441176,46.80689727,54.30307692,0.717184808,3.486528692,0.747174301
970_TME07-1_30x_Str_05A_xyz-11543-12654-327,TME07-1,D2,Male,CPi,CPi_vm,61.3824,67.9711,5,121.08,94235.2,164.75,1.02705,229.304,2958.3,24,51,3,27,0.442094,120433,200.232,192.948,1.18501,126.853,120.426,111.597,99.9892,49.56607654,58.00058824,12.89969684,13.36291667,82.15841406,97.67851852,0.733455982,3.753997031,0.803804994
971_TME07-1_30x_Str_05A_xyz-11555-13576-356,TME07-1,D1,Male,CPi,CPi_vm,78.8503,66.6203,4,98.08,82796.9,176.184,1.02234,200.841,2844.3,22,51,7,29,0.531818,99026.9,210.779,187.694,1.19799,113.908,125.426,83.9225,99.3987,49.56814913,55.76490196,21.51507869,22.51090909,70.84978877,80.99206897,0.779100155,4.741868279,0.773152966
972_TME07-1_30x_Str_05A_xyz-11776-21968-365,TME07-1,D1,Male,CPc,CPc_d,58.7365,53.825,7,97.34,60138.9,189.08,1.02637,204.039,2340.93,22,51,7,29,0.488528,70444.9,204.214,118.292,1.22872,125.08,129.382,92.7202,94.3727,40.74201928,45.89568627,13.445921,14.14454545,61.44940418,69.98275862,0.803828594,5.494465545,0.847034339
974_TME07-1_30x_Str_05A_xyz-12261-17226-171,TME07-1,D1,Male,CPc,CPc_d,71.4483,39.0706,4,47.2,89737,228.92,1.02,376.79,2167.5,15,33,3,18,0.32963,103098,250.277,83.5502,1.33133,116.937,145.788,82.9275,94.1079,59.52384298,65.67666667,36.70362372,39.006,78.54069235,87.90222222,0.882352651,10.34965732,0.9175
975_TME07-1_30x_Str_05A_xyz-12555-17232-251,TME07-1,D1,Male,CPc,CPc_d,71.4483,63.3777,5,60.47,54946.1,178.288,1.023,297.97,1746.55,13,31,5,18,0.45641,67682.1,207.798,123.931,1.22514,115.181,126.947,83.4254,94.6359,50.63036144,56.33612903,21.92871325,24.20230769,71.35932957,79.54388889,0.845063971,7.360554662,0.8025
976_TME07-1_30x_Str_05A_xyz-12694-11750-420,TME07-1,D2,Male,CPi,CPi_vm,67.3161,82.7982,3,25.99,10111.7,119.534,1.02836,189.45,556.111,5,12,2,7,0.6,13539,184.743,81.09,1.12766,115.6,122.596,110.329,85.878,39.90936497,46.33666667,12.86772933,13.63,59.22481901,69.69857143,0.780389304,4.776454386,0.888888889
977_TME07-1_30x_Str_05A_xyz-12734-20451-342,TME07-1,D2,Male,CPc,CPc_d,81.3738,60.9438,5,36.52,58704.1,196.558,1.02305,282.26,2074.7,15,36,6,21,0.384127,70819.6,228.742,113.431,1.3023,114.055,126.475,108.299,101.206,50.35551317,57.62527778,26.31426314,28.29066667,67.52783462,78.57857143,0.802306771,5.442062956,0.809073724
978_TME07-1_30x_Str_05A_xyz-12821-18300-326,TME07-1,D1,Male,CPc,CPc_d,55.6652,53.5818,5,37.56,84008.8,192.576,1.01532,275.31,2439.84,22,49,5,27,0.556818,98860.7,204.645,155.51,1.40881,135.674,132.733,85.2105,100.527,44.95007156,49.78816327,22.43377419,23.56272727,63.29668423,71.15703704,0.805702148,5.560238794,0.709869203
979_TME07-1_30x_Str_05A_xyz-12872-11725-421,TME07-1,D2,Male,CPi,CPi_vm,43.6331,85.3942,6,28.28,19041.8,160.246,1.03111,187.81,798.605,6,14,2,8,0.833333,23683.7,183.908,79.3494,1.10997,138.19,98.5062,90.6517,78.7205,47.66929735,57.03857143,7.615267695,8.381666667,77.70981959,93.53125,0.780895275,4.790152831,0.9
981_TME07-1_30x_Str_05A_xyz-13044-17835-374,TME07-1,D1,Male,CPi,CPi_dm,84.9141,52.09,4,55.97,77514.4,187.005,1.01889,281.86,2217.95,17,38,4,21,0.284314,92565.3,212.515,134.09,1.2,112.273,131.643,83.9883,83.618,52.55485499,58.36157895,17.1193654,17.66176471,81.24072752,91.30904762,0.824654585,6.314537066,0.786389414
982_TME07-1_30x_Str_05A_xyz-13525-16968-340,TME07-1,D1,Male,CPi,CPi_dm,70.4513,34.6872,4,32.94,85334.5,222.663,1.02316,286.62,1965.69,13,30,4,17,0.264103,99015.2,247.076,95.6897,1.17681,113.843,142.992,68.8692,84.3224,58.51978272,65.51733333,20.15612122,21.70230769,87.85670033,99.02294118,0.851789058,7.776324544,0.817174515
983_TME07-1_30x_Str_05A_xyz-13949-9876-166,TME07-1,D1,Male,CPi,CPi_vm,115.017,90.329,1,188.98,64944.8,264.575,1.02327,467.98,1250.61,2,7,3,5,0,72287,290.83,286.191,1.0123,69.4501,118.7,69.2044,65.6385,160.2584697,178.6542857,22.5268314,23.55,215.351125,240.696,0.890818814,11.35177975,0.816326531
986_TME07-1_30x_Str_05B_xyz-1192-16505-339,TME07-1,D2,Male,CPi,CPi_dm,55.2232,65.7901,4,60.87,78200.3,163.091,1.03204,286.61,2200.24,18,39,3,21,0.415344,98636.1,199.956,160.33,1.2815,134.622,115.232,77.9371,83.9922,47.16028291,56.41205128,19.0873606,21.19555556,71.22278775,86.59761905,0.74217099,3.912724472,0.869565217
987_TME07-1_30x_Str_05B_xyz-1290-15658-261,TME07-1,D2,Male,CPc,CPi_dm,90.4931,67.9494,5,58.34,42703.3,189.108,1.03275,282.73,1494.47,14,31,3,17,0.364286,56095,198.52,156.37,1.24487,100.971,122.624,91.453,89.6521,40.68788188,48.20387097,17.0039108,18.07785714,60.19232866,73.01352941,0.768845049,4.481986492,0.861495845
989_TME07-1_30x_Str_05B_xyz-2126-17990-168,TME07-1,D2,Male,CPc,CPc_d,73.6036,72.6132,3,67.5,39380.7,136.049,1.02371,212.299,1827.85,15,36,6,21,0.233333,47590.1,157.428,161.16,1.22347,124.115,125.359,101.925,108.346,44.40225106,50.76861111,19.39098063,20.626,62.26744423,72.29904762,0.759926762,4.275984824,0.873345936
991_TME07-1_30x_Str_05B_xyz-2268-10636-431,TME07-1,D1,Male,CPi,CPi_vm,90.842,67.1494,3,124.81,89535.4,259.39,1.02692,348.2,2626.76,15,37,7,22,0.266667,106774,311.963,218.651,1.22195,101.518,122.965,80.2718,94.0267,60.64414404,70.98810811,30.81950521,33.04866667,80.97912505,96.85590909,0.770325093,4.517899643,0.798611111
992_TME07-1_30x_Str_05B_xyz-2480-10333-350,TME07-1,D2,Male,CPi,CPi_vm,72.9485,60.2658,3,58.92,38267.3,150.158,1.0231,223.071,1431.9,8,19,3,11,0.1875,46738.7,190.76,157.479,1.1358,124.54,131.502,88.4175,81.2018,64.9452504,75.35894737,20.81744684,22.35625,97.03819844,113.9063636,0.772314476,4.566991511,0.911242604
994_TME07-1_30x_Str_05B_xyz-2889-18649-203,TME07-1,D2,Male,CPc,CPc_d,66.1485,73.4465,5,155.7,78278.7,153.406,1.02857,225.71,2764.71,23,51,5,28,0.487672,96738.1,175.117,143.288,1.22306,126.8,121.168,116.02,120.55,45.68740881,54.2054902,17.64933084,18.65434783,68.71868715,83.40821429,0.737055423,3.818138819,0.761111111
995_TME07-1_30x_Str_05B_xyz-3000-13333-350,TME07-1,D1,Male,CPi,CPi_vm,89.5141,73.2213,4,120.76,102830,152.002,1.02422,214.991,3447.37,33,74,8,41,0.319192,125691,185.698,174.439,1.37784,99.6898,121.538,99.9908,99.8101,41.12357755,46.58094595,29.43330856,31.84878788,50.53281845,58.43853659,0.742122853,3.911814996,0.745267712
996_TME07-1_30x_Str_05B_xyz-3014-17145-62,TME07-1,D1,Male,CPc,CPc_d,77.1486,69.9733,5,63.98,80570.3,206.228,1.02549,272.96,2272.12,20,45,5,25,0.591667,94497.3,242.141,107.059,1.21478,115.854,123.505,100.424,93.2034,44.816842,50.48644444,19.63596161,20.478,64.96154632,74.4932,0.802306507,5.442053936,0.884773663
997_TME07-1_30x_Str_05B_xyz-3052-19793-280,TME07-1,D2,Male,CPc,CPc_d,74.9595,95.0614,3,63.72,34960.2,122.615,1.04045,167.56,1571.23,11,28,6,17,0.545455,48684.6,165.076,143.132,1.19288,118.133,100.947,85.4585,89.9671,41.98565874,56.11071429,17.55963054,18.65727273,57.79073581,80.34529412,0.653686924,2.704305757,0.855955679
998_TME07-1_30x_Str_05B_xyz-3187-19124-31,TME07-1,D2,Male,CPc,CPc_d,73.8059,67.9045,5,96.16,39592.7,142.852,1.02652,169.049,1501.85,14,33,5,19,0.585714,53252.9,178.706,131.909,1.26719,113.323,114.341,110.666,99.4382,38.73031695,45.50575758,15.51699244,17.155,55.83487185,66.39578947,0.712137627,3.410345124,0.897959184
999_TME07-1_30x_Str_05B_xyz-3269-9943-283,TME07-1,D2,Male,CPi,CPi_vm,51.7112,29.0852,3,60.69,55046.3,233.929,1.02567,203.687,1003.79,5,12,2,7,0.2,62659.3,272.589,199.784,1.35925,141.894,143.546,95.0694,113.597,74.25193862,83.64416667,46.53230503,49.27,94.0516769,108.1971429,0.870768073,9.213928495,0.888888889
001_TME08-1_30x_Str_02A_xyz-10345-19733-278,TME08-1,D2,Female,CPi,CPr_m,56.8671,71.5322,4,24.7,30371.9,129.596,1.02169,187.445,1425.72,12,28,4,16,0.305556,39454.8,160.583,180.343,1.27357,131.269,113.058,98.7977,92.7922,44.84550794,50.9125,17.27351804,18.92583333,65.52450036,74.9025,0.761698083,4.315536017,0.87345679
004_TME08-1_30x_Str_02A_xyz-11587-12677-155,TME08-1,D2,Female,CPr,CPr_m,63.4956,60.7369,5,103.57,75481.9,158.964,1.02849,239.21,2493.68,18,42,6,24,0.563492,93081.3,180.634,163.659,1.26542,122.469,128.896,89.6358,86.2573,50.20275908,59.36904762,25.1280166,27.51222222,69.00881594,83.26166667,0.724380581,3.600498929,0.914201183
005_TME08-1_30x_Str_02A_xyz-4061-11282-257,TME08-1,D1,Female,CPr,CPr_l,88.3243,75.8903,6,170.5,132399,145.746,1.02571,220.2,4143.37,32,71,7,39,0.297768,163182,179.315,190.513,1.24767,105.34,121.95,100.292,81.7644,51.26006961,58.35183099,21.29214036,22.96125,75.84913976,87.39025641,0.770193476,4.514685089,0.8958953
008_TME08-1_30x_Str_02A_xyz-4573-17451-417,TME08-1,D1,Female,CPr,CPr_imd,71.8529,59.538,7,112.47,78781.3,169.718,1.02373,212.064,2736.66,27,59,5,32,0.367549,93648.8,188.616,206.758,1.26376,116.815,128.767,94.7004,94.0048,41.49070223,46.37898305,17.70294833,18.64555556,61.56161958,69.7790625,0.831567308,6.637171846,0.853806228
009_TME08-1_30x_Str_02A_xyz-4946-13473-365,TME08-1,D1,Female,CPr,CPr_l,86.4852,80.2297,7,121.98,60714.5,156.24,1.03493,202.549,2049.11,16,35,3,19,0.578472,78974.4,187.696,180.456,1.19192,102.718,108.934,90.0543,86.0841,48.23307232,58.54085714,13.65814893,14.61,77.34879728,95.53526316,0.689259669,3.099120825,0.786848073
010_TME08-1_30x_Str_02A_xyz-5327-15200-156,TME08-1,D1,Female,CPi,CPi_dl,70.5691,65.102,5,123.16,117671,156.409,1.02613,237.333,3493.06,28,60,4,32,0.493027,145210,207.263,190.352,1.28181,127.5,130.327,87.6983,91.8331,50.13204639,58.213,20.39724261,22.0325,76.1499997,89.8709375,0.761054156,4.301082536,0.831314879
012_TME08-1_30x_Str_02A_xyz-5809-14088-233,TME08-1,D1,Female,CPr,CPr_imd,67.914,73.7249,5,133.02,93947.4,131.455,1.02991,196.632,3275.58,29,62,4,33,0.398955,121261,165.184,176.197,1.3107,119.604,121.922,92.4651,87.9796,44.57274019,52.82693548,19.315755,20.66862069,66.76827262,81.08727273,0.690838199,3.118965429,0.875918367
013_TME08-1_30x_Str_02A_xyz-6287-7988-142,TME08-1,D1,Female,CPr,CPr_l,102.089,71.5943,4,168.83,104588,189.846,1.02795,228.279,3267.04,18,43,7,25,0.444444,127009,215.611,230.8,1.13047,92.9905,126.82,84.3514,79.4846,64.94566162,75.97209302,19.83166679,21.66555556,97.4277379,115.0728,0.782099875,4.823051081,0.836762689
014_TME08-1_30x_Str_02A_xyz-6835-7771-266,TME08-1,D1,Female,CPr,CPr_l,81.2913,70.5306,6,171.68,103160,198.859,1.02728,226.68,3235.67,18,42,6,24,0.441358,124590,242.582,213.65,1.1587,114.253,120.479,95.3428,93.915,65.84619728,77.03428571,22.1455924,23.13444444,98.62165095,117.4591667,0.784572834,4.891874943,0.874260355
015_TME08-1_30x_Str_02A_xyz-7004-10472-71,TME08-1,D2,Female,CPi,CPr_imv,71.0217,74.6316,6,144.1,88986.6,148.911,1.03092,179.571,3149.58,30,64,4,34,0.470741,119519,180.675,192.939,1.3259,122.098,118.044,88.4682,94.5249,42.23317271,49.20765625,19.32146838,20.88033333,62.4493824,74.20235294,0.70153823,3.259602212,0.898919753
016_TME08-1_30x_Str_02A_xyz-7047-11089-235,TME08-1,D1,Female,CPr,CPr_imv,69.0783,75.8936,4,146.32,127665,177.559,1.02778,250.84,3692.99,20,48,8,28,0.42381,155873,221.107,229.28,1.17862,127.712,122.97,100.465,95.7481,65.8838957,76.93229167,24.90462701,26.4305,95.15480192,113.005,0.761846617,4.318882317,0.758888889
017_TME08-1_30x_Str_02A_xyz-7130-7915-307,TME08-1,D2,Female,CPr,CPr_l,88.987,82.4077,6,204.04,85284.8,181.597,1.02835,221.257,2639.82,21,46,4,25,0.403175,109980,235.881,230.587,1.46924,104.378,116.093,114.728,94.1856,48.81502299,57.38195652,32.7548673,36.64380952,62.30555378,74.802,0.681255475,3.001822444,0.775034294
018_TME08-1_30x_Str_02A_xyz-8846-14461-346,TME08-1,D2,Female,CPr,CPr_m,85.1197,79.3611,6,134.22,95735.6,140.457,1.0289,188.84,3242.48,28,60,4,32,0.440584,121441,174.044,167.35,1.27586,115.778,119.257,89.9897,80.7477,45.35212623,54.03666667,15.62349428,16.69535714,71.36467919,86.7103125,0.687306866,3.074876436,0.853806228
019_TME08-1_30x_Str_02A_xyz-9080-14208-208,TME08-1,D2,Female,CPi,CPr_m,66.4382,71.4646,6,128.93,100178,156.456,1.02576,233.12,3372.65,24,55,7,31,0.40625,125247,196.472,174.687,1.26477,125.121,124.075,76.8081,75.6261,51.82448515,61.31581818,21.65826198,22.97125,75.17898051,91.00193548,0.721943152,3.561161709,0.7456382
020_TME08-1_30x_Str_02A_xyz-9433-19192-132,TME08-1,D2,Female,CPi,CPi_dm,97.1521,71.9344,5,117.15,53729.8,172.033,1.03328,234.678,2427.77,18,42,6,24,0.444444,69089.1,195.317,148.12,1.21835,96.509,120.206,92.4059,102.474,47.77756997,57.79928571,18.57568686,20.10888889,69.6789823,86.06708333,0.70233996,3.270589949,0.875739645
021_TME08-1_30x_Str_02A_xyz-9815-9367-430,TME08-1,D1,Female,CPr,CPr_imv,76.0205,73.526,5,84.5,41248.8,151.458,1.02602,195.04,1284.51,13,30,4,17,0.388278,49879.5,192.78,129.071,1.31759,120.516,122.478,85.6132,83.7458,36.44281278,42.81133333,20.85067535,22.23153846,48.36621199,58.54882353,0.756448947,4.200189048,0.828254848
022_TME08-1_30x_Str_02A_xyz-9882-16721-159,TME08-1,D2,Female,CPi,CPi_dm,74.8036,74.1432,5,170.41,98319,165.66,1.02546,217.747,3017.89,21,47,5,26,0.388889,122041,196.404,183.375,1.24115,119.679,120.964,94.1243,106.472,55.16283251,64.20468085,23.61820495,24.69428571,80.64118554,96.11692308,0.733595223,3.756442556,0.868622449
023_TME08-1_30x_Str_02B_xyz-10063-10352-58,TME08-1,D1,Female,CPi,CPi_vl,81.0359,71.6499,4,142.3,77258.6,148.906,1.02979,209.84,2577.99,21,47,5,26,0.420635,99750.5,185.287,159.249,1.25915,109.129,122.238,77.6357,82.9939,45.84317405,54.84553191,21.57608221,23.38666667,65.44351745,80.25461538,0.723148106,3.580512327,0.868622449
024_TME08-1_30x_Str_02B_xyz-10067-18156-118,TME08-1,D2,Female,CPi,CPi_dl,67.6989,64.0571,5,147.27,105558,156.416,1.02326,234.421,3458.27,26,57,5,31,0.440842,129329,192.842,201.248,1.18272,124.456,128.823,78.36,88.593,52.84050788,60.66596491,16.39447976,17.25538462,83.40814437,97.07483871,0.791531624,5.095336692,0.82369146
025_TME08-1_30x_Str_02B_xyz-10185-16288-425,TME08-1,D1,Female,CPr,CPr_l,71.1694,72.5126,5,115.15,69668.8,177.236,1.02421,273.51,1999.3,19,41,3,22,0.393301,83931.9,220.174,174.384,1.37171,123.72,126.952,94.2364,79.1533,42.95616692,48.75902439,28.31154164,30.03,55.60379783,64.93409091,0.749356543,4.052845447,0.878472222
026_TME08-1_30x_Str_02B_xyz-10359-11156-179,TME08-1,D1,Female,CPr,CPr_l,93.9138,76.4655,4,158.65,94160.4,173.5,1.02778,236.465,3190.09,22,50,6,28,0.487879,116951,199.549,209.388,1.24525,104.8,116.649,70.4012,77.881,54.90017898,63.7962,27.25849768,29.32181818,76.61864285,90.88321429,0.733576478,3.756113166,0.844444444
027_TME08-1_30x_Str_02B_xyz-10658-11627-219,TME08-1,D1,Female,CPr,CPr_l,73.2808,71.6325,4,143.97,140903,155.965,1.02257,235.36,4223.47,30,67,7,37,0.255556,173089,184.495,202.448,1.20874,121.259,125.896,93.8473,91.5859,55.2223495,63.03104478,20.55550813,21.94433333,83.33059925,96.34459459,0.764561095,4.380864788,0.852071006
028_TME08-1_30x_Str_02B_xyz-10758-17680-354,TME08-1,D1,Female,CPr,CPr_imd,62.7626,58.3273,7,116.82,131112,173.892,1.02333,285.379,3807.75,26,57,5,31,0.448107,153203,194.644,232.251,1.21511,129.555,136.898,84.3454,87.5832,58.88516579,66.79736842,19.60956674,20.43769231,91.82599079,105.6796774,0.827153685,6.427851951,0.885215794
029_TME08-1_30x_Str_02B_xyz-10852-10901-362,TME08-1,D1,Female,CPr,CPr_l,77.4747,53.0524,4,139.08,66266.3,175.452,1.02354,260.47,1946.8,15,33,3,18,0.351111,76662.9,191.999,173.038,1.13819,113.303,136.125,88.9032,88.0557,52.16862645,58.98848485,13.74820083,14.01333333,84.18564781,96.46777778,0.815967784,5.947275686,0.8025
030_TME08-1_30x_Str_02B_xyz-10914-13780-346,TME08-1,D2,Female,CPr,CPr_l,65.1098,74.7278,5,82.16,64614.2,161.294,1.03783,240.77,2121.09,16,37,5,21,0.234375,83046.7,188.736,116.02,1.26687,125.1,121.206,96.1831,98.1189,46.54180956,57.32243243,22.3038323,24.56875,65.00883985,82.27761905,0.756125215,4.193255834,0.652173913
031_TME08-1_30x_Str_02B_xyz-11182-15012-249,TME08-1,D1,Female,CPr,CPi_dl,91.7828,90.5087,5,94.4,56906.9,112.119,1.05469,162.34,2385.95,20,47,7,27,0.65,86758.9,177.068,142.402,1.48462,106.352,99.7842,84.7901,99.9562,36.82508824,50.7606383,29.14657227,37.8965,42.51287784,60.28962963,0.547746287,1.921769573,0.853745541
032_TME08-1_30x_Str_02B_xyz-11213-14852-434,TME08-1,D1,Female,CPr,CPr_l,79.9779,65.723,5,104.05,62758,176.245,1.02187,229.896,2158.82,18,41,5,23,0.466667,79953.5,200.834,186.137,1.24793,115.528,126.542,95.7448,97.3306,46.34561114,52.6495122,13.91189565,14.85777778,71.72851891,82.22565217,0.782173236,4.825067721,0.7424
033_TME08-1_30x_Str_02B_xyz-12439-13244-190,TME08-1,D1,Female,CPi,CPi_vl,72.0102,64.0694,5,190.67,149839,163.926,1.02452,230.701,4269.9,34,71,3,37,0.446755,187418,192.788,207.019,1.24762,123.468,132.166,94.0233,87.2987,52.67138536,60.1343662,19.41047374,20.49794118,83.23546631,96.55702703,0.778335406,4.721562815,0.851413544
034_TME08-1_30x_Str_02B_xyz-12505-14261-162,TME08-1,D1,Female,CPi,CPi_dl,68.6409,60.302,5,198.77,172971,173.071,1.017,275.697,4788.4,35,76,6,41,0.370068,201281,206.717,235.461,1.28541,125.52,136.929,89.3877,81.7659,57.57916206,63.00026316,21.85373737,23.07085714,88.07647583,97.08634146,0.828789751,6.504038338,0.859924283
035_TME08-1_30x_Str_02B_xyz-4186-16209-317,TME08-1,D1,Female,CPr,CPr_m,76.4886,65.0065,7,102.47,76477.4,165.559,1.02941,224.734,2744.56,17,41,7,24,0.466667,89515.2,186.308,157.253,1.17331,113.359,126.85,81.1921,81.0857,58.48217322,66.93560976,17.1874037,18.01117647,87.73263496,101.5904167,0.809479901,5.697258747,0.853550296
038_TME08-1_30x_Str_02B_xyz-5301-16696-185,TME08-1,D1,Female,CPi,CPr_m,86.8319,71.4226,5,125.71,78127.3,168.136,1.01816,227.701,3441.64,26,58,6,32,0.458974,95326.6,205.64,198.339,1.27328,109.323,123.532,88.3021,89.0736,53.40889278,59.33448276,21.65044501,22.89807692,79.2126316,88.9390625,0.785692184,4.923609508,0.78200692
042_TME08-1_30x_Str_02B_xyz-6153-10906-424,TME08-1,D1,Female,CPr,CPr_imv,61.7102,77.7483,3,102.33,67413,149.992,1.02531,191.419,2504.42,21,48,6,27,0.277778,86675.8,198.493,165.621,1.1998,131.735,119.534,87.5778,88.5657,44.85923051,52.17,19.4881917,20.87857143,64.5922607,76.50777778,0.727732658,3.655873829,0.828775268
043_TME08-1_30x_Str_02B_xyz-6222-12469-179,TME08-1,D2,Female,CPr,CPr_imv,72.6944,85.6324,5,149.06,83133.3,154.691,1.02788,220.65,2978.69,21,47,5,26,0.467347,108586,190.762,215.317,1.21099,115.941,113.343,88.0889,81.9402,53.93621155,63.37106383,17.29206976,18.69,83.533403,99.45961538,0.701613428,3.260630038,0.843112245
045_TME08-1_30x_Str_02B_xyz-6311-10045-142,TME08-1,D2,Female,CPr,CPr_l,72.9795,84.4246,7,123.95,87812,162.055,1.02783,221.94,3204.5,28,59,3,31,0.365675,126511,220.064,172.809,1.32537,123.671,113.411,96.5495,102.801,45.96500006,54.30830508,15.93260732,17.47678571,73.09103222,87.57548387,0.647161092,2.641308621,0.863177227
046_TME08-1_30x_Str_02B_xyz-6486-11008-315,TME08-1,D1,Female,CPr,CPr_imv,68.66,71.5504,5,140.44,81078.2,154.22,1.0325,186.471,2876.74,20,46,6,26,0.315714,104660,182.98,179.976,1.17081,124.667,124.518,104.837,93.5155,51.98149549,62.5326087,16.52994792,17.3185,79.25191669,97.31269231,0.687957318,3.082914776,0.818877551
048_TME08-1_30x_Str_02B_xyz-6982-12649-163,TME08-1,D1,Female,CPr,CPr_imv,61.3259,73.4245,5,113.99,99301.6,165.166,1.03736,222.396,3409.45,25,55,5,30,0.446667,125048,201.415,187.888,1.1773,122.534,117.152,82.2168,76.9216,51.68144291,61.98472727,13.60572531,14.2768,83.41120757,101.7413333,0.734307278,3.76899301,0.854492188
049_TME08-1_30x_Str_02B_xyz-7065-17876-424,TME08-1,D2,Female,CPr,CPr_imd,71.4934,71.0025,6,112.65,66216.3,164.674,1.0282,197.128,2439.85,24,52,4,28,0.487103,83070.1,198.001,156.363,1.23227,121.922,122.307,91.3485,93.0905,40.78800339,46.91538462,16.15605122,16.9875,61.90110524,72.56785714,0.743045435,3.929311635,0.926666667
052_TME08-1_30x_Str_02B_xyz-7366-8295-263,TME08-1,D2,Female,CPr,CPr_l,80.472,87.618,4,134.54,83826.4,164.499,1.03538,213,2954.54,17,40,6,23,0.333333,106693,205.244,210.588,1.14549,108.88,111.747,100.263,100.3,59.08916452,73.85825,16.95128494,18.33411765,90.23455377,114.8978261,0.69667885,3.194375155,0.7776
054_TME08-1_30x_Str_02B_xyz-8031-18336-329,TME08-1,D1,Female,CPr,CPr_imd,66.152,66.814,5,113.4,94707.2,185.154,1.02615,223,3234.63,26,58,6,32,0.442857,116524,203.441,176.11,1.23155,123.606,127.055,78.2141,84.8115,48.59116518,55.76482759,18.92495203,20.23269231,72.69496336,84.6346875,0.775946913,4.659137229,0.85467128
055_TME08-1_30x_Str_02B_xyz-8037-11498-276,TME08-1,D1,Female,CPr,CPr_imv,65.9162,92.9084,5,150.38,71804.8,148.516,1.03289,196.992,2667.07,19,43,5,24,0.34386,94319.6,189.335,168.697,1.213,128.454,110.755,108.06,88.1462,51.30169893,62.02023256,20.47356052,22.63526316,75.7073085,93.2,0.67645634,2.946021105,0.899408284
056_TME08-1_30x_Str_02B_xyz-8273-10136-429,TME08-1,D2,Female,CPr,CPr_l,86.8917,75.7403,6,100.6,67488.1,174.418,1.03045,117.181,2082.67,16,36,4,20,0.6375,86318.4,228.222,236.01,1.35866,113.613,117.615,98.3516,91.0592,48.72363489,57.8475,28.68402602,33.39,64.75532199,77.4135,0.708812398,3.36174759,0.799586777
058_TME08-1_30x_Str_02B_xyz-8448-8738-118,TME08-1,D2,Female,CPr,CPr_l,67.3736,77.7445,7,116.58,80637.1,163.196,1.02546,214.608,2658.1,22,46,2,24,0.433067,108649,193.66,182.59,1.28514,126.052,119.468,80.6516,77.6682,49.46258052,57.77956522,17.41068546,18.08090909,78.84348432,94.17,0.694773844,3.169429326,0.849112426
059_TME08-1_30x_Str_02B_xyz-8530-17315-230,TME08-1,D1,Female,CPr,CPr_imd,79.0862,60.0202,4,140.28,147441,206.778,1.02314,304.39,3922.76,24,54,6,30,0.311508,175231,228.822,207.72,1.18611,111.745,129.696,76.4582,78.2706,63.96374059,72.63907407,24.5057498,25.7575,95.53013322,110.1443333,0.802022196,5.43236357,0.911132813
060_TME08-1_30x_Str_02B_xyz-8584-13825-352,TME08-1,D1,Female,CPr,CPr_imv,76.6095,67.8537,6,168.64,125141,191.256,1.02773,226.651,3762,25,55,5,30,0.338,153690,217.38,192.626,1.21748,120.139,126.649,82.1833,94.2519,58.78585121,68.39454545,20.8305621,22.1176,90.4152588,106.9586667,0.762328369,4.329767726,0.89453125
061_TME08-1_30x_Str_02B_xyz-8964-13030-301,TME08-1,D1,Female,CPr,CPr_imv,80.4898,74.57,4,134.91,73581.3,163.417,1.02402,181.61,2661.36,22,49,5,27,0.313853,92444.2,202.348,144.441,1.18215,120.256,121.906,82.4476,87.4495,47.14134176,54.30918367,15.09252951,15.99863636,73.25518878,85.52518519,0.771440466,4.545306427,0.828775268
062_TME08-1_30x_Str_02B_xyz-9097-8349-357,TME08-1,D2,Female,CPr,CPr_l,82.7218,73.5761,6,147.45,112248,145.802,1.03017,224.308,3895.86,33,72,6,39,0.289291,145442,189.185,172.613,1.29445,112.847,121.609,88.016,83.1485,46.19983436,54.10444444,18.35247582,20.33848485,69.76298389,82.67564103,0.742678904,3.922343747,0.763236169
063_TME08-1_30x_Str_02B_xyz-9575-12195-239,TME08-1,D1,Female,CPr,CPr_imv,82.0852,79.2873,5,137.29,112537,148.94,1.0324,212.588,3590.44,26,56,4,30,0.396154,151139,199.488,195.384,1.206,117.057,118.448,102.144,98.2397,52.8698788,64.11017857,15.3257633,16.20307692,85.40811223,105.6296667,0.702747192,3.276196166,0.833984375
064_TME08-1_30x_Str_03A_xyz-10372-8705-348,TME08-1,D1,Female,CPi,CPi_vm,63.8595,66.449,5,165.55,107599,190.094,1.02672,280.659,3050.37,21,47,5,26,0.179654,126549,221.492,194.723,1.22669,130.212,130.498,83.2512,89.4451,56.79865584,64.89659574,27.22338003,29.48857143,80.68637861,93.49538462,0.802101963,5.435079177,0.845663265
065_TME08-1_30x_Str_03A_xyz-10373-17954-323,TME08-1,D2,Female,CPi,CPi_dm,61.6252,66.5341,4,134.54,64379.3,157.286,1.02994,194.156,2928.08,18,43,7,25,0.490741,77598.3,174.89,186.943,1.11934,133.593,121.684,88.835,82.4473,57.47528992,68.08906977,16.00574086,16.62555556,87.33336525,105.1428,0.762898539,4.342714557,0.88340192
067_TME08-1_30x_Str_03A_xyz-10495-20982-414,TME08-1,D2,Female,CPi,CPi_dm,60.5748,59.2029,5,91.11,79578.4,139.029,1.0229,196.087,2731.55,25,56,6,31,0.334949,95370.1,163.905,169.234,1.23603,131.216,130.639,107.907,101.241,43.2029083,48.77267857,17.80517471,18.6952,63.68495152,73.02870968,0.793979016,5.170543745,0.742883379
068_TME08-1_30x_Str_03A_xyz-10535-20694-384,TME08-1,D1,Female,CPi,CPi_dm,66.3593,72.4081,3,96.24,34073.8,117.747,1.03013,185.977,1377.07,9,22,4,13,0.222222,44890.5,156.762,130.538,1.08237,127.905,114.475,76.9047,107.133,50.43711078,62.58863636,9.962731361,10.22888889,78.45783499,98.83769231,0.762223436,4.327392528,0.866666667
069_TME08-1_30x_Str_03A_xyz-10556-9357-162,TME08-1,D2,Female,CPi,CPi_vm,62.5484,71.6263,5,100.8,49911.4,171.95,1.02811,264.77,1602.62,16,36,4,20,0.328869,61641.2,216.072,145.532,1.37595,128.529,115.093,83.0918,81.6096,38.41574619,44.51194444,22.66931408,24.109375,51.01289187,60.834,0.752871313,4.124689184,0.83677686
070_TME08-1_30x_Str_03A_xyz-10604-9246-388,TME08-1,D2,Female,CPi,CPi_vm,82.2661,70.7346,3,76.85,32880.7,138.363,1.02911,184.26,1312.96,8,23,7,15,0.375,41248.5,161.139,89.8197,1.19197,115.071,115.818,85.5155,77.0848,47.38341988,57.08,22.13505459,27.1525,60.84921471,73.04133333,0.753894582,4.146034417,0.920415225
071_TME08-1_30x_Str_03A_xyz-10644-15899-293,TME08-1,D1,Female,CPi,CPi_dm,82.088,72.0988,6,111.64,118181,170.916,1.0183,239.169,3529.03,32,69,5,37,0.385417,147276,222.86,140.659,1.32003,110.94,118.885,91.1455,85.808,46.07366146,51.14028986,21.94825517,23.10375,66.9388777,75.38810811,0.79156298,5.096287777,0.786982249
072_TME08-1_30x_Str_03A_xyz-10668-15163-288,TME08-1,D1,Female,CPi,CPi_dm,80.8923,73.3545,6,185.38,183614,198.488,1.02284,255.019,4998.8,38,82,6,44,0.418734,230501,233.369,218.189,1.29203,112.553,122.739,104.728,98.2845,53.26537882,60.95585366,21.52531241,22.86921053,80.67725435,93.84886364,0.747283354,4.011508539,0.826086957
073_TME08-1_30x_Str_03A_xyz-10906-13066-108,TME08-1,D1,Female,CPi,CPi_vm,63.0376,68.8717,5,151.53,118834,161.26,1.0279,203.883,3968.95,28,65,9,37,0.387415,148465,196.446,185.598,1.23668,132.113,123.225,84.2786,87.2819,51.45948374,61.05615385,24.35897729,26.67642857,71.96797511,87.07324324,0.732402,3.735577231,0.811965812
074_TME08-1_30x_Str_03A_xyz-10932-19151-251,TME08-1,D1,Female,CPi,CPi_dm,88.932,76.1908,4,148.28,64208,139.846,1.02502,214.058,3250.13,26,57,5,31,0.395299,82131.7,183.656,198.061,1.30372,110.307,120.873,96.6135,98.5627,49.72807543,57.01526316,21.02930948,22.19230769,73.79800816,86.2216129,0.739120601,3.85582791,0.885215794
075_TME08-1_30x_Str_03A_xyz-10983-21051-307,TME08-1,D1,Female,CPi,CPi_dm,65.7506,61.6223,5,148.16,106845,178.82,1.02039,264.352,3162.41,20,46,6,26,0.316667,125402,195.205,219.301,1.14669,134.251,131.168,87.0907,93.1477,61.96536157,68.7423913,16.77399411,18.2185,96.72795192,107.6069231,0.810023112,5.717461703,0.901785714
076_TME08-1_30x_Str_03A_xyz-11258-18537-144,TME08-1,D1,Female,CPi,CPi_dm,80.3855,64.7803,4,111.54,126564,198.325,1.02481,254.319,3413.59,22,50,6,28,0.336364,150682,221.663,182.091,1.19164,112.613,123.761,56.8388,62.8159,59.83783135,68.2668,21.41551675,22.56,90.02679282,104.1792857,0.790561811,5.066076552,0.901111111
077_TME08-1_30x_Str_03A_xyz-11426-7113-230,TME08-1,D2,Female,CPi,CPi_vm,74.515,69.6481,5,114.53,56964.8,161.384,1.02822,202.599,2226.8,19,44,6,25,0.372807,69632.4,188.176,152.502,1.20341,113.62,123.142,94.3079,92.6764,44.11049755,50.60409091,16.61676303,17.70263158,65.00573579,75.6092,0.771932382,4.557488607,0.83127572
078_TME08-1_30x_Str_03A_xyz-11546-8419-169,TME08-1,D2,Female,CPi,CPi_vm,52.4076,79.771,4,164.68,80266.7,158.035,1.026,207.574,2573.56,15,35,5,20,0.333333,100523,201.295,187.597,1.15654,140.441,118.779,100.095,102.065,64.03709927,73.52571429,20.39502883,22.48133333,96.7686521,111.809,0.770699816,4.527074178,0.929752066
079_TME08-1_30x_Str_03A_xyz-11559-21598-311,TME08-1,D1,Female,CPi,CPi_dm,66.7114,64.4079,7,104.74,94625.8,160.896,1.02996,252.279,3207.75,27,58,4,31,0.459612,120528,187.262,163.421,1.25547,123.53,122.983,93.9464,86.6137,46.82399184,55.3012069,15.32711741,16.38518519,74.25675345,89.19580645,0.740457875,3.880588269,0.84389348
080_TME08-1_30x_Str_03A_xyz-11740-7919-229,TME08-1,D2,Female,CPi,CPi_vm,85.6947,69.5448,5,105.68,67775.8,187.081,1.02779,215.913,2202.95,18,40,4,22,0.388889,85798.1,224.243,208.386,1.32755,108.429,119.699,84.4843,87.4928,47.60192267,55.06825,22.32943183,24.00166667,68.27941518,80.48636364,0.720438147,3.537251916,0.857638889
081_TME08-1_30x_Str_03A_xyz-12206-20918-342,TME08-1,D2,Female,CPi,CPi_dm,55.9031,54.323,4,70.8,73253.3,169.669,1.0271,263.75,2501.48,17,41,7,24,0.431373,85387.7,205.178,128.588,1.30696,136.42,131.012,101.962,102.339,52.57135084,61.00707317,27.47447836,30.23764706,70.34830217,82.80208333,0.784943304,4.902337336,0.897928994
082_TME08-1_30x_Str_03A_xyz-12267-20141-376,TME08-1,D1,Female,CPi,CPi_dm,72.0405,68.6114,6,118.87,60519.7,131.671,1.03059,187.107,2332.08,22,49,5,27,0.478571,73204.5,155.492,138.108,1.2963,125.381,122.639,88.3798,83.5583,40.78409598,47.58857143,15.76471763,16.59454545,61.17025611,72.84296296,0.735961654,3.798442645,0.804994055
083_TME08-1_30x_Str_03A_xyz-12407-20966-141,TME08-1,D2,Female,CPi,CPi_dm,86.6681,72.5652,5,135.73,61635.3,122.206,1.03264,178.54,2286.74,20,44,4,24,0.496667,75808.9,173.601,138.458,1.23566,109.197,123.431,82.0066,87.3511,43.58968484,51.96659091,17.26706057,19.2045,65.52520506,79.26833333,0.753545775,4.138736222,0.871301775
084_TME08-1_30x_Str_03A_xyz-12460-14277-271,TME08-1,D1,Female,CPi,CPi_dm,66.9397,68.0495,7,136.5,122132,181.296,1.02306,240.03,3583.68,29,63,5,34,0.506344,147064,208.45,173.875,1.24082,124.392,121.432,89.9522,90.8273,50.54048767,56.87888889,18.26254163,19.26655172,78.07167694,88.96,0.769637982,4.501163044,0.86882716
089_TME08-1_30x_Str_03A_xyz-13329-15236-146,TME08-1,D1,Female,CPi,CPi_dm,104.972,74.925,8,128.51,91483.6,183.012,1.02595,262.623,2954.07,24,53,5,29,0.540873,130334,345.864,206.601,1.46897,90.6053,112.788,87.8813,83.2062,49.27387103,55.73207547,28.71269821,31.69625,66.29001406,75.6237931,0.741295803,3.896247853,0.907388137
090_TME08-1_30x_Str_03A_xyz-13333-19563-83,TME08-1,D2,Female,CPi,CPi_dm,71.4092,64.9733,6,74.35,42169.7,130.859,1.02563,208.63,1724.26,17,38,4,21,0.502801,54546.3,156.966,98.0977,1.29144,107.354,116.073,93.9258,91.9705,38.8167961,45.37052632,15.59821066,17.12529412,57.61279384,68.23571429,0.735974486,3.798672664,0.875236295
095_TME08-1_30x_Str_03A_xyz-3503-16445-174,TME08-1,D1,Female,CPi,CPi_dl,78.8307,71.7677,7,201.93,162184,186.882,1.02184,248.21,4559.44,40,84,4,44,0.360094,198185,207.655,217.09,1.37051,113.103,122.859,93.6413,83.4968,48.94937959,54.27428571,22.10706923,24.09325,73.35147992,81.71159091,0.795525206,5.219093151,0.814272212
098_TME08-1_30x_Str_03A_xyz-4635-10547-425,TME08-1,D1,Female,CPi,CPi_vl,81.2342,62.0755,6,122.85,102090,138.35,1.03041,214.82,3439.49,32,72,8,40,0.469643,124266,157.598,183.6,1.27253,114.612,129.875,81.377,71.3826,41.3746926,47.76611111,14.80885565,15.53875,62.62736216,73.548,0.770990122,4.534204853,0.800453515
099_TME08-1_30x_Str_03A_xyz-4688-19930-101,TME08-1,D2,Female,CPi,CPi_dl,74.6481,63.174,5,182.74,80732.4,193.077,1.01933,203.707,2145.56,16,39,7,23,0.333333,101672,261.147,191.695,1.28502,119.161,123.796,76.6833,92.684,48.88911671,55.00974359,28.93846871,30.895,62.76782836,71.78521739,0.753587352,4.13960493,0.9232
100_TME08-1_30x_Str_03A_xyz-5268-12685-60,TME08-1,D2,Female,CPi,CPi_vl,65.4368,74.4968,5,88.46,66407.7,126.733,1.02322,195.43,2431.38,28,60,4,32,0.403997,83651.6,166.17,153.759,1.37172,129.063,126.12,94.9147,101.565,35.60303308,40.5185,17.05248622,18.64357143,51.83476158,59.6590625,0.72840832,3.66721908,0.831314879
101_TME08-1_30x_Str_03A_xyz-5758-15465-424,TME08-1,D2,Female,CPi,CPi_vl,70.2318,60.6763,6,123.33,77262,164.367,1.02266,217.821,2553.21,25,55,5,30,0.526,92308.5,189.583,127.429,1.26244,120.561,131.324,95.2375,116.721,41.17976415,46.41709091,15.29174354,16.2804,62.75311466,71.531,0.818004452,6.029873096,0.701171875
102_TME08-1_30x_Str_03A_xyz-6533-13636-343,TME08-1,D1,Female,CPi,CPi_vl,76.6501,68.9928,4,145.98,144391,148.138,1.02722,224.3,4624.34,34,76,8,42,0.376471,179841,191.988,202.49,1.27155,119.817,126.162,83.3556,79.166,51.87605456,60.84157895,24.36980871,26.59676471,74.14301548,88.56357143,0.745493173,3.976415962,0.892045455
104_TME08-1_30x_Str_03A_xyz-6881-11085-65,TME08-1,D1,Female,CPi,CPi_vl,93.8684,67.9549,5,135.55,124725,176.645,1.02398,253.94,3418.96,28,61,5,33,0.275703,156586,219.754,248.27,1.32615,103.788,122.823,82.5506,81.3493,49.51854439,56.04311475,26.35891153,28.75464286,69.16914197,79.1969697,0.778363385,4.722302944,0.857142857
105_TME08-1_30x_Str_03A_xyz-7021-10753-343,TME08-1,D1,Female,CPi,CPi_vl,69.9738,72.8871,4,181.05,123365,156.798,1.0277,225.278,4365.15,31,70,8,39,0.378495,150231,190.067,190.569,1.19111,125.423,128.073,91.3393,87.5807,53.27631367,62.35371429,18.30964332,19.00064516,81.07033369,96.81384615,0.775363786,4.644121062,0.767400357
107_TME08-1_30x_Str_03A_xyz-7298-10331-428,TME08-1,D1,Female,CPi,CPi_vl,69.8807,65.3942,5,121.63,62609.5,137.444,1.02623,204.931,2117.85,18,39,3,21,0.385185,75689,173.724,197.601,1.21576,126.477,125.222,96.8002,75.9926,46.28466939,54.29948718,14.61579697,15.52,73.42941718,87.53904762,0.766385009,4.423413324,0.846880907
110_TME08-1_30x_Str_03A_xyz-7860-12055-62,TME08-1,D1,Female,CPi,CPi_vl,77.6245,71.8739,6,108.69,80414.3,135.502,1.02653,178.36,3080.9,34,74,6,40,0.401998,104464,181.423,165.799,1.32764,116.53,124.842,82.7431,74.658,35.59638924,41.62891892,15.71946348,17.33647059,52.49177614,62.2775,0.730681741,3.705856603,0.730725624
111_TME08-1_30x_Str_03A_xyz-8053-15381-258,TME08-1,D1,Female,CPi,CPi_vm,86.4358,68.5618,7,171.8,147285,162.782,1.034,245.03,4165.91,33,71,5,38,0.355165,195840,230.025,184.16,1.33876,109.864,122.54,88.0892,95.494,48.66586873,58.67,19.52885657,21.59121212,73.9690635,90.87,0.727533282,3.65253795,0.801875
112_TME08-1_30x_Str_03A_xyz-8616-18866-432,TME08-1,D1,Female,CPi,CPi_dm,78.0713,65.5504,7,93.88,99456.2,129.808,1.02155,207.929,3418.34,38,81,5,43,0.403321,123489,167.57,196.633,1.3825,116.098,130.648,85.0198,90.8721,37.35474678,42.19716049,18.44404984,19.39710526,54.06652547,62.34604651,0.768588681,4.475817689,0.884938272
113_TME08-1_30x_Str_03A_xyz-8706-12560-336,TME08-1,D1,Female,CPi,CPi_vm,89.5893,80.3205,6,144.26,105248,163.548,1.02068,227.18,3003.23,24,53,5,29,0.502778,135267,196.871,171.941,1.21677,108.665,114.872,86.2685,90.6553,50.15221019,56.65943396,17.21821461,18.57416667,77.40793067,88.17827586,0.738820333,3.850306957,0.803329865
114_TME08-1_30x_Str_03A_xyz-9014-8269-335,TME08-1,D1,Female,CPi,CPi_vm,69.6894,55.3457,4,191.28,89205.4,180.483,1.02676,267.669,3132.34,20,46,6,26,0.35,104009,223.423,236.359,1.2418,121.994,128.48,87.0569,95.274,59.37405749,68.08978261,28.94249007,30.7185,82.78295551,96.83692308,0.787064776,4.963031581,0.918367347
115_TME08-1_30x_Str_03A_xyz-9041-15101-353,TME08-1,D1,Female,CPi,CPi_vm,73.9435,69.9222,6,109.66,121557,171.895,1.02769,229.68,4073.31,31,68,6,37,0.41828,157007,194.553,194.77,1.25184,118.475,116.769,90.6895,80.855,51.31777017,59.89632353,20.08503314,22.27870968,77.48573904,91.41378378,0.743335004,3.934832097,0.790927022
117_TME08-1_30x_Str_03A_xyz-9390-8311-432,TME08-1,D1,Female,CPi,CPi_vm,68.3104,68.473,5,131.3,65465.1,177.199,1.02171,225.853,2393.35,18,43,7,25,0.566667,78346.4,206.158,164.538,1.25,124.889,128.109,74.4771,81.978,49.2781702,55.6544186,23.03031656,24.74388889,68.17662482,77.91,0.787979963,4.989632891,0.861454047
118_TME08-1_30x_Str_03A_xyz-9639-17210-83,TME08-1,D1,Female,CPi,CPi_dm,57.6347,65.2471,5,138.87,119782,153.038,1.02458,218.899,3860.21,34,75,7,41,0.365033,145002,177.253,170.909,1.30481,134.662,126.797,92.8633,91.1522,44.23325944,51.46466667,20.24675361,21.29117647,64.12450818,76.48658537,0.746533552,3.996743291,0.763115197
119_TME08-1_30x_Str_03A_xyz-9935-18172-146,TME08-1,D2,Female,CPi,CPi_dm,87.5263,65.469,5,149.07,119461,177.179,1.01993,229.071,3653.53,36,77,5,41,0.329137,148033,211.494,169.628,1.40915,109.29,122.668,84.0909,90.2828,42.52355291,47.44428571,21.55050443,23.39166667,60.93891255,68.56365854,0.7316856,3.723148752,0.722552731
121_TME08-1_30x_Str_03B_xyz-10188-18537-352,TME08-1,D2,Female,CPi,CPi_dl,77.5733,73.8093,7,103.23,48827.6,130.204,1.04119,223.61,1875.46,19,40,2,21,0.578947,66656.1,160.845,108.66,1.28608,113.487,122.374,97.5113,90.9461,37.55216683,46.88175,13.56709907,14.48736842,59.25294242,76.19095238,0.686825646,3.068953157,0.701323251
122_TME08-1_30x_Str_03B_xyz-10255-12463-390,TME08-1,D1,Female,CPi,CPi_vl,69.556,66.4819,5,162.35,125319,168.691,1.02728,248.568,4035.69,34,73,5,39,0.34427,152549,185.251,176.468,1.22492,121.404,127.065,92.7013,99.1723,48.27426943,55.27849315,17.44650818,18.45411765,75.14975359,87.38179487,0.777527105,4.700269928,0.863176681
123_TME08-1_30x_Str_03B_xyz-10331-8224-432,TME08-1,D1,Female,CPi,CPi_vl,67.7954,62.4884,5,83.27,54153.8,162.918,1.02745,237.801,2155.02,18,45,9,27,0.566667,63985.1,190.355,113.132,1.17365,124.195,131.5,85.1726,84.3955,41.41024541,47.88377778,14.48353647,15.11277778,59.36138471,69.73111111,0.81065314,5.741055597,0.87039239
124_TME08-1_30x_Str_03B_xyz-10385-16980-320,TME08-1,D1,Female,CPi,CPi_dl,73.32,73.6443,5,131.92,117914,156.525,1.02908,231.571,3461.08,27,59,5,32,0.284891,147706,196.07,210.621,1.26177,122.503,126.496,88.0554,88.1948,50.56512398,58.65745763,21.17515762,22.48148148,75.36290809,89.1809375,0.732685545,3.740516724,0.889273356
125_TME08-1_30x_Str_03B_xyz-10399-8412-325,TME08-1,D1,Female,CPi,CPi_vl,78.3018,58.5174,5,89.91,108046,190.05,1.03039,263.731,3137.19,20,45,5,25,0.425,124810,215.074,224.681,1.19983,121.354,135.784,91.8739,89.5806,59.78245,69.71022222,22.44156728,23.814,89.65515618,106.4272,0.815559029,5.930943766,0.903978052
126_TME08-1_30x_Str_03B_xyz-10703-19209-262,TME08-1,D1,Female,CPi,CPi_dl,76.9013,66.8616,5,147.32,133646,152.536,1.02389,254.23,4226.32,33,72,6,39,0.290236,160958,177.651,187.75,1.24296,115.486,130.787,77.5028,77.5329,51.97741282,58.69375,17.56333656,18.46,81.09701581,92.73769231,0.792691245,5.130724414,0.8810232
127_TME08-1_30x_Str_03B_xyz-11019-19186-370,TME08-1,D1,Female,CPi,CPi_dl,69.2854,78.2997,4,112.33,76616.3,144.441,1.02769,189.909,2546.49,19,44,6,25,0.315789,100140,183.458,149.018,1.13625,122.469,112.738,92.512,88.9356,48.73238563,57.87022727,13.82196211,14.38736842,75.2643075,90.9172,0.722497721,3.570044536,0.806584362
128_TME08-1_30x_Str_03B_xyz-11273-18406-188,TME08-1,D2,Female,CPi,CPi_dl,89.6556,57.7781,4,153.07,118130,144.799,1.02563,218.99,3590.31,29,64,6,35,0.273399,142705,183.455,217.479,1.26323,105.454,130.24,93.7447,100.917,48.86833219,56.0940625,22.34429198,24.15689655,70.84539409,82.55628571,0.803428936,5.480616033,0.887509131
129_TME08-1_30x_Str_03B_xyz-11305-15758-57,TME08-1,D2,Female,CPi,CPi_dl,73.1442,73.3491,5,104.56,77257.3,145.985,1.02765,195.719,2618.86,23,50,4,27,0.410145,94605.8,161.693,163.37,1.21831,119.068,120.803,105.304,106.994,45.30119233,52.372,11.57285077,12.27956522,74.03274254,86.52481481,0.761140215,4.303009185,0.829964328
130_TME08-1_30x_Str_03B_xyz-11343-10481-212,TME08-1,D1,Female,CPi,CPi_vl,72.5862,60.517,5,115.22,159246,174.257,1.01887,293.929,4507.13,32,69,5,37,0.257937,183404,191.657,211.029,1.20199,121.086,134.679,74.6546,74.7576,59.61661304,65.31637681,18.54926666,19.3684375,95.13431802,105.0551351,0.843764306,7.284805127,0.852071006
131_TME08-1_30x_Str_03B_xyz-12266-18086-363,TME08-1,D1,Female,CPi,CPi_dl,89.1008,69.0543,5,131.32,112835,155.696,1.03315,230.23,3318.15,27,60,6,33,0.311934,140787,191.176,173.681,1.33125,103.058,120.427,92.3258,95.5476,46.55327152,55.29733333,28.09662477,30.85444444,61.65416432,75.29606061,0.721445864,3.553229714,0.840816327
132_TME08-1_30x_Str_03B_xyz-12322-16889-151,TME08-1,D1,Female,CPi,CPi_dl,65.9935,53.7942,4,165.82,139006,173.593,1.02111,240.769,4196.58,33,72,6,39,0.416065,161507,197.695,195.229,1.30535,127.097,138.623,98.7518,90.291,51.88055846,58.28083333,21.89196993,23.02060606,77.25551797,88.11641026,0.810527186,5.736324744,0.789411065
133_TME08-1_30x_Str_03B_xyz-13184-18060-133,TME08-1,D2,Female,CPi,CPi_dl,86.308,76.6375,8,149.15,180398,277.065,1.02499,364.41,3441.2,29,62,4,33,0.466406,247592,376.177,240.249,1.32826,107.678,116.352,99.949,104.025,48.32190575,55.49822581,23.66798444,25.28137931,69.98747297,82.05242424,0.664633744,2.816022044,0.690612245
135_TME08-1_30x_Str_03B_xyz-2520-9479-325,TME08-1,D2,Female,CPi,CPi_vm,63.03,77.196,3,115.4,42064.5,173.738,1.02548,256.281,1415.06,8,20,4,12,0.1875,52205.8,201.028,104.332,1.13684,130.214,113.945,42.5346,60.5112,60.52708943,70.7485,20.16570763,21.6275,87.43467729,103.4958333,0.799862894,5.359768068,0.816326531
139_TME08-1_30x_Str_03B_xyz-3356-9593-168,TME08-1,D1,Female,CPi,CPi_vm,82.4714,63.8334,4,152.53,97884.6,175.624,1.02609,270.53,2592.66,16,38,6,22,0.4,117719,214.393,171.525,1.25755,112.45,131.957,91.3828,104.065,59.39418992,68.22289474,30.38869699,32.80625,80.48909387,93.98045455,0.798338442,5.309559383,0.921875
140_TME08-1_30x_Str_03B_xyz-3629-10828-209,TME08-1,D1,Female,CPi,CPi_vm,84.6465,81.1561,4,195.4,68468.4,148.977,1.03092,201.33,2513.7,17,41,7,24,0.231373,86759.3,191.802,178.298,1.2462,105.87,116.462,107.374,82.9699,50.77732137,61.30512195,27.91071532,30.35882353,66.97450065,83.22541667,0.717959868,3.498495208,0.823964497
141_TME08-1_30x_Str_03B_xyz-3747-20059-442,TME08-1,D2,Female,CPi,CPi_dm,60.199,65.1079,7,76.98,46219,135.52,1.02485,214.15,1881.43,23,51,5,28,0.530435,57567.1,154.928,105.799,1.30515,130.858,121.862,79.2247,83.4143,31.90846323,36.88568627,14.01764886,14.66391304,46.60448932,55.13928571,0.728659188,3.671447424,0.864444444
143_TME08-1_30x_Str_03B_xyz-3947-9611-244,TME08-1,D2,Female,CPi,CPi_vm,72.1063,78.2837,4,115.65,52588.2,187.332,1.03648,255.319,1613.89,11,25,3,14,0.134199,67138.3,225.368,161.188,1.25344,130.08,110.65,84.1338,82.8813,52.19393536,64.5512,29.55294569,33.85454545,69.9832844,88.67,0.694417435,3.164800297,0.85546875
144_TME08-1_30x_Str_03B_xyz-4810-8169-159,TME08-1,D1,Female,CPi,CPi_vm,72.9597,75.4364,4,149.35,120535,183.634,1.02094,271.71,3161.66,22,49,5,27,0.275758,147824,217.609,215.539,1.30697,116.546,122.17,78.8741,77.1862,57.31382026,64.51857143,28.80758234,31.09090909,80.54112524,91.75592593,0.754826313,4.165642532,0.878715815
145_TME08-1_30x_Str_03B_xyz-5456-16325-363,TME08-1,D1,Female,CPi,CPi_dm,65.5869,61.9758,6,119.56,118467,146.9,1.02885,239.32,3813.34,35,74,4,39,0.386327,143446,171.805,154.059,1.25796,125.813,129.328,98.095,95.1564,44.37617198,51.52621622,15.600721,16.50142857,70.20029465,82.95871795,0.753504407,4.13787219,0.864366449
147_TME08-1_30x_Str_03B_xyz-6007-22812-140,TME08-1,D1,Female,CPi,CPi_dm,85.1753,80.9952,7,132.35,137414,246.456,1.02441,249.07,3112.91,21,49,7,28,0.565079,172722,302.269,176.633,1.16954,108.685,114.769,101.808,92.8599,55.42448206,63.52387755,17.4898162,18.42380952,83.87548145,97.34892857,0.771494149,4.546633035,0.86
148_TME08-1_30x_Str_03B_xyz-6318-15796-423,TME08-1,D2,Female,CPi,CPi_dm,74.3744,70.84,6,111.06,70973.7,125.654,1.03327,204.479,2610.48,27,59,5,32,0.479424,90665.6,166.499,141.29,1.32994,119.606,125.803,88.834,80.2377,36.59323325,44.24101695,16.38516277,17.40185185,53.64379272,66.8865625,0.68289181,3.021273953,0.759515571
149_TME08-1_30x_Str_03B_xyz-6327-17001-260,TME08-1,D1,Female,CPi,CPi_dm,82.1478,70.5718,5,125.36,89716.4,171.274,1.03766,222.13,2315.93,12,31,7,19,0.291667,109343,214.097,154.618,1.10603,119.698,124.607,107.12,103.094,61.19706656,74.70290323,19.94913015,22.1125,87.24839481,107.9178947,0.764673698,4.383470357,0.85260771
150_TME08-1_30x_Str_03B_xyz-7077-22209-413,TME08-1,D1,Female,CPi,CPi_dm,86.6449,73.5219,6,35.63,56905.7,166.995,1.03676,179.14,2111.44,21,45,3,24,0.496599,77402,185.52,161.65,1.35221,103.204,106.526,71.614,80.7687,39.09849295,46.91622222,17.54138688,18.80047619,57.96096077,71.5175,0.707116277,3.337428726,0.875739645
151_TME08-1_30x_Str_03B_xyz-7141-17311-402,TME08-1,D2,Female,CPi,CPi_dm,77.1097,74.4548,6,80.51,98624.4,160.504,1.02351,245.84,3271.16,32,71,7,39,0.548611,121787,182.41,120.09,1.33378,114.739,117.121,87.6114,89.451,40.89027576,46.06760563,16.91828743,18.176875,60.55959951,68.95230769,0.768590319,4.475857051,0.842355741
152_TME08-1_30x_Str_03B_xyz-9094-11637-212,TME08-1,D1,Female,CPi,CPi_vl,85.3809,73.1815,4,190.65,152698,157.738,1.02727,206.482,4822.6,34,76,8,42,0.369188,190856,227.26,189.21,1.20607,108.628,125.374,79.076,81.6331,55.04164535,63.45052632,18.06839925,19.72117647,84.97236839,98.85047619,0.79586754,5.22995316,0.834194215
153_TME08-1_30x_Str_03B_xyz-9376-11135-145,TME08-1,D1,Female,CPi,CPi_vl,71.475,62.186,5,140.92,153782,160.059,1.0232,230.889,4578.04,43,90,4,47,0.318178,191556,176.847,200.99,1.3972,118.818,130.932,98.3034,96.1673,45.02511619,50.862,21.62094092,23.49906977,66.43744676,75.89617021,0.801335391,5.409082312,0.888796335
154_TME08-1_30x_Str_03B_xyz-9505-12642-353,TME08-1,D1,Female,CPi,CPi_vl,64.9124,70.6593,6,143.74,111584,189.463,1.02706,230.2,3131.8,25,55,5,30,0.551111,133736,214.003,166.41,1.21042,125.728,121.246,93.0303,81.0128,48.81825915,56.93672727,17.58623837,18.7352,74.84494314,88.77133333,0.758340024,4.241102342,0.760742188
155_TME08-1_30x_Str_03B_xyz-9555-9144-256,TME08-1,D1,Female,CPi,CPi_vl,92.3112,64.6426,5,192.42,114281,154.334,1.02822,222.348,4170.65,37,79,5,42,0.349249,139389,187.778,225.334,1.37065,105.476,132.308,91.6702,95.516,45.75639602,52.7878481,27.07258168,28.86513514,62.21594675,73.86261905,0.752960107,4.126533638,0.848657025
157_TME08-1_30x_Str_04A_xyz-10451-15218-381,TME08-1,D1,Female,CPi,CPi_dm,70.9118,62.321,4,52.64,39741.7,106.857,1.03945,151.33,1783.31,24,52,4,28,0.274008,55351.6,149.165,96.6801,1.44516,120.29,116.104,92.4428,81.8188,27.71851141,34.28961538,16.7658621,18.13166667,37.10649653,48.13928571,0.621397214,2.41561589,0.816666667
158_TME08-1_30x_Str_04A_xyz-11274-22355-260,TME08-1,D1,Female,CPi,CPi_dm,66.475,65.8685,6,99.39,95418.4,176.79,1.02323,228.469,3097.3,27,58,4,31,0.407407,117281,204.474,151.24,1.27316,123.009,124.698,89.282,85.0118,46.83344535,53.39655172,16.02050101,16.77481481,73.67052591,85.29290323,0.742145878,3.912249976,0.845730028
159_TME08-1_30x_Str_04A_xyz-12658-18203-130,TME08-1,D2,Female,CPc,CPc_d,76.301,71.1426,8,84.81,85518.3,150.611,1.0257,242.04,2629.03,22,50,6,28,0.440909,101671,178.349,196.16,1.24266,118.617,124.743,85.1393,88.7884,45.8246797,52.5748,17.87224368,19.01545455,67.78730801,78.94285714,0.778659149,4.730139696,0.881111111
160_TME08-1_30x_Str_04A_xyz-12836-10064-421,TME08-1,D1,Female,CPi,CPi_vm,71.6358,76.6117,4,63,47550.7,157.893,1.02375,264.38,1540.59,17,38,4,21,0.32549,57707.5,195.897,128.41,1.37328,120.998,122.958,79.4959,83.2039,36.7149406,40.53710526,25.3184066,27.01411765,45.94070621,51.48428571,0.769252195,4.491814711,0.873345936
163_TME08-1_30x_Str_04A_xyz-3452-15544-239,TME08-1,D1,Female,CPi,CPi_vl,67.0813,56.6417,6,142.86,147230,143.207,1.0212,231.101,4705.25,43,91,5,48,0.393878,174638,166.423,179.662,1.29034,127.328,134.086,89.5079,87.9624,46.15075128,51.7010989,15.70760016,16.14953488,73.42274083,83.549375,0.798028871,5.299466731,0.8236
165_TME08-1_30x_Str_04A_xyz-3920-16910-333,TME08-1,D2,Female,CPi,CPi_dl,76.8425,63.6223,5,130.56,121288,159.099,1.02921,216.569,3827.08,33,71,5,38,0.490741,150108,173.577,202.45,1.28667,123.325,130.459,74.7658,80.7334,46.07064508,53.89732394,18.9964687,20.37757576,69.58242983,83.00657895,0.747589158,4.017558473,0.873125
166_TME08-1_30x_Str_04A_xyz-4673-12742-345,TME08-1,D1,Female,CPi,CPi_vl,82.5011,71.8388,4,120.45,109764,160.046,1.02924,232.305,3238.62,22,50,6,28,0.212554,136315,191.412,199.036,1.23099,110.818,124.276,79.1718,85.9194,55.34840908,64.7674,22.94521346,24.67681818,80.80806279,96.26714286,0.769749891,4.503881331,0.902222222
167_TME08-1_30x_Str_04A_xyz-5329-12453-269,TME08-1,D1,Female,CPi,CPi_vl,81.2476,75.8592,7,234.59,142700,161.35,1.02348,225.981,4184.09,32,70,6,38,0.409023,179937,187.048,196.473,1.33133,115.048,124.464,91.9598,87.2535,52.33174418,59.76742857,24.18798566,25.24375,76.03175135,88.84,0.732672562,3.740290309,0.823125
168_TME08-1_30x_Str_04A_xyz-7005-11977-229,TME08-1,D1,Female,CPi,CPi_vl,67.2735,69.6681,4,169.88,132996,191.765,1.03039,216.712,4263.58,31,68,6,37,0.28725,163600,211.846,173.742,1.21662,131.744,125.433,84.5022,81.6965,53.62924173,62.695,21.29831795,22.59032258,80.71731301,96.29621622,0.740678616,3.884702678,0.831689678
169_TME08-1_30x_Str_04A_xyz-8144-16349-186,TME08-1,D1,Female,CPi,CPi_dm,80.1037,73.7903,6,153.26,161776,164.183,1.0346,234.36,4938.21,36,80,8,44,0.396164,203562,197.422,201.499,1.21847,109.66,120.149,85.128,86.5508,52.22545574,61.722125,19.55963568,21.25611111,78.95203579,94.83068182,0.735628868,3.792485839,0.810018904
170_TME08-1_30x_Str_04A_xyz-9951-9843-315,TME08-1,D1,Female,CPi,CPi_vm,77.1694,68.6886,4,147.28,128242,170.328,1.03167,235.741,3998.51,31,69,7,38,0.294931,158666,221.882,220.028,1.26965,111.674,123.638,82.03,70.1643,49.60480869,57.94405797,22.03406234,24.21064516,72.09673335,85.46342105,0.7485542,4.036757841,0.755
171_TME08-1_30x_Str_04B_xyz-10068-18507-297,TME08-1,D2,Female,CPi,CPi_dl,73.3142,62.4171,4,144.74,130413,151.811,1.02356,205.65,4041.17,34,74,6,40,0.343417,155515,180.537,190.155,1.22995,119.2,131.34,105.125,99.6368,47.9806505,54.60540541,16.44690312,17.68558824,74.78433576,85.98725,0.784139121,4.879677358,0.85430839
172_TME08-1_30x_Str_04B_xyz-10236-19315-225,TME08-1,D2,Female,CPi,CPi_dl,52.2338,65.5302,5,155.4,105513,149.347,1.02617,231.12,3717.18,30,66,6,36,0.361111,125680,170.089,157.42,1.18695,140.915,129.462,79.4542,80.882,48.07462837,56.31560606,13.65969204,14.10733333,76.75374199,91.48916667,0.777854881,4.70888365,0.824792244
173_TME08-1_30x_Str_04B_xyz-10354-16899-109,TME08-1,D1,Female,CPc,CPc_i,86.0084,73.1833,8,158.73,150259,177.88,1.02535,242.7,4428.66,39,83,5,44,0.40815,195542,271.653,163.694,1.30137,105.985,121.164,92.0598,99.6657,46.75380551,53.35253012,17.78939018,19.39897436,72.42681,83.44772727,0.77275719,4.578046564,0.827032136
174_TME08-1_30x_Str_04B_xyz-10827-15241-122,TME08-1,D2,Female,CPi,CPi_vl,68.2459,69.3362,6,130.33,114042,133.526,1.02359,180.042,3850.27,36,78,6,42,0.44321,137637,155.991,181.535,1.26646,126.351,129.679,89.1774,78.5271,43.46355513,49.3574359,16.30238341,17.00527778,66.74455945,77.08785714,0.766955527,4.43687471,0.833677686
175_TME08-1_30x_Str_04B_xyz-11840-14577-171,TME08-1,D1,Female,CPi,CPi_vl,81.3151,65.3761,5,141.81,125668,164.94,1.02427,222.66,3730.14,29,62,4,33,0.3807,155968,191.952,204.42,1.27237,113.538,126.938,94.5544,89.0861,52.44082461,60.15870968,21.51255163,23.21034483,79.62021601,92.62848485,0.77628059,4.667769015,0.820408163
176_TME08-1_30x_Str_04B_xyz-1948-16766-343,TME08-1,D1,Female,CPi,CPi_dm,91.4214,79.725,7,132.03,97736.2,171.914,1.02568,251.76,3179.01,32,68,4,36,0.497049,127997,205.414,162.17,1.36378,100.502,114.544,86.6512,85.5469,41.09795339,46.74514706,19.57146787,21.8103125,60.23260718,68.90944444,0.730963542,3.710696376,0.826177285
177_TME08-1_30x_Str_04B_xyz-2128-17866-324,TME08-1,D1,Female,CPi,CPi_dm,86.1621,68.5914,5,147.49,104598,174.638,1.0319,233.869,3247.65,23,50,4,27,0.317805,131278,201.793,173.02,1.17894,112.398,120.743,83.0409,81.3911,55.24805063,64.9484,17.52440571,18.64,87.38300742,104.3962963,0.766125935,4.417324585,0.856123662
179_TME08-1_30x_Str_04B_xyz-3084-12252-305,TME08-1,D1,Female,CPi,CPi_vm,80.4881,65.9875,5,119.12,126242,200.329,1.02337,234.157,3670.27,35,76,6,41,0.356389,156212,217.411,231.599,1.46078,115.221,122.595,93.6661,89.4956,42.6456929,48.28815789,23.23266432,24.91628571,59.21779046,68.2397561,0.752706129,4.121261876,0.744186047
180_TME08-1_30x_Str_04B_xyz-3475-22261-185,TME08-1,D2,Female,CPi,CPi_dm,80.6475,66.525,5,142.58,87287.7,179.161,1.02977,270.41,2764.72,17,40,6,23,0.478151,109966,225.268,125.837,1.15698,112.475,127.64,98.5107,91.966,57.61806674,69.1135,16.28689196,18.00058824,88.16719592,106.8926087,0.74600997,3.986490225,0.8688
182_TME08-1_30x_Str_04B_xyz-3520-23082-210,TME08-1,D2,Female,CPi,CPi_dm,72.1976,48.9772,4,110.24,86298.9,156.032,1.02541,248.379,2799.44,21,46,4,25,0.255556,104884,203.248,197.901,1.19056,122.21,134.544,93.4632,88.84,52.24792321,60.85195652,21.76338459,23.44333333,77.85493565,92.2752,0.790177102,5.054553017,0.899862826
183_TME08-1_30x_Str_04B_xyz-3536-19978-51,TME08-1,D2,Female,CPc,CPc_d,72.3238,59.2067,6,53.9,85092.1,147.949,1.01958,221.37,2644.78,30,63,3,33,0.432215,102324,179.94,155.729,1.43692,120.321,131.016,97.5707,104.427,37.49759515,41.97539683,17.82769245,18.95033333,55.37932488,62.90727273,0.791548354,5.095844098,0.874285714
184_TME08-1_30x_Str_04B_xyz-4152-13957-280,TME08-1,D2,Female,CPi,CPi_vm,75.1369,75.239,6,134.62,123813,170.283,1.03,257.871,3578.1,28,59,3,31,0.465383,155141,191.436,178.579,1.20663,119.45,126.253,71.4545,69.0038,51.19117257,60.64084746,12.69375983,13.30142857,85.96302925,103.3990323,0.72483504,3.60791881,0.772268136
186_TME08-1_30x_Str_04B_xyz-6205-12734-312,TME08-1,D1,Female,CPi,CPi_vm,74.008,70.1395,4,153.8,167584,232.893,1.02999,257.411,4589.38,34,75,7,41,0.276471,200426,249.691,210.748,1.22695,120.513,125.153,92.3081,95.0935,53.13086475,61.18666667,23.73678916,24.94764706,77.50643962,91.23853659,0.789404218,5.031543985,0.787452677
187_TME08-1_30x_Str_04B_xyz-6554-14275-356,TME08-1,D2,Female,CPi,CPi_vl,72.4804,66.2169,6,116.24,143719,179.529,1.0308,236.952,4180.12,32,70,6,38,0.511458,185925,225.02,207.9,1.29824,118.822,123.817,86.0581,84.4717,49.8388215,59.71042857,19.98144836,22.23125,74.98187257,91.27184211,0.748663724,4.038947169,0.75625
189_TME08-1_30x_Str_04B_xyz-6999-18052-436,TME08-1,D1,Female,CPi,CPi_dl,76.0793,68.0775,4,102.97,57444,163.622,1.02584,225.325,1770.73,13,33,7,20,0.461538,67606.5,197.785,174.233,1.19466,126.263,125.828,98.2886,102.281,46.2711979,53.65272727,16.65565152,17.35230769,65.52130304,77.248,0.775885844,4.657560558,0.859504132
190_TME08-1_30x_Str_04B_xyz-7487-9576-352,TME08-1,D1,Female,CPi,CPi_vl,69.3299,65.7274,6,164.53,97929.9,162.284,1.02037,223.582,3188.42,26,57,5,31,0.402564,117658,188.856,179.483,1.27115,125.323,127.587,103.773,107.859,50.35422613,55.93192982,19.06177123,19.86961538,76.59951089,86.17774194,0.795719259,5.225244204,0.916437098
191_TME08-1_30x_Str_04B_xyz-7663-9789-286,TME08-1,D1,Female,CPi,CPi_vl,66.1295,68.642,4,187.33,88812.1,149.369,1.02372,204.946,3092.5,24,53,5,29,0.366468,110372,177.202,195.558,1.22608,131.707,124.632,88.2554,92.1577,50.6255096,58.34415094,23.739413,25.49166667,72.87607231,85.53241379,0.742650897,3.921812227,0.850156087
192_TME08-1_30x_Str_04B_xyz-8123-19219-270,TME08-1,D2,Female,CPi,CPi_dl,75.0103,66.9312,6,122.27,95082.8,133.035,1.02875,185.85,3441.71,33,71,5,38,0.403217,122572,165.978,144.951,1.28985,116.897,118.664,82.5111,86.1453,41.25454098,48.46971831,16.77196617,17.96333333,62.51572436,74.96210526,0.728224397,3.66412457,0.84
193_TME08-1_30x_Str_04B_xyz-8448-19220-352,TME08-1,D2,Female,CPi,CPi_dl,60.5925,62.5612,5,99.1,90380,137.666,1.02169,173.59,3315.4,27,61,7,34,0.445679,108359,169.496,199.741,1.18407,131.503,125.566,108.73,96.4169,48.21351707,54.34622951,17.44371969,18.34481481,72.64835617,82.93558824,0.798755349,5.323206199,0.782407407
194_TME08-1_30x_Str_04B_xyz-8823-18427-216,TME08-1,D1,Female,CPi,CPi_dl,82.2064,69.3443,5,154.78,164042,188.159,1.02917,256.11,4495.76,37,80,6,43,0.340541,204937,254.042,211.179,1.41476,112.127,126.415,84.44,94.2638,47.67873942,56.192,27.8710354,30.83675676,64.72257777,78.00930233,0.769046554,4.48684587,0.76691358
195_TME08-1_30x_Str_04B_xyz-8891-10538-357,TME08-1,D1,Female,CPi,CPi_vl,74.4783,73.8519,5,102.41,71226.3,165.409,1.03319,227.21,2196.25,14,32,4,18,0.395238,89801.9,192.785,191.961,1.22917,119.775,113.341,95.4578,100.696,56.62158577,68.626875,29.79407219,32.88785714,77.48742968,96.42388889,0.743799412,3.943714658,0.875
196_TME08-1_30x_Str_05A_xyz-4192-8886-266,TME08-1,D2,Female,CPc,CPc_i,71.4288,59.6046,6,148.8,129067,143.438,1.02434,218.039,4074.85,33,73,7,40,0.351227,153100,174.82,165.38,1.2381,119.802,135.355,85.2298,81.0927,48.87435871,55.81452055,16.42446205,17.48515152,75.64552346,87.43625,0.785405678,4.915451666,0.853741497
198_TME08-1_30x_Str_05A_xyz-5390-8938-175,TME08-1,D2,Female,CPc,CPc_i,64.1851,67.4928,8,154.71,109189,122.551,1.0264,186.509,3795.65,39,82,4,43,0.455405,137248,156.13,171.95,1.32462,128.185,127.689,85.7333,84.7268,40.51416945,46.28390244,15.46054744,16.46358974,63.23722196,73.33023256,0.756731025,4.206246903,0.840493827
200_TME08-1_30x_Str_05A_xyz-7425-3857-327,TME08-1,D2,Female,CPc,CPc_v,67.682,62.1909,6,76.19,54696.5,109.029,1.02971,149.897,2525.69,32,70,6,38,0.354085,67887.8,134.296,149.537,1.29835,121.619,125.754,81.4486,89.0367,31.09721946,36.076,12.32232597,13.8271875,46.90765608,54.81184211,0.745598383,3.978463207,0.734375
201_TME08-1_30x_Str_05A_xyz-7769-15268-324,TME08-1,D2,Female,CPc,CPc_d,69.6412,69.8726,7,114.06,121807,167.621,1.02808,215.419,4046.64,32,73,9,41,0.342424,147692,185.57,188.541,1.24002,117.115,119.792,94.3267,94.7517,48.14536108,55.42890411,20.51378741,22.30875,69.71146736,81.27878049,0.754210741,4.152669397,0.803136831
202_TME08-1_30x_Str_05A_xyz-7816-11503-382,TME08-1,D2,Female,CPc,CPc_i,78.378,63.9855,6,103.78,78771.8,168.056,1.02479,231.351,2649.53,23,53,7,30,0.460145,93906.5,193.663,148.553,1.17372,110.495,121.825,88.7279,95.7705,43.30059662,49.98641509,14.75234224,15.30869565,65.18759164,76.57266667,0.799914333,5.361477132,0.854492188
204_TME08-1_30x_Str_05A_xyz-9784-14318-379,TME08-1,D2,Female,CPc,CPc_d,66.9371,53.7372,8,73.67,83015.6,142.152,1.02613,205.629,2700.37,33,69,3,36,0.452708,99864.4,157.08,172.108,1.41115,124.655,130.308,87.5132,83.5202,34.77600319,39.13072464,14.92419817,15.83060606,52.97349111,60.48916667,0.761833081,4.318577173,0.779085873
206_TME08-1_30x_Str_05B_xyz-3950-3603-413,TME08-1,D2,Female,CPc,CPc_v,68.0983,69.2939,4,134.38,48396.7,114.803,1.02606,155.889,2151.11,27,59,5,32,0.411523,58775,137.959,149.18,1.32471,121.696,126.477,96.7538,92.4195,32.26885036,36.4540678,18.21682168,19.21444444,44.12524955,51,0.77081538,4.52991032,0.806228374
207_TME08-1_30x_Str_05B_xyz-4470-2965-167,TME08-1,D1,Female,CPc,CPc_v,77.9335,74.3749,5,113.01,107093,215.88,1.03084,300.321,2972.53,17,40,6,23,0.313725,130019,260.998,249.581,1.26051,118.827,118.959,93.2212,85.9486,64.11582399,74.308,33.56701231,36.62117647,86.69538045,102.1634783,0.773147444,4.587831513,0.8432
208_TME08-1_30x_Str_05B_xyz-4837-12528-149,TME08-1,D1,Female,CPc,CPc_i,57.7463,59.359,8,114.02,140792,152.027,1.02482,228.25,4694.13,41,88,6,47,0.336532,172591,176.879,197.21,1.27501,133.211,130.955,97.1422,103.338,47.09396936,53.33693182,16.68331455,17.48317073,73.62241291,84.61361702,0.787994641,4.990061601,0.744273219
209_TME08-1_30x_Str_05B_xyz-5148-14984-416,TME08-1,D2,Female,CPc,CPc_d,80.7114,67.3146,8,105.41,72093.1,131.318,1.0302,204.48,2950.98,27,61,7,34,0.459195,89388,156.555,133.062,1.25106,110.202,119.236,88.5982,77.5025,40.82508244,48.37180328,10.35517088,10.69703704,65.02177691,78.29,0.757920931,4.231973984,0.848765432
210_TME08-1_30x_Str_05B_xyz-5261-11107-405,TME08-1,D2,Female,CPc,CPc_i,67.3681,53.3341,5,111.55,87812,142.901,1.02365,195.911,3127.24,36,76,4,40,0.379333,107213,176.648,133.59,1.35877,126.334,132.786,89.7402,91.4872,36.71651304,41.14315789,15.71142242,17.01277778,55.62109459,62.8605,0.807657259,5.630401289,0.81462585
211_TME08-1_30x_Str_05B_xyz-6533-7352-389,TME08-1,D2,Female,CPc,CPc_v,74.0448,72.5684,7,151.96,116007,125.212,1.02664,207,4132.53,40,86,6,46,0.443441,142350,165.239,169.109,1.24943,117.234,125.501,80.162,77.9373,42.27593362,48.04767442,16.70473721,17.6695,64.51175658,74.46347826,0.774462958,4.621093656,0.896267361
212_TME08-1_30x_Str_05B_xyz-7796-6533-346,TME08-1,D2,Female,CPc,CPc_v,71.4532,62.5003,7,169.31,129487,139.785,1.0265,207.291,4224.02,44,91,3,47,0.428205,160857,170.464,194.65,1.35328,117.295,127.485,96.4068,94.2283,40.76669467,46.41241758,17.17155802,18.09568182,62.85575877,72.92170213,0.767858049,4.458320175,0.862973761
213_TME08-1_30x_Str_05B_xyz-8001-8993-341,TME08-1,D1,Female,CPc,CPc_i,70.5319,67.3169,7,162.55,171154,157.24,1.02291,207.604,5446.27,43,94,8,51,0.485271,210218,182.908,177.144,1.2063,124.78,130.9,79.3333,86.6551,51.54468213,57.93446809,15.25045663,16.15162791,82.14569579,93.16313725,0.797398276,5.279014351,0.825916696
218_TME08-1_30x_Str_06A_xyz-3801-6015-420,TME08-1,D2,Female,CPc,CPc_v,84.7923,67.6776,6,93.92,96114.5,187.848,1.02412,301.38,3206.41,30,65,5,35,0.397976,112261,210.693,129.168,1.24659,107.096,127.028,79.9033,80.0882,43.71409189,49.32415385,14.64434738,15.39533333,68.63101575,78.406,0.803306522,5.47638652,0.871439007
219_TME08-1_30x_Str_06A_xyz-4907-7306-419,TME08-1,D2,Female,CPc,CPc_v,66.3527,62.2314,7,113.36,77602,140.419,1.02266,181.689,2949.97,33,71,5,38,0.428355,95175.6,172.68,150.06,1.32934,123.861,129.477,74.2737,73.6821,36.69265193,41.54366197,13.55296415,14.52484848,56.78764396,65.00736842,0.804215142,5.507920806,0.839375
220_TME08-1_30x_Str_06A_xyz-5570-10845-304,TME08-1,D1,Female,CPc,CPc_i,81.477,66.3165,5,144.36,139230,174.177,1.02229,206.869,4043.13,30,68,8,38,0.317778,163402,200.877,213.402,1.28274,113.467,130.715,76.6171,75.6378,53.31340269,59.45308824,28.40756663,30.161,72.97590485,82.57842105,0.807914525,5.639752418,0.83875
221_TME08-1_30x_Str_06A_xyz-7500-4995-316,TME08-1,D1,Female,CPc,CPc_v,79.8081,67.3781,7,112.41,69141.5,131.486,1.02453,193.952,2800.49,30,65,5,35,0.356905,89467.1,180.047,149.74,1.33458,115.661,124.813,104.322,95.6744,38.42517958,43.07892308,17.20691742,18.47766667,56.61226144,64.16571429,0.742661645,3.922016188,0.744338934
225_TME08-1_30x_Str_06B_xyz-3700-3252-334,TME08-1,D1,Female,CPc,CPc_v,54.4658,74.4312,4,107.86,53111,122.575,1.02532,188.658,2031.54,21,47,5,26,0.331519,64684.3,142.164,168.341,1.40241,136.318,130.704,100.218,113.218,38.0272872,43.21978723,24.51788151,26.22285714,48.93873025,56.94807692,0.739499218,3.862809567,0.881377551
228_TME08-1_30x_Str_06B_xyz-7178-5542-141,TME08-1,D1,Female,CPc,CPc_v,76.4928,67.3623,6,131.79,119723,182.147,1.02165,274.18,3586.03,29,63,5,34,0.389368,144459,207.626,220.38,1.26344,116.884,125.77,90.1694,77.092,51.16930628,56.91555556,20.51010678,21.72172414,77.31979997,86.93382353,0.816518722,5.969417124,0.864969136
229_TME08-1_30x_Str_06B_xyz-7541-8610-145,TME08-1,D2,Female,CPc,CPc_i,59.0722,63.8271,6,159.67,121844,142.929,1.02948,214.703,4013.34,33,71,5,38,0.442424,150574,189.507,167.134,1.20261,131.743,129.154,91.8475,88.0821,49.24665243,56.52140845,16.05555085,17.06060606,78.07050381,90.79,0.776252308,4.667036273,0.873125
230_TME08-1_30x_Str_06B_xyz-8399-6219-74,TME08-1,D1,Female,CPc,CPc_v,74.0183,62.3037,6,189.28,143639,177.932,1.02728,269.15,4087.26,34,73,5,39,0.381092,173204,219.514,204.754,1.21793,121.347,131.837,90.9473,95.7758,49.2225809,55.98506849,16.11632767,16.91882353,78.08444268,90.04282051,0.772171153,4.563422826,0.768590125
231_TME08-1_30x_Str_06B_xyz-8821-7017-72,TME08-1,D1,Female,CPc,CPc_v,67.7922,58.6438,8,137.48,121448,171.833,1.022,250.67,3612.22,31,66,4,35,0.521505,141878,203.134,128.675,1.22572,120.993,133.351,94.294,94.4236,49.16557608,54.72621212,15.76001793,16.70580645,78.75335615,88.40142857,0.832427965,6.679426099,0.815193572
232_TME08-1_30x_Str_06B_xyz-9270-8160-69,TME08-1,D2,Female,CPc,CPc_i,63.9661,61.8977,5,122.78,86728.7,151.211,1.02782,188.808,3008.78,25,57,7,32,0.46,102355,171.804,130.098,1.20365,127.826,131.174,88.8439,97.0659,46.04789658,52.78070175,17.15702272,17.9444,68.61889178,79.9965625,0.801868378,5.427133814,0.869377163
233_TME08-1_30x_Str_07B_xyz-3312-4482-258,TME08-1,D1,Female,CPc,CPc_v,81.0299,79.3304,6,99.07,35749.3,160.763,1.03662,157.396,1378.48,14,31,3,17,0.530612,47887,186.187,144.468,1.38095,113.014,111.276,80.0703,79.883,36.76043168,44.46290323,20.68453502,23.38071429,49.9994054,61.82470588,0.655277828,2.720059328,0.858725762
237_TME08-1_30x_Str_07B_xyz-5971-5978-279,TME08-1,D1,Female,CPc,CPc_i,75.579,67.7782,5,153.95,100259,166.077,1.02569,231.039,2953.4,21,48,6,27,0.314286,123549,190.516,164.52,1.1934,121.676,124.494,78.3559,70.4994,54.58881274,61.524375,24.60320728,27.07714286,77.91095031,88.31666667,0.788995092,5.019440184,0.913198573
238_TME08-1_30x_Str_07B_xyz-6900-7833-424,TME08-1,D2,Female,CPc,CPc_i,59.9805,57.7064,7,100.52,46551.7,132.546,1.02828,202.831,1729.3,17,40,6,23,0.588235,54761.8,152.41,173.568,1.22435,131.126,134.278,82.2113,77.0801,37.49533335,43.22775,12.78413576,13.38176471,55.76013156,65.28782609,0.791993929,5.10939195,0.9056
240_TME08-1_30x_Str_08A_xyz-5320-2948-241,TME08-1,D1,Female,CPc,CPc_v,60.9526,65.6029,4,118.19,64003.5,196.341,1.02394,242.52,1827.96,11,28,6,17,0.363636,74879.9,232.618,164.05,1.26301,128.957,126.949,57.6851,62.2778,57.71336194,65.27857143,33.05475338,34.72636364,73.66893218,85.04764706,0.795421755,5.215819291,0.825484765
241_TME08-1_30x_Str_08A_xyz-5423-3812-119,TME08-1,D2,Female,CPc,CPc_v,67.584,92.9839,2,45.57,41480.9,186.872,1.0294,209.079,1264.84,5,14,4,9,0.2,54271.4,233.945,251.162,1.05333,122.849,104.345,99.3533,84.9363,75.94408764,90.34,23.82060202,25.528,104.9015797,126.3466667,0.728624067,3.670854949,0.859504132
242_TME08-1_30x_Str_08A_xyz-5448-5622-225,TME08-1,D1,Female,CPc,CPc_i,87.2227,58.0834,7,59.48,75518.5,202.678,1.02045,293.071,2224.57,19,43,5,24,0.578947,93321.6,231.359,198.501,1.31559,104.356,125.863,88.8039,79.5984,45.95962401,51.73023256,21.01280415,22.08,65.70918974,75.20333333,0.763164879,4.348786102,0.846153846
243_TME08-1_30x_Str_08A_xyz-6167-3695-244,TME08-1,D1,Female,CPc,CPc_v,76.7864,71.39,4,138.27,88355.7,188.059,1.02484,295.869,2219.64,13,31,5,18,0.461538,106190,227.576,187.188,1.25938,116.653,124.632,89.3874,82.9889,61.75377758,71.59677419,27.9132819,29.77769231,86.19413558,101.7994444,0.784512472,4.89017406,0.9175
247_TME08-1_30x_Str_08B_xyz-3773-4288-86,TME08-1,D1,Female,CPc,CPc_v,82.925,75.1612,3,119.82,53103.1,189.413,1.02142,282.09,1483.61,9,21,3,12,0.296296,63978.8,210.051,132.391,1.19714,112.029,117.349,79.2887,87.3671,61.56151165,70.64190476,27.02907615,28.94777778,87.46083827,101.9125,0.760842967,4.296361073,0.892857143
248_TME08-1_30x_Str_08B_xyz-3935-3409-311,TME08-1,D2,Female,CPc,CPc_v,64.3833,62.6969,5,189.72,68479.5,195.559,1.01718,220.73,1813.24,18,38,2,20,0.325782,80168.2,235.014,161.721,1.39344,128.909,133.8,90.9244,92.5683,43.92922698,47.71210526,29.62333116,31.03277778,56.80453322,62.7235,0.798498265,5.314783514,0.828512397
250_TME08-1_30x_Str_08B_xyz-4637-9417-332,TME08-1,D1,Female,CPc,CPc_i,70.595,71.1361,5,121.17,74071.3,174.164,1.0266,233.01,2316.05,22,48,4,26,0.357576,94955.8,204.476,135.067,1.28375,121.854,118.826,73.2684,90.3878,43.17807492,48.24604167,16.93061973,18.11545455,65.38746008,73.74115385,0.75413087,4.150991408,0.69005102
251_TME08-1_30x_Str_08B_xyz-4999-9263-396,TME08-1,D1,Female,CPc,CPc_i,82.804,76.5496,4,106.69,65378.5,144.209,1.02158,199.64,2065.93,19,43,5,24,0.333333,81582.5,185.924,116.727,1.36902,117.585,122.263,87.3166,80.1431,42.79168688,48.03906977,24.44173965,26.74789474,57.31872844,64.89458333,0.714307206,3.442728349,0.871301775
253_TME08-1_30x_Str_08B_xyz-5243-9372-332,TME08-1,D1,Female,CPc,CPc_i,75.4587,70.7688,5,109.38,51296.2,128.775,1.02538,206.68,1907.67,22,46,2,24,0.415251,63268.1,145.873,126.54,1.26108,120.521,125.237,87.7457,79.0501,36.85572701,41.46586957,11.89798647,12.28272727,59.73365585,68.21708333,0.758943839,4.25431628,0.822485207
254_TME08-1_30x_Str_08B_xyz-5662-6662-314,TME08-1,D2,Female,CPc,CPc_i,59.013,59.1993,5,137.92,87410.1,158.08,1.02546,179.62,2790.43,25,54,4,29,0.477778,104678,181.725,206.882,1.23161,127.571,133.338,102.83,99.9437,45.93762697,51.66981481,18.32647788,19.2224,69.7403417,79.64172414,0.801213818,5.40497996,0.901144641
255_TME08-1_30x_Str_08B_xyz-6111-8608-358,TME08-1,D1,Female,CPc,CPc_i,69.1093,70.8817,5,103.95,97274.7,180.518,1.01994,291.32,3123.15,28,62,6,34,0.317602,115049,208.093,148.551,1.27323,121.547,123.497,77.9857,85.1172,45.90715081,50.36854839,20.65782197,21.95214286,66.70071574,73.77029412,0.79011019,5.052553555,0.803240741
256_TME08-1_30x_Str_08B_xyz-6199-7400-72,TME08-1,D1,Female,CPc,CPc_i,78.1647,80.6182,4,84.58,36039.3,124.598,1.03662,196.5,1391.72,13,30,4,17,0.328205,46488.4,153.85,131.661,1.20425,120.564,115.358,71.829,85.3538,38.3644557,46.38466667,15.61746836,16.99923077,55.75921072,68.85588235,0.705889131,3.320027219,0.911357341
257_TME08-1_30x_Str_08B_xyz-6315-7335-129,TME08-1,D1,Female,CPc,CPc_i,75.5963,67.5394,5,135.81,53537.8,128.659,1.0257,175.051,2019.75,19,42,4,23,0.549123,64901.8,147.556,150.593,1.17729,117.695,126.077,83.949,76.75,42.53550373,48.08404762,11.57685638,12.32578947,68.11003851,77.62347826,0.79050238,5.064293268,0.8096
258_TME08-1_30x_Str_08B_xyz-6787-7613-132,TME08-1,D1,Female,CPc,CPc_i,60.2887,58.0006,7,73.32,91505.1,169.985,1.02174,280.77,2580.55,21,48,6,27,0.494505,105948,189.272,138.181,1.24639,129.559,132.243,120.771,105.59,48.75657136,53.75708333,21.65955225,22.76952381,69.83203067,77.85851852,0.826252799,6.38658408,0.877526754
001_TME09-1_30x_Str_02A_xyz-6227-9797-56,TME09-1,D1,Male,CPr,CPr_l,62.1428,63.8223,4,140.25,78323.2,140.429,1.02337,194.078,2778.36,22,51,7,29,0.372727,96296.2,174.102,158.023,1.24407,129.32,124.142,86.7145,101.794,47.14608966,54.47235294,21.27180148,22.66136364,66.77486,78.60482759,0.759952122,4.276546494,0.848074922
002_TME09-1_30x_Str_02A_xyz-8173-9301-76,TME09-1,D2,Male,CPr,CPr_l,85.0633,69.485,5,66.62,54556.1,177.368,1.02678,275.28,1839.06,11,26,4,15,0.636364,68399.4,192.915,155.789,1.16369,103.509,109.593,72.1793,80.3153,59.04564286,70.72769231,14.15165148,15.83727273,91.9679032,110.9806667,0.750508591,4.076146108,0.916955017
003_TME09-1_30x_Str_02A_xyz-9090-17963-369,TME09-1,D1,Male,CPr,CPr_imd,68.424,54.7452,5,75.66,39298.7,127.907,1.04451,213,1464.31,13,29,3,16,0.480769,56928,212.492,70.8599,1.39708,123.21,119.912,84.3982,78.007,39.28928874,50.48896552,21.19743921,28.41692308,53.98891649,68.4225,0.75670116,4.205604796,0.87962963
011_TME09-1_30x_Str_02B_xyz-3725-11359-348,TME09-1,D1,Male,CPr,CPr_imv,61.0104,88.1788,3,154.13,51427.8,127.651,1.03752,160.997,2226.22,13,33,7,20,0.217949,66346.1,165.546,165.782,1.1222,131.016,111.101,57.6451,50.4387,55.29564509,67.45575758,15.53542777,17.41,81.13978635,99.9855,0.729756034,3.690036905,0.863636364
013_TME09-1_30x_Str_02B_xyz-3945-12449-296,TME09-1,D2,Male,CPr,CPr_imv,82.8446,97.7686,4,77.97,63765.8,155.114,1.02768,203.126,2403.12,16,38,6,22,0.354167,84931.7,189.957,146.964,1.21146,111.61,107.742,80.0494,74.0751,51.5683741,63.23552632,21.40969439,23.266875,73.50195935,92.30363636,0.669967474,2.873404626,0.855902778
016_TME09-1_30x_Str_02B_xyz-5341-11420-380,TME09-1,D1,Male,CPr,CPr_imv,65.8218,71.3104,4,119.64,89649.9,142.106,1.03218,230.53,3089.05,26,57,5,31,0.266484,113304,176.579,145.72,1.21815,127.751,123.01,94.4573,97.7653,44.83414016,54.18824561,17.79627223,18.76576923,67.51106165,83.89741935,0.713346447,3.428321105,0.841138659
017_TME09-1_30x_Str_02B_xyz-5347-11418-142,TME09-1,D1,Male,CPr,CPr_imv,82.0285,79.4381,5,138.71,64862.9,151.463,1.02952,236.083,2797.84,26,55,3,29,0.351182,86222,177.697,156.457,1.17764,109.402,117.026,85.9914,95.2534,43.44556613,50.86490909,14.64193293,15.26615385,69.26951314,82.78103448,0.693659665,3.154997872,0.800208117
018_TME09-1_30x_Str_02B_xyz-5888-8861-50,TME09-1,D2,Male,CPr,CPr_l,85.341,89.9146,4,106.43,44627.6,144.055,1.02653,191.949,1672.7,18,40,4,22,0.296296,59406.6,182.308,94.7297,1.43872,113.604,110.104,64.4188,73.4215,35.05357752,41.8125,22.98507916,24.82777778,44.92780345,55.70909091,0.645593073,2.626549144,0.855902778
019_TME09-1_30x_Str_02B_xyz-7162-10176-185,TME09-1,D1,Male,CPr,CPr_l,83.179,75.7868,4,161.65,142655,150.212,1.03009,221.32,4345.37,27,62,8,35,0.340741,180229,187.859,212.798,1.15931,115.866,118.597,94.9553,91.6577,58.90430512,70.08193548,19.32395862,20.62481481,89.43771527,108.2345714,0.741061465,3.891857103,0.871439007
021_TME09-1_30x_Str_02B_xyz-7607-14424-266,TME09-1,D1,Male,CPr,CPr_l,59.1601,67.3802,5,135.23,94591.3,173.263,1.02901,228.02,3185.91,26,56,4,30,0.376068,120124,195.022,170.19,1.28781,132.841,129.12,83.4602,82.4704,47.8884618,56.88607143,19.55848358,20.53230769,72.44110959,88.39266667,0.70777259,3.346801881,0.8359375
022_TME09-1_30x_Str_02B_xyz-7699-17332-409,TME09-1,D2,Male,CPr,CPr_imd,83.1217,51.6564,6,89.81,56999.2,162.622,1.02184,238.26,1848.19,16,37,5,21,0.479167,65864.7,187.88,119.48,1.28986,106.827,136.491,98.222,101.974,44.3784421,49.94567568,16.27633949,17.815625,65.7895679,74.42571429,0.823559201,6.265998566,0.918714556
024_TME09-1_30x_Str_02B_xyz-7876-8132-63,TME09-1,D1,Male,CPr,CPr_l,76.857,73.1,5,114.98,87561.4,147.053,1.02347,201.91,3180.12,23,55,9,32,0.446377,108080,172.629,164.518,1.16188,115.98,123.199,93.0418,88.0895,50.08102232,57.81527273,17.966361,18.84304348,73.16343514,85.8265625,0.758258063,4.239314358,0.807958478
025_TME09-1_30x_Str_02B_xyz-9323-10535-242,TME09-1,D1,Male,CPr,CPr_l,71.7161,74.3556,4,171.19,102198,164.603,1.03205,223.779,3483.75,20,46,6,26,0.35,127634,204.653,182.302,1.1314,118.642,116.502,97.1892,103.312,63.13570281,75.72913043,19.36872084,20.741,96.80261202,118.0276923,0.751753044,4.101585884,0.871173469
028_TME09-1_30x_Str_03A_xyz-2475-13307-370,TME09-1,D1,Male,CPi,CPi_vl,73.2681,63.5149,4,126.05,99533.8,134.115,1.0264,214.24,3182.3,26,57,5,31,0.309982,121206,158.058,158.569,1.23562,123.912,132.942,92.188,87.9923,47.93289906,55.82438596,17.19010403,18.44307692,73.71717876,87.17645161,0.780076983,4.768033771,0.913682277
033_TME09-1_30x_Str_03A_xyz-5457-10132-225,TME09-1,D1,Male,CPi,CPi_vl,81.5232,75.1218,6,145.46,108522,149.701,1.026,202.14,3666.49,32,68,4,36,0.419444,139656,184.237,152.77,1.32068,112.949,124.474,94.1995,87.3639,46.71126581,53.91352941,18.92148714,20.1653125,71.4132913,83.91194444,0.730792292,3.70775391,0.734072022
034_TME09-1_30x_Str_03A_xyz-6380-8216-355,TME09-1,D2,Male,CPi,CPi_vl,77.3476,67.2035,4,102.08,62758.9,152.089,1.01986,213.201,2030.81,14,32,4,18,0.297619,76975.2,195.113,212.399,1.23566,112.318,115.68,65.2401,79.5048,54.2094063,63.45875,25.77268357,29.97,76.32685731,89.50555556,0.758220488,4.238495119,0.84
035_TME09-1_30x_Str_03A_xyz-6550-10972-387,TME09-1,D1,Male,CPi,CPi_vl,78.1614,77.7627,5,107.8,52030.9,125.641,1.03938,178.05,2285.19,27,59,5,32,0.488889,69983.1,162.652,123.221,1.38596,116.409,114.456,75.907,75.3698,31.44295518,38.72711864,18.1126423,19.6,42.69040667,54.865625,0.663062524,2.799497916,0.784602076
037_TME09-1_30x_Str_03A_xyz-8357-7736-373,TME09-1,D2,Male,CPi,CPi_vm,78.6167,81.069,4,118.04,31959.5,165.092,1.03966,133.811,1290.82,10,24,4,14,0.4,38755.7,204.757,206.368,1.41476,123.038,107.639,85.9781,96.0475,45.70762757,53.78,44.31773469,47.613,46.7004082,58.185,0.73539341,3.788281233,0.859375
038_TME09-1_30x_Str_03A_xyz-9152-11682-389,TME09-1,D2,Male,CPi,CPi_vm,73.8889,72.1584,6,92.93,89684.5,180.34,1.0283,200.235,2920.18,30,63,3,33,0.372314,114696,202.683,187.288,1.41598,117.464,121.601,78.5588,82.8726,39.15992548,46.34714286,19.97227466,21.521,56.60324441,68.91636364,0.722067943,3.563157123,0.74122449
039_TME09-1_30x_Str_03A_xyz-9277-14657-63,TME09-1,D1,Male,CPr,CPr_imv,81.7593,71.346,4,129.55,55723.1,181.017,1.02311,241.59,1852.15,18,41,5,23,0.351852,68732.2,217.861,116.724,1.28697,107.826,124.302,96.5095,95.1913,39.71869542,45.16926829,22.7974061,24.42555556,52.96144359,61.40347826,0.778004317,4.712820121,0.8352
040_TME09-1_30x_Str_03A_xyz-9419-11723-204,TME09-1,D1,Male,CPi,CPi_vm,68.2087,67.219,4,171.79,119962,150.374,1.03415,217.499,3964.78,27,62,8,35,0.365432,148398,181.242,235.748,1.19462,122.46,122.89,80.8111,77.5688,52.46906646,63.94241935,23.04186862,24.41888889,75.17004766,94.432,0.730895577,3.70952809,0.873630387
041_TME09-1_30x_Str_03A_xyz-9495-14170-167,TME09-1,D1,Male,CPi,CPi_dm,62.6088,68.1037,4,150.91,124013,157.928,1.02806,212.109,3934.08,27,60,6,33,0.317284,155764,194.696,213.12,1.20982,134.466,125.066,94.0922,87.6143,55.31498755,65.56283333,20.76435043,22.30481481,83.58369065,100.9557576,0.73283525,3.743129356,0.875918367
042_TME09-1_30x_Str_03A_xyz-10020-9403-62,TME09-1,D1,Male,CPr,CPi_vm,93.1907,96.0105,5,77.32,22708.9,138.067,1.02968,202.8,1722.99,14,36,8,22,0.452381,30334.2,151.6,119.559,1.29787,102.046,90.7262,93.6872,82.3537,41.00462027,47.85583333,25.10177774,27.10357143,51.12461098,61.06181818,0.704429457,3.299536232,0.855902778
046_TME09-1_30x_Str_03B_xyz-4104-13498-345,TME09-1,D1,Male,CPi,CPi_vm,69.3557,67.7332,4,69.25,81939.6,166.139,1.03019,222.411,2580.24,21,48,6,27,0.47619,99218.3,189.281,158.238,1.29776,126.707,119.931,91.2409,90.6564,45.45036028,53.74916667,21.67720758,22.90952381,63.94059016,77.73555556,0.7550175,4.169686527,0.711058264
049_TME09-1_30x_Str_03B_xyz-7622-8908-57,TME09-1,D1,Male,CPi,CPi_vl,66.2445,73.2746,4,122.54,96757.5,180.922,1.02959,242.06,2770.68,17,41,7,24,0.231373,121252,251.304,172.939,1.08751,121.666,114.526,94.5107,89.7415,55.29797275,67.57365854,14.58920485,15.28529412,84.13335001,104.61125,0.718559735,3.507806928,0.875739645
050_TME09-1_30x_Str_03B_xyz-8278-14414-298,TME09-1,D2,Male,CPi,CPi_vm,70.6269,69.0614,6,114.32,96083.2,176.58,1.02647,222.26,3203.17,30,66,6,36,0.404921,116641,192.193,140.66,1.28902,117.627,120.283,98.5288,96.622,42.94374585,48.52787879,15.374504,16.48533333,65.91811406,75.23,0.797202871,5.272705485,0.863573407
052_TME09-1_30x_Str_03B_xyz-10870-11950-189,TME09-1,D1,Male,CPi,CPi_vl,84.3807,79.0664,5,145.6,52498.7,169.908,1.02493,209.842,1994.34,14,31,3,17,0.446259,69091.3,225.639,183.13,1.18359,115.578,115.861,94.4575,105.108,55.38157242,64.32870968,17.13567716,18.78571429,86.87819205,101.8347059,0.717844351,3.496707066,0.889196676
054_TME09-1_30x_Str_03B_xyz-11701-13027-76,TME09-1,D2,Male,CPi,CPi_vl,74.209,69.3628,4,98.86,31363.4,124.514,1.02861,116.664,1375.36,11,28,6,17,0.454545,38016.2,140.319,160.699,1.15084,112.894,125.725,67.0941,77.9957,43.18185579,49.11535714,17.71367842,19.04,59.66126467,68.57588235,0.801544639,5.416156357,0.908587258
056_TME09-1_30x_Str_03B_xyz-12036-10342-90,TME09-1,D2,Male,CPi,CPi_vl,61.5981,76.6033,4,90.01,38622.4,131.369,1.02106,210.861,1413.29,13,31,5,18,0.307692,46947.4,175.516,123.419,1.13997,132.763,124.35,103.352,104.063,40.30946364,45.58483871,14.00893816,14.71846154,59.3042876,67.87722222,0.759870479,4.27473875,0.8425
057_TME09-1_30x_Str_03B_xyz-12438-10878-82,TME09-1,D2,Male,CPi,CPi_vl,81.0914,77.8609,6,61.79,17042.5,101.722,1.02261,157.639,902.072,13,28,2,15,0.553846,22617,156.361,114.399,1.31737,117.775,114.239,96.4055,92.5997,28.02447636,32.21214286,10.85990079,11.29,42.90044186,50.34466667,0.714330853,3.443084308,0.861591696
058_TME09-1_30x_Str_04A_xyz-1858-12021-383,TME09-1,D2,Male,CPi,CPi_vl,72.0446,56.6115,4,37.24,56401.5,161.688,1.02926,239.15,1905.14,15,36,6,21,0.433333,66709.9,198.513,83.4193,1.27819,114.47,128.902,105.871,96.9042,44.70867465,52.91472222,22.81303192,23.91,60.34841945,73.63238095,0.790453956,5.06284112,0.86389414
060_TME09-1_30x_Str_04A_xyz-6899-13102-86,TME09-1,D1,Male,CPi,CPi_vl,68.7752,65.8912,5,152.27,137293,155.558,1.029,260.1,3991.51,33,72,6,39,0.521164,168424,202.442,225.28,1.29133,122.576,126.505,86.9724,96.3842,47.33290404,55.43263889,19.0254691,20.53545455,71.28534898,84.96102564,0.758142515,4.236795975,0.848304581
063_TME09-1_30x_Str_04A_xyz-7982-9359-69,TME09-1,D2,Male,CPi,CPi_vm,74.7083,71.2157,4,105.2,87191.2,151.702,1.03221,220.55,2747.27,18,42,6,24,0.261111,109164,189.563,174.44,1.2114,122.274,121.941,93.6587,100.087,54.90055373,65.40642857,21.73135319,24.19888889,79.77745414,96.31208333,0.737871718,3.832957263,0.871301775
064_TME09-1_30x_Str_04A_xyz-8156-18423-314,TME09-1,D1,Male,CPi,CPi_dl,61.9015,59.0409,6,103.89,136695,178.972,1.02795,272.16,4075.19,36,77,5,41,0.413023,162319,199.898,152.37,1.27215,131.974,134.772,77.7722,76.5583,45.47398153,52.91961039,15.83936857,17.07444444,71.49461729,84.39341463,0.79694202,5.264304732,0.765278529
066_TME09-1_30x_Str_04A_xyz-9686-10458-295,TME09-1,D1,Male,CPi,CPi_vm,54.4369,60.0811,5,114.8,130468,199.993,1.02535,306.36,3553.97,27,59,5,32,0.451852,159662,253.754,214.91,1.33172,135.956,131.76,82.5704,75.2884,51.85620606,60.23135593,26.08312683,28.19814815,73.60224167,87.259375,0.76995716,4.508923722,0.835640138
067_TME09-1_30x_Str_04A_xyz-10451-18667-265,TME09-1,D1,Male,CPi,CPi_dm,68.769,65.8731,6,141.33,106607,194.855,1.02829,206.54,3468.87,29,62,4,33,0.470159,130259,216.906,220.901,1.16493,124.464,126.519,92.6172,89.663,48.39034061,55.94419355,10.99119139,11.46344828,81.25625961,95.03333333,0.759542444,4.267489069,0.835918367
068_TME09-1_30x_Str_04A_xyz-10761-9853-277,TME09-1,D1,Male,CPi,CPi_vm,89.0321,53.677,3,34.89,35662.8,129.52,1.03033,208.22,1188.74,11,26,4,15,0.484848,42796.5,152.548,79.1697,1.38628,105.828,135.326,96.9806,106.239,38.32581404,45.715,27.02484158,29.70545455,46.61319385,57.45533333,0.788129188,4.993994622,0.916955017
069_TME09-1_30x_Str_04A_xyz-11316-14111-297,TME09-1,D2,Male,CPi,CPi_vm,78.4346,68.3781,5,109.37,101408,172.936,1.03078,239.809,2946.72,24,54,6,30,0.38254,123833,204.504,166.89,1.29035,113.731,125.5,97.3037,91.7967,45.98554068,54.56388889,18.79401003,20.27458333,67.73876519,81.99533333,0.741416094,3.898505173,0.836914063
070_TME09-1_30x_Str_04A_xyz-12954-19682-342,TME09-1,D2,Male,CPi,CPi_dm,71.6965,75.7575,4,115.78,87493.5,135.77,1.02418,209.279,2758.29,21,47,5,26,0.333333,110735,171.198,161.56,1.24706,119.662,123.444,86.0263,92.1846,50.4254302,58.68212766,19.55585276,20.94095238,75.35855043,89.16538462,0.722815904,3.575158802,0.904336735
071_TME09-1_30x_Str_04A_xyz-13273-16360-366,TME09-1,D1,Male,CPi,CPi_dm,67.8505,57.7547,5,28.66,53861.2,148.839,1.02005,237.23,1757.81,16,36,4,20,0.4625,62508.5,164.562,146.36,1.31354,126.848,132.335,95.1344,99.11,43.73406652,48.82333333,19.77003619,20.815625,62.90529078,71.2295,0.808502407,5.661226111,0.762396694
080_TME09-1_30x_Str_04B_xyz-11498-14213-173,TME09-1,D1,Male,CPi,CPi_vl,64.3634,61.3257,5,166.35,105913,169.98,1.02537,238.09,2959.85,21,46,4,25,0.299567,128538,199.433,201.361,1.21743,134.005,132.687,79.5241,75.6947,56.25855515,64.34,20.66966601,21.88857143,86.15322203,99.9992,0.794332837,5.181581681,0.88340192
081_TME09-1_30x_Str_04B_xyz-12287-10776-412,TME09-1,D2,Male,CPi,CPi_vl,56.4049,65.2192,6,147.65,119187,142.346,1.02359,210.689,3882.51,37,79,5,42,0.425237,144587,165.385,156.426,1.25991,135.528,128.718,87.7728,86.3598,43.51406842,49.14037975,14.7530896,15.4927027,68.85112119,78.78238095,0.773696854,4.601670714,0.754132231
088_TME09-1_30x_Str_04B_xyz-13497-15452-70,TME09-1,D2,Male,CPi,CPi_dl,75.4699,69.1977,5,82.39,24343.9,115.493,1.03042,148.149,1122.53,12,29,5,17,0.444444,31025.5,134.619,127.688,1.17073,109.393,115.198,80.9964,80.332,33.63923482,38.70275862,13.11188108,13.77333333,48.12913158,56.3,0.756414981,4.199460646,0.786703601
093_TME09-1_30x_Str_05A_xyz-4851-15372-52,TME09-1,D1,Male,CPi,CPi_vl,70.0981,70.2803,3,103.41,54322.7,147.631,1.03374,221.759,1666.99,13,31,5,18,0.4,69722.2,199.35,149.068,1.14931,125.709,120.033,99.6429,101.248,44.76177166,53.76903226,13.96069941,15.84461538,67.0069905,81.15888889,0.764925288,4.389302034,0.84
096_TME09-1_30x_Str_05A_xyz-5607-9760-377,TME09-1,D2,Male,CPc,CPc_v,64.9838,78.229,4,65.82,49471.5,140.72,1.03406,210.71,1649.56,14,32,4,18,0.335714,62847.5,165.453,85.7901,1.27887,132.181,120.54,105.505,84.6695,40.49929585,51.5440625,21.16744569,22.42857143,55.53517931,74.18944444,0.682188489,3.012886382,0.875
098_TME09-1_30x_Str_05A_xyz-6634-9160-103,TME09-1,D2,Male,CPc,CPc_v,80.05,65.3103,6,155.24,142314,153.528,1.02363,235.388,4205.87,34,73,5,39,0.288235,172551,186.896,230.189,1.26948,114.991,127.369,71.6253,68.1269,50.12376109,57.61013699,15.45869076,16.08294118,80.34459164,93.81333333,0.786171911,4.937323586,0.843545509
099_TME09-1_30x_Str_05A_xyz-7043-8180-350,TME09-1,D2,Male,CPc,CPc_v,73.6943,69.0121,4,106.58,57878.3,137.33,1.02055,184.709,2160.93,20,46,6,26,0.516667,68819.1,171.228,176.729,1.26396,121.228,125.608,63.577,74.147,42.0574385,46.97152174,17.98463211,18.8705,60.57498187,68.58769231,0.785031676,4.904838971,0.788265306
101_TME09-1_30x_Str_05A_xyz-7375-7812-182,TME09-1,D1,Male,CPc,CPc_v,62.0815,60.9616,5,109.99,64708.1,126.69,1.02543,171.66,2595.19,35,75,5,40,0.321224,76955.9,136.971,137.78,1.44424,129.537,133.157,85.098,90.857,30.83173431,34.59773333,17.71810688,18.85742857,42.3061583,48.3705,0.780358253,4.775615998,0.836734694
103_TME09-1_30x_Str_05A_xyz-7881-8162-222,TME09-1,D1,Male,CPc,CPc_v,76.446,74.5562,5,114.84,46292.8,144.999,1.03471,142.371,1960.55,23,50,4,27,0.397861,59633.9,199.198,125.277,1.39747,117.775,123.162,93.4375,86.2732,32.43163916,39.206,14.67844026,16.13695652,47.55473451,58.85740741,0.689576989,3.103092178,0.774078478
104_TME09-1_30x_Str_05A_xyz-10832-19499-454,TME09-1,D2,Male,CPc,CPc_d,63.4659,60.2185,7,59.24,64062.4,144.568,1.02326,198.062,2223.4,21,49,7,28,0.469044,74464.5,167.32,128.69,1.24264,120.005,129.589,96.2088,90.4169,39.54015709,45.37102041,15.55589048,16.36380952,57.52835704,67.12642857,0.816451466,5.966706271,0.787777778
105_TME09-1_30x_Str_05A_xyz-11337-20223-408,TME09-1,D1,Male,CPc,CPc_d,70.2551,53.4307,5,87.83,65119.8,175.6,1.02168,242.641,2032.74,17,38,4,21,0.254902,76837.1,193.385,122.981,1.27765,122.474,136.101,70.6709,79.8349,47.2068536,53.48894737,18.91150534,19.78235294,70.11261172,80.7752381,0.835024444,6.809889169,0.916824197
106_TME09-1_30x_Str_05B_xyz-9260-12195-369,TME09-1,D1,Male,CPc,CPc_d,64.0856,76.9376,6,126.56,76460.5,137.233,1.02895,194.76,2516.73,22,48,4,26,0.420163,96133.2,158.605,150.85,1.20443,130.832,121.696,78.6583,83.6877,44.3559408,52.426875,14.33964621,15.46636364,69.75434392,83.70115385,0.730400745,3.701041847,0.820153061
107_TME09-1_30x_Str_05B_xyz-9367-9461-301,TME09-1,D2,Male,CPc,CPc_v,90.419,67.3129,4,139.51,78988,143.686,1.02358,183.61,3518.55,31,70,8,39,0.25914,96106.8,157.506,170.72,1.24938,103.151,126.456,86.6176,85.4876,44.2288155,50.26071429,19.14183938,20.41516129,64.16974523,73.98410256,0.771129393,4.537632883,0.767995241
108_TME09-1_30x_Str_05B_xyz-12264-14399-422,TME09-1,D1,Male,CPc,CPc_i,75.3473,72.5437,4,138.98,61210.2,152.576,1.02987,224.309,2210.29,15,37,7,22,0.293333,77896.7,199.065,178.011,1.13062,116.956,117.672,98.3468,100.862,50.40256792,59.7327027,14.33252612,15.00333333,74.99577823,90.23,0.779232606,4.745401035,0.831597222
109_TME09-1_30x_Str_06A_xyz-1868-12562-356,TME09-1,D1,Male,CPc,CPc_i,64.3782,64.5124,6,111.13,89328.9,146.29,1.02676,239.529,2791.83,20,47,7,27,0.5,108000,199.089,153.499,1.1384,131.286,126.55,96.3595,102.113,50.57090363,59.39617021,14.13046838,14.6825,77.56381862,92.51740741,0.778930637,4.737353763,0.774078478
110_TME09-1_30x_Str_06A_xyz-2841-11560-230,TME09-1,D1,Male,CPc,CPc_v,61.8739,57.1486,7,139.8,144570,174.421,1.01986,255.979,4400.48,38,81,5,43,0.431786,168623,195.585,203.37,1.2779,131.21,134.892,97.4514,106.037,49.26589327,54.32234568,20.45717448,21.25,74.72476104,83.54906977,0.811690829,5.780300264,0.882962963
111_TME09-1_30x_Str_06A_xyz-4748-10598-129,TME09-1,D1,Male,CPc,CPc_v,63.2423,63.7835,4,180.42,113390,180.614,1.01899,233.263,3660.18,26,60,8,34,0.39652,131602,202.37,174.532,1.23333,130.16,132.572,82.4216,78.8178,55.06938582,60.9985,23.16614524,24.40461538,79.46598156,88.98205882,0.827626395,6.449698647,0.885030864
112_TME09-1_30x_Str_06A_xyz-5364-7967-164,TME09-1,D2,Male,CPc,CPc_v,70.6658,72.9735,6,88.41,61095,138.462,1.02183,201.348,2888.18,30,65,5,35,0.514074,74984.5,167.686,170.647,1.25784,122.098,122.681,98.7577,99.3519,40.12844199,44.42876923,15.81477129,16.41866667,60.96873117,68.43742857,0.784858954,4.899951702,0.76990504
113_TME09-1_30x_Str_06A_xyz-5447-8011-60,TME09-1,D1,Male,CPc,CPc_v,70.353,60.8982,6,77.32,68146.2,159.704,1.0217,226.461,2292.85,31,66,4,35,0.354529,81992.1,179.982,123.659,1.51663,120.803,131.831,80.8798,85.5628,31.55514873,34.73560606,22.03207124,23.49612903,39.98987451,44.69057143,0.806725597,5.596769456,0.870708546
115_TME09-1_30x_Str_06A_xyz-5983-12630-228,TME09-1,D1,Male,CPc,CPc_i,79.709,62.9872,7,106.95,132196,190.916,1.01892,269.891,3755.05,32,70,6,38,0.380208,161317,213.873,213.25,1.34194,112.224,129.933,96.3211,95.0248,48.10485477,53.63842857,21.4073097,23.226875,70.58699799,79.24815789,0.775584672,4.649798899,0.706875
116_TME09-1_30x_Str_06A_xyz-6042-18913-222,TME09-1,D2,Male,CPc,CPc_d,56.7673,66.9397,5,150.02,97665.6,131.017,1.02369,200.89,3408.89,30,65,5,35,0.500952,118931,156.193,173.43,1.22471,137.291,127.79,101.992,100.627,46.09026782,52.43938462,13.10302083,13.67833333,74.36505096,85.66314286,0.773579238,4.598701761,0.837107378
117_TME09-1_30x_Str_06A_xyz-6627-13630-88,TME09-1,D1,Male,CPc,CPc_i,88.872,71.7929,8,117.74,86959.1,180.906,1.02882,217.101,3054.36,27,60,6,33,0.51311,107719,200.321,153.554,1.33238,101.566,124.203,89.0127,88.9368,44.57042521,50.90116667,18.43401711,19.87148148,65.95475911,76.28909091,0.761293917,4.306454021,0.743673469
118_TME09-1_30x_Str_06A_xyz-6645-9652-37,TME09-1,D1,Male,CPc,CPc_v,72.9374,67.4688,3,101.02,29571.1,141.544,1.02606,152.02,1446.05,18,40,4,22,0.344444,36725.3,170.454,111.586,1.35,118.796,128.622,94.4161,93.1149,31.57440127,36.14575,20.36889211,21.75111111,40.74254513,47.92318182,0.787170549,4.966093007,0.854166667
119_TME09-1_30x_Str_06B_xyz-4741-8185-346,TME09-1,D1,Male,CPc,CPc_v,65.0234,62.3489,7,80.58,50923.8,118.923,1.02815,168.76,2544.03,40,86,6,46,0.37197,61837.4,150.496,122.36,1.43873,126.307,129.766,90.5527,89.8525,26.53281053,29.57662791,17.35264639,18.11575,34.51556195,39.5426087,0.776912838,4.684203328,0.768229167
120_TME09-1_30x_Str_06B_xyz-5473-8333-405,TME09-1,D1,Male,CPc,CPc_v,77.1147,76.2863,5,68.08,53800.7,168.779,1.02992,269.12,2391.32,24,51,3,27,0.395833,66709.4,186.162,125.249,1.31064,120.27,121.131,94.3626,95.4959,41.27779711,46.88352941,19.11199472,19.96375,60.98073256,70.81222222,0.754769894,4.164450484,0.892984542
121_TME09-1_30x_Str_06B_xyz-5493-18991-107,TME09-1,D1,Male,CPc,CPc_d,67.1772,53.4658,3,118.47,64081.6,205.067,1.03214,281.669,1783.77,10,25,5,15,0.433333,80235.7,239.055,131.705,1.13445,122.709,119.664,104.355,118.972,59.01036701,71.3456,20.3533013,22.185,84.78174415,104.1193333,0.727470743,3.651492694,0.788927336
122_TME09-1_30x_Str_06B_xyz-5705-11879-358,TME09-1,D1,Male,CPc,CPc_i,77.1005,58.8347,5,117.69,80547.4,131.84,1.02423,212.07,3289.56,29,64,6,35,0.261412,95919.9,160.996,177.85,1.20165,120.466,133.361,96.8171,95.7519,44.99933969,51.39390625,16.46694031,17.54310345,68.64047059,79.44171429,0.794149671,5.175862283,0.850255661
123_TME09-1_30x_Str_06B_xyz-5941-16556-241,TME09-1,D1,Male,CPc,CPc_i,76.7896,68.2383,4,174.91,128405,172.111,1.02566,197.656,3969.32,30,67,7,37,0.346984,154730,194.27,165.115,1.29652,118.719,131.127,92.3625,90.2442,51.74101382,59.23835821,25.23940442,26.79966667,73.22880522,85.54,0.775695356,4.652648697,0.719921105
126_TME09-1_30x_Str_07A_xyz-1444-11748-423,TME09-1,D1,Male,CPc,CPc_i,57.1276,54.7588,5,139.33,101780,170.957,1.02397,245.47,3061.82,24,52,4,28,0.341667,119617,185.371,201.17,1.15453,135.548,132.932,107.524,108.569,51.99670755,58.87692308,16.08993462,16.81833333,82.7739415,94.92714286,0.807988198,5.642435477,0.815555556
127_TME09-1_30x_Str_07B_xyz-4267-10223-232,TME09-1,D1,Male,CPc,CPc_v,65.1356,71.3461,4,109.99,36153.9,137.473,1.0378,182.331,1234.95,11,24,2,13,0.327273,45477.3,176.932,154.42,1.3645,127.118,120.289,63.4842,80.6976,43.16759149,51.45166667,21.18184084,22.12363636,61.77091897,76.26769231,0.713865721,3.436094682,0.875555556
128_TME09-1_30x_Str_07B_xyz-4726-12848-215,TME09-1,D1,Male,CPc,CPc_i,66.6599,72.1911,6,71.38,73058.6,171.526,1.02316,210.39,2571.01,27,60,6,33,0.474691,87989.3,188.713,138.391,1.26119,123.128,119.861,82.9706,80.5637,38.32081598,42.84566667,14.73702258,15.35666667,57.61664695,65.33666667,0.742490461,3.918769948,0.879183673
129_TME09-1_30x_Str_07B_xyz-5539-10819-399,TME09-1,D1,Male,CPc,CPc_v,65.0905,68.3154,5,123.52,97014.3,179.451,1.03033,236.769,2725.92,19,43,5,24,0.370175,117983,199.794,177.651,1.23534,128.571,129.474,87.3805,84.5933,55.44555221,63.38860465,25.3911596,26.86684211,79.23861302,92.30166667,0.783734069,4.868335057,0.893491124
131_TME09-1_30x_Str_08A_xyz-2190-13425-311,TME09-1,D1,Male,CPc,CPc_i,62.1048,60.8692,5,115.62,52635.1,142.559,1.02533,205.9,1998.73,22,47,3,25,0.477273,63650.4,166.246,128.479,1.18979,133.421,125.354,88.9032,86.6267,37.49351522,42.52148936,11.31954391,11.79772727,60.52660997,69.5584,0.807213089,5.614322052,0.777777778
132_TME09-1_30x_Str_08A_xyz-2530-12695-183,TME09-1,D2,Male,CPc,CPc_i,59.2142,70.7461,7,143.21,66103.4,148.402,1.0263,221.519,2370.97,20,45,5,25,0.502381,81559.9,179.369,133.05,1.1945,135.437,127.391,102.051,105.422,46.36574195,52.68311111,19.1807852,20.569,68.11370735,78.3744,0.772450336,4.570379,0.901234568
133_TME09-1_30x_Str_08A_xyz-2680-14417-111,TME09-1,D1,Male,CPc,CPc_i,46.1993,59.3903,6,111.55,56275.2,120.786,1.02207,144.799,2381.47,22,52,8,30,0.551948,65372.6,137.935,163.344,1.17274,142.894,130.492,75.8685,77.0986,41.14178253,45.79307692,12.57540587,13.00909091,62.09045875,69.83466667,0.805965674,5.569603888,0.814453125
134_TME09-1_30x_Str_08A_xyz-3731-11067-448,TME09-1,D1,Male,CPc,CPc_v,50.6459,69.7418,3,43.57,41756,146.409,1.01936,200.37,1340.09,8,20,4,12,0.25,49461.1,160.912,171.17,1.18933,139.343,127.305,87.3065,99.8141,59.11571205,66.999,27.96159323,29.71625,79.88512459,91.85416667,0.803609054,5.486849955,0.918367347
136_TME09-1_30x_Str_08A_xyz-4461-12168-353,TME09-1,D1,Male,CPc,CPc_i,59.6664,59.4799,5,104.41,50207.4,170.147,1.02621,208.231,1710.93,14,32,4,18,0.452381,60460,186.02,200.497,1.27532,131.946,130.587,96.5471,80.5415,46.40993314,53.461875,24.11938461,26.08142857,63.74702644,74.75777778,0.770904805,4.532107154,0.81
138_TME09-1_30x_Str_08A_xyz-4701-13023-113,TME09-1,D1,Male,CPc,CPc_i,56.7614,70.4245,5,104.54,65136.7,172.18,1.02808,270.28,2312.2,18,40,4,22,0.401235,82691.2,206.881,151.613,1.27595,132.988,123.74,107.838,110.569,50.16628414,57.79975,25.22567134,26.24111111,70.57224006,83.62045455,0.78013963,4.769720687,0.921875
139_TME09-1_30x_Str_08A_xyz-4864-11117-335,TME09-1,D2,Male,CPc,CPc_v,69.6316,72.0553,4,121.14,39988.2,132.745,1.02323,197.124,1426.69,11,26,4,15,0.636364,47913.1,169.085,182.374,1.29505,123.788,131.033,105.305,119.128,48.06296334,54.86730769,25.65135826,27.90909091,64.4981404,74.63666667,0.783909607,4.873244659,0.868512111
140_TME09-1_30x_Str_08A_xyz-5231-10612-109,TME09-1,D1,Male,CPc,CPc_v,61.9288,70.4934,3,96.62,51675.1,147.138,1.02585,213.25,1916.69,13,31,5,18,0.4,60647.2,158.952,143.119,1.12899,137.405,126.629,81.2215,68.7169,54.22438096,61.82451613,16.33925446,17.11230769,81.58586121,94.11666667,0.803569531,5.485480954,0.895
145_TME09-1_30x_Str_08B_xyz-2724-11158-312,TME09-1,D2,Male,CPc,CPc_v,64.502,75.3447,4,126.26,55439,165.361,1.03275,225.79,1803.55,12,28,4,16,0.494444,69227.3,195.37,197.001,1.23796,129.324,124.794,89.522,80.3096,53.84322038,64.40714286,27.57850966,30.56833333,73.54175341,89.78625,0.771628275,4.549950585,0.845679012
146_TME09-1_30x_Str_08B_xyz-3073-11911-134,TME09-1,D1,Male,CPc,CPc_v,51.6936,68.0421,5,114.24,100499,154.829,1.02117,211.87,3053.15,24,54,6,30,0.326984,119162,171.726,191.38,1.28858,137.95,125.583,99.2666,86.229,50.55113604,56.53537037,24.40674373,25.64791667,71.46664989,81.24533333,0.776453132,4.672243712,0.858398438
148_TME09-1_30x_Str_08B_xyz-3328-11398-452,TME09-1,D2,Male,CPc,CPc_v,88.6094,79.1016,3,43,46445.8,200.525,1.0225,299.99,1284.3,7,18,4,11,0.571429,53529.2,220.178,206.941,1.16288,114.276,114.556,68.2346,74.9618,63.23382271,71.34444444,25.98084056,27.25,86.94026589,99.40454545,0.829981916,6.560585985,0.911242604
151_TME09-1_30x_Str_08B_xyz-4419-13070-364,TME09-1,D1,Male,CPc,CPc_i,61.0188,67.9338,5,119.88,64517.9,144.221,1.02327,173.506,2236.8,22,47,3,25,0.393939,79154.3,166.271,163.862,1.27155,132.645,126.655,87.8865,82.3444,42.48709052,47.58723404,15.7433995,16.65090909,66.02153861,74.8112,0.760144881,4.280820057,0.809327846
152_TME09-1_30x_Str_08B_xyz-4651-12838-397,TME09-1,D2,Male,CPc,CPc_i,54.0901,60.1991,4,139.89,46802.8,143.893,1.02373,238.521,1447.34,13,29,3,16,0.314103,57038.5,188.839,80.7808,1.21019,136.225,136.546,78.1662,96.9331,43.98385868,49.9037931,21.17744091,22.85461538,62.51407311,71.88125,0.7577939,4.229214034,0.904320988
153_TME09-1_30x_Str_08B_xyz-4686-14487-124,TME09-1,D1,Male,CPc,CPc_i,62.2567,64.3531,7,105.56,70368,120.254,1.02763,187.35,2632.4,29,63,5,34,0.385222,83024.3,136.454,168.38,1.31041,131.173,130.479,101.139,102.791,36.85609457,41.77904762,15.98603041,16.62482759,54.65703166,63.23411765,0.773919384,4.607297378,0.827932099
001_TME10-1_30x_Str_02A_xyz-3891-12982-405,TME10-1,D2,Female,CPr,CPr_l,52.6656,59.8896,5,71.84,38212.2,146.134,1.02942,229.64,2041.35,15,36,6,21,0.52963,44304.4,169.538,189.88,1.38521,140.028,131.31,89.9601,96.4612,49.02915222,56.69916667,27.58087409,29.224,64.34935089,76.32428571,0.797796797,5.291923235,0.894139887
002_TME10-1_30x_Str_02A_xyz-3911-13577-89,TME10-1,D2,Female,CPr,CPi_dl,66.9157,72.4224,4,117.38,68564.6,173.616,1.03393,247.991,2280.23,17,39,5,22,0.421569,82965.6,195.982,175.95,1.35294,124.432,125.765,91.8034,93.5961,48.4331215,58.46307692,23.14487497,24.63176471,67.97403928,84.60545455,0.739030647,3.854172463,0.901041667
003_TME10-1_30x_Str_02A_xyz-4129-15906-446,TME10-1,D2,Female,CPr,CPr_imd,69.414,71.389,5,107.2,11187.6,137.11,1.02346,183.539,1432.54,10,25,5,15,0.533333,14053,170.418,195.399,1.20321,123.221,112.34,105.733,94.6101,48.88488987,57.2956,13.39765312,13.5,72.5430477,86.49266667,0.825730498,6.362876562,0.837370242
004_TME10-1_30x_Str_02A_xyz-4728-17459-377,TME10-1,D1,Female,CPr,CPr_imd,54.9285,47.3965,4,101.01,50653.9,134.256,1.03432,209.27,1704.69,13,31,5,18,0.410256,60880.2,161.811,125.511,1.18529,133.193,130.766,92.8828,80.9729,45.95994451,54.98483871,15.95008712,16.59461538,67.63373041,82.71111111,0.756044066,4.191521122,0.875
005_TME10-1_30x_Str_02A_xyz-4969-16394-399,TME10-1,D2,Female,CPr,CPr_imd,60.0769,63.6946,5,114.65,36544.8,139.911,1.0182,179.619,3281.42,33,71,5,38,0.334343,43548.6,153.905,155.98,1.44815,132.907,129.797,96.4787,90.2299,41.90522844,46.2128169,15.06202597,15.45909091,65.21643059,72.92,0.803596805,5.486425619,0.889375
006_TME10-1_30x_Str_02A_xyz-5776-9144-316,TME10-1,D2,Female,CPr,CPr_l,74.1843,96.0131,3,112.08,33143.8,114.115,1.05621,167.14,1608.55,12,29,5,17,0.361111,49048,155.311,102.498,1.28257,125.234,102.808,92.549,92.6925,39.55914441,55.46068966,21.3544725,24.01583333,52.40950105,77.65705882,0.578154166,2.103352444,0.825484765
007_TME10-1_30x_Str_02A_xyz-5900-18054-342,TME10-1,D2,Female,CPr,CPr_imd,56.3157,54.6789,5,129.25,69831.5,138.768,1.02821,168.551,2697.16,21,48,6,27,0.283447,84889.7,176.039,175.12,1.22571,135.594,133.907,87.0224,98.1949,48.76026546,56.18645833,15.95853386,17.34809524,74.27272337,86.39407407,0.769010017,4.485964046,0.891795482
008_TME10-1_30x_Str_02A_xyz-6045-15442-227,TME10-1,D2,Female,CPr,CPr_imd,60.4535,70.4968,6,135.78,96358.3,153.863,1.03192,189.951,3730,32,69,5,37,0.478472,122358,173.362,155.56,1.22288,129.789,122.104,96.9657,90.2407,45.13158563,54.05275362,12.97948756,14.08125,72.93880558,88.6227027,0.726127127,3.629163656,0.831689678
009_TME10-1_30x_Str_02A_xyz-6163-13363-131,TME10-1,D1,Female,CPr,CPr_imv,63.3793,66.7264,4,167.53,153229,145.577,1.03749,232.184,5126.53,32,74,10,42,0.318006,187325,182.623,202.668,1.18465,128.734,129.905,101.473,96.1908,57.37151447,69.27310811,17.70758231,18.8053125,87.59165326,107.7247619,0.754512561,4.159021197,0.794421488
010_TME10-1_30x_Str_02A_xyz-6218-8137-62,TME10-1,D1,Female,CPr,CPr_l,75.1717,72.8512,5,148.3,44597.9,148.769,1.03412,203.649,2360.23,21,48,6,27,0.477778,56321.5,202.924,119.811,1.30492,120.886,118.043,97.8696,98.6641,41.5049092,49.16604167,23.30233288,25.67380952,55.66246856,67.43777778,0.721459905,3.553453244,0.856123662
011_TME10-1_30x_Str_02A_xyz-6300-10775-343,TME10-1,D2,Female,CPr,CPr_imv,67.6547,72.0794,5,129.05,86856.8,138.699,1.03135,186.271,3250.81,32,68,4,36,0.280208,111344,174.686,172.963,1.36285,129.856,121.25,85.9002,98.4902,40.51241182,47.80088235,19.30605455,21.308125,59.36250718,71.35,0.720098329,3.53189268,0.732686981
012_TME10-1_30x_Str_02A_xyz-6577-7099-271,TME10-1,D1,Female,CPr,CPr_l,56.7908,65.514,6,68.92,53420.7,130.914,1.0313,193.86,2766.69,26,61,9,35,0.48956,67503.5,147.819,129.249,1.32077,128.835,128.592,86.308,85.755,38.88430735,45.35098361,14.38890834,15.41653846,57.08088946,67.588,0.765469092,4.401954615,0.772096421
013_TME10-1_30x_Str_02A_xyz-6993-7889-57,TME10-1,D1,Female,CPr,CPr_l,68.4698,74.6835,6,130.73,48038.9,148.31,1.0281,210.606,2657.47,24,53,5,29,0.382639,61920.1,181.396,189.261,1.36634,126.884,121.052,79.3501,82.0797,42.75249738,50.13584906,17.10626166,18.37083333,63.97696832,76.42413793,0.731861326,3.726190518,0.770031217
014_TME10-1_30x_Str_02A_xyz-7455-8486-131,TME10-1,D1,Female,CPr,CPr_l,61.1377,73.667,4,138.25,45163,157.211,1.02795,197.123,2608.01,17,40,6,23,0.423529,55015,191.358,161.654,1.20847,127.407,124.46,75.4375,76.0087,56.62346543,65.1945,20.9686968,21.70941176,82.97699008,97.33565217,0.773171114,4.588426206,0.8432
015_TME10-1_30x_Str_02A_xyz-7474-11143-104,TME10-1,D2,Female,CPr,CPr_imv,76.7897,64.3805,6,116.92,83599,126.345,1.03118,187.728,3290.85,26,58,6,32,0.34349,108935,171.543,149.998,1.17512,116.256,122.566,96.9988,96.6551,46.6137282,56.73396552,13.10309335,13.81,73.84111903,91.6096875,0.689817949,3.106113837,0.874567474
019_TME10-1_30x_Str_02A_xyz-8421-10278-69,TME10-1,D2,Female,CPr,CPr_imv,69.065,64.6378,4,76.02,47870.7,121.443,1.03434,155.354,2151.42,21,46,4,25,0.307937,67471.1,192.819,133.45,1.32429,121.509,118.755,96.6805,112.747,38.06022037,46.765,18.66361846,21.2752381,54.35336598,68.1764,0.623802222,2.435264029,0.835390947
020_TME10-1_30x_Str_02A_xyz-8630-10587-403,TME10-1,D2,Female,CPr,CPr_imv,54.1303,64.9807,5,141.42,25654.7,153.586,1.03619,211.2,1472.57,15,35,5,20,0.428571,32036.9,203.826,103.109,1.67308,133.186,119.292,88.5565,89.4376,34.6490027,42.06885714,29.44748734,33.71733333,38.55013922,48.3325,0.671239191,2.887388295,0.929752066
021_TME10-1_30x_Str_02A_xyz-9060-16693-85,TME10-1,D2,Female,CPi,CPr_m,52.8446,78.3855,5,99.03,59087.7,132.192,1.03027,167.06,2010.04,20,42,2,22,0.27,76793.9,171.474,134.662,1.50481,130.443,120.969,91.5408,91.6142,39.67598474,47.85380952,22.54623853,25.265,55.2484813,68.38909091,0.660112792,2.768928356,0.916666667
026_TME10-1_30x_Str_02A_xyz-9856-16645-273,TME10-1,D1,Female,CPr,CPr_m,54.1235,67.828,3,140.89,48943.2,153.756,1.01845,194.42,2443.2,16,39,7,23,0.4375,58042.6,185.171,148.781,1.16593,134.241,122.191,89.5056,94.6556,55.69376509,62.64102564,20.97102964,21.585625,79.8487115,91.20130435,0.777372896,4.696227192,0.9232
027_TME10-1_30x_Str_02A_xyz-9928-17981-293,TME10-1,D2,Female,CPr,CPr_m,66.5597,63.9315,3,84.53,42328.4,172.937,1.02872,243.079,1653.11,12,30,6,18,0.333333,51700,197.14,161.17,1.1984,132.09,124.201,98.8863,82.6256,46.81158944,55.09966667,18.17423219,20.15583333,65.90316095,78.39555556,0.774563001,4.623640888,0.8725
029_TME10-1_30x_Str_02A_xyz-10039-12918-435,TME10-1,D1,Female,CPr,CPr_imv,54.3902,78.7617,3,80.04,37349.2,159.237,1.02699,189.511,1645.08,13,32,6,19,0.461538,45051.2,175.278,143.323,1.25632,135.617,118.025,110.395,94.31,44.94398345,51.40375,21.56389577,22.94153846,60.94088556,70.87789474,0.754243521,4.153358409,0.936507937
030_TME10-1_30x_Str_02A_xyz-10040-17755-200,TME10-1,D1,Female,CPr,CPr_m,75.496,81.6103,4,90.76,45144.7,130.347,1.02562,159.079,2067.26,16,38,6,22,0.416667,56273.2,160.981,159.724,1.15475,116.733,124.563,92.2978,90.4412,46.89863496,54.39631579,16.6049996,17.216875,68.93036977,81.43590909,0.764083086,4.369834765,0.859375
031_TME10-1_30x_Str_02A_xyz-10044-10426-228,TME10-1,D1,Female,CPr,CPr_imv,69.4779,65.9499,5,68.94,41813.9,167.701,1.02793,197.92,1655.83,14,31,3,17,0.440476,49803.8,196.625,166.883,1.18506,126.538,132.653,91.9618,106.015,46.97784413,53.40903226,19.06030599,20.92214286,69.96875789,80.16294118,0.813524298,5.850833474,0.825484765
034_TME10-1_30x_Str_02A_xyz-10276-17190-359,TME10-1,D2,Female,CPr,CPr_m,64.2847,61.0738,3,64.48,36657.5,150.986,1.02442,209.67,1781.35,12,31,7,19,0.25,44965,191.077,170.77,1.18871,126.652,119.577,108.005,101.384,49.63992858,57.45774194,23.27836368,25.41,66.28933798,77.69842105,0.789407567,5.031643282,0.920634921
040_TME10-1_30x_Str_02B_xyz-1796-15223-381,TME10-1,D2,Female,CPr,CPr_m,59.5819,71.1793,4,118.15,47074.6,122.398,1.03023,197.24,2010.11,18,40,4,22,0.256902,59114.4,151.361,147.393,1.22722,133.247,124.576,91.7649,72.1282,42.55769701,50.24825,15.44228382,16.66944444,64.74303507,77.72181818,0.713074032,3.424255479,0.854166667
047_TME10-1_30x_Str_02B_xyz-3233-11874-439,TME10-1,D1,Female,CPr,CPr_imv,56.0707,55.0808,7,98.1,81671,199.493,1.03024,255.141,2301.08,17,37,3,20,0.629412,105981,241.634,105.429,1.32959,127.411,127.748,93.9278,92.8706,53.11773351,62.1872973,20.04282615,22.13117647,81.23140477,96.235,0.772699605,4.576605901,0.863636364
048_TME10-1_30x_Str_02B_xyz-3294-15875-412,TME10-1,D1,Female,CPi,CPi_dl,71.5227,74.1038,4,101.05,67106.9,138.194,1.02882,188.17,2526.61,20,46,6,26,0.346667,89231.1,195.934,135.888,1.30762,126.096,117.609,93.7572,97.7121,46.32621619,54.92217391,23.45065153,25.3975,63.92280438,77.63346154,0.713258053,3.427000943,0.869897959
052_TME10-1_30x_Str_02B_xyz-3798-9102-113,TME10-1,D2,Female,CPr,CPr_l,71.1321,79.969,4,87.34,40415,155.79,1.03368,220.092,1323.54,9,21,3,12,0.481481,52540.3,188.523,193.519,1.3652,123.407,109.823,82.0426,103.111,51.24638223,63.02047619,35.42968953,39.76555556,63.10890175,80.46166667,0.680506649,2.992994087,0.775510204
054_TME10-1_30x_Str_02B_xyz-3948-12677-285,TME10-1,D1,Female,CPr,CPr_imv,57.7678,73.8757,5,109.66,32074.7,125.738,1.05519,186.979,2054.2,18,41,5,23,0.338889,42607.6,177.398,158.71,1.32772,129.447,110.96,93.5064,84.241,37.90749223,50.09707317,18.39210105,19.98833333,53.18040706,73.66043478,0.663905692,2.808344236,0.7424
055_TME10-1_30x_Str_02B_xyz-4241-12973-166,TME10-1,D2,Female,CPr,CPr_imv,67.9255,73.2223,5,100.34,61313.7,159.552,1.02494,228.59,3388.17,35,75,5,40,0.356524,81926.7,214.825,156.671,1.44362,122.884,122.304,85.8975,82.2488,39.12482008,45.17026667,17.20604788,18.532,58.30374576,68.47875,0.711258605,3.397377998,0.631519274
056_TME10-1_30x_Str_02B_xyz-4596-9837-258,TME10-1,D2,Female,CPr,CPr_imv,60.4699,74.7245,3,139.12,72316.5,178.919,1.02789,226.561,2692.85,19,45,7,26,0.438596,88141.7,243.862,147.456,1.20455,130.737,115.473,103.826,93.6623,50.82708767,59.83622222,17.54127183,18.55894737,75.15133771,90.00038462,0.749549133,4.056724088,0.792091837
057_TME10-1_30x_Str_02B_xyz-4682-11606-122,TME10-1,D1,Female,CPr,CPr_imv,77.95,73.0927,5,155.4,133096,195.76,1.02916,238.919,4018.55,29,63,5,34,0.323342,160507,218.354,196.909,1.19497,118.131,127.998,80.2598,82.494,54.65426611,63.78174603,18.58522299,19.34896552,85.41903818,101.6802941,0.764163389,4.371684262,0.732253086
058_TME10-1_30x_Str_02B_xyz-4821-9179-161,TME10-1,D2,Female,CPr,CPr_l,55.1193,59.86,4,112.52,69664.9,152.678,1.02382,174.061,2685.08,23,52,6,29,0.307246,85119.1,176.551,178.098,1.23829,133.353,126.054,88.8527,86.3993,45.68887097,51.63134615,22.48071534,23.93043478,64.09533923,73.60103448,0.76156785,4.312605812,0.710718002
059_TME10-1_30x_Str_02B_xyz-4986-17994-163,TME10-1,D1,Female,CPr,CPr_imd,72.7392,56.2496,3,100.65,58684.4,216.024,1.03918,255.57,1688.6,10,25,5,15,0.25,76477.7,303.761,139.38,1.22654,121.512,131.598,85.1937,85.7144,52.81572069,67.5388,29.7566769,34.695,68.18841655,89.43466667,0.732249857,3.732931602,0.892733564
060_TME10-1_30x_Str_02B_xyz-5099-15251-314,TME10-1,D1,Female,CPr,CPr_imd,49.655,57.3881,5,126.57,35600.9,163.265,1.02806,237.551,2097.75,15,34,4,19,0.480952,41178.1,182.043,162.484,1.20654,139.733,135.337,82.4421,85.5298,53.75858412,61.69352941,13.49379493,13.952,85.54657559,99.38421053,0.81732413,6.002053789,0.882086168
062_TME10-1_30x_Str_02B_xyz-5501-12507-59,TME10-1,D1,Female,CPr,CPr_imv,61.4785,67.436,5,145.26,90763.6,165.059,1.02917,245.29,3879.47,30,65,5,35,0.314762,112638,228.583,196.45,1.28726,132.654,128.684,90.3627,82.5388,50.17718336,59.67923077,20.48252075,21.50933333,75.6297513,92.39628571,0.73986373,3.869552456,0.830533236
063_TME10-1_30x_Str_02B_xyz-5561-13753-145,TME10-1,D1,Female,CPr,CPr_imv,60.4807,62.1651,5,164.74,141615,173.555,1.03042,246.801,4024.8,26,59,7,33,0.369231,166485,201.551,172.861,1.17066,133.158,129.095,92.1687,94.6119,57.65915441,68.21152542,16.67026457,17.34615385,89.95343126,108.2872727,0.785031776,4.904841811,0.745306122
064_TME10-1_30x_Str_02B_xyz-5564-10867-214,TME10-1,D1,Female,CPr,CPr_imv,53.31,70.2071,6,115.29,74452.8,177.072,1.02987,263.67,3724.51,29,63,5,34,0.440293,94232.8,191.68,169.59,1.19414,134.215,121.072,80.5334,79.0771,50.2382412,59.11396825,15.34966566,15.76655172,79.99614386,96.08676471,0.743708423,3.941971524,0.759259259
065_TME10-1_30x_Str_02B_xyz-5734-10510-120,TME10-1,D1,Female,CPr,CPr_imv,63.5611,78.3784,4,128.25,45367.7,181.967,1.03728,244.809,3144.84,18,45,9,27,0.333333,57042.2,205.786,177.918,1.1491,128.385,117.865,80.7362,78.0273,57.98068554,69.88022222,21.10532697,22.67833333,82.56425791,101.3481481,0.750834003,4.082771086,0.897740785
066_TME10-1_30x_Str_02B_xyz-5738-10216-332,TME10-1,D1,Female,CPr,CPr_l,84.9381,77.5397,3,132.97,90473.9,165.029,1.02912,225.967,3070.23,20,48,8,28,0.283333,112067,196.945,165.079,1.18795,112.519,122.397,104.876,117.676,53.73393643,63.958125,22.86981172,24.4625,75.77973979,92.16928571,0.751042441,4.087024728,0.788888889
068_TME10-1_30x_Str_02B_xyz-5831-13499-101,TME10-1,D2,Female,CPr,CPr_imv,67.83,82.6533,5,143.64,48728.1,159.664,1.02969,179.623,2992.52,26,56,4,30,0.348443,64344.2,187.987,180.38,1.2751,127.513,119.619,84.4101,91.5866,45.61640025,53.43285714,16.9505604,17.99730769,70.46012812,84.14366667,0.732568107,3.738469489,0.880859375
069_TME10-1_30x_Str_02B_xyz-5880-13601-278,TME10-1,D1,Female,CPr,CPr_imv,71.4765,67.4142,5,147.64,44819.6,155.153,1.02458,214.509,2610.37,21,47,5,26,0.406494,56176.2,180.854,188.251,1.28171,117.375,116.114,80.2192,80.7323,48.83930653,55.53531915,13.61071774,14.63666667,77.29316671,88.56884615,0.763092122,4.347126009,0.785714286
070_TME10-1_30x_Str_02B_xyz-5905-11319-95,TME10-1,D1,Female,CPr,CPr_imv,57.9882,64.2372,4,144.76,64698.3,161.883,1.03496,220.929,2926.15,19,45,7,26,0.235589,77933.5,186.855,177.712,1.22303,133.377,125.284,94.2937,93.9027,54.60750219,65.02066667,24.11646784,25.80368421,76.88941191,93.67923077,0.761638547,4.314196022,0.816326531
072_TME10-1_30x_Str_02B_xyz-6090-18520-110,TME10-1,D2,Female,CPi,CPr_imd,53.9715,60.0107,4,159.11,82472.9,150.956,1.02507,216.371,3027.23,21,48,6,27,0.555556,100838,185.348,178.042,1.18311,127.868,124.737,92.7353,84.0314,54.83514331,63.06208333,14.64867081,15.88904762,86.09128859,99.75222222,0.793316954,5.150002956,0.854934602
073_TME10-1_30x_Str_02B_xyz-6157-6468-399,TME10-1,D1,Female,CPr,CPr_l,86.4857,81.8087,6,98.33,93720,158.007,1.02967,220.486,3091.29,24,56,8,32,0.369841,117813,192.968,195.294,1.31828,105.796,114.13,107.205,90.7262,47.21189279,55.19714286,24.95045442,27.615,63.90797156,75.88375,0.726804987,3.640398323,0.853806228
074_TME10-1_30x_Str_02B_xyz-6490-15322-231,TME10-1,D2,Female,CPr,CPr_imd,70.0437,82.4805,5,155.53,85495.3,149.119,1.0353,205.078,3103.59,25,56,6,31,0.405397,109781,177.622,164.409,1.2476,122.899,115.041,103.249,103.363,45.62592366,55.41589286,18.79701598,19.6764,67.26213954,84.23806452,0.700677633,3.247880028,0.844811754
075_TME10-1_30x_Str_02B_xyz-7142-13776-278,TME10-1,D1,Female,CPr,CPr_l,64.8488,68.7825,6,92.7,29678.9,102.598,1.04845,139.153,1881.14,22,48,4,26,0.395743,41998.7,154.537,130.071,1.51252,123.608,113.935,79.7951,94.4389,30.17031483,39.184375,20.82954183,22.11045455,38.07404582,53.63153846,0.528298003,1.818514158,0.6875
076_TME10-1_30x_Str_02B_xyz-7387-8612-205,TME10-1,D2,Female,CPr,CPr_l,65.3866,80.6674,4,161.23,88990.6,142.885,1.0365,192.437,3137.27,20,47,7,27,0.456667,117815,205.814,165.881,1.21943,129.732,114.594,97.6637,90.4778,55.26596117,66.74531915,18.31432984,20.005,82.63753993,101.3677778,0.703618706,3.288251166,0.895362663
077_TME10-1_30x_Str_02B_xyz-7434-9661-262,TME10-1,D1,Female,CPr,CPr_l,64.9708,87.7314,4,159.53,125097,180.072,1.03054,250.584,3832,26,59,7,33,0.426923,157330,214.252,227.069,1.24211,132.211,115.511,88.8378,87.5428,54.63411261,64.94423729,23.69168449,25.97192308,79.01299537,95.64969697,0.705022688,3.307837004,0.718367347
079_TME10-1_30x_Str_02B_xyz-7489-14101-313,TME10-1,D1,Female,CPr,CPr_l,60.3514,64.3498,6,132.81,61955.4,163.066,1.02047,227.87,3371.75,25,56,6,31,0.504667,72619.9,183.529,168.821,1.25987,135.191,131.955,102.42,86.5296,53.54716012,60.205,17.4044537,17.8656,82.69450401,94.34967742,0.791450318,5.092871967,0.844811754
080_TME10-1_30x_Str_02B_xyz-7529-9896-76,TME10-1,D2,Female,CPr,CPr_l,70.7643,71.5334,5,89.22,30897.2,121.804,1.0351,123.09,1270.53,12,27,3,15,0.472222,42127.2,177.635,159.86,1.30219,110.565,120.669,95.9606,102.047,38.03762262,47.05074074,20.61580859,23.95333333,51.97507384,65.52866667,0.634165407,2.523142002,0.833910035
081_TME10-1_30x_Str_02B_xyz-7608-6957-325,TME10-1,D1,Female,CPr,CPr_l,61.5992,52.8353,6,53.18,32646.4,156.755,1.02263,214.909,1287.39,10,24,4,14,0.533333,38689.6,174.429,136.87,1.25,132.754,137.633,85.3032,79.3149,47.64060638,53.63625,18.14827855,20.146,68.70655484,77.55785714,0.820159398,6.119544288,0.91015625
082_TME10-1_30x_Str_02B_xyz-7682-7510-50,TME10-1,D1,Female,CPr,CPr_l,47.0759,56.2508,3,96.77,63290.9,168.947,1.02292,193.24,2584.5,19,48,10,29,0.403509,73716.2,190.227,150.11,1.33522,141.424,133.273,103.246,108.792,48.15763799,53.83854167,30.14364894,32.36894737,59.95990668,67.90482759,0.81340177,5.846071564,0.774193548
083_TME10-1_30x_Str_02B_xyz-7685-13974-319,TME10-1,D1,Female,CPr,CPr_l,65.6669,69.1036,3,111.49,41182.5,188.538,1.01899,275.799,1819.11,12,27,3,15,0.333333,49829.6,214.317,237.911,1.17416,128.842,121.602,85.6801,88.728,58.8852323,67.36888889,15.08786582,15.71333333,93.92312549,108.6933333,0.80592538,5.568170109,0.830449827
085_TME10-1_30x_Str_02B_xyz-8356-15319-233,TME10-1,D2,Female,CPr,CPr_l,60.8503,62.8668,5,133.1,51986,147.566,1.02024,230.521,2963.86,24,53,5,29,0.342677,62141.3,173.865,171.209,1.33003,132.1,129.717,97.5399,94.7235,49.58929468,55.91735849,20.63320703,21.59541667,73.55295342,84.32172414,0.771203367,4.539455575,0.889698231
086_TME10-1_30x_Str_02B_xyz-8388-12217-297,TME10-1,D1,Female,CPr,CPr_l,64.0371,71.6152,8,72.65,74814.8,152.996,1.03045,230.659,2438.68,19,43,5,24,0.437594,95072.7,197.875,149.519,1.24436,128.056,113.876,85.7666,93.2786,47.8458193,56.70883721,15.089745,16.59578947,73.77771146,88.465,0.732688474,3.740567821,0.75887574
089_TME10-1_30x_Str_02B_xyz-8923-12185-416,TME10-1,D2,Female,CPr,CPr_l,62.3661,60.5012,5,77.5,76400.2,139.617,1.02781,222.568,2538.27,21,48,6,27,0.369615,92244.8,166.273,191.261,1.24864,135.688,132.185,107.283,93.1793,45.66924002,52.87520833,13.37706103,14.25047619,70.78537923,82.91666667,0.77870592,4.731381104,0.897740785
090_TME10-1_30x_Str_02B_xyz-8976-14875-242,TME10-1,D2,Female,CPr,CPr_l,66.3761,72.2147,5,116.77,40911.8,146.716,1.03064,197.92,2321.32,18,39,3,21,0.633333,51836.4,201.075,151.8,1.25543,124.031,122.009,94.8654,109.816,49.17621837,59.51641026,13.1801989,13.71388889,80.02994935,98.77571429,0.726458574,3.634649257,0.810964083
091_TME10-1_30x_Str_02B_xyz-8993-15600-308,TME10-1,D2,Female,CPr,CPr_l,61.1587,79.831,5,162.78,40130.7,156.582,1.03143,214.441,2065.15,14,31,3,17,0.416667,51897.3,188.749,183.559,1.27322,127.259,112.944,120.946,128.765,55.41984062,66.61258065,17.22712966,18.42785714,86.87266141,106.2941176,0.708352756,3.355126384,0.789473684
092_TME10-1_30x_Str_02B_xyz-9085-14252-351,TME10-1,D1,Female,CPr,CPr_l,60.3582,66.5478,5,140.7,64397.4,165.14,1.02107,222.878,3588.41,28,60,4,32,0.451587,75030.9,186.111,193.157,1.28993,132.936,131.013,99.1126,96.8161,53.77331447,59.80183333,21.75473156,22.67892857,81.78957452,92.284375,0.820283197,6.124768775,0.917820069
093_TME10-1_30x_Str_02B_xyz-9408-10423-214,TME10-1,D1,Female,CPr,CPr_l,60.4171,69.9449,5,144.34,68716.1,171.123,1.0269,197.649,2440.07,20,44,4,24,0.244318,84871.2,190.583,181.229,1.27761,130.747,125.196,74.5408,67.0618,47.85503589,55.45227273,18.27760058,19.4975,72.50289865,85.41458333,0.760947957,4.298707125,0.763313609
096_TME10-1_30x_Str_03A_xyz-3299-12766-221,TME10-1,D1,Female,CPi,CPi_vl,61.4455,54.0491,5,150.3,78582.8,149.784,1.01565,226.34,4173.32,34,73,5,39,0.390374,92305.2,169.268,195.99,1.25146,128.567,134.405,92.1172,95.6438,52.38339236,57.16383562,16.56162954,17.09882353,83.61262148,92.09230769,0.814946092,5.906604535,0.877453896
098_TME10-1_30x_Str_03A_xyz-3444-11619-359,TME10-1,D2,Female,CPi,CPi_vl,69.9151,59.0656,5,119.18,69252,129.417,1.02308,169.21,3209.68,26,59,7,33,0.356643,82043.4,153.795,210.11,1.19545,124.98,136.195,87.3261,91.8118,48.78655386,54.3959322,11.95419931,12.49346154,77.80598472,87.41,0.83065617,6.592961569,0.894693878
099_TME10-1_30x_Str_03A_xyz-3464-11309-80,TME10-1,D2,Female,CPi,CPi_vl,78.5674,64.1799,5,145.75,95367.2,126.574,1.03071,203.921,3448.47,33,71,5,38,0.376046,122486,162.697,153.85,1.21527,109.082,126.584,92.7374,92.1757,41.18114959,48.56492958,13.27446795,14.04636364,65.41589943,78.54157895,0.747546414,4.016711856,0.80125
101_TME10-1_30x_Str_03A_xyz-3578-13596-70,TME10-1,D2,Female,CPi,CPi_vl,81.6996,63.16,5,127.46,71441.2,116.946,1.02457,158.16,2817.56,32,70,6,38,0.3398,89261,152.026,161.002,1.31208,113.524,128.906,94.3761,93.4923,35.39664978,40.24585714,17.7842963,19.1259375,50.22810533,58.03105263,0.771262672,4.54091775,0.7975
103_TME10-1_30x_Str_03A_xyz-3880-17390-201,TME10-1,D2,Female,CPi,CPi_dl,53.1482,57.8314,5,146.89,28735.6,145.176,1.01902,186.508,2853.6,26,57,5,31,0.379487,33799.9,157.744,182.882,1.35765,139.133,132.37,99.5148,101.384,45.36323748,50.0577193,19.59422389,20.74076923,66.97595855,74.64612903,0.803796847,5.493363113,0.770431589
104_TME10-1_30x_Str_03A_xyz-3947-10268-324,TME10-1,D2,Female,CPi,CPi_vl,63.3712,54.9133,4,98.72,72365.1,160.535,1.01891,248.538,2416.7,17,38,4,21,0.34902,85337.5,187.316,204.232,1.15556,131.02,134.841,95.4086,91.4118,56.21343108,63.59289474,10.8758198,11.33647059,92.91530687,105.8957143,0.845241178,7.370993113,0.877126654
105_TME10-1_30x_Str_03A_xyz-4164-13875-312,TME10-1,D1,Female,CPi,CPi_vl,56.3213,60.5064,7,134.75,62426.7,151.795,1.01836,203.787,3605.91,32,67,3,35,0.394593,74867.3,168.167,184.124,1.32188,137.81,133.228,75.2575,80.7875,49.04638935,53.81492537,14.77148298,15.2490625,80.3834466,89.07514286,0.802017018,5.432187385,0.794740687
108_TME10-1_30x_Str_03A_xyz-4439-18420-258,TME10-1,D2,Female,CPi,CPi_dl,60.2678,64.0529,6,108.78,56620.7,141.413,1.02321,208.24,3208.19,30,65,5,35,0.283089,69465.8,176.524,201.939,1.26759,127.825,128.582,86.9484,85.4978,43.705579,49.35123077,14.54053704,15.51533333,68.70418638,78.35342857,0.787782963,4.983885178,0.831994156
109_TME10-1_30x_Str_03A_xyz-4531-17040-139,TME10-1,D1,Female,CPi,CPi_dl,57.2894,71.6383,4,112.56,49263.4,151.694,1.03299,212.589,1726.36,15,33,3,18,0.3,64054.9,176.171,187.109,1.27703,131.95,122.584,90.0295,94.6477,43.6140731,52.30878788,19.92451212,21.55666667,63.35537392,77.93555556,0.691030406,3.121397045,0.84
110_TME10-1_30x_Str_03A_xyz-4541-9000-285,TME10-1,D1,Female,CPi,CPi_vl,60.7675,67.3263,5,134.21,55873.5,169.507,1.02554,244.701,3620.93,28,60,4,32,0.355945,69214.3,191.539,167.29,1.34718,132.389,127.86,94.0295,99.6129,52.79924807,60.34433333,15.31303955,16.14357143,85.59968053,99.02,0.754716344,4.163319635,0.827854671
111_TME10-1_30x_Str_03A_xyz-4787-14531-158,TME10-1,D2,Female,CPi,CPi_vl,71.2296,67.2774,5,135.24,85431.1,127.26,1.02478,205.6,3220.01,30,65,5,35,0.381111,106261,153.916,168.219,1.24667,118.908,126.466,92.8245,87.7189,43.25692521,49.53307692,15.23664759,16.225,67.27430603,78.08285714,0.766441904,4.42475247,0.872169467
112_TME10-1_30x_Str_03A_xyz-4814-11508-238,TME10-1,D2,Female,CPi,CPi_vl,62.8491,68.6805,7,85.14,66443.6,131.954,1.03619,217.71,2359.74,21,47,5,26,0.609826,82763.3,166.763,159.271,1.33333,129.11,125.315,100.847,86.3928,41.3944998,50.20212766,15.61216417,16.59904762,62.21869396,77.34307692,0.720315589,3.535317402,0.818877551
113_TME10-1_30x_Str_03A_xyz-4952-19014-72,TME10-1,D1,Female,CPi,CPi_dl,53.2625,58.1811,4,103.61,50698,148.455,1.01686,246.78,3130.29,25,60,10,35,0.341333,58598.5,171.888,159.93,1.31111,139.486,135.188,85.8413,102.085,48.03540316,52.1665,23.2901153,24.8872,65.71060878,71.65171429,0.835966621,6.858371933,0.872169467
114_TME10-1_30x_Str_03A_xyz-5020-19073-246,TME10-1,D2,Female,CPi,CPi_dl,54.272,66.2365,5,73.3,48504.4,165.917,1.022,247.676,3040.31,24,53,5,29,0.419841,57900.5,180.11,200.754,1.28287,135.594,124.167,79.5413,90.6134,50.85869434,57.35886792,16.72236542,17.15208333,79.10944931,90.63344828,0.766923939,4.436127456,0.907388137
115_TME10-1_30x_Str_03A_xyz-5046-18233-170,TME10-1,D2,Female,CPi,CPi_dl,61.3069,75.3387,5,94.16,28460.5,167.399,1.04112,219.5,1927.46,14,33,5,19,0.714286,37546.5,183.333,126.79,1.21882,129.435,113.186,91.1913,86.0807,48.02944669,58.40212121,13.84310631,14.12357143,73.21938171,91.02842105,0.669473675,2.868006702,0.74829932
116_TME10-1_30x_Str_03A_xyz-5111-15617-143,TME10-1,D1,Female,CPi,CPi_dl,53.5038,67.3447,7,159.23,51869.4,173.712,1.03224,257.51,2970.86,21,46,4,25,0.527778,66112.7,212.976,184.03,1.2644,139.785,123.747,90.244,81.8984,53.83800973,64.57913043,15.09825604,15.73333333,86.37940283,105.6096,0.736246672,3.803557671,0.90260631
117_TME10-1_30x_Str_03A_xyz-5595-14402-292,TME10-1,D1,Female,CPi,CPi_dl,64.5189,62.9329,7,166.42,47038.1,164.598,1.03523,264.76,2576.66,14,32,4,18,0.428571,56404.7,210.88,224.339,1.16547,127.295,121.236,81.4524,82.7618,66.97183785,80.515,15.49922491,16.04071429,107.0060924,130.6616667,0.793762737,5.163817411,0.8925
118_TME10-1_30x_Str_03A_xyz-6002-15825-164,TME10-1,D1,Female,CPi,CPi_dl,68.4025,63.0068,7,163.43,82364.1,170.825,1.02136,254.9,3460.07,28,59,3,31,0.385884,100791,187.783,182.011,1.3432,123.018,129.692,107.903,109.948,52.23210399,58.64101695,20.0445817,20.93857143,81.30470477,92.69483871,0.813017791,5.831193886,0.896235078
120_TME10-1_30x_Str_03A_xyz-6245-19273-210,TME10-1,D1,Female,CPi,CPi_dm,62.8828,65.6233,5,89.35,83467.6,146.484,1.02714,239.509,3060.09,26,57,5,31,0.292308,103658,174.125,185.78,1.34944,121.663,126.491,89.3859,103.329,46.55689874,53.68,23.6400896,25.98692308,65.77744834,76.90645161,0.764259249,4.373893914,0.842975207
121_TME10-1_30x_Str_03A_xyz-6333-12585-226,TME10-1,D2,Female,CPi,CPi_vl,62.564,72.109,7,177.26,45337.4,151.726,1.02578,201.83,3304.7,28,59,3,31,0.42619,56593.4,185.489,194.09,1.28499,128.727,124.31,102.192,107.311,48.58150417,56.00762712,16.82944885,17.65535714,77.26077993,90.6483871,0.726866713,3.641424423,0.824609734
122_TME10-1_30x_Str_03A_xyz-6838-12981-422,TME10-1,D2,Female,CPi,CPr_imv,66.5861,71.2132,4,73.84,64553,152.947,1.0273,194.082,2323.41,20,47,7,27,0.325,80947.8,190.358,148.717,1.18432,133.138,120.021,80.7111,83.8605,41.4477367,49.4293617,14.2305535,14.7445,61.60861315,75.12185185,0.7094731,3.371305693,0.910820452
123_TME10-1_30x_Str_03A_xyz-7415-16201-356,TME10-1,D1,Female,CPi,CPi_dl,66.8522,65.0327,5,130.69,55347.1,147.258,1.02366,237.53,3296.3,28,60,4,32,0.375,68941.6,176.864,164.96,1.26908,130.604,129.663,84.3747,87.5145,48.3813111,54.93316667,15.41828174,16.14964286,77.22396179,88.86875,0.769841367,4.506105495,0.852941176
125_TME10-1_30x_Str_03A_xyz-7531-13853-24,TME10-1,D1,Female,CPi,CPi_vm,75.3127,67.9879,6,80.75,73738.6,139.872,1.0396,206.559,2478.23,23,51,5,28,0.436715,92313.8,189.486,153.039,1.36691,116.116,123.734,86.686,79.4489,38.9764353,48.58764706,20.77122438,22.64,53.9307157,69.90178571,0.690974077,3.120684077,0.837777778
126_TME10-1_30x_Str_03A_xyz-7532-11089-185,TME10-1,D1,Female,CPi,CPi_vm,69.097,73.3275,5,131.65,121516,134.675,1.0273,212.88,4473.68,41,89,7,48,0.397696,154094,173.926,157.131,1.32584,122.137,122.197,91.7719,82.6074,43.46568954,50.2605618,21.88375636,23.53780488,61.90025747,73.08625,0.749303255,4.051773442,0.7536
127_TME10-1_30x_Str_03A_xyz-7691-6866-175,TME10-1,D1,Female,CPi,CPi_vm,50.7348,72.2697,5,155.16,49887.4,166.842,1.02058,200.675,2622.59,19,43,5,24,0.563158,61797.6,186.093,217.709,1.26882,137.453,121.652,70.0217,90.736,54.09021269,60.9855814,17.81118696,18.64842105,82.81110805,94.5025,0.736367359,3.805727267,0.822485207
128_TME10-1_30x_Str_03A_xyz-7707-7190-254,TME10-1,D1,Female,CPi,CPi_vm,57.8679,70.0579,5,119.21,41205.4,157.087,1.01764,202.048,2583.25,24,51,3,27,0.307239,50692.6,189.797,152.167,1.30651,137.128,127.86,90.313,92.1852,46.09012077,50.64647059,17.26702179,17.97958333,71.71065319,79.6837037,0.783082429,4.850186793,0.854934602
130_TME10-1_30x_Str_03A_xyz-8002-16486-147,TME10-1,D2,Female,CPi,CPi_dm,61.921,56.9551,7,118.74,78949.2,125.626,1.03452,191.93,3105.72,31,66,4,35,0.487274,100861,154.607,169.601,1.3135,127.484,124.038,79.2209,78.6306,39.447456,47.05166667,11.49584157,12.22354839,64.20460021,77.89942857,0.736173101,3.802236179,0.793279766
132_TME10-1_30x_Str_03A_xyz-8343-6489-66,TME10-1,D1,Female,CPi,CPi_vm,73.8703,78.7431,4,81.48,54964,206.419,1.03656,182.611,2135.12,19,44,6,25,0.382456,66299.5,238.412,162.562,1.19806,117.95,117.891,101.957,95.2855,41.86877316,48.52113636,14.44037763,15.33526316,62.71435377,73.7424,0.801409337,5.411580299,0.668038409
133_TME10-1_30x_Str_03A_xyz-8464-21009-114,TME10-1,D2,Female,CPi,CPi_dm,66.7241,63.5795,5,133.91,106726,143.743,1.0236,236.3,3494.65,32,69,5,37,0.397412,128725,172.089,133.847,1.31561,126.697,129.785,98.971,101.166,44.71526419,50.64130435,17.94306219,18.9984375,67.86960105,78.00810811,0.773118289,4.587099211,0.850756082
135_TME10-1_30x_Str_03A_xyz-8660-16826-314,TME10-1,D2,Female,CPi,CPi_dm,62.2591,71.1406,5,163.6,93223.3,142.871,1.02971,164.818,3484.96,27,60,6,33,0.460317,119889,188.394,161.302,1.21986,127.487,122.41,91.298,93.1952,49.13331227,58.07783333,16.3239251,17.70407407,75.97735633,91.11090909,0.749005342,4.045789523,0.860408163
136_TME10-1_30x_Str_03A_xyz-8695-7195-266,TME10-1,D1,Female,CPi,CPi_vm,69.3994,77.8165,4,179.95,81607.4,215.894,1.02516,233.47,2797.11,16,38,6,22,0.5125,96209.5,258.232,184.97,1.09573,124.246,124.554,91.2701,99.4581,65.2146119,73.60315789,13.75067309,14.176875,102.642931,116.8222727,0.813264502,5.840745131,0.765625
137_TME10-1_30x_Str_03A_xyz-8733-13513-184,TME10-1,D1,Female,CPi,CPi_vm,64.9461,70.4242,4,137.58,115310,178.537,1.03061,245.161,3807.05,30,65,5,35,0.317619,142577,247.717,186.263,1.29541,125.578,126.567,87.2882,81.7473,49.28240314,58.56507692,20.21099631,21.498,74.20075186,90.33685714,0.731504547,3.720019379,0.772096421
138_TME10-1_30x_Str_03A_xyz-8757-11654-291,TME10-1,D1,Female,CPi,CPi_vm,64.937,73.3364,4,166.39,57656.7,164.724,1.02461,237.41,3624.81,23,53,7,30,0.405797,69723.8,192.745,212.84,1.22398,134.661,125.293,77.4206,85.9414,59.1713275,68.38792453,21.28124205,22.82478261,88.22039301,103.3196667,0.765149311,4.394506446,0.833984375
139_TME10-1_30x_Str_03A_xyz-8787-20655-342,TME10-1,D1,Female,CPi,CPi_dm,74.9318,55.9183,4,116.34,34000.4,143.379,1.03485,228.51,2002.11,18,40,4,22,0.311111,40449,164.291,145.199,1.39093,115.305,130.224,79.1826,85.2177,43.47152673,50.04825,26.99108608,29.29,56.95552363,67.03227273,0.794603576,5.190056419,0.901041667
140_TME10-1_30x_Str_03A_xyz-8844-18527-46,TME10-1,D1,Female,CPi,CPi_dm,68.5664,74.0025,4,124.75,74075.5,163.066,1.0269,177.2,2657.61,27,60,6,33,0.320988,91221.8,204.886,162.112,1.31967,126.977,116.949,77.3538,72.6566,37.94834443,44.28866667,16.27181929,17.19666667,55.68368318,66.45484848,0.734190648,3.766932223,0.770612245
144_TME10-1_30x_Str_03A_xyz-9944-11594-433,TME10-1,D1,Female,CPi,CPi_vm,54.5965,77.6027,4,85.66,41126.7,149.816,1.02403,209.069,1396.18,12,29,5,17,0.411111,49452.9,183.619,134.762,1.43986,138.625,123.663,106.004,92.7859,41.52953063,48.13862069,26.78243714,28.63,51.93924368,61.90941176,0.735063477,3.78240352,0.822714681
146_TME10-1_30x_Str_03A_xyz-10207-10652-52,TME10-1,D1,Female,CPi,CPi_dm,80.3086,74.9595,5,163.27,77605.8,180.246,1.02992,278.19,2348.25,17,39,5,22,0.309524,97473,207.821,168.57,1.36373,123.65,124.253,67.9014,70.4813,52.12543538,60.20615385,28.41143424,31.81294118,70.44989081,82.14636364,0.778673006,4.730507437,0.831597222
147_TME10-1_30x_Str_03A_xyz-10209-12353-196,TME10-1,D1,Female,CPi,CPi_vm,67.0996,64.4182,5,175.13,166823,177.643,1.02188,209.859,4923.34,34,75,7,41,0.325178,203367,209.979,245.121,1.24835,127.257,129.11,81.7672,85.0956,57.41647806,65.6392,23.0727166,24.32294118,85.89667049,99.90146341,0.75068349,4.079704437,0.78420768
152_TME10-1_30x_Str_03A_xyz-11072-19731-298,TME10-1,D2,Female,CPi,CPi_dm,57.1011,79.4287,5,126.34,64710.4,126.43,1.02187,201.2,2474.89,20,46,6,26,0.506429,79736.6,155.842,151.921,1.21888,137.032,123.411,98.4411,103.563,47.69719775,53.79717391,19.08281032,20.365,69.70826501,79.51423077,0.786836041,4.956422809,0.869897959
154_TME10-1_30x_Str_03A_xyz-12134-18035-317,TME10-1,D2,Female,CPi,CPi_dm,73.1412,90.2625,5,60.81,49965.3,136.383,1.03435,195.412,2131.45,18,41,5,23,0.453704,68535.9,179.931,138.772,1.25791,117.684,103.299,87.6468,82.2021,42.58648897,51.98097561,16.65897088,17.71444444,62.87759008,78.79826087,0.657790855,2.745270834,0.8432
157_TME10-1_30x_Str_03B_xyz-3778-20637-329,TME10-1,D1,Female,CPi,CPi_dm,70.3754,62.6977,6,126.05,61901.7,145.762,1.02393,162.833,2140.9,17,39,5,22,0.502801,71032.1,163.166,168.342,1.21174,127.336,134.333,82.1293,76.0021,48.90806853,54.88948718,16.94335763,17.66176471,73.6080724,83.65636364,0.838847693,7.010562161,0.902777778
158_TME10-1_30x_Str_03B_xyz-3914-12798-142,TME10-1,D2,Female,CPi,CPi_vm,53.8487,46.9609,2,71.51,46381.8,185.54,1.03713,210.521,1194.9,3,10,4,7,0.333333,57212.3,246.546,252.121,1.08,129.616,130.749,76.9692,73.2274,96.90153368,119.486,30.23099625,32.07666667,125.4746211,156.9471429,0.767568116,4.451410655,0.888888889
160_TME10-1_30x_Str_03B_xyz-4158-14031-382,TME10-1,D1,Female,CPi,CPi_dl,57.8431,65.4248,6,86.57,79346.6,166.072,1.03195,266.96,2552.07,18,41,5,23,0.4,95847.4,200.381,129.65,1.22052,132.364,130.415,91.7258,83.9083,53.42964214,62.24,18.60349031,20.27222222,80.6848914,95.08434783,0.784259543,4.883058581,0.8896
161_TME10-1_30x_Str_03B_xyz-4182-11572-392,TME10-1,D1,Female,CPi,CPi_vm,70.9206,82.2174,7,178.36,67484.1,175.124,1.02669,234.24,2097.84,16,35,3,19,0.575,96184.8,240.118,145.14,1.43939,121.213,110.33,90.0432,88.2126,51.34942398,59.934,20.82371745,23.126875,77.0552821,90.92947368,0.747445468,4.014713729,0.784580499
162_TME10-1_30x_Str_03B_xyz-4356-15006-227,TME10-1,D2,Female,CPi,CPi_dm,70.6989,65.518,5,100.44,72122.7,163.009,1.03006,273.96,2609.7,20,47,7,27,0.516667,89502.2,191.52,130.042,1.34098,128.251,128.879,81.1023,82.1262,46.8629288,55.52021277,21.20180245,23.3825,65.87117053,79.32592593,0.751539458,4.097199511,0.746730083
164_TME10-1_30x_Str_03B_xyz-4400-13738-143,TME10-1,D1,Female,CPi,CPi_vm,80.0231,62.4773,6,121.73,80728,156.948,1.02446,257.932,2263.64,22,47,3,25,0.431097,101282,215.179,201.407,1.4308,114.814,127.785,85.1899,83.8329,43.04625835,48.15765957,26.23836298,28.285,57.83720628,65.6456,0.746515634,3.996391639,0.919067215
165_TME10-1_30x_Str_03B_xyz-4667-18619-117,TME10-1,D2,Female,CPi,CPi_dm,62.7247,70.8532,6,118.38,71239,132.168,1.03114,155.111,2943.25,29,63,5,34,0.468391,92899.2,157.693,139.689,1.29768,124.623,121.384,73.6876,80.352,39.0732508,46.71253968,12.83587327,13.57482759,61.45219046,74.97705882,0.689314205,3.099802728,0.810185185
167_TME10-1_30x_Str_03B_xyz-4922-18343-313,TME10-1,D1,Female,CPi,CPi_dm,80.1636,70.6016,5,97.52,79183.8,150.562,1.03218,201.479,2806.04,23,51,5,28,0.493996,104201,184.814,148.639,1.26993,113.706,115.742,89.9718,80.5302,44.77232259,55.01470588,17.07622129,18.68956522,67.52269151,84.85321429,0.713658845,3.432993988,0.791111111
168_TME10-1_30x_Str_03B_xyz-4978-9615-328,TME10-1,D1,Female,CPi,CPi_vm,67.3205,68.2858,5,129.9,45655.8,186.577,1.018,286.839,2287.42,17,38,4,21,0.473389,56376.8,230.767,188.543,1.33808,122.377,123.661,70.0874,81.5207,53.90437397,60.19026316,25.00015985,26.67352941,77.3030235,87.32285714,0.784260615,4.883088693,0.875236295
170_TME10-1_30x_Str_03B_xyz-5179-11842-478,TME10-1,D2,Female,CPi,CPi_vm,70.8949,66.75,7,104.92,39789.9,180.643,1.02559,235.211,1990.91,17,39,5,22,0.502334,50346.4,209.306,106.66,1.27221,119.504,121.286,97.4378,102.098,43.17874835,51.04487179,17.97810891,19.34235294,62.65196974,75.54227273,0.744564274,3.958422153,0.854166667
171_TME10-1_30x_Str_03B_xyz-5258-16119-335,TME10-1,D1,Female,CPi,CPi_dm,74.4855,49.3837,4,69.07,73666.1,188.719,1.02988,285.82,1987.82,12,29,5,17,0.416667,85901.8,231.005,193.4,1.1611,128.997,137.124,92.3201,82.3355,58.71514809,68.54068966,17.81678529,18.865,87.58458066,103.6058824,0.826262618,6.387031298,0.747922438
172_TME10-1_30x_Str_03B_xyz-5409-13513-250,TME10-1,D2,Female,CPi,CPi_vm,72.9845,60.9621,4,50.63,34240.6,109.869,1.05904,148.37,1290.28,11,25,3,14,0.29697,44108.7,162.631,82.0895,1.28623,113.673,117.78,103.858,99.711,38.1989581,51.6068,24.30961152,27.31090909,49.11201613,70.69642857,0.719382494,3.520650334,0.91015625
173_TME10-1_30x_Str_03B_xyz-5660-16319-299,TME10-1,D1,Female,CPi,CPi_dm,71.5806,57.7157,6,143.46,109636,161.667,1.02957,230.12,3440.29,24,53,5,29,0.366793,133547,230.97,167.953,1.16643,125.553,127.115,88.6723,92.8869,54.87134332,64.90622642,18.69548594,19.61583333,84.80998392,102.387931,0.777547955,4.700817,0.85119667
174_TME10-1_30x_Str_03B_xyz-5819-13262-347,TME10-1,D2,Female,CPi,CPi_vm,55.1678,64.952,6,117.48,59864.9,188.752,1.02782,243.23,3577.08,26,60,8,34,0.503846,73567.7,227.983,165.78,1.32575,133.7,123.567,89.0517,87.6607,50.85637332,59.6135,21.17935072,22.78615385,73.55056707,87.77558824,0.739488434,3.862610393,0.868055556
175_TME10-1_30x_Str_03B_xyz-6131-11985-220,TME10-1,D1,Female,CPi,CPi_vm,59.8328,66.7999,4,145.98,74153.6,158.166,1.02799,209.56,3237,23,53,7,30,0.436232,89012.8,187.36,204.075,1.28527,130.786,128.391,92.7222,94.6778,52.68285409,61.07056604,23.88378787,26.06391304,74.76213819,87.909,0.769427897,4.496067984,0.813476563
176_TME10-1_30x_Str_03B_xyz-6231-12319-298,TME10-1,D2,Female,CPi,CPi_vm,66.6254,67.2931,6,103.6,48098.3,162.55,1.02883,240.678,2618.59,20,44,4,24,0.566667,60839.6,193.53,119.879,1.25967,127.171,127.707,81.9761,85.0913,50.27799924,59.50818182,14.68614151,15.5385,79.93788068,96.14958333,0.770268317,4.516512463,0.847633136
177_TME10-1_30x_Str_03B_xyz-6387-20380-85,TME10-1,D1,Female,CPi,CPi_dm,66.8344,71.0888,7,67.03,90879.8,137.339,1.0258,218.8,3173.53,31,67,5,36,0.394931,112874,153.754,174.41,1.22105,127.326,123.895,89.4211,89.842,41.26300937,47.36149254,13.53847744,14.26645161,65.13691187,75.86,0.77756308,4.701213927,0.822714681
178_TME10-1_30x_Str_03B_xyz-6731-14997-325,TME10-1,D2,Female,CPi,CPi_vm,59.8978,66.4948,6,92.23,68264.8,164.533,1.02719,231.549,3568.82,30,65,5,35,0.337143,83269.9,191.834,151.052,1.31415,131.778,127.961,87.5826,77.8894,47.41641781,54.89984615,20.87298192,22.612,70.16793429,82.57514286,0.765135676,4.39418937,0.834185537
179_TME10-1_30x_Str_03B_xyz-6750-9268-391,TME10-1,D1,Female,CPi,CPi_vm,53.5841,65.1045,3,153.93,31329.8,171.94,1.03827,265.739,3151.89,17,41,7,24,0.247059,37017.6,200.69,185.369,1.15842,138.571,128.382,81.6469,76.025,65.29406953,76.87097561,18.66758612,19.61117647,98.32116194,117.43,0.784127022,4.879337869,0.875739645
180_TME10-1_30x_Str_03B_xyz-6950-13366-273,TME10-1,D1,Female,CPi,CPi_vm,60.6072,66.2674,6,190.8,135521,162.193,1.03314,263.22,4398.19,27,60,6,33,0.491358,165849,199.052,205.339,1.17981,129.841,128.068,88.4119,83.4261,61.68056454,73.29833333,12.38904678,12.91888889,102.0099882,122.699697,0.763079237,4.346832141,0.857959184
181_TME10-1_30x_Str_03B_xyz-7049-16469-230,TME10-1,D1,Female,CPi,CPi_dm,71.8842,83.9919,5,109.74,85953.1,139.61,1.03701,183.04,3126.17,29,63,5,34,0.402299,109231,172.549,134.78,1.32116,121.384,115.126,86.6323,85.8553,41.3023374,49.61714286,20.17355488,21.26482759,59.32394602,73.8,0.732270918,3.733297638,0.80787037
182_TME10-1_30x_Str_03B_xyz-7184-11601-138,TME10-1,D1,Female,CPi,CPi_vm,73.0543,74.4119,4,181.75,109604,168.335,1.03388,215.327,3431.09,21,50,8,29,0.406349,131141,225.211,224.615,1.18494,118.251,126.504,92.8705,95.4846,58.03723113,68.6178,23.00972833,24.5347619,83.40197453,100.54,0.761006393,4.300013897,0.772112383
183_TME10-1_30x_Str_03B_xyz-7293-19071-297,TME10-1,D2,Female,CPi,CPi_dm,58.385,73.7935,4,93.84,116180,172.076,1.03121,214.02,3616.96,24,53,5,29,0.329762,144681,205.49,217.302,1.16873,135.614,123.704,99.6168,92.9858,56.65292254,68.23924528,16.06661666,17.03208333,90.24158947,110.6175862,0.738001898,3.835329941,0.85119667
184_TME10-1_30x_Str_03B_xyz-7817-13822-374,TME10-1,D1,Female,CPi,CPi_vl,90.4866,77.8608,4,185.02,149481,175.734,1.03161,257.681,4365.49,29,64,6,35,0.29803,183859,214.69,187.736,1.14116,102.745,125.174,86.2532,88.5634,57.18126382,68.205625,15.99368867,16.65931034,91.3081118,110.9154286,0.756934623,4.210629049,0.814463112
185_TME10-1_30x_Str_03B_xyz-7993-14448-363,TME10-1,D2,Female,CPi,CPi_vm,57.9126,64.9279,6,177.05,114271,150.27,1.02961,196.98,4068.31,31,68,6,37,0.395699,145842,172.558,188.012,1.18568,136.462,125.735,93.7557,107.842,50.1930906,59.82338235,16.80294359,17.76580645,78.16861917,95.06081081,0.72581533,3.62401668,0.748191979
186_TME10-1_30x_Str_03B_xyz-8279-9787-330,TME10-1,D2,Female,CPi,CPi_vl,61.8307,73.8341,4,159.65,90309.4,185.513,1.0366,210.382,3134.32,20,46,6,26,0.341667,114359,226.154,198.889,1.20491,131.859,123.433,71.948,82.2299,55.77608032,68.13282609,18.78057592,20.7195,84.23416063,104.6046154,0.728635864,3.67105394,0.81377551
187_TME10-1_30x_Str_03B_xyz-8367-18903-135,TME10-1,D2,Female,CPi,CPi_dl,77.3587,75.1969,5,114.76,53668.1,143.532,1.03676,201.25,2028.58,18,40,4,22,0.418519,68899,169.292,172.47,1.35084,122.363,112.64,74.8542,69.0957,42.60473242,50.70975,18.84227084,20.78833333,62.04674643,75.19090909,0.720443534,3.537336989,0.829861111
188_TME10-1_30x_Str_03B_xyz-8441-13188-192,TME10-1,D2,Female,CPi,CPi_vm,68.3058,73.5765,7,56.27,71346.1,167.525,1.03103,229.657,2311.42,25,52,2,27,0.356095,90880.2,203.79,176.817,1.34778,122.657,114.748,85.5049,95.1015,38.18363886,44.44596154,14.6033606,15.5876,60.01722984,71.16666667,0.747229674,4.010448221,0.848989298
191_TME10-1_30x_Str_03B_xyz-9140-19405-354,TME10-1,D1,Female,CPi,CPi_dl,71.574,67.0649,6,136.64,125105,196.265,1.02427,247.4,3748.18,33,70,4,37,0.334199,153600,216.75,158.937,1.24078,126.49,128.371,97.1483,86.9327,47.29305126,53.54042857,16.64937566,17.70636364,74.62389707,85.50054054,0.788599835,5.00779631,0.770545694
192_TME10-1_30x_Str_03B_xyz-9250-13558-191,TME10-1,D2,Female,CPi,CPi_vl,64.6295,68.6875,6,150.91,104728,158.456,1.02955,206.491,3529.31,27,60,6,33,0.424691,130158,186.84,160.728,1.20326,128.65,126.43,81.1871,89.1165,49.62438485,58.81666667,13.97454085,14.76555556,78.79243903,94.85848485,0.736713967,3.81197051,0.857959184
195_TME10-1_30x_Str_03B_xyz-9353-13904-399,TME10-1,D1,Female,CPi,CPi_vl,64.1844,65.7717,5,151.57,158105,196.217,1.02765,294.53,4435.32,33,73,7,40,0.321212,195806,229.583,202.59,1.27893,129.404,124.811,89.1082,91.8824,52.44539173,60.75246575,22.76495451,23.95757576,76.93175243,91.10825,0.734142931,3.766089655,0.797619048
196_TME10-1_30x_Str_03B_xyz-9401-14905-236,TME10-1,D2,Female,CPi,CPi_vl,79.4702,65.5712,5,125.23,90791.2,153.703,1.02478,209.229,3159.61,31,66,4,35,0.275627,113506,183.757,143.681,1.24585,108.555,123.029,96.5707,93.4154,42.16845527,47.86787879,16.40857208,17.19709677,64.98435181,75.03342857,0.763269723,4.351180322,0.854638422
197_TME10-1_30x_Str_03B_xyz-9446-19266-183,TME10-1,D1,Female,CPi,CPi_dl,61.3784,80.6203,4,95.11,55414.4,154.323,1.03612,189.64,2318.16,15,37,7,22,0.422222,71948.8,179.999,145.441,1.14671,130.763,119.17,86.6512,112.22,50.80592989,62.64837838,15.45198407,17.28533333,74.91089294,93.57772727,0.719665123,3.525081486,0.831597222
198_TME10-1_30x_Str_03B_xyz-9449-12187-302,TME10-1,D2,Female,CPi,CPi_vl,81.6871,72.4254,5,173.53,127922,154.745,1.02668,209.007,4202.12,33,72,6,39,0.381962,158901,171.22,192.506,1.2192,116.143,121.228,97.9967,92.8822,50.24287863,58.35763889,16.38483473,17.73424242,78.8919927,92.73128205,0.767066723,4.439506911,0.848899465
199_TME10-1_30x_Str_03B_xyz-9823-15905-418,TME10-1,D1,Female,CPi,CPi_dl,55.7772,64.256,4,128.8,123385,158.027,1.02564,232.479,3849.98,30,66,6,36,0.296667,145674,172.799,178.216,1.2138,139.206,132.689,76.1594,81.412,51.82643697,58.32787879,18.86149341,19.66933333,79.29722327,90.54333333,0.792588148,5.127560392,0.845567867
201_TME10-1_30x_Str_03B_xyz-10009-15368-275,TME10-1,D2,Female,CPi,CPi_vl,87.0745,76.1008,6,134,62359.2,119.594,1.03114,181.85,2359.21,23,51,5,28,0.439752,78132.2,141.774,130.6,1.32338,105.53,114.43,99.9792,88.7312,38.69300873,46.25411765,16.74238115,18.0973913,56.72388139,69.38285714,0.70841731,3.356054898,0.761111111
202_TME10-1_30x_Str_03B_xyz-10379-19304-75,TME10-1,D2,Female,CPi,CPi_dl,67.9539,79.3984,5,80.24,50543.7,158.51,1.03236,195.43,1816.38,17,37,3,20,0.309804,66140,183.126,110.601,1.34174,119.125,108.569,98.4776,91.3445,40.19312878,49.08675676,19.86989105,21.28529412,57.46788086,72.718,0.669625724,2.869666929,0.834710744
203_TME10-1_30x_Str_03B_xyz-10998-12927-324,TME10-1,D2,Female,CPi,CPi_vl,81.125,71.1693,7,112.12,114045,152.436,1.02443,217.63,3593.15,33,69,3,36,0.418221,147336,172.986,168.02,1.27476,116.286,121.063,91.8892,95.395,45.41479296,52.06971014,15.41932903,16.41787879,72.91063489,84.75055556,0.754395501,4.156555615,0.909972299
204_TME10-1_30x_Str_03B_xyz-11025-11518-103,TME10-1,D2,Female,CPi,CPi_vl,67.9738,61.8123,5,114.46,75747.7,124.927,1.02759,170.65,2876.13,29,64,6,35,0.423824,95016.3,155.073,160.36,1.24917,126.761,130.298,77.7097,86.0777,39.64108991,44.9340625,14.10737346,15.01689655,60.79759782,69.72257143,0.781346233,4.802421441,0.815924032
205_TME10-1_30x_Str_03B_xyz-11304-16265-339,TME10-1,D1,Female,CPi,CPi_dl,78.4847,67.2004,5,148.13,126959,163.144,1.02464,261.14,3564.29,28,61,5,33,0.218531,152242,187.817,187.967,1.28797,119.147,131.197,80.8083,78.1182,51.11428478,58.42606557,25.22297962,27.05214286,73.08266492,85.04636364,0.790447083,5.062635052,0.85877551
206_TME10-1_30x_Str_03B_xyz-11401-12272-175,TME10-1,D1,Female,CPi,CPi_vl,56.383,61.5386,5,110.7,121052,148.641,1.02453,220.034,3663.79,30,64,4,34,0.410053,142773,181.939,196.484,1.18187,137.713,130.445,103.091,103.199,49.7587951,57.24140625,12.68282212,13.08,82.4728889,96.20735294,0.775175905,4.639301396,0.898919753
207_TME10-1_30x_Str_03B_xyz-11411-9935-449,TME10-1,D2,Female,CPi,CPi_vl,51.8195,63.0662,4,83.83,37140.4,153.221,1.02073,217.46,2349.81,20,46,6,26,0.341667,44806.9,184.482,168.38,1.23675,136.875,123.816,81.631,72.1212,45.62116798,51.07804348,16.97925559,17.8085,67.65340828,76.67,0.783172174,4.85267897,0.848214286
208_TME10-1_30x_Str_03B_xyz-11828-16117-417,TME10-1,D2,Female,CPi,CPi_dl,70.2839,61.416,4,127.17,98508.2,139.693,1.02275,220.91,3231.28,29,64,6,35,0.429885,116961,165.381,135.87,1.24533,123.612,133.22,91.7227,94.1572,44.77627318,50.4834375,15.39836926,16.12137931,69.117965,78.95485714,0.799593776,5.350842571,0.890430972
209_TME10-1_30x_Str_03B_xyz-11875-16699-395,TME10-1,D2,Female,CPi,CPi_dl,62.325,65.8633,6,148.29,60575,147.052,1.02278,194.047,3341.7,26,56,4,30,0.476557,73931.4,171.151,198.036,1.2636,133.189,127.698,92.5137,88.3944,52.38860564,59.66785714,15.97296497,16.62384615,83.94882756,96.97266667,0.779267835,4.746341448,0.876953125
210_TME10-1_30x_Str_03B_xyz-12248-16807-112,TME10-1,D2,Female,CPi,CPi_dl,87.2918,77.9887,4,108.37,71640.2,154.37,1.02146,201.351,2478.93,20,47,7,27,0.283333,86847.1,178.963,176.737,1.20545,104.179,125.109,82.917,83.2836,47.39354525,52.73893617,23.16911977,24.634,65.33756413,73.55740741,0.782274647,4.827857908,0.878715815
211_TME10-1_30x_Str_03B_xyz-12600-17687-221,TME10-1,D2,Female,CPi,CPi_dl,62.306,61.4045,8,134.68,91088.7,132.773,1.02575,194.341,3463.19,34,73,5,39,0.293572,111788,146.11,168.058,1.24255,129.671,130.745,90.5635,84.2181,41.05716193,47.43589041,16.30765299,17.16029412,62.63365691,73.83,0.769183244,4.490147567,0.790005949
212_TME10-1_30x_Str_03B_xyz-12648-16119-318,TME10-1,D2,Female,CPi,CPi_dl,77.6323,61.3108,5,157.71,92677.6,153.508,1.02394,209.45,3311.4,28,61,5,33,0.460544,111790,176.997,206.1,1.21979,117.519,129.224,77.5324,87.7061,47.00734434,54.28,14.32719624,14.76892857,74.73595485,87.80454545,0.771111509,4.537192415,0.820408163
214_TME10-1_30x_Str_03B_xyz-13096-16055-84,TME10-1,D2,Female,CPi,CPi_dl,62.2638,60.6082,4,67.44,37546,123.47,1.02098,184.489,1402.82,17,37,3,20,0.394118,45757.9,155.741,164.779,1.32899,124.755,133.472,94.4907,91.2582,33.79885232,37.90945946,17.04504561,18.21882353,48.03958803,54.6465,0.785420155,4.915863301,0.801652893
216_TME10-1_30x_Str_04A_xyz-1680-10788-63,TME10-1,D1,Female,CPi,CPi_vl,62.9,64.6899,9,130.27,140724,196.048,1.02259,220.609,3886.07,45,93,3,48,0.501656,178782,216.682,185.2,1.41494,128.525,127.867,88.3493,93.3903,37.1798557,41.78053763,15.02664885,15.43355556,57.94848713,66.48083333,0.7099531,3.378279865,0.8088
217_TME10-1_30x_Str_04A_xyz-1681-13389-277,TME10-1,D1,Female,CPi,CPi_vl,79.5331,58.869,4,137.63,103026,208.71,1.02582,264.852,2648.04,17,38,4,21,0.364706,125850,231.558,209.052,1.20327,111.633,126.942,84.4253,94.8365,59.823,69.67973684,22.60512024,23.81941176,89.9517598,106.8047619,0.745190212,3.970531257,0.810964083
218_TME10-1_30x_Str_04A_xyz-2481-13053-252,TME10-1,D1,Female,CPi,CPi_vl,71.6424,70.652,4,147.07,108832,144.013,1.02728,197.436,3603.08,28,63,7,35,0.355159,132036,162.973,162.047,1.23434,123.653,124.415,82.0236,81.3469,49.91237092,57.18634921,19.26110736,20.45,74.43338176,86.57542857,0.80032657,5.375209183,0.855368882
219_TME10-1_30x_Str_04A_xyz-2931-9917-289,TME10-1,D2,Female,CPi,CPi_vl,83.7971,73.6381,8,156.1,88844.1,124.304,1.02561,184.601,3453.43,36,78,6,42,0.502766,117024,200.226,162.559,1.38154,113.936,122.891,83.244,91.2457,38.18552117,44.26948718,17.87933695,19.25472222,55.59082192,65.71071429,0.749486204,4.055456009,0.795454545
220_TME10-1_30x_Str_04A_xyz-2942-11247-77,TME10-1,D1,Female,CPi,CPi_vl,63.6432,59.7168,4,132.14,101215,143.984,1.02369,216.14,2964.23,27,58,4,31,0.180658,121640,174.076,181.802,1.23852,132.39,134.102,87.9426,73.6227,45.08300037,51.10293103,17.6325271,18.6362963,68.99147708,79.38032258,0.778944435,4.737720945,0.90174472
222_TME10-1_30x_Str_04A_xyz-3358-11872-95,TME10-1,D1,Female,CPi,CPi_vl,80.143,58.7877,6,164.39,113768,159.989,1.02368,204.989,3111.97,29,61,3,32,0.460345,137358,174.525,163.47,1.32297,108.593,134.999,95.3429,93.5497,45.3146,51.01032787,16.67178599,17.74068966,71.27215019,81.1609375,0.806430715,5.58619981,0.934256055
223_TME10-1_30x_Str_04A_xyz-3430-10125-212,TME10-1,D2,Female,CPi,CPi_vl,60.0108,67.4564,5,143.38,51320.6,128.921,1.02315,168.511,3450.52,37,79,5,42,0.39897,62205.7,142.457,151.692,1.35739,129.13,130.138,91.2247,93.5785,38.4994958,43.67240506,14.35517838,14.86972973,59.76948972,69.04619048,0.763569722,4.358044165,0.815082645
224_TME10-1_30x_Str_04A_xyz-3553-13053-210,TME10-1,D2,Female,CPi,CPi_vl,84.2783,71.6355,4,128.9,92560.6,127.717,1.02757,188.56,3265.98,29,63,5,34,0.264696,116879,155.972,157.471,1.2327,111.519,124.865,94.7383,95.7661,44.54827808,51.83603175,15.0730028,16.15586207,69.68895406,82.26911765,0.751088214,4.087959892,0.912037037
225_TME10-1_30x_Str_04A_xyz-3761-14541-376,TME10-1,D2,Female,CPi,CPi_vl,72.4279,68.8506,5,122.26,87763.1,118.39,1.0273,171.91,3390.85,37,79,5,42,0.38018,108143,149.817,142.74,1.27547,117.559,126.951,93.3202,90.8539,37.36484868,42.91708861,14.92028523,15.77189189,57.13744029,66.83071429,0.731939612,3.727547049,0.850206612
226_TME10-1_30x_Str_04A_xyz-3801-8953-39,TME10-1,D1,Female,CPi,CPi_vl,75.4001,60.653,5,103.04,80753.3,171.554,1.02055,207.959,2745.76,27,61,7,34,0.47284,95922,187.824,189.376,1.24261,120.704,132.515,80.978,85.3708,40.07630024,45.00770492,14.84491994,15.69185185,60.11298459,68.28794118,0.810437016,5.732942253,0.80632716
228_TME10-1_30x_Str_04A_xyz-4334-12244-25,TME10-1,D1,Female,CPi,CPi_vl,53.1987,53.269,4,94.79,23584.1,150.37,1.02057,221.869,2281.79,20,44,4,24,0.351667,26624.8,163.66,192.342,1.35103,141.015,140.28,89.1291,94.9002,47.2039208,51.85363636,18.4240514,18.933,71.1871453,79.2875,0.832564478,6.686172862,0.911242604
229_TME10-1_30x_Str_04A_xyz-4620-8836-208,TME10-1,D2,Female,CPi,CPi_vl,68.0324,62.8803,5,124.69,76005,145.579,1.02967,199.867,2789.8,28,61,5,33,0.315986,94552.5,162.099,142.378,1.3266,127.009,129.485,109.886,105.111,39.19371368,45.72868852,16.15737419,16.90535714,58.7396987,70.18484848,0.740899486,3.888827277,0.862040816
230_TME10-1_30x_Str_04A_xyz-4642-15412-149,TME10-1,D1,Female,CPi,CPi_dl,59.4284,58.5003,6,135.35,167782,148.274,1.02166,238.692,4856.09,38,83,7,45,0.452632,196183,176.541,220.71,1.25452,135.228,134.096,91.7986,88.422,52.52695804,58.50192771,20.16518026,21.13868421,79.8546815,90.05311111,0.815972081,5.94744781,0.893617021
231_TME10-1_30x_Str_04A_xyz-4926-8051-112,TME10-1,D2,Female,CPi,CPi_vl,65.7066,68.0025,6,141.94,114516,143.785,1.02906,189.915,4098.69,39,82,4,43,0.395824,143975,176.817,175.917,1.30219,125.037,126.464,88.4435,84.158,42.89856487,49.97890244,15.75143219,16.84153846,67.52038288,80.03372093,0.755994791,4.190468403,0.821728395
232_TME10-1_30x_Str_04A_xyz-5081-7597-377,TME10-1,D2,Female,CPi,CPi_vl,67.3965,68.3592,4,91.94,49669.7,125.471,1.038,193.97,2117.13,20,45,5,25,0.39881,63020.3,153.951,135.19,1.25474,130.98,124.216,85.7413,99.1632,38.64132105,47.04266667,13.45459736,14.2015,58.7907,73.3156,0.719921247,3.52910564,0.884773663
233_TME10-1_30x_Str_04A_xyz-5108-19359-294,TME10-1,D1,Female,CPi,CPi_dl,73.2677,64.7892,5,115.73,69973,179.973,1.02628,230.98,2050.75,16,36,4,20,0.519345,85741.3,210.772,180.85,1.14958,120.437,124.512,72.2882,81.0475,49.3407594,56.95972222,15.73641154,16.486875,76.22423769,89.338,0.785953758,4.931078671,0.863636364
234_TME10-1_30x_Str_04A_xyz-5439-16357-293,TME10-1,D2,Female,CPi,CPi_dl,62.364,58.2205,4,108.48,80999.3,152.956,1.02243,191.69,2954.87,27,60,6,33,0.285185,97472.5,171.649,175.09,1.27438,132.21,132.997,91.52,86.451,43.25072558,49.24283333,19.38125188,20.92296296,62.78029498,72.41363636,0.765158861,4.394728553,0.793469388
235_TME10-1_30x_Str_04A_xyz-5636-11222-77,TME10-1,D1,Female,CPi,CPi_vl,53.8525,63.664,6,150.24,73949.5,148.117,1.02176,184.859,4442.46,41,89,7,48,0.370806,90918.5,171.622,190.62,1.36347,137.035,128.933,81.9056,81.5002,44.36359562,49.90966292,19.44126182,20.63658537,65.65142242,74.91375,0.77216579,4.563289384,0.866
236_TME10-1_30x_Str_04A_xyz-5741-9535-173,TME10-1,D1,Female,CPi,CPi_vl,67.8996,64.9568,6,139.49,88347.5,134.827,1.02654,188.117,3470.51,27,60,6,33,0.411523,106196,171.955,167.741,1.19851,122.808,131.134,99.1798,94.2126,50.60435113,57.83666667,13.99785269,14.71296296,80.55512259,93.11969697,0.792749549,5.132515314,0.87755102
237_TME10-1_30x_Str_04A_xyz-6027-12179-70,TME10-1,D1,Female,CPi,CPi_vl,59.0005,56.7118,4,152.49,47110.1,156.25,1.02155,187.213,2764.09,22,49,5,27,0.448485,55247.9,179.139,163.235,1.23404,135.28,134.403,89.3665,95.2139,49.7845161,56.40489796,16.73622185,17.335,76.71275585,88.23962963,0.805568389,5.55549612,0.915576694
238_TME10-1_30x_Str_04A_xyz-6334-18422-354,TME10-1,D2,Female,CPc,CPi_dl,64.1024,66.6758,4,85.49,42964.5,128.13,1.02921,184.989,1756.75,14,33,5,19,0.5,53056,165.418,127.241,1.2983,131.558,126.943,86.1277,87.118,44.64987687,53.22939394,27.56219929,30.085,57.2407972,70.28315789,0.75850957,4.244805285,0.85260771
239_TME10-1_30x_Str_04A_xyz-6516-9114-296,TME10-1,D2,Female,CPi,CPi_vm,70.3535,77.6265,4,169.91,91996.1,155.613,1.02963,220.97,3325.45,25,54,4,29,0.284381,117791,191.685,193.122,1.24542,127.426,120.816,93.3386,85.9215,51.88807201,61.57759259,18.44633991,20.3108,80.7171514,97.15241379,0.738868547,3.851192517,0.890738814
240_TME10-1_30x_Str_04A_xyz-6748-10554-103,TME10-1,D2,Female,CPi,CPi_vl,80.3341,71.5407,6,181.22,125507,147.821,1.0264,212.479,4158.07,34,72,4,38,0.386134,165478,238.858,211.163,1.21458,112.843,118.609,103.281,94.3643,49.38991046,57.74625,14.54040742,15.50852941,80.57104475,95.53789474,0.766909377,4.43578305,0.90375
241_TME10-1_30x_Str_04A_xyz-6944-20053-98,TME10-1,D2,Female,CPi,CPi_dm,70.707,80.7683,5,139.85,72599,131.602,1.02969,174.929,2519.2,22,48,4,26,0.510606,94094.1,161.724,171.14,1.25809,128.344,120.044,90.4686,85.8465,43.64182398,52.47854167,19.78136178,20.79863636,63.83144584,79.28461538,0.678524373,2.969842196,0.890306122
242_TME10-1_30x_Str_04A_xyz-7007-17495-29,TME10-1,D1,Female,CPi,CPi_dl,62.3484,66.1677,6,72.24,31359.4,145.578,1.02029,188.31,1901.59,20,43,3,23,0.44,38228.8,161.08,157.88,1.33471,128.566,124.999,94.899,85.386,39.4429306,44.21906977,13.74021718,14.245,61.79311618,70.28347826,0.786328088,4.941803049,0.9104
243_TME10-1_30x_Str_04A_xyz-7043-9001-406,TME10-1,D1,Female,CPi,CPi_vm,72.9023,74.1056,5,94.54,48622.9,167.656,1.03149,207.363,1660.37,15,34,4,19,0.383333,61773.1,196.95,172.237,1.48748,124.195,121.573,110.269,112.57,40.66217224,48.83058824,27.3734712,29.64733333,51.15325201,63.97526316,0.722614514,3.571920277,0.818594104
244_TME10-1_30x_Str_04A_xyz-7128-14630-128,TME10-1,D1,Female,CPi,CPi_vl,60.0335,72.3997,7,106.17,154776,179.578,1.03003,248.74,4482.06,32,71,7,39,0.408036,188411,201.97,197.76,1.29134,128.518,124.691,89.9811,88.5032,54.17727995,63.12253521,23.71734416,25.93125,79.17004777,93.63846154,0.758003906,4.233778489,0.824509221
246_TME10-1_30x_Str_04A_xyz-7296-12800-206,TME10-1,D2,Female,CPi,CPi_vl,60.1141,66.4063,7,123.32,106438,145.35,1.02823,221.061,3734.62,33,71,5,38,0.377946,131177,166.111,180.119,1.29834,128.858,127.066,80.9429,82.5107,45.00813779,52.59492958,13.76810598,14.53969697,72.1376391,85.64289474,0.752002906,4.106727902,0.87375
249_TME10-1_30x_Str_04A_xyz-7483-9490-194,TME10-1,D2,Female,CPi,CPi_vm,83.7991,64.9336,4,106.42,71285,137.757,1.03906,224.581,2647.4,24,53,5,29,0.28125,87612.1,175.015,124.86,1.32325,110.989,131.624,93.6769,88.4045,41.38920532,49.94603774,19.58136102,21.68375,59.43707646,73.33551724,0.750565164,4.077296478,0.799167534
250_TME10-1_30x_Str_04A_xyz-7806-15758-150,TME10-1,D1,Female,CPi,CPi_dl,61.969,57.8683,6,133.63,103439,142.458,1.02953,195.39,2811.27,21,46,4,25,0.477778,130031,181.484,166.681,1.13399,127.1,129.985,83.0492,81.5554,51.36544036,61.10956522,11.05514614,11.47714286,85.2260875,102.8008,0.740388194,3.879291099,0.838134431
252_TME10-1_30x_Str_04A_xyz-8069-10320-104,TME10-1,D1,Female,CPi,CPi_vm,63.5793,63.0531,6,157.98,115583,176.506,1.03164,279.888,3692.3,28,61,5,33,0.46746,140157,204.558,198.979,1.27075,126.899,128.095,90.5046,85.1724,51.78311352,60.52491803,21.15876895,22.5775,77.76740587,92.72272727,0.768599284,4.476072524,0.879183673
254_TME10-1_30x_Str_04A_xyz-9030-15659-343,TME10-1,D1,Female,CPi,CPi_dm,71.2729,66.6015,5,156.26,110687,182.794,1.0229,236.84,3584.19,33,71,5,38,0.371212,135947,204.058,169.871,1.3,122.826,127.507,90.4143,97.8893,44.84867677,50.47647887,20.27367798,21.52878788,66.19012309,75.61526316,0.764508627,4.379651659,0.7975
256_TME10-1_30x_Str_04A_xyz-9194-18149-390,TME10-1,D2,Female,CPc,CPc_d,67.1809,59.9401,6,121.7,42916.8,147.759,1.02611,220.181,2697.53,27,60,6,33,0.53251,51186.8,167.227,148.715,1.3511,121.329,128.308,99.6307,106.375,39.52709186,44.9535,15.31867618,16.12666667,59.33397742,68.53909091,0.780727786,4.785610488,0.859591837
257_TME10-1_30x_Str_04A_xyz-9228-19990-288,TME10-1,D2,Female,CPi,CPi_dm,62.0445,60.1271,6,116.25,71853.6,132.707,1.02456,195.62,2741.46,30,64,4,34,0.367345,90121.5,158.025,137.361,1.33565,128.593,133.417,86.4188,88.6488,37.87112443,42.83015625,14.89921057,16.10233333,58.14046018,66.41352941,0.775986972,4.660171991,0.880401235
258_TME10-1_30x_Str_04A_xyz-9238-18008-254,TME10-1,D1,Female,CPi,CPi_dm,58.2278,61.5801,4,136.77,96479.3,161.834,1.01804,236.18,3872.34,32,70,6,38,0.427381,111845,184.666,136.789,1.27755,135.03,131.143,79.9553,79.5846,49.82258627,55.31428571,18.97116543,19.57875,75.80273014,85.40736842,0.822209482,6.207107708,0.840625
259_TME10-1_30x_Str_04A_xyz-9318-18925-166,TME10-1,D2,Female,CPi,CPi_dm,73.9556,77.4756,5,95.29,92649.8,154.452,1.03347,227.131,3431.75,30,67,7,37,0.456667,118407,206.757,138.41,1.31161,118.215,124.869,91.1313,93.4437,42.29748821,51.21492537,17.13168775,18.628,62.70219129,77.63675676,0.706122827,3.32332876,0.767258383
260_TME10-1_30x_Str_04A_xyz-9938-20737-147,TME10-1,D1,Female,CPi,CPi_dm,64.3361,70.2438,6,141.75,88073.3,139.884,1.03101,222.9,3418.71,27,59,5,32,0.359521,111224,169.761,154.529,1.22513,132.556,125.237,90.5915,82.0961,49.03185548,57.93949153,18.86280155,20.31740741,74.48699473,89.683125,0.753928614,4.146747707,0.847750865
261_TME10-1_30x_Str_04A_xyz-10570-18354-225,TME10-1,D2,Female,CPi,CPi_dm,82.4502,86.8926,5,115.15,78636.5,138.439,1.02883,193.14,3060.93,30,64,4,34,0.365,103573,166.28,148.169,1.25333,113.87,114.536,84.2541,80.7177,39.97224661,47.82203125,13.29531365,14.03933333,63.51071686,77.63029412,0.679584189,2.982181048,0.733024691
262_TME10-1_30x_Str_04A_xyz-10662-18832-433,TME10-1,D1,Female,CPc,CPc_d,50.9424,78.7225,2,63.86,21783.7,139.871,1.0234,198.701,853.286,8,20,4,12,0.25,25961.1,159.995,97.5312,1.18274,135.666,112.499,93.0608,101.427,37.36963328,42.6585,20.74522532,21.32,48.45257192,56.88416667,0.77947101,4.75177166,0.928571429
263_TME10-1_30x_Str_04A_xyz-10673-19806-238,TME10-1,D2,Female,CPi,CPi_dm,58.011,69.452,7,84.83,52759,132.764,1.02321,190.539,3399.22,33,74,8,41,0.500505,64083.6,165.368,143.229,1.4014,129.491,121.693,89.7839,93.9984,40.48443757,45.93027027,19.62633099,20.58878788,57.2726697,66.32707317,0.765953272,4.413275018,0.824770146
264_TME10-1_30x_Str_04A_xyz-10760-20172-148,TME10-1,D1,Female,CPi,CPi_dm,66.8301,74.8304,3,135.22,23097.2,147.253,1.02773,187.179,1480.98,10,24,4,14,0.233333,29700.8,186.27,158.584,1.14206,127.644,110.379,85.2654,81.0897,51.49340254,61.7025,17.46747548,18.441,75.79763616,92.60357143,0.710933553,3.392604998,0.76953125
265_TME10-1_30x_Str_04A_xyz-10951-19560-388,TME10-1,D1,Female,CPc,CPc_d,57.5605,59.8305,5,143.98,83279,165.251,1.0191,251.481,3671.21,29,67,9,38,0.398925,94684,181.527,186.69,1.25415,134.723,129.945,93.7357,92.3363,49.8221718,54.78940299,18.3797412,19.42310345,73.81771094,81.77947368,0.832365343,6.676335309,0.705625
266_TME10-1_30x_Str_04A_xyz-11494-18673-129,TME10-1,D1,Female,CPi,CPi_dm,72.8108,62.6553,4,161.6,123121,165.793,1.02936,206.64,4107.37,32,72,8,40,0.333333,148633,197.72,194.2,1.2313,116.86,126.573,88.4484,96.6442,48.84544992,57.04208333,20.02304254,21.4453125,71.90337582,85.5195,0.771713117,4.552051337,0.836734694
268_TME10-1_30x_Str_04A_xyz-12036-19310-306,TME10-1,D2,Female,CPi,CPi_dm,78.1776,69.6292,6,103.48,68329.7,143.26,1.02834,201.68,2612.85,24,55,7,31,0.417725,84736.2,158.148,118.6,1.24544,118.209,125.611,99.0691,90.0865,40.4270716,47.50090909,17.16434927,18.21041667,58.43692114,70.17741935,0.719411347,3.521102246,0.8815427
269_TME10-1_30x_Str_04B_xyz-2647-16508-284,TME10-1,D1,Female,CPi,CPi_dm,54.9588,85.4915,5,125.61,59747.2,131.67,1.03563,168.91,1965.07,14,33,5,19,0.35102,81114.8,167.219,173.929,1.15926,139.228,108.108,88.5343,86.1107,48.8337694,59.54181818,17.9935046,19.32857143,71.55817504,89.17263158,0.683188914,3.024829439,0.784580499
272_TME10-1_30x_Str_04B_xyz-3733-15549-325,TME10-1,D2,Female,CPi,CPi_vm,60.2664,68.6276,5,98.23,92430.2,170.659,1.02986,219.021,3100.41,24,53,5,29,0.397222,114270,208.848,155.72,1.1592,132.942,127.911,90.563,88.6608,49.59069041,58.49264151,13.33772981,14.19583333,79.59314056,95.15206897,0.780914623,4.79067806,0.868886576
277_TME10-1_30x_Str_04B_xyz-4115-10764-125,TME10-1,D2,Female,CPi,CPi_vm,55.9801,58.9632,5,121.5,56820.1,139.804,1.02751,188.74,3812.03,33,73,7,40,0.415825,70333.2,159.378,148.95,1.28933,130.334,129.169,104.831,102.383,45.41641348,52.21438356,15.8285675,16.51121212,69.82638642,81.6695,0.774763041,4.628741733,0.79478458
278_TME10-1_30x_Str_04B_xyz-4707-12620-341,TME10-1,D2,Female,CPi,CPi_vm,63.2582,69.5715,6,123.05,59541.8,149.888,1.02267,195.75,3780.98,39,83,5,44,0.32735,76106.5,179.597,161.719,1.44622,124.161,120.944,86.3134,95.6967,40.03296376,45.54915663,15.95059509,17.06564103,61.37869963,70.79590909,0.740816803,3.887282317,0.757088847
279_TME10-1_30x_Str_04B_xyz-4725-16437-244,TME10-1,D1,Female,CPi,CPi_dm,59.944,63.8524,5,96.43,40965.1,148,1.0272,191.47,1723.04,17,38,4,21,0.456583,49787.2,187.124,131.146,1.32689,128.257,132.546,86.1008,84.2876,37.99755758,45.33736842,20.59705788,21.91411765,52.08367638,64.29904762,0.788462952,5.00377516,0.748582231
280_TME10-1_30x_Str_04B_xyz-5003-7709-292,TME10-1,D2,Female,CPi,CPi_vm,84.0659,68.0136,4,81.22,65962,148.588,1.02904,225.071,2113.24,16,37,5,21,0.59375,79476.5,176.617,210.28,1.21413,111.239,122.711,79.6304,90.9051,48.09293752,57.10918919,23.21727761,24.439375,67.04582126,82.00047619,0.774140128,4.612891108,0.846880907
283_TME10-1_30x_Str_04B_xyz-5372-15490-204,TME10-1,D1,Female,CPi,CPi_vl,57.0283,58.5598,5,147.2,131673,157.832,1.02246,252.92,4004.3,36,77,5,41,0.414153,157589,181.741,165.6,1.304,134.624,131.366,77.2841,70.2329,46.54130892,51.99896104,21.03024296,22.3425,68.94126928,78.03878049,0.789108886,5.022801464,0.840995133
287_TME10-1_30x_Str_04B_xyz-6156-8393-363,TME10-1,D1,Female,CPi,CPi_vm,79.0201,75.5569,4,129.89,73621.4,143.197,1.03208,193.763,2848.14,26,59,7,33,0.388462,93933.3,193.018,138.67,1.2644,118.081,118.901,105.402,98.8621,40.81548882,48.26881356,21.58351816,22.80115385,55.96795055,68.33424242,0.751322582,4.092754135,0.81877551
292_TME10-1_30x_Str_04B_xyz-6684-11189-311,TME10-1,D2,Female,CPi,CPi_vm,77.7766,70.3762,6,111.58,105525,127.819,1.03304,177.529,3683.15,32,70,6,38,0.516791,142726,207.383,170.899,1.29612,113.233,118.981,93.2343,90.2244,43.84802656,52.61185714,16.65360414,18.720625,66.74859281,81.15184211,0.717382995,3.48958168,0.8575
293_TME10-1_30x_Str_04B_xyz-6778-12017-355,TME10-1,D1,Female,CPi,CPi_vm,66.6764,75.0332,6,139,41016.7,181.001,1.02388,236.15,2187.99,13,32,6,19,0.324176,49962.1,210.83,207.068,1.24858,129.214,118.299,72.2048,69.1598,60.01083348,68.37,24.29865996,25.63076923,84.44547852,97.61263158,0.768891739,4.483111597,0.848072562
294_TME10-1_30x_Str_04B_xyz-6971-8153-365,TME10-1,D2,Female,CPi,CPi_vm,75.1513,69.4873,6,153.41,150513,171.796,1.02255,215.331,4680.86,38,84,8,46,0.445272,181364,196.353,186.361,1.23131,118.512,125.655,74.0297,78.1444,48.573988,55.71928571,16.51923552,17.11631579,75.05400092,87.60869565,0.757685644,4.226864523,0.806423611
298_TME10-1_30x_Str_04B_xyz-7484-8873-152,TME10-1,D1,Female,CPi,CPi_vl,56.0371,59.5354,3,158,66375.1,166.595,1.01434,237.07,2699.34,20,45,5,25,0.253333,74712.5,179.993,204.231,1.19326,133.275,135.392,83.663,95.4999,55.45352126,59.98088889,19.86694608,20.495,83.92278139,91.5696,0.842782831,7.228527546,0.835390947
299_TME10-1_30x_Str_04B_xyz-7589-8585-224,TME10-1,D1,Female,CPi,CPi_vl,77.3544,57.3226,3,147.25,88398.6,157.664,1.02602,215.769,2405.37,16,37,5,21,0.333333,110150,196.637,179.122,1.11603,113.455,127.094,100.525,85.8639,54.81604967,65.00513514,14.3606141,16.08875,85.63923868,102.2747619,0.767177215,4.442125253,0.820415879
300_TME10-1_30x_Str_04B_xyz-7651-9250-264,TME10-1,D2,Female,CPi,CPi_vl,65.4362,59.9821,5,136.02,110552,156.458,1.02414,192.4,3525.31,35,74,4,39,0.305714,139594,200.687,152.098,1.34704,129.202,132.213,93.0624,91.9053,41.78276983,47.63445946,18.42404719,19.50685714,62.74572604,72.87717949,0.763856397,4.36462128,0.829268293
301_TME10-1_30x_Str_04B_xyz-7713-11440-156,TME10-1,D1,Female,CPi,CPi_vl,85.7582,76.9276,7,82.48,72122.6,123.98,1.03089,159.691,2661.73,30,65,5,35,0.513545,91163.1,156.428,147.294,1.33651,112.813,119.644,96.8711,87.3618,34.96840571,40.94430769,14.83918651,15.626,52.22202217,62.64571429,0.700556643,3.246237985,0.717311907
302_TME10-1_30x_Str_04B_xyz-7868-7608-349,TME10-1,D1,Female,CPi,CPi_vl,64.503,67.9406,6,120.9,114296,158.655,1.03241,228.939,3921.22,36,76,4,40,0.391799,141320,192.013,163.797,1.2939,130.246,127.197,80.9575,90.2863,43.77090167,51.58947368,15.60910192,16.56833333,69.11652144,83.1085,0.747485536,4.01550663,0.798185941
303_TME10-1_30x_Str_04B_xyz-8044-10425-365,TME10-1,D1,Female,CPi,CPi_vl,76.5398,65.2897,6,116.46,119323,169.945,1.02677,244.56,3478.39,33,70,4,37,0.306061,144948,179.367,170.9,1.32176,113.789,129.126,93.3175,89.2033,43.29983734,49.68614286,19.14521599,20.19030303,64.84314828,75.99324324,0.779122321,4.742459175,0.880999343
305_TME10-1_30x_Str_04B_xyz-8412-12628-294,TME10-1,D2,Female,CPi,CPi_vl,48.457,55.0817,5,150.2,53832.3,143.729,1.02485,234.128,3192.55,22,50,6,28,0.36544,63279.7,166.487,197.131,1.25102,143.648,138.339,74.4087,70.1608,56.34664791,63.8456,16.11646878,16.84818182,87.95607438,100.7721429,0.801429539,5.412263121,0.933333333
306_TME10-1_30x_Str_04B_xyz-8521-9832-260,TME10-1,D2,Female,CPi,CPi_vl,79.0059,66.3347,7,140.79,118024,135.545,1.02421,194.211,3946.68,35,76,6,41,0.409705,148266,163.101,165.821,1.256,111.318,121.156,93.462,92.7271,44.77463891,51.92513158,13.32638851,14.16342857,71.62070633,84.16073171,0.760902932,4.297700723,0.859383451
307_TME10-1_30x_Str_04B_xyz-8986-8967-152,TME10-1,D2,Female,CPi,CPi_vl,66.9974,68.6607,6,146.83,102291,133.27,1.0288,194.779,3253.41,31,65,3,34,0.461315,125606,171.033,148.132,1.25067,129.77,129.997,78.6646,82.6074,43.22485028,50.04753846,11.22964398,11.75064516,72.39695014,84.96529412,0.765386134,4.400020237,0.850308642
309_TME10-1_30x_Str_04B_xyz-9596-8833-123,TME10-1,D2,Female,CPi,CPi_vl,73.7571,70.3452,5,147.06,82021.7,138.062,1.02459,180.799,2909.63,24,52,4,28,0.322619,103587,162.273,163.365,1.14959,122.282,130.145,74.1564,79.6553,48.81238178,55.94980769,12.56228366,13.27333333,79.88389445,92.52964286,0.759179191,4.259486706,0.932222222
310_TME10-1_30x_Str_04B_xyz-9882-9408-302,TME10-1,D2,Female,CPi,CPi_vl,73.3723,77.9502,4,121.55,76887.2,128.495,1.02686,197.807,2597.63,23,50,4,27,0.423188,91894.2,148.062,198.79,1.18668,119.978,125.686,102.204,92.7422,45.42064622,51.948,14.30247962,14.99,71.92871406,83.43074074,0.764572034,4.381117789,0.854934602
311_TME10-1_30x_Str_04B_xyz-9916-11177-46,TME10-1,D2,Female,CPi,CPi_vl,47.0749,62.7618,5,85.67,59416.7,129.489,1.02354,172.22,1927.63,20,43,3,23,0.409524,71811.4,153.417,134.548,1.32506,140.585,132.205,103.986,96.0232,38.9654087,44.82325581,17.65633383,18.8425,57.49503901,67.41521739,0.745476215,3.97608617,0.9088
312_TME10-1_30x_Str_04B_xyz-10269-10027-39,TME10-1,D2,Female,CPi,CPi_vl,93.3288,68.6734,5,97.66,50356.6,130.45,1.02106,132.541,1809.62,17,38,4,21,0.351821,60597.6,150.801,171.92,1.31486,93.7416,121.418,92.3335,96.636,42.54033022,47.61684211,19.43612122,20.82,61.2437375,69.30952381,0.786743255,4.953746478,0.897920605
313_TME10-1_30x_Str_04B_xyz-10388-10841-209,TME10-1,D1,Female,CPi,CPi_vl,71.6853,65.6266,5,138.53,136596,154.09,1.02363,206.82,4036.72,36,77,5,41,0.485053,167790,177.617,203.393,1.2954,119.204,130.262,89.9654,91.3397,46.2861641,52.41987013,18.3948667,19.61472222,70.77608376,81.22439024,0.776581043,4.675565894,0.823147647
316_TME10-1_30x_Str_04B_xyz-10516-9409-259,TME10-1,D1,Female,CPi,CPi_vl,63.8888,57.2323,4,125.11,91007.8,145.29,1.0247,210.589,2778.44,22,48,4,26,0.227706,107966,168.299,215.777,1.22739,131.188,136.773,102.823,97.8648,50.75264946,57.87916667,20.47797576,21.74909091,76.36968106,88.45076923,0.808842673,5.673722423,0.871173469
318_TME10-1_30x_Str_04B_xyz-10610-9224-137,TME10-1,D1,Female,CPi,CPi_vl,54.4326,67.6985,4,147.39,67322.3,139.274,1.02966,211.719,2483.12,17,40,6,23,0.308683,82179.2,165.544,171.59,1.16082,139.386,129.29,94.0547,95.3023,54.02715796,62.0735,16.92302675,18.00411765,81.4519506,94.64652174,0.760607807,4.2911146,0.9056
319_TME10-1_30x_Str_04B_xyz-10692-10649-438,TME10-1,D1,Female,CPi,CPi_vl,69.1478,57.2451,6,108.94,90004.1,149.462,1.021,206.62,2855.52,31,66,4,35,0.369194,107059,164.029,159.66,1.34135,126.148,135.265,100.127,101.474,39.13956545,43.26075758,17.55203621,18.86935484,58.25994848,64.86457143,0.817114812,5.993540978,0.854638422
320_TME10-1_30x_Str_04B_xyz-11132-10955-431,TME10-1,D2,Female,CPi,CPi_vl,67.0724,60.8313,6,104.3,80053.9,141.367,1.01959,223.559,2824.38,30,66,6,36,0.421746,95913.5,164.424,125.599,1.33251,127.494,130.208,73.1473,85.6214,38.09502371,42.78833333,15.44414672,16.064,56.97075453,65.05861111,0.805174206,5.541561952,0.8033241
321_TME10-1_30x_Str_05A_xyz-1815-14633-314,TME10-1,D2,Female,CPc,CPc_i,57.7286,63.3861,5,104.23,48342.4,130.561,1.02507,212.66,3303.61,31,66,4,35,0.358602,59126.6,167.869,142.45,1.29605,134.578,129.048,86.3631,96.3944,43.46661457,50.04924242,12.30256385,12.89677419,71.06905949,82.95571429,0.780431975,4.777606909,0.833455077
323_TME10-1_30x_Str_05A_xyz-3037-17099-385,TME10-1,D2,Female,CPc,CPc_i,55.9315,59.295,7,129.19,91326.1,126.28,1.02674,194.23,3301.08,27,61,7,34,0.407407,109474,156.341,144.73,1.18768,136.213,132.441,79.7864,83.3485,47.43967254,54.11114754,14.04205619,14.76851852,73.96130904,85.35382353,0.808050013,5.64468841,0.868055556
324_TME10-1_30x_Str_05A_xyz-3752-13805-401,TME10-1,D1,Female,CPc,CPc_i,83.5327,65.2267,4,127.67,77505.3,140.25,1.02235,203.709,2690.06,24,55,7,31,0.256349,92178.3,176.507,149.173,1.19322,113.425,131.113,104.269,96.0252,43.19843597,48.90545455,17.30709502,18.17416667,63.2433451,72.69741935,0.78921101,5.025821502,0.910009183
325_TME10-1_30x_Str_05A_xyz-4481-13020-173,TME10-1,D1,Female,CPc,CPc_v,65.3927,69.2132,4,142.92,103507,153.097,1.02288,202.64,3130.27,24,54,6,30,0.430556,125498,183.349,183.338,1.14664,128.201,125.742,96.5569,95.8979,49.90203206,57.96259259,16.31535583,16.72,76.77137305,90.95666667,0.75496554,4.168586768,0.859375
326_TME10-1_30x_Str_05A_xyz-5013-18695-437,TME10-1,D1,Female,CPc,CPc_d,60.1048,59.5403,5,101.14,91646.2,156.03,1.02405,206.2,3350.44,33,73,7,40,0.382684,108872,175.014,117.619,1.30893,129.805,133.607,57.7692,66.2503,40.51860704,45.89150685,16.72154503,17.58515152,60.15118319,69.24425,0.805787285,5.56326126,0.799886621
327_TME10-1_30x_Str_05A_xyz-5091-9306-104,TME10-1,D2,Female,CPc,CPc_v,66.1962,64.5746,6,127.03,90590.7,133.867,1.02928,203.372,3465.65,32,71,7,39,0.468056,108965,158.842,152.403,1.2293,124.335,130.499,84.663,85.3734,42.0643478,48.80746479,13.8953486,14.75625,65.17737279,76.74692308,0.792964996,5.139142893,0.810232005
328_TME10-1_30x_Str_05A_xyz-5305-12952-68,TME10-1,D2,Female,CPc,CPc_v,59.1791,59.5506,6,74.28,43528.6,114.022,1.03424,185.49,1946.14,26,56,4,30,0.408902,58426.5,153.477,97.2204,1.39431,130.071,123.901,92.1288,94.6492,28.80092499,34.74785714,14.33588604,15.20230769,41.33729209,51.68733333,0.608180759,2.312293324,0.810546875
330_TME10-1_30x_Str_05A_xyz-6206-11641-172,TME10-1,D1,Female,CPc,CPc_v,68.045,61.2056,5,153.94,161729,159.999,1.0259,210.744,5418.94,40,90,10,50,0.341667,193617,205.338,213.281,1.27045,121.629,131.715,79.7554,84.512,53.30955801,60.20522222,21.49820992,23.06225,78.75863649,89.9196,0.800430809,5.378691501,0.82285503
331_TME10-1_30x_Str_05A_xyz-6322-16204-254,TME10-1,D2,Female,CPc,CPc_d,86.276,69.446,7,129.96,112226,136.849,1.02842,195.069,3814.43,39,83,5,44,0.468903,146688,177.7,159.17,1.27752,99.7419,117.174,82.0104,86.4752,39.09822359,45.95204819,13.50019098,14.77153846,61.78738886,73.58931818,0.735424443,3.788834921,0.758979206
332_TME10-1_30x_Str_05A_xyz-6618-20416-467,TME10-1,D1,Female,CPc,CPc_d,60.5342,63.3938,6,89.45,89475.1,140.476,1.02136,216.901,3118.84,32,69,5,37,0.484871,106784,154.439,152.391,1.22149,130.954,134.266,102.389,92.6279,40.59399208,45.19565217,12.82462866,13.405625,64.61073882,72.68972973,0.818351946,6.044172381,0.81130835
333_TME10-1_30x_Str_05A_xyz-6985-8827-246,TME10-1,D2,Female,CPc,CPc_v,59.2669,54.3653,5,120.81,33024,117.603,1.02091,141.679,1542.99,15,35,5,20,0.56,40984.2,135.408,127.401,1.22468,127.704,129.699,104.829,92.0728,39.79591371,44.08057143,12.85538169,13.60866667,60.00131272,66.9345,0.809852708,5.711110205,0.863636364
335_TME10-1_30x_Str_05A_xyz-8849-20766-166,TME10-1,D1,Female,CPc,CPc_d,65.4549,63.335,5,118,48234,164.829,1.01913,234.419,3123.17,31,68,6,37,0.323041,55578.5,190.292,146.232,1.29666,127.265,128.926,97.9198,88.2604,41.89088484,45.92397059,17.58227853,18.26322581,62.257555,69.09918919,0.816550582,5.970702076,0.789612097
336_TME10-1_30x_Str_05A_xyz-9140-21650-455,TME10-1,D2,Female,CPc,CPc_d,73.7627,80.0965,7,52.3,34477.6,135.569,1.03807,204.1,1349.89,17,38,4,21,0.627451,43124.8,164.388,86.3412,1.38776,115.573,121.03,99.034,114.45,29.84465021,35.51894737,10.49181824,11.17588235,45.51122848,55.2252381,0.71643952,3.475090123,0.784499055
337_TME10-1_30x_Str_05B_xyz-4261-17523-389,TME10-1,D1,Female,CPc,CPc_d,63.2413,55.8355,8,28.63,92278.1,184.252,1.02407,284.56,2984.57,28,60,4,32,0.406845,109839,204.642,127.61,1.23868,124.187,131.518,84.297,83.8238,44.54380717,49.738,12.54306274,12.90428571,72.54445854,81.9675,0.837232404,6.924494677,0.832179931
338_TME10-1_30x_Str_05B_xyz-4506-18455-187,TME10-1,D2,Female,CPc,CPc_d,88.1207,76.4235,6,89.63,93917.9,150.234,1.02428,207.869,3143.45,28,61,5,33,0.513095,120702,183.971,146.816,1.22099,106.534,116.096,92.6614,94.6466,44.35325202,51.52590164,14.6971937,15.42071429,69.51596817,82.16060606,0.750285537,4.071616087,0.796734694
340_TME10-1_30x_Str_05B_xyz-5219-19607-339,TME10-1,D2,Female,CPc,CPc_d,71.9326,64.3101,5,96.09,88449.7,138.893,1.03068,164.77,2999.16,30,63,3,33,0.357764,110586,172.923,199.36,1.35637,118.823,126.544,79.3559,77.7684,40.55641591,47.60095238,14.42020686,15.62866667,64.31660597,76.66666667,0.728768108,3.673285971,0.771428571
341_TME10-1_30x_Str_05B_xyz-5294-17383-433,TME10-1,D2,Female,CPc,CPc_d,75.2455,65.5781,6,78.05,95418.1,176.353,1.03177,264.75,3219.96,31,69,7,38,0.43638,120229,219.233,144.07,1.38355,116.602,126.177,96.0202,105.976,40.02884783,46.66086957,19.64294437,21.39451613,56.65945329,67.27289474,0.780534095,4.780367191,0.75625
342_TME10-1_30x_Str_05B_xyz-6085-18577-378,TME10-1,D2,Female,CPc,CPc_d,65.9661,55.7625,6,118.12,93124.8,154.494,1.02526,228.29,2803.11,24,53,5,29,0.31713,109581,181.656,160.25,1.35164,129.001,130.292,87.6616,90.0932,46.21380382,52.88320755,20.18039305,21.45291667,67.75869549,78.89448276,0.775512998,4.647955174,0.904266389
344_TME10-1_30x_Str_05B_xyz-6821-16093-128,TME10-1,D2,Female,CPc,CPc_d,76.6138,75.023,5,62.31,46721.1,135.893,1.03824,204.28,1864.94,20,45,5,25,0.475,61943.8,178.153,111.63,1.40394,115.311,108.124,72.9182,70.4033,33.44236437,41.438,18.42128851,20.8265,45.45922506,57.9272,0.693190959,3.14896147,0.80521262
347_TME10-1_30x_Str_05B_xyz-7693-8992-359,TME10-1,D1,Female,CPc,CPc_v,65.2517,77.5703,5,116.06,65635.7,117.029,1.02859,177.49,2653.18,26,58,6,32,0.362088,85541.7,197.169,146.331,1.27527,127.242,120.848,86.5105,87.1961,38.32602957,45.73965517,18.33421319,20.09346154,54.56938037,66.5771875,0.719730772,3.526112181,0.853806228
348_TME10-1_30x_Str_05B_xyz-7787-7729-119,TME10-1,D1,Female,CPc,CPc_v,75.2756,58.4554,4,100.83,91613.6,183.206,1.03967,270.161,2960.97,22,51,7,29,0.272727,108964,198.497,146.931,1.21152,119.432,129.103,114.769,109.906,48.74690792,58.05294118,20.34308555,21.95909091,70.29463524,85.43448276,0.798898805,5.327916575,0.830385016
349_TME10-1_30x_Str_05B_xyz-8247-16591-317,TME10-1,D1,Female,CPc,CPc_d,65.7886,69.935,7,66.25,36555.7,111.832,1.03784,172.95,1726.25,21,46,4,25,0.578836,50505.5,125.992,81.1421,1.31158,131.642,119.192,83.3854,87.0418,30.86975249,37.52195652,12.09068485,13.09285714,46.6441693,58.0424,0.602791518,2.27229001,0.884773663
350_TME10-1_30x_Str_05B_xyz-8301-9536-352,TME10-1,D1,Female,CPc,CPc_v,77.3163,68.8419,6,144.24,118862,174.785,1.02716,247.319,3367.46,25,56,6,31,0.408889,144746,208.086,186.267,1.32721,118.388,128.02,82.362,74.7182,51.17067748,60.12857143,26.5703687,27.9748,71.00963618,86.05903226,0.736676727,3.811298856,0.819100092
351_TME10-1_30x_Str_05B_xyz-8328-6915-198,TME10-1,D2,Female,CPc,CPc_v,58.2408,64.6212,4,114.89,51625.6,135.708,1.0298,197.029,1996.07,21,47,5,26,0.336508,62165.1,149.669,119.027,1.39766,135.507,126.564,71.3709,75.8013,36.13967206,42.46404255,21.97052832,23.62714286,47.58398047,57.67846154,0.748218279,4.03005619,0.846938776
353_TME10-1_30x_Str_05B_xyz-8509-7001-214,TME10-1,D2,Female,CPc,CPc_v,82.6335,66.5851,6,119.17,58473.7,122.67,1.03033,174.371,2339.29,24,53,5,29,0.558333,72365.2,151.56,145.526,1.29937,116.93,124.206,98.5324,100.265,37.77364046,44.13188679,15.85207592,16.77875,55.91562491,66.76896552,0.749284751,4.051401302,0.825182102
354_TME10-1_30x_Str_05B_xyz-8679-17586-431,TME10-1,D2,Female,CPc,CPc_d,86.9635,63.312,5,84.71,96090.1,140.488,1.02884,211.561,3360.13,30,66,6,36,0.342698,117412,175.575,170.139,1.19746,111.367,125.462,85.9898,90.6057,43.71650453,50.90621212,14.66760182,15.34866667,67.92392345,80.5375,0.768987014,4.485409055,0.801939058
355_TME10-1_30x_Str_05B_xyz-8727-15681-134,TME10-1,D2,Female,CPc,CPc_i,72.9513,67.0752,6,101.29,46560.7,130.902,1.03312,202.282,1610.11,17,37,3,20,0.545098,59593.2,181.114,136.379,1.56899,123.55,126.72,83.1163,87.7278,35.84581566,43.51135135,25.20680072,27.87352941,44.88897836,56.8035,0.672000845,2.895820416,0.94214876
356_TME10-1_30x_Str_05B_xyz-8754-17395-341,TME10-1,D1,Female,CPc,CPc_d,68.6271,58.2605,6,134.93,102854,156.632,1.03042,209.21,3489.15,29,65,7,36,0.357307,122518,184.421,189.388,1.27186,121.167,132.012,73.2763,87.9461,46.26728435,53.67415385,19.75771752,20.85758621,67.62221319,80.10972222,0.795655206,5.223212406,0.843490305
357_TME10-1_30x_Str_05B_xyz-8859-16150-394,TME10-1,D1,Female,CPc,CPc_d,60.6417,58.5605,8,108.08,108880,134.823,1.02416,207.78,3866.51,36,78,6,42,0.450813,129596,153.753,162.921,1.26494,128.872,132.392,91.7459,88.2555,43.7795448,49.56602564,14.53059316,15.4625,68.85007478,78.79761905,0.793450556,5.154136183,0.832128099
360_TME10-1_30x_Str_05B_xyz-9246-10097-156,TME10-1,D2,Female,CPc,CPc_v,81.4825,86.9716,4,126.04,61244.8,143.774,1.03909,154.842,2379.7,20,45,5,25,0.55,79409.1,205.499,162.618,1.18581,107.821,120.128,66.277,79.6955,44.71572626,52.87711111,14.77868983,16.5445,68.6653554,81.9432,0.739897427,3.870176861,0.861454047
362_TME10-1_30x_Str_05B_xyz-9422-7383-283,TME10-1,D2,Female,CPc,CPc_v,76.3422,61.4082,5,106.44,95735.5,127.016,1.03397,183.77,3469.84,30,67,7,37,0.365397,113357,149.991,179.8,1.16875,119.033,132.903,92.6335,95.6127,44.03088971,51.78373134,12.78336592,13.17533333,69.36671981,83.08783784,0.792623853,5.128655778,0.831689678
363_TME10-1_30x_Str_05B_xyz-9789-9840-242,TME10-1,D2,Female,CPc,CPc_v,64.9814,67.7592,4,143.84,122013,136.745,1.02397,209.74,4068.21,28,68,12,40,0.304762,143646,190.91,164.89,1.1568,131.377,124.555,98.439,96.0169,52.90918438,59.82161765,17.90581468,19.08535714,77.41154317,88.337,0.810813816,5.747100803,0.759070295
364_TME10-1_30x_Str_05B_xyz-9933-8544-35,TME10-1,D1,Female,CPc,CPc_v,75.357,74.0269,5,92.81,72115.7,139.938,1.02579,182.629,2364.77,21,48,6,27,0.38254,91001,181.253,184.57,1.37283,124.166,131.87,84.2666,82.111,42.73026443,49.26104167,27.49271671,29.17761905,54.58169043,64.88148148,0.696895952,3.197240048,0.872770511
365_TME10-1_30x_Str_05B_xyz-10094-10127-187,TME10-1,D2,Female,CPc,CPc_v,70.2804,66.8937,5,140.31,112135,148.539,1.02135,244.8,3391.49,29,63,5,34,0.397388,135608,172.452,167.902,1.25886,121.64,125.746,94.2725,89.4538,48.27815022,53.8284127,18.44379327,19.6862069,73.72510174,82.94970588,0.796181748,5.239956739,0.80787037
366_TME10-1_30x_Str_05B_xyz-10735-13498-137,TME10-1,D2,Female,CPc,CPc_i,81.5049,73.0323,6,160.32,126056,143.826,1.02337,208.299,4061.54,38,82,6,44,0.439766,155948,165.444,185.67,1.28732,113.841,125.32,80.5062,83.6276,43.63847351,49.52597561,17.47300691,18.595,66.23592193,76.23909091,0.780549314,4.780778816,0.814744802
367_TME10-1_30x_Str_05B_xyz-10924-8955-133,TME10-1,D2,Female,CPc,CPc_v,82.5848,69.9596,5,152.34,112098,151.171,1.03138,217.28,3549.51,23,53,7,30,0.345411,134925,178.021,183.681,1.13001,113.665,126.864,99.0744,100.215,57.35734179,66.96660377,14.07387316,14.97434783,90.5413344,106.8273333,0.785258416,4.911268044,0.857421875
368_TME10-1_30x_Str_05B_xyz-10999-11727-137,TME10-1,D2,Female,CPc,CPc_v,74.1133,63.2605,5,125.5,101833,129.635,1.02934,203.59,3684.93,33,72,6,39,0.470467,125081,153.277,151.74,1.23241,119.533,127.739,67.1876,78.4705,43.73409364,51.17430556,13.21602909,13.99545455,69.55707134,82.63333333,0.772502256,4.571674723,0.808447353
369_TME10-1_30x_Str_05B_xyz-11155-15563-153,TME10-1,D2,Female,CPc,CPc_i,63.3133,63.3284,7,142.96,88962.1,133.445,1.02494,171.17,3696.96,37,79,5,42,0.471278,108356,156.919,156.73,1.22572,128.856,128.67,90.8511,85.2983,40.69196189,46.79202532,12.36264497,13.0327027,65.64874108,76.53238095,0.763717862,4.36144069,0.81714876
370_TME10-1_30x_Str_05B_xyz-11469-11216-176,TME10-1,D1,Female,CPc,CPc_v,71.1575,61.6235,5,136.14,157956,154.963,1.02374,237.589,4824.91,37,82,8,45,0.386358,182759,175.144,215.45,1.17086,126.375,131.658,85.7903,81.9052,52.65746903,58.8354878,15.54064998,16.22351351,83.17574247,93.872,0.829648035,6.544659994,0.801720235
371_TME10-1_30x_Str_05B_xyz-11517-15805-192,TME10-1,D2,Female,CPc,CPc_i,54.5969,65.3217,5,103.94,47821.6,125.751,1.03038,174.76,3448.99,35,75,5,40,0.323968,59531.7,142.427,147.829,1.3033,138.656,131.422,88.8461,93.8143,38.89208728,45.98173333,13.04216415,13.58457143,61.51077002,74.32925,0.721876462,3.560096153,0.85600907
373_TME10-1_30x_Str_05B_xyz-13208-11776-404,TME10-1,D1,Female,CPc,CPc_v,71.3893,73.1151,5,36.07,40579.8,113.631,1.03914,177.42,2020.41,17,43,9,26,0.54902,52042.8,140.533,90.2901,1.24338,122.618,114.853,89.8067,92.2105,37.82901995,46.98162791,15.45365627,17.49941176,52.45906543,66.25846154,0.73049348,3.702629585,0.845663265
374_TME10-1_30x_Str_06A_xyz-1902-14406-291,TME10-1,D2,Female,CPc,CPc_i,69.7397,62.4853,4,41.58,69774.5,161.318,1.03101,209.361,2803.97,22,51,7,29,0.333333,82749.9,170.752,220.409,1.17313,116.769,128.123,89.4503,83.4502,47.64285861,54.97529412,15.2340045,15.91636364,72.22888587,84.6062069,0.803626605,5.487458085,0.746097815
375_TME10-1_30x_Str_06A_xyz-2319-12593-89,TME10-1,D2,Female,CPc,CPc_v,59.3198,55.1279,5,78.98,88106.5,140.651,1.02349,203.53,3469.21,33,73,7,40,0.361111,107806,162.698,135.929,1.23164,127.137,129.699,88.3156,90.2509,42.22381162,47.51808219,14.17797302,14.88333333,65.36162847,74.44175,0.79159539,5.097271212,0.820294785
377_TME10-1_30x_Str_06A_xyz-2694-16377-258,TME10-1,D2,Female,CPc,CPc_i,68.5725,66.249,4,168.51,107544,133.895,1.02515,196.8,3943.1,31,71,9,40,0.446237,130773,185.4,169.128,1.23896,127.148,123.288,85.4723,84.0283,47.80821118,55.5315493,20.46962005,21.58064516,68.9956193,81.8435,0.745471734,3.975999032,0.852040816
378_TME10-1_30x_Str_06A_xyz-2822-17145-156,TME10-1,D1,Female,CPc,CPc_i,74.6032,63.4978,7,131.2,138953,133.542,1.02145,203.8,4910.52,47,101,7,54,0.356028,165309,160.263,167.694,1.25468,118.03,128.242,94.6745,98.7338,43.67795982,48.61445545,16.00293117,16.89191489,67.76548476,76.22481481,0.819313169,6.084046426,0.788265306
379_TME10-1_30x_Str_06A_xyz-2841-12104-127,TME10-1,D1,Female,CPc,CPc_v,55.3776,61.4393,6,176.46,149197,162.385,1.02699,239.699,4580.33,36,80,8,44,0.387851,180074,194.06,158.725,1.32635,129.697,130.768,83.2179,91.6728,49.50126104,57.249375,21.78544532,23.685,72.17783754,84.71113636,0.76818764,4.466198175,0.828449905
380_TME10-1_30x_Str_06A_xyz-2891-15197-292,TME10-1,D2,Female,CPc,CPc_i,69.7336,63.4906,5,150.46,111414,128.812,1.02574,199.559,3966,34,74,6,40,0.323039,135717,154.022,166.26,1.19487,119.424,130.729,83.3474,84.9072,46.90777489,53.58905405,13.17816703,13.94205882,75.57794157,87.289,0.805305257,5.546187542,0.87244898
381_TME10-1_30x_Str_06A_xyz-2921-13862-290,TME10-1,D2,Female,CPc,CPc_i,66.381,75.1395,5,130.55,106488,127.314,1.02374,185.621,4058.03,36,80,8,44,0.365542,129755,151.259,174.35,1.21849,124.992,123.791,96.3652,90.2214,44.47963752,50.720375,15.45584403,16.13611111,68.22637766,79.01659091,0.773591428,4.599009313,0.793950851
382_TME10-1_30x_Str_06A_xyz-3352-16189-233,TME10-1,D2,Female,CPc,CPc_i,72.0444,62.6625,5,156.7,109068,131.72,1.02741,178.751,3764.73,34,74,6,40,0.413562,134764,163.582,170.217,1.2445,122.69,131.258,100.134,96.0954,44.06665637,50.86959459,15.99456477,17.24764706,67.92793423,79.44825,0.781035952,4.793973998,0.866780045
383_TME10-1_30x_Str_06A_xyz-3522-10493-226,TME10-1,D1,Female,CPc,CPc_v,72.7327,63.015,5,66.97,63947.5,155.473,1.02351,207.98,2415.82,19,44,6,25,0.517544,76010.2,171.922,189.67,1.26111,122.238,120.134,82.1258,84.1475,48.57553275,54.90068182,22.37899507,23.69631579,68.48490138,78.616,0.808279356,5.653061369,0.836762689
384_TME10-1_30x_Str_06A_xyz-3553-14397-314,TME10-1,D2,Female,CPc,CPc_i,75.9636,64.6257,6,149.96,108389,124.836,1.02946,187.549,3998.52,40,85,5,45,0.395152,135536,149.063,147.331,1.22944,119.005,129.649,98.7599,100.645,41.09926855,47.03647059,12.27967024,12.838,66.71668928,77.43511111,0.76610825,4.416909493,0.818469896
385_TME10-1_30x_Str_06A_xyz-3768-16671-261,TME10-1,D2,Female,CPc,CPc_i,66.9752,63.5014,5,128.17,95804.4,138.821,1.02252,184.791,3078.05,32,69,5,37,0.421023,115532,158.564,182.265,1.28207,122.393,130.363,95.0584,82.4329,39.28062193,44.60434783,13.26792164,13.8753125,61.77809246,71.18081081,0.794841082,5.197511425,0.790927022
386_TME10-1_30x_Str_06A_xyz-4257-9114-299,TME10-1,D1,Female,CPc,CPc_v,63.5722,46.9165,3,74.51,44927.9,134.56,1.02839,223.139,1493.95,12,28,4,16,0.333333,54612.9,172.202,97.0374,1.18575,129.425,128.462,88.2773,121.153,43.75418709,53.35071429,18.04678922,18.8,63.03473549,79.26375,0.812788788,5.822353299,0.842592593
388_TME10-1_30x_Str_06A_xyz-4755-9554-347,TME10-1,D2,Female,CPc,CPc_v,82.4628,65.8943,4,67.3,70505.5,164.016,1.02848,159.924,2447.57,21,47,5,26,0.147014,86229.8,182.199,198.127,1.27447,109.443,129.037,60.0734,63.1864,43.89890841,52.07042553,20.89763884,21.93761905,62.4768569,76.40846154,0.760242524,4.282987756,0.790816327
389_TME10-1_30x_Str_06A_xyz-5036-9827-150,TME10-1,D2,Female,CPc,CPc_v,72.2371,71.1717,5,86.93,88702.5,144.572,1.02106,210.581,2519.15,24,53,5,29,0.358333,106661,171.432,150.881,1.22104,126.912,126.821,106.176,100.027,42.17066266,47.52584906,17.96940417,18.78625,62.19929038,71.31034483,0.786042909,4.933629022,0.746097815
390_TME10-1_30x_Str_06A_xyz-5074-12707-421,TME10-1,D2,Female,CPc,CPc_v,73.4523,66.8473,5,127.3,78970.8,165.884,1.0289,252.34,2732.59,24,57,9,33,0.275463,94757.4,201.13,137.526,1.20808,117.746,129.319,104.969,97.1378,41.89061602,47.93561404,20.51708792,22.04958333,57.43500009,66.76181818,0.784568382,4.89174946,0.796734694
391_TME10-1_30x_Str_06A_xyz-5321-9942-317,TME10-1,D1,Female,CPc,CPc_v,46.7131,61.8028,6,133.77,41430.8,146.542,1.02867,196.95,2935.54,31,68,6,37,0.484895,49790.2,166.377,140.291,1.44932,138.978,131.967,100.903,103.422,37.73517665,43.16382353,18.22640644,19.63612903,54.0803625,62.87621622,0.769463031,4.496919361,0.869165023
393_TME10-1_30x_Str_06A_xyz-5562-20655-294,TME10-1,D2,Female,CPc,CPc_d,57.0888,53.5088,7,70.89,97005,144.976,1.02647,236.81,3280.35,32,68,4,36,0.353919,114586,165.682,177.37,1.22029,134.326,132.847,77.2774,82.4701,42.217183,48.23544118,14.8775072,15.8365625,66.51911705,77.03444444,0.793109332,5.14359156,0.782548476
394_TME10-1_30x_Str_06A_xyz-5650-13432-213,TME10-1,D1,Female,CPc,CPc_i,83.1586,68.4212,4,126.72,73856,158.384,1.02716,242.773,2212.09,16,37,5,21,0.296875,93756.7,196.898,165.23,1.22681,110.006,126.078,82.9051,82.8735,51.10446439,59.78081081,24.03292841,26.155,71.73039655,85.40047619,0.76423221,4.373270447,0.81852552
395_TME10-1_30x_Str_06A_xyz-5687-9733-253,TME10-1,D2,Female,CPc,CPc_v,62.3627,60.0742,4,80.93,23187.9,90.4151,1.02016,137.169,1943.6,25,58,8,33,0.34,27309.2,113.215,106.799,1.28016,131.534,131.025,96.4589,102.3,30.60376485,33.50568966,14.06046504,15.106,43.13656774,47.44484848,0.828171562,6.475060798,0.746122449
396_TME10-1_30x_Str_06A_xyz-5701-17076-258,TME10-1,D2,Female,CPc,CPc_i,72.7711,69.885,6,146.78,117491,142.428,1.02985,183.93,4308.64,42,92,8,50,0.382426,150482,190.062,149.341,1.2612,117.714,117.662,98.6505,99.0341,40.32036111,46.82869565,17.04457641,18.53119048,59.87202025,70.5986,0.720234953,3.534045625,0.753698225
398_TME10-1_30x_Str_06A_xyz-5826-18646-358,TME10-1,D2,Female,CPc,CPc_d,76.5828,77.6652,5,108.78,75668,133.772,1.02809,167.53,2522.06,26,55,3,29,0.214397,98600.1,168.163,131.429,1.30052,118.652,119.261,81.6058,73.4907,39.40747667,45.85072727,16.43256476,17.46846154,60.00567356,71.29689655,0.688302976,3.087201483,0.872008325
399_TME10-1_30x_Str_06A_xyz-6198-11871-434,TME10-1,D2,Female,CPc,CPc_v,65.7246,84.9387,3,60.56,33700.5,127.103,1.03826,152.071,1392.55,11,28,6,17,0.363636,44190.9,180.096,121.8,1.26534,124.4,107.364,93.0519,100.62,39.78410105,49.72928571,23.02360069,26.57818182,50.6291307,64.70941176,0.670043535,2.87423765,0.886426593
400_TME10-1_30x_Str_06A_xyz-6217-14150-110,TME10-1,D1,Female,CPc,CPc_i,71.9463,47.757,7,46.03,154904,216.23,1.02247,369.499,3194.67,28,60,4,32,0.481035,174931,231.174,194.629,1.49537,119.788,139.297,86.2595,92.3876,47.81311404,53.23966667,33.20566499,35.025,60.59463196,69.1775,0.82288466,6.236441778,0.888408304
401_TME10-1_30x_Str_06A_xyz-6454-10949-148,TME10-1,D1,Female,CPc,CPc_v,51.2609,59.8565,5,149.7,104962,168.44,1.02406,190.27,3271.17,33,71,5,38,0.446994,126935,204.971,165.669,1.46552,136.309,132.215,103.349,104.639,40.58033667,46.06746479,21.50623245,23.58909091,57.14469033,65.58815789,0.780932658,4.791167715,0.82125
402_TME10-1_30x_Str_06A_xyz-6633-8978-445,TME10-1,D2,Female,CPc,CPc_v,75.9448,69.2855,5,50.84,35356.7,93.5524,1.02856,143.745,1636.06,22,52,8,30,0.520346,41926.8,113.383,126.368,1.32254,117.098,125.549,87.8592,83.4313,27.67299139,31.45826923,13.36300617,14.00863636,38.16698056,44.25466667,0.779133052,4.742745285,0.813476563
404_TME10-1_30x_Str_06A_xyz-6838-15343-300,TME10-1,D1,Female,CPc,CPc_d,66.922,53.0277,5,61.18,60702.8,168.069,1.02295,207.1,2268.38,26,56,4,30,0.45,73989.7,183.464,157.901,1.39226,121.791,128.76,79.0857,87.7491,36.38242623,40.50196429,17.31756492,18.36923077,52.90530603,59.68366667,0.766363626,4.422910215,0.810546875
407_TME10-1_30x_Str_06A_xyz-6937-16154-419,TME10-1,D2,Female,CPc,CPc_d,67.5612,73.9023,6,114.72,83931.1,150.57,1.03082,220.21,2999.47,26,57,5,31,0.415385,104491,174.441,129.176,1.20282,126.151,124.201,94.8865,104.648,45.036508,52.61789474,13.15191978,13.95730769,71.77842071,85.04290323,0.759295571,4.2620476,0.797061524
412_TME10-1_30x_Str_06A_xyz-7885-20307-130,TME10-1,D1,Female,CPc,CPc_d,78.2943,62.1428,4,84.75,62889.4,163.79,1.02239,202.5,2208.36,19,45,7,26,0.368421,80289.7,202.387,146.03,1.31444,112.835,126.557,106.889,108.261,43.29108214,49.06933333,27.91934803,30.84157895,54.52427245,62.38961538,0.750938081,4.084894044,0.926020408
422_TME10-1_30x_Str_06B_xyz-2576-20607-263,TME10-1,D2,Female,CPc,CPc_d,64.3504,67.8234,5,78.57,49308.4,156.873,1.03584,207.371,1925.43,17,40,6,23,0.52437,62915.2,218.908,158.369,1.29111,128.189,122.975,85.7379,83.5284,40.13328854,48.131,18.02994919,19.66823529,56.47053936,69.16869565,0.732210771,3.732252463,0.8336
423_TME10-1_30x_Str_06B_xyz-2764-20385-326,TME10-1,D1,Female,CPc,CPc_d,56.2134,58.8951,7,110.23,92708.5,155.288,1.02156,206.548,3328.1,32,71,7,39,0.381704,113738,187.693,148.751,1.29225,136.244,130.358,83.8607,94.36,41.24080856,46.86957746,18.53635012,19.515,59.87010779,69.31435897,0.775702883,4.652842599,0.741225461
424_TME10-1_30x_Str_06B_xyz-3224-9212-327,TME10-1,D1,Female,CPc,CPc_v,56.0467,65.0564,5,104.85,71165.8,240.35,1.02056,291.38,2053.39,17,37,3,20,0.421569,83629,253.597,152.899,1.29504,136.799,132.971,75.5806,74.7175,50.56285431,55.49243243,29.29637693,30.74058824,68.63936007,76.5315,0.81437142,5.883947704,0.863636364
425_TME10-1_30x_Str_06B_xyz-3253-21231-184,TME10-1,D1,Female,CPc,CPc_d,70.0788,64.4489,5,50.83,65311.2,130.22,1.02887,192.58,2345.79,24,52,4,28,0.416667,82636.7,154.748,146.961,1.25993,126.024,123.815,93.3604,97.727,39.10078379,45.10653846,13.45716553,14.38958333,61.08102802,71.43535714,0.756583107,4.203068291,0.79
426_TME10-1_30x_Str_06B_xyz-3733-20721-149,TME10-1,D2,Female,CPc,CPc_d,93.3254,79.4067,7,71.05,68304.1,155.55,1.02479,191.609,2336.87,25,56,6,31,0.561143,84298,185.091,182.79,1.33992,102.513,119.159,96.2652,87.2806,36.8103793,41.72464286,17.83122243,19.2552,52.11615096,59.84516129,0.773399702,4.594176423,0.774104683
427_TME10-1_30x_Str_06B_xyz-3734-20039-170,TME10-1,D2,Female,CPc,CPc_d,64.2133,57.6911,6,80.98,58987.5,121.668,1.03965,186.71,2347.58,21,48,6,27,0.397691,73701.4,155.931,161.24,1.24923,126.472,126.765,113.633,108.895,40.88817462,48.90333333,18.02385842,19.3052381,58.67153165,71.92407407,0.737890817,3.833305194,0.743162901
428_TME10-1_30x_Str_06B_xyz-4120-10311-342,TME10-1,D1,Female,CPc,CPc_v,74.1658,65.5963,4,89.55,48744.7,126.761,1.03244,150.229,1978,18,43,7,25,0.412963,59276.1,162.497,158.619,1.32393,120.73,131.932,73.9021,78.5287,39.42864,45.99465116,20.66951583,23.13166667,52.9352094,62.456,0.765335016,4.398829034,0.860082305
429_TME10-1_30x_Str_06B_xyz-4375-10195-97,TME10-1,D1,Female,CPc,CPc_v,68.4112,61.5848,6,78.5,55284,122.438,1.02763,166.741,2121.42,29,61,3,32,0.520159,76246.1,212.461,135.7,1.6173,121.459,126.816,81.2576,90.2916,30.67273331,34.77262295,18.11223807,19.60724138,42.05568213,48.51625,0.746690058,3.999817221,0.807958478
430_TME10-1_30x_Str_06B_xyz-4521-10405-404,TME10-1,D2,Female,CPc,CPc_v,71.2011,69.9595,4,73.22,54474.3,178.462,1.02543,258.99,1807.36,15,35,5,20,0.388889,65327.8,214.665,153.087,1.21764,127.209,133.44,81.9714,81.9591,45.96853917,51.634,20.09769547,21.42533333,65.37167195,74.2905,0.792206981,5.115892752,0.83677686
431_TME10-1_30x_Str_06B_xyz-4715-11476-216,TME10-1,D2,Female,CPc,CPc_v,66.4034,73.8477,3,61.3,40217.9,143.384,1.05549,191.371,1429.05,12,27,3,15,0.111111,51039.9,164.046,143.389,1.29286,126.626,117.237,102.919,117.608,37.95711266,52.92296296,21.88671723,23.0425,50.81342901,76.82733333,0.620648824,2.40955688,0.916955017
432_TME10-1_30x_Str_06B_xyz-4955-10399-280,TME10-1,D2,Female,CPc,CPc_v,77.7882,62.8645,4,77.78,57565.9,130.868,1.02139,202.6,2463.3,28,61,5,33,0.317347,71717.4,153.951,131.8,1.33512,117.373,127.105,80.0668,88.2305,36.75860842,40.37721311,16.98897168,18.20107143,53.53284565,59.19333333,0.810687053,5.742330562,0.840816327
433_TME10-1_30x_Str_06B_xyz-5118-19227-260,TME10-1,D2,Female,CPc,CPc_d,61.6721,63.0827,5,126.08,101728,168.526,1.02567,222.001,3861.06,35,78,8,43,0.444444,123569,189.183,151.13,1.2064,128.013,130.606,97.781,86.5939,42.98767258,49.49615385,12.40087788,13.51314286,67.88390082,78.78465116,0.799108506,5.334815666,0.702222222
434_TME10-1_30x_Str_06B_xyz-5273-9651-39,TME10-1,D1,Female,CPc,CPc_v,74.4513,60.0422,4,64.49,47449.7,141.807,1.03346,202.42,1993.73,20,46,6,26,0.41,58680,163.474,128.15,1.32587,121.268,131.606,96.8677,95.8356,37.0463556,43.33673913,16.01477855,17.2625,53.22449179,63.39384615,0.765343498,4.399026655,0.889030612
435_TME10-1_30x_Str_06B_xyz-5277-9573-289,TME10-1,D1,Female,CPc,CPc_v,59.0607,58.6446,6,102.2,96501.9,177.151,1.02269,227.066,2658.63,24,52,4,28,0.403571,114636,225.134,200.155,1.36929,133.732,128.152,60.3273,67.0053,46.11317152,51.12211538,23.73146369,25.42458333,65.29749253,73.14857143,0.83325535,6.720506461,0.815555556
436_TME10-1_30x_Str_06B_xyz-5310-12216-192,TME10-1,D1,Female,CPc,CPc_v,80.7848,75.0144,5,121.23,58799.1,145.185,1.03459,217.21,2300.31,19,42,4,23,0.41462,76238.5,186.649,159.969,1.25695,116.498,115.085,92.6756,92.3626,46.19084391,54.7647619,16.63974524,18.00473684,70.60262107,85.13173913,0.732106572,3.730443051,0.8896
437_TME10-1_30x_Str_06B_xyz-5529-14013-360,TME10-1,D2,Female,CPc,CPc_i,79.1793,90.2821,5,61.77,40448,131.772,1.04355,198.809,2261.44,21,45,3,24,0.437075,53171,158.81,118.76,1.2812,112.595,107.222,91.9103,80.3437,38.69116512,50.24933333,14.62641086,15.32,59.7478251,80.8125,0.619943185,2.403867659,0.894970414
438_TME10-1_30x_Str_06B_xyz-5944-10275-219,TME10-1,D1,Female,CPc,CPc_v,74.3447,55.0948,6,105.68,146815,182.15,1.01867,270.925,3888.42,35,75,5,40,0.384218,172552,212.82,215.572,1.28123,116.388,137.38,83.7994,92.557,47.10314025,51.84013333,19.55721301,20.40228571,71.20582658,79.34825,0.813702466,5.857770193,0.796485261
439_TME10-1_30x_Str_06B_xyz-6231-14911-353,TME10-1,D1,Female,CPc,CPc_i,62.2737,63.9794,5,123.89,64308.7,135.749,1.02222,190.38,4247.43,32,77,13,45,0.491667,75184.3,164.159,196.33,1.26923,137.394,132.655,87.6703,89.4611,48.97291563,55.15662338,20.41132426,21.38,69.2833806,79.17555556,0.80239632,5.445121547,0.835219556
440_TME10-1_30x_Str_06B_xyz-6623-18594-253,TME10-1,D1,Female,CPc,CPc_i,75.9022,60.8805,6,123.92,136661,140.487,1.02412,217.581,4390.99,45,94,4,49,0.396755,165365,168.766,149.049,1.31505,117.543,129.634,90.7918,91.237,41.39095192,46.70776596,14.39382539,15.08666667,66.1842314,75.74755102,0.788979574,5.018982129,0.78046905
441_TME10-1_30x_Str_06B_xyz-6709-14276-235,TME10-1,D2,Female,CPc,CPc_i,54.3305,51.9923,6,149.95,65164.3,151.975,1.01847,211.33,4057.82,36,80,8,44,0.420238,76831.4,172.873,191.629,1.27724,135.773,136.458,100.673,97.5823,45.26752745,50.717625,17.68121359,18.51166667,67.83814787,77.06795455,0.792547765,5.126321977,0.735349716
443_TME10-1_30x_Str_06B_xyz-7224-13050-399,TME10-1,D2,Female,CPc,CPc_v,61.3227,57.1753,4,91.82,81191.1,152.838,1.02645,180.88,3011.52,26,59,7,33,0.392308,96122.2,171.688,195.611,1.23233,132.277,130.473,95.4739,98.7187,44.12769335,51.03661017,17.14337156,18.21615385,65.38806808,76.89515152,0.795305579,5.212147149,0.909387755
444_TME10-1_30x_Str_06B_xyz-7568-12892-29,TME10-1,D1,Female,CPc,CPc_v,84.2967,66.3731,7,66.94,134283,169.854,1.02083,253.35,3881.31,38,83,7,45,0.4401,159308,202.349,198.99,1.2982,109.758,125.833,93.3751,93.6238,41.99913816,46.75746988,18.00103453,19.14631579,62.26420344,70.07355556,0.823874344,6.279894076,0.723404255
445_TME10-1_30x_Str_06B_xyz-8577-12550-382,TME10-1,D1,Female,CPc,CPc_v,63.0053,60.5772,3,93.28,45747.3,134.192,1.03531,216.361,2043.04,14,36,8,22,0.178571,57759.8,180.958,132.291,1.11634,127.731,124.903,74.1093,70.4515,46.58664859,56.74611111,16.0795946,17.01785714,66.0002284,82.02772727,0.768838279,4.481823379,0.904513889
449_TME10-1_30x_Str_07A_xyz-4432-14581-364,TME10-1,D1,Female,CPc,CPc_i,64.2777,69.1889,5,136.33,93112.4,144.476,1.02575,172.581,3345.68,33,71,5,38,0.335354,112615,156.399,197.732,1.29501,129.86,127.374,87.4251,83.9583,41.5441684,47.11690141,15.64447081,16.39515152,64.03601104,73.79631579,0.774796939,4.629607106,0.8025
450_TME10-1_30x_Str_07A_xyz-5015-11881-101,TME10-1,D1,Female,CPc,CPc_v,77.1851,67.9956,8,84.11,114335,183.492,1.02387,264.937,2720.71,28,61,5,33,0.485714,135872,218.632,220.63,1.32175,115.37,127.066,74.8855,87.8392,39.90809743,44.59672131,16.96760573,18.015,59.37275706,67.15090909,0.826468595,6.396425693,0.744489796
451_TME10-1_30x_Str_07A_xyz-5108-18213-293,TME10-1,D2,Female,CPc,CPc_d,49.5181,67.1964,7,58.82,57200.4,141.42,1.02724,190.828,2474.59,24,55,7,31,0.410417,72479,168.782,136.054,1.2576,134.499,119.533,89.8687,87.8782,38.82760893,44.98763636,10.76660435,11.55625,60.55225764,70.87,0.765899422,4.412013389,0.797061524
453_TME10-1_30x_Str_07A_xyz-5459-12317-204,TME10-1,D2,Female,CPc,CPc_v,58.8905,65.0591,5,119.58,86819.7,137.179,1.03058,190.57,3134.07,26,56,4,30,0.381441,110631,183.377,174.031,1.21653,130.84,126.407,72.8323,77.2207,48.2662652,55.96017857,14.17207146,15.00269231,77.81456644,91.45666667,0.758123065,4.236372327,0.913085938
455_TME10-1_30x_Str_07A_xyz-6498-11741-375,TME10-1,D1,Female,CPc,CPc_v,55.9688,49.5036,3,80.36,46785.8,174.217,1.02902,256.349,1395.99,8,19,3,11,0.375,55574.2,212.93,155.591,1.25275,132.421,137.668,115.044,105.537,62.57749448,73.46789474,36.15793739,39.02875,81.79171782,98.51454545,0.776285642,4.667899923,0.923076923
456_TME10-1_30x_Str_07A_xyz-6503-11318-464,TME10-1,D1,Female,CPc,CPc_v,60.0727,63.0663,2,64.53,26582.8,182.507,1.02684,252.76,975.331,5,15,5,10,0.4,30080.2,201.019,111.62,1.15116,138.679,131.592,85.8502,98.7482,57.46687041,65.018,28.55860419,30.288,71.92100351,82.383,0.826371531,6.391995614,0.819444444
457_TME10-1_30x_Str_07B_xyz-1890-11124-454,TME10-1,D1,Female,CPc,CPc_v,51.3508,68.9033,3,118.51,28367.3,162.373,1.01818,264.53,1494.19,10,25,5,15,0.5,33908.5,210.316,118.445,1.152,136.576,120.903,81.3654,77.0887,53.37366012,59.7624,16.46904632,17.035,77.97673598,88.24733333,0.786585579,4.949204401,0.865051903
458_TME10-1_30x_Str_07B_xyz-2134-11205-352,TME10-1,D2,Female,CPc,CPc_v,67.4073,56.3472,2,100.43,76686.2,164.515,1.02745,243.341,2271.41,11,29,7,18,0,86835.8,187.323,227.6,1.10293,122.882,134.738,77.0785,82.9005,68.95273076,78.32,25.10330311,26.70272727,95.74960321,109.8638889,0.85254958,7.826015975,0.92
459_TME10-1_30x_Str_07B_xyz-2792-12555-101,TME10-1,D2,Female,CPc,CPc_i,67.6375,68.8665,5,79.3,87260.8,130.124,1.02461,193.529,3418.71,35,78,8,43,0.350476,103471,148.046,150.988,1.2326,123.46,131.392,88.5486,81.8502,39.19691467,43.82410256,11.62450636,12.24971429,61.6395726,69.52418605,0.817250242,5.999046343,0.801975309
460_TME10-1_30x_Str_07B_xyz-2998-15895-352,TME10-1,D1,Female,CPc,CPc_i,63.4008,74.9317,5,80.54,59521,126.802,1.02527,172.281,2384.1,26,56,4,30,0.314469,79787.2,183.589,164.269,1.50379,126.473,119.411,93.9499,90.8512,36.46820096,42.56767857,22.60163725,24.085,48.48588951,58.586,0.687420314,3.076275783,0.762695313
461_TME10-1_30x_Str_07B_xyz-3132-11617-338,TME10-1,D2,Female,CPc,CPc_v,63.8494,69.797,4,114.84,81375.2,143.307,1.02712,208.072,2690.23,20,45,5,25,0.383333,96502,166.8,180.719,1.20173,131.086,131.899,95.0166,97.9323,52.07796347,59.77777778,17.89908325,19.1075,79.42106765,92.314,0.792223702,5.116403606,0.860082305
462_TME10-1_30x_Str_07B_xyz-3303-18800-235,TME10-1,D1,Female,CPc,CPc_d,67.1845,59.0384,4,98.79,96529.6,152.14,1.02062,220.42,3480.44,33,74,8,41,0.351371,114435,167.18,151.57,1.23182,124.904,132.544,91.8846,98.1511,42.24970008,47.02810811,16.94377384,17.69242424,62.61788461,70.6397561,0.817222416,5.997914435,0.742563548
463_TME10-1_30x_Str_07B_xyz-3921-13706-423,TME10-1,D1,Female,CPc,CPc_i,69.267,59.9661,5,117.92,73882.6,129.789,1.02825,168.4,3188.14,34,71,3,37,0.413632,88269.7,155.526,189.031,1.26527,127.255,135.009,91.0416,92.5376,39.47898749,44.89802817,12.22881622,12.75676471,64.51968541,74.43324324,0.782745738,4.840857397,0.922419461
464_TME10-1_30x_Str_07B_xyz-4060-14700-151,TME10-1,D1,Female,CPc,CPc_i,72.3729,55.4112,5,88.36,136173,152.761,1.02168,246.141,4140.88,41,88,6,47,0.368583,159471,182.088,167.562,1.33989,121.325,136.899,77.0692,75.1991,42.1638382,47.05011364,21.57222623,22.45463415,60.12673374,68.50574468,0.817224862,5.998013941,0.814244065
465_TME10-1_30x_Str_07B_xyz-4422-18055-179,TME10-1,D2,Female,CPc,CPc_i,58.0468,57.7404,7,62.32,94225.9,137.608,1.02824,206.458,3402.48,35,75,5,40,0.52619,112521,155.738,164.959,1.24794,130.267,126.218,101.318,83.2205,39.22796018,45.362,14.25727065,14.87857143,61.07731351,72.035,0.770878044,4.531449541,0.756235828
466_TME10-1_30x_Str_07B_xyz-4710-16012-391,TME10-1,D2,Female,CPc,CPc_i,73.8666,64.3608,5,93.08,96111.7,155.547,1.03455,206.36,3423.53,31,68,6,37,0.274859,117007,172.851,155.08,1.20054,118.271,126.008,80.8287,78.5917,43.35153185,50.34147059,14.37873296,15.38,67.62603902,79.63351351,0.775706231,4.652928863,0.910585141
467_TME10-1_30x_Str_08A_xyz-2400-14469-239,TME10-1,D1,Female,CPc,CPc_i,55.1209,63.2947,5,62.26,61770.8,164.33,1.02466,190.05,2715.8,28,62,6,34,0.337302,73489.6,177.434,144.93,1.28827,134.569,128.083,104.896,100.867,38.60812411,43.79854839,17.89565481,19.18928571,55.66545176,64.065,0.775161538,4.638933208,0.733024691
468_TME10-1_30x_Str_08A_xyz-2704-13642-204,TME10-1,D1,Female,CPc,CPc_i,82.4738,76.4419,7,113.35,68566.4,129.493,1.02114,198.38,2399.63,26,55,3,29,0.490842,87837,151.144,157.64,1.33396,106.599,119.824,96.989,97.1336,39.30722905,43.62509091,13.18880281,14.21,62.72374914,69.99724138,0.782202476,4.825871922,0.826222685
469_TME10-1_30x_Str_08A_xyz-3206-12272-283,TME10-1,D2,Female,CPc,CPc_i,74.9826,76.6408,4,174.5,26309.9,176.643,1.01594,180.17,1984.08,18,39,3,21,0.394444,31465.5,207.988,273.05,1.41791,116.255,124.561,92.8836,93.8585,46.74268292,50.86820513,22.90393652,23.86166667,67.17589413,74.01666667,0.792095659,5.11249417,0.892249527
470_TME10-1_30x_Str_08A_xyz-3261-12457-137,TME10-1,D1,Female,CPc,CPc_i,75.1986,73.18,5,148.81,89620.4,149.349,1.01945,232.79,2802.99,21,48,6,27,0.452381,110421,186.538,156.906,1.21791,120.41,125.313,98.9031,88.7524,51.61470121,58.39083333,19.2007035,20.31380952,76.82558832,88.0062963,0.75986823,4.27468897,0.909631391
471_TME10-1_30x_Str_08A_xyz-3367-11720-267,TME10-1,D1,Female,CPc,CPc_v,67.8095,74.8889,5,130.6,40637.5,151.446,1.01956,233.121,1924.09,15,34,4,19,0.365079,50998.3,182.936,187.843,1.25516,124.972,123.65,80.6086,89.9736,50.60801047,56.58529412,20.45069378,21.18733333,74.41641839,84.53105263,0.72699549,3.643566792,0.820861678
472_TME10-1_30x_Str_08A_xyz-3405-16425-383,TME10-1,D1,Female,CPc,CPc_d,64.0496,66.9213,6,129.67,91603.3,160.075,1.02197,208.88,3255.38,28,63,7,35,0.378401,110879,189.946,165.002,1.28889,128.42,124.624,85.0947,84.0532,46.03581002,51.66730159,20.51863811,22.77571429,66.44954755,74.78057143,0.788139388,4.994293012,0.742878013
473_TME10-1_30x_Str_08A_xyz-3648-10792-395,TME10-1,D2,Female,CPc,CPc_v,74.3843,77.3297,5,77.23,40089,111.721,1.02394,164.79,1577.91,17,38,4,21,0.511765,49593.8,134.998,133.901,1.22108,119.403,119.092,85.659,94.1072,37.55259707,41.51921053,14.05842194,14.64411765,56.57169122,63.2752381,0.766527799,4.426775576,0.890359168
474_TME10-1_30x_Str_08A_xyz-3718-11800-165,TME10-1,D2,Female,CPc,CPc_v,70.0265,56.6327,4,126.91,64707.1,160.031,1.02993,241.848,1876.01,14,31,3,17,0.407143,75983.9,186.314,229.149,1.24328,121.463,133.883,83.0274,94.711,53.4824557,60.5116129,22.72278622,23.92285714,78.8139482,90.64352941,0.791868451,5.105570214,0.889196676
475_TME10-1_30x_Str_08A_xyz-3984-12055-45,TME10-1,D2,Female,CPc,CPc_i,51.6048,78.7216,5,67.5,21444,148.814,1.01692,247.55,1337.73,8,20,4,12,0.625,25510.6,187.793,163.8,1.19203,136.603,117.03,62.8291,60.1913,60.30741453,66.8815,25.06721169,26.03875,83.8008831,94.11,0.771007806,4.534639887,0.892857143
476_TME10-1_30x_Str_08A_xyz-4031-16645-320,TME10-1,D2,Female,CPc,CPc_d,73.0742,59.9098,6,61.01,31857.9,129.722,1.02994,216.248,2143.93,24,51,3,27,0.484028,40281.8,157.002,133.629,1.41313,118.248,115.657,80.2647,81.0978,36.76368232,42.03294118,12.68428227,13.77291667,58.16759347,67.15296296,0.780192825,4.771153904,0.743162901
477_TME10-1_30x_Str_08A_xyz-4052-11856-270,TME10-1,D1,Female,CPc,CPc_i,54.5301,68.75,4,127.12,72144.6,154.438,1.02438,200.41,2508.25,18,43,7,25,0.462963,85765.7,172.508,202.79,1.18347,137.201,123.356,96.8887,94.3683,51.53569549,58.32697674,19.72475664,20.60277778,74.43957146,85.4884,0.797222386,5.273334961,0.835390947
478_TME10-1_30x_Str_08A_xyz-4249-11574-290,TME10-1,D2,Female,CPc,CPc_v,71.4993,59.2266,3,135.4,51760.3,139.854,1.03259,217.19,2000.83,13,32,6,19,0.25641,59979.4,164.458,168.752,1.0974,121.072,134.167,101.513,100.304,54.12795564,62.521875,17.33957636,17.92769231,79.29895199,93.03368421,0.810664313,5.741475583,0.902494331
479_TME10-1_30x_Str_08A_xyz-4327-14549-423,TME10-1,D2,Female,CPc,CPc_i,69.5224,53.5627,5,128.62,73278.9,144.933,1.03551,198.821,2599.15,21,48,6,27,0.452381,85546.3,173.422,160.025,1.27746,127.099,134.789,99.5377,113.212,46.34903673,54.14395833,21.83642931,23.48904762,65.41439805,77.98666667,0.807433899,5.622305192,0.895362663
480_TME10-1_30x_Str_08A_xyz-4360-13932-397,TME10-1,D2,Female,CPc,CPc_i,71.3668,64.5036,5,138.29,73098.9,156.16,1.02903,241.629,2512.04,25,54,4,29,0.438222,88839.7,185.137,158.94,1.3216,121.789,127.525,80.5815,87.2098,40.89890965,46.5137037,18.22785058,19.9472,60.44292608,69.41586207,0.774779419,4.629159821,0.801248699
481_TME10-1_30x_Str_08A_xyz-4380-10647-260,TME10-1,D1,Female,CPc,CPc_v,58.7576,71.2217,3,130.95,43105.2,164.823,1.02681,250.58,1428.73,7,19,5,12,0.428571,51268.2,190.99,138.104,1.09532,135.176,121.058,110.447,111.349,65.07404997,75.19157895,21.27700295,22.90714286,90.62232739,105.6908333,0.789567878,5.036400491,0.887755102
482_TME10-1_30x_Str_08A_xyz-4398-12160-97,TME10-1,D2,Female,CPc,CPc_i,95.3059,61.5733,5,105.36,60519.6,150.97,1.02602,258.58,1945.02,16,36,4,20,0.464583,73770.7,199.954,178.659,1.27178,104.451,130.119,77.3865,84.8774,46.84171954,54.02361111,22.31531977,24.149375,66.46283936,77.923,0.773793552,4.604114223,0.834710744
484_TME10-1_30x_Str_08A_xyz-4496-11673-169,TME10-1,D1,Female,CPc,CPc_v,66.9962,75.4708,5,128.36,47069.7,139.13,1.0244,195.408,1724.88,13,30,4,17,0.564103,57587.4,166.741,164.938,1.14345,122.507,115.415,104.243,99.6824,51.00039735,57.49066667,13.71378556,14.09615385,79.51368872,90.67470588,0.770290502,4.517054416,0.858725762
486_TME10-1_30x_Str_08A_xyz-4525-17207-319,TME10-1,D1,Female,CPc,CPc_d,74.5459,63.7208,5,108.49,63333,152.698,1.02161,207.241,2192.61,23,49,3,26,0.351691,77561.5,176.101,182.918,1.33689,117.182,125.766,85.7682,90.7341,39.46500005,44.74183673,21.75873287,23.08304348,55.12823641,63.90153846,0.764967205,4.390274999,0.846938776
487_TME10-1_30x_Str_08A_xyz-4540-11096-36,TME10-1,D2,Female,CPc,CPc_v,78.5674,71.7458,2,92.3,50605.6,160.482,1.02605,227.39,1525.29,9,23,5,14,0.222222,59104.5,187.524,195.339,1.16272,122.071,123.304,88.6744,83.9669,58.0405227,66.31130435,26.14468307,28.13333333,78.54499103,90.85428571,0.804679347,5.524157721,0.85546875
489_TME10-1_30x_Str_08A_xyz-4772-11333-301,TME10-1,D2,Female,CPc,CPc_v,60.7895,61.8382,4,125.92,42641.8,162.775,1.02525,251.18,2308.66,15,36,6,21,0.340741,49117.3,178.208,171.26,1.19349,137.048,133.08,73.578,94.4308,56.823432,64.12416667,21.02697935,21.73066667,82.39232675,94.4052381,0.830567839,6.588703814,0.897920605
490_TME10-1_30x_Str_08A_xyz-4787-10460-85,TME10-1,D1,Female,CPc,CPc_v,54.9204,63.9908,4,105.93,50974.1,175.585,1.02393,282.599,1343.45,9,20,2,11,0.407407,60006.7,196.488,137.279,1.12298,138.154,126.918,76.7653,83.436,58.63986676,67.168,13.09548968,13.38222222,95.903448,111.1745455,0.77752636,4.700250374,0.881656805
491_TME10-1_30x_Str_08A_xyz-4797-10634-375,TME10-1,D2,Female,CPc,CPc_v,74.2979,81.1531,3,111.78,52642.3,153.979,1.02371,224.539,1747.89,14,32,4,18,0.180952,62708.8,173.941,173.721,1.23212,130.097,124.52,108.921,115.818,48.84280972,54.61625,27.56566097,29.23857143,65.39170319,74.35444444,0.776007896,4.66071264,0.935
492_TME10-1_30x_Str_08A_xyz-4826-10301-404,TME10-1,D1,Female,CPc,CPc_v,78.466,59.8288,6,74.55,41318.8,146.806,1.02855,201.62,1586.92,14,34,6,20,0.492063,51630.3,214.259,140.621,1.33631,115.276,120.351,96.1681,85.9509,40.18965227,46.66941176,19.31737735,24.23428571,54.80024472,62.374,0.815707416,5.936863249,0.890495868
493_TME10-1_30x_Str_08A_xyz-5065-12353-146,TME10-1,D1,Female,CPc,CPc_i,59.4235,67.4906,4,105.11,36969.5,142.621,1.02479,213.839,1770.92,14,32,4,18,0.32381,44661.4,187.892,158.728,1.24236,134.919,127.414,75.3147,89.0157,48.59862719,55.3365625,26.65815148,27.98928571,65.66344163,76.60666667,0.777277445,4.693727983,0.8925
494_TME10-1_30x_Str_08A_xyz-5073-11596-89,TME10-1,D1,Female,CPc,CPc_v,81.663,67.4611,3,81.59,42232.4,165.685,1.02975,198.519,1412.31,9,23,5,14,0.37037,50510.7,186.827,186.082,1.14141,114.315,126.918,74.6584,83.0333,53.33967119,61.39956522,22.6517022,24.40666667,73.06765126,85.18071429,0.787292077,4.969614606,0.85546875
495_TME10-1_30x_Str_08A_xyz-5090-10359-194,TME10-1,D2,Female,CPc,CPc_v,57.8793,66.6276,3,128.79,24776.2,205.772,1.01383,284.05,1673.58,10,25,5,15,0.233333,28211.1,217.578,185.423,1.27083,134.401,125.284,82.2988,83.9211,61.0534635,66.9384,25.90875267,26.489,84.48327072,93.90466667,0.83812814,6.971985224,0.920415225
496_TME10-1_30x_Str_08A_xyz-5191-11998-248,TME10-1,D2,Female,CPc,CPc_i,84.1917,74.2575,4,120.59,50880,139.651,1.02451,201.299,1713.73,13,29,3,16,0.384615,60971.3,166.407,126.56,1.13788,112.752,122.75,88.9261,98.9442,51.7707007,59.08896552,15.28783654,15.82307692,81.41302783,94.2425,0.797005341,5.266341787,0.907407407
497_TME10-1_30x_Str_08A_xyz-5309-10843-268,TME10-1,D1,Female,CPc,CPc_v,66.5737,56.2624,4,122.27,65100.8,166.101,1.0223,217.4,1977.39,13,30,4,17,0.269231,76022.6,212.322,177.95,1.16069,118.94,127.55,106.586,115.144,57.83421103,65.90833333,23.56644642,25.57615385,84.03897221,96.75058824,0.821883793,6.193046429,0.911357341
498_TME10-1_30x_Str_08A_xyz-5350-9845-392,TME10-1,D2,Female,CPc,CPc_v,79.9697,72.8014,3,90.1,47492.3,142.792,1.0194,202.769,1710.96,19,43,5,24,0.273684,58383.1,165.796,116.038,1.41413,113.076,123.882,89.5561,90.2102,35.67003236,39.7844186,25.79692788,27.89789474,43.48624007,49.19458333,0.755718567,4.184575825,0.828402367
499_TME10-1_30x_Str_08A_xyz-5421-10266-131,TME10-1,D2,Female,CPc,CPc_v,50.5783,64.4032,4,114.33,13735.3,169.59,1.01875,245.886,1111.91,7,17,3,10,0.285714,15825.2,184.293,165.052,1.35484,140.757,133.121,58.6647,73.3787,59.6968811,65.40117647,26.31905952,27.24428571,83.06135621,92.111,0.822136259,6.20394137,0.902777778
502_TME10-1_30x_Str_08A_xyz-5762-11001-388,TME10-1,D1,Female,CPc,CPc_v,64.5318,77.5342,6,89.06,68215.6,182.73,1.01954,257.31,2060.99,22,47,3,25,0.241558,84355.1,202.501,203.96,1.22077,132.015,125.211,86.7955,88.6875,39.4094673,43.84574468,13.77328496,14.365,61.96930775,69.7888,0.737811074,3.831852857,0.838134431
504_TME10-1_30x_Str_08B_xyz-2621-10919-327,TME10-1,D1,Female,CPc,CPc_v,86.8628,71.1994,2,186.06,64031.7,174.494,1.02488,234.301,1773.59,10,24,4,14,0.2,75525.7,200.029,207.702,1.11245,103.969,119.755,109.479,100.834,65.77494524,73.89458333,17.95424636,18.962,99.9325873,113.1321429,0.802275297,5.440988662,0.90234375
505_TME10-1_30x_Str_08B_xyz-2720-10749-376,TME10-1,D1,Female,CPc,CPc_v,76.4049,70.7926,3,172.52,48116.5,159.231,1.02215,229.712,1709.21,12,28,4,16,0.333333,57339.5,182.535,159.531,1.19293,124.671,122.177,96.428,109.667,54.39537961,61.0375,24.40945964,25.17583333,76.88481958,87.93375,0.77035986,4.518749444,0.904320988
506_TME10-1_30x_Str_08B_xyz-3597-12457-316,TME10-1,D1,Female,CPc,CPc_v,68.5313,85.2647,3,160.42,52832.1,127.013,1.0237,192.401,2092.41,15,35,5,20,0.346667,65140.1,156.21,166.768,1.15333,129.514,123.066,79.2031,83.9629,53.30495031,59.77771429,19.7331047,20.674,78.48383451,89.1055,0.775439712,4.646071335,0.909090909
508_TME10-1_30x_Str_08B_xyz-3866-15007-413,TME10-1,D1,Female,CPc,CPc_i,65.4657,64.97,7,116.93,59593.9,143.613,1.02194,185.771,2306.72,25,54,4,29,0.595556,71930.5,162.938,130.147,1.30769,127.653,131.048,81.2336,86.6847,37.72852372,42.71277778,14.52919837,15.1636,57.72794212,66.46206897,0.758151322,4.23698782,0.800208117
509_TME10-1_30x_Str_08B_xyz-3938-13707-310,TME10-1,D2,Female,CPc,CPc_i,57.6498,60.075,4,131.29,78405.9,151.364,1.02534,212.648,2360.47,17,40,6,23,0.267974,90648.1,182.439,186.502,1.23964,132.924,133.133,90.8706,104.092,51.99047011,59.007,27.02527385,28.56058824,70.44300648,81.51086957,0.805641449,5.55808568,0.84
511_TME10-1_30x_Str_08B_xyz-4785-14449-153,TME10-1,D1,Female,CPc,CPc_i,65.6689,57.1475,6,91.67,60269.9,154.736,1.02341,160.781,2050.11,19,45,7,26,0.389474,70684.5,177.708,133.539,1.24837,128.57,130.507,97.9757,92.341,40.66845244,45.55288889,16.72249816,17.69894737,58.16741903,65.90769231,0.812663556,5.817528987,0.727040816
512_TME10-1_30x_Str_08B_xyz-5282-13541-213,TME10-1,D1,Female,CPc,CPc_i,72.8419,76.6498,5,127.45,48410.1,122.642,1.03646,168.413,2030.14,21,45,3,24,0.439683,62794.9,141.689,134.931,1.19785,125.547,123.748,99.506,101.245,38.43489981,45.10955556,10.66631299,11.03571429,62.73241327,74.92416667,0.718052774,3.499934514,0.828402367
0001_TME10-3_30x_Str_02A_xyz-6777-9688-17,TME10-3,D1,Female,CPr,CPr_imv,101.247,83.1316,4,71.18,13736.3,113.413,1.03981,169.46,774.341,8,20,4,12,0.3125,17786.4,160.884,89.9896,1.28269,94.6161,111.462,89.7844,110.937,31.37913332,38.713,15.67009397,16.86625,41.85182622,53.2775,0.645244188,2.623284524,0.857142857
0002_TME10-3_30x_Str_02A_xyz-7092-9874-62,TME10-3,D1,Female,CPr,CPr_imv,78.0878,74.8183,4,71.28,57397.7,154.946,1.04706,232.292,1740.52,11,25,3,14,0.424242,73151.7,194.398,139.8,1.15897,119.562,114.907,85.4733,79.0138,53.37677434,69.6156,17.7947132,19.68181818,81.33410809,108.8492857,0.741020045,3.891081944,0.85546875
0003_TME10-3_30x_Str_02A_xyz-7174-11291-81,TME10-3,D2,Female,CPr,CPr_imv,87.8168,80.6245,5,80.16,72342.3,164.013,1.03385,186.791,2603.17,22,49,5,27,0.402165,96878.5,198.244,139.422,1.2885,105.955,113.194,83.5945,93.3608,43.82822827,53.12061224,18.42385333,19.94772727,64.52808933,80.15037037,0.694780026,3.169509731,0.83353151
0005_TME10-3_30x_Str_02A_xyz-7485-11477-233,TME10-3,D1,Female,CPr,CPr_imv,79.8645,77.5597,4,70.94,72038,203.224,1.03052,253.781,2094.81,16,36,4,20,0.3125,91465,264.977,148.082,1.29598,114.886,118.54,86.4899,93.3531,48.63627294,58.18472222,28.55043175,31.653125,64.7049459,79.41,0.722592207,3.571561886,0.888429752
0007_TME10-3_30x_Str_02A_xyz-7519-12335-265,TME10-3,D1,Female,CPr,CPr_imv,68.5688,66.5351,3,123.7,50879.4,162.617,1.03307,229.06,1671.18,12,28,4,16,0.388889,64664.3,224.073,170.59,1.23035,119.715,124.732,85.5705,98.954,49.80480575,59.67928571,16.96300211,18.5975,74.43615849,90.490625,0.739479994,3.86245453,0.848765432
0010_TME10-3_30x_Str_02A_xyz-7691-9217-94,TME10-3,D1,Female,CPr,CPr_imv,80.1661,78.0018,4,118.58,60520.5,157.243,1.03942,220.18,2338.61,15,36,6,21,0.296296,81208.8,213.841,141.021,1.14665,118.024,114.303,96.6829,91.778,51.4055745,64.95611111,18.78622032,20.042,74.7051132,97.03761905,0.68894,3.095129114,0.897920605
0012_TME10-3_30x_Str_02A_xyz-7804-11224-213,TME10-3,D2,Female,CPr,CPr_imv,70.2651,86.1508,6,129.59,44260.9,162.639,1.03296,177.92,1604.31,13,28,2,15,0.635897,58771.2,201.678,141.748,1.23764,124.452,108.964,95.2533,92.9168,46.8905195,57.29107143,14.66023689,15.12692308,74.82343109,93.83333333,0.631839957,2.502954458,0.896193772
0015_TME10-3_30x_Str_02A_xyz-8057-11814-435,TME10-3,D1,Female,CPr,CPr_m,63.3358,80.3157,4,106.32,46046.9,152.719,1.02889,191.65,1617.43,13,30,4,17,0.282051,61337.5,205.198,156.928,1.19536,124.54,116.298,80.4855,54.3014,45.45558371,53.909,14.31960534,15.23769231,69.26544951,83.48117647,0.718856941,3.512436761,0.889196676
0016_TME10-3_30x_Str_02A_xyz-8154-12850-379,TME10-3,D1,Female,CPr,CPr_m,74.8057,83.3197,5,123.64,63005.1,156.833,1.04394,217.082,2221.7,12,29,5,17,0.296296,79414.5,200.946,193.43,1.1126,124.699,116.029,103.072,92.8587,62.63199389,76.60586207,12.78308154,13.4625,97.81946144,121.1776471,0.75473096,4.16362823,0.864265928
0022_TME10-3_30x_Str_02A_xyz-8360-12598-58,TME10-3,D1,Female,CPr,CPr_imv,54.5689,85.0857,4,140.83,44105.7,156.569,1.03022,140.897,1551.2,10,25,5,15,0.35,53805.3,190.549,121.222,1.20102,130.697,115.88,75.1373,77.5081,54.16518381,62.0428,30.66202973,33.23,69.83395319,81.25133333,0.761769511,4.317144624,0.896193772
0027_TME10-3_30x_Str_02A_xyz-8712-10566-127,TME10-3,D2,Female,CPr,CPr_imv,64.1541,74.4278,4,89.68,53017.7,128.901,1.0315,176.118,2180.23,15,37,7,22,0.344444,70932.6,160.811,155.364,1.21864,134.411,115.506,74.7657,97.1503,46.60807596,58.91972973,20.87950464,21.846,64.15028369,84.19727273,0.660702403,2.774992215,0.859375
0029_TME10-3_30x_Str_02A_xyz-8736-9877-138,TME10-3,D1,Female,CPr,CPr_imv,63.4149,88.3423,4,82.73,45565.5,115.123,1.05114,193.12,2006.54,13,31,5,18,0.353846,63508.1,168.385,147.68,1.10136,128.952,110.419,113.945,112.065,47.3984754,64.72225806,13.27332312,14.03923077,72.04441871,101.3266667,0.614547711,2.361111706,0.895
0037_TME10-3_30x_Str_02A_xyz-9230-12135-396,TME10-3,D2,Female,CPr,CPr_m,80.8394,96.7137,5,113.1,31203.1,120.659,1.04596,150.37,1847.57,14,32,4,18,0.494898,44579.6,169.134,122.289,1.18618,111.224,96.0916,92.5706,95.415,43.77181095,57.7325,12.64601153,13.72642857,67.98076606,91.95944444,0.586421104,2.157635978,0.92
0038_TME10-3_30x_Str_02A_xyz-9252-11903-354,TME10-3,D1,Female,CPr,CPr_m,63.8716,78.0694,4,135.29,49571.5,142.506,1.03511,209.055,1971.45,12,29,5,17,0.416667,63434.6,171.669,164.687,1.15471,133.728,121.534,93.8349,86.5114,57.37936012,67.97655172,21.23232257,24.01083333,82.89491604,99.01117647,0.750109499,4.068047272,0.911357341
0039_TME10-3_30x_Str_02A_xyz-9316-12055-188,TME10-3,D2,Female,CPr,CPr_m,86.6679,78.459,7,134.6,57777.6,128.486,1.03098,179.408,2396.8,20,45,5,25,0.346996,82432.3,189.742,150.839,1.31217,112.144,113.496,86.7585,83.1805,43.9177233,53.25711111,17.10743787,19.513,65.36595165,80.2524,0.665188387,2.821895717,0.77914952
0042_TME10-3_30x_Str_02A_xyz-9382-12382-424,TME10-3,D1,Female,CPr,CPr_m,66.0417,73.9387,4,102.98,31956.8,131.945,1.02796,206.74,1775.34,16,35,3,19,0.360119,40526.5,157.311,151.235,1.24324,134.818,117.668,69.982,80.5182,44.20984122,50.71857143,13.97927199,14.899375,69.66716269,80.88210526,0.760822501,4.295904019,0.925170068
0044_TME10-3_30x_Str_02A_xyz-9448-10793-112,TME10-3,D1,Female,CPr,CPr_imv,56.7064,72.1281,4,93.13,48733.6,177.733,1.03023,263.611,2317.11,15,35,5,20,0.413333,62223.3,210.724,124.559,1.13649,131.551,122.26,77.5841,68.0534,55.27305998,66.19857143,13.27377196,13.81133333,86.77252599,105.489,0.764537611,4.380321742,0.94214876
0047_TME10-3_30x_Str_02A_xyz-9629-11675-269,TME10-3,D2,Female,CPr,CPr_m,76.2857,63.3028,4,107.74,45682,136.068,1.04918,165.14,1610.41,9,23,5,14,0.388889,55892.7,178.218,205.08,1.20199,115.884,128.511,93.168,84.5687,54.98432565,70.01304348,31.6332144,34.84888889,69.99575432,92.61857143,0.724662744,3.605102567,0.8828125
0050_TME10-3_30x_Str_02A_xyz-9714-11450-348,TME10-3,D1,Female,CPr,CPr_m,79.4918,94.0833,6,88.97,27665.7,108.02,1.05177,168.331,1710.23,15,35,5,20,0.354286,38449.4,211.066,123.869,1.19373,117.789,107.677,93.8364,102.212,35.98981202,48.85857143,12.38789166,13.78666667,53.69125229,75.1625,0.631715262,2.501879792,0.801652893
0056_TME10-3_30x_Str_02A_xyz-10060-10703-432,TME10-3,D2,Female,CPr,CPr_m,94.9001,76.7436,3,70.51,16702.8,144.554,1.02836,182.59,773.777,7,18,4,11,0.428571,22091.9,168.515,84.6904,1.34516,106.779,114.168,87.5009,102.538,35.41457452,42.98222222,23.39403596,25.46,43.06400815,54.13272727,0.672589585,2.902367766,0.887573964
0063_TME10-3_30x_Str_02A_xyz-10510-10655-360,TME10-3,D1,Female,CPr,CPr_m,37.1148,71.4407,5,119.04,43611,173.316,1.02832,241.97,1567.48,12,28,4,16,0.465278,55226.9,216.919,145.796,1.38149,145.134,115.906,86.5174,89.6283,48.60036889,55.97714286,29.30263699,32.01833333,63.07366781,73.94625,0.70801905,3.350333736,0.922839506
0079_TME10-3_30x_Str_02B_xyz-1304-9822-229,TME10-3,D1,Female,CPr,CPr_m,67.7917,67.0201,3,117.49,41934.5,168.669,1.03319,233.772,1477.76,8,21,5,13,0.375,51496.2,204.405,156.256,1.14333,119.524,129.177,65.2055,59.3035,56.23707059,70.3652381,21.5651641,22.8525,77.57362844,99.60384615,0.738976057,3.853168458,0.88
0083_TME10-3_30x_Str_02B_xyz-1599-10248-194,TME10-3,D2,Female,CPr,CPr_m,69.1243,72.3688,3,98.39,51007.8,157.678,1.02605,171.268,1658.57,11,26,4,15,0.0454545,63764.8,186.466,117.701,1.2037,125.714,121.711,88.9209,87.1908,54.78588545,63.78653846,23.71537461,24.95363636,77.57092673,92.264,0.739631867,3.865260935,0.920415225
0086_TME10-3_30x_Str_02B_xyz-2261-10900-407,TME10-3,D2,Female,CPr,CPr_m,77.998,63.896,3,72.24,15505.8,77.6276,1.02811,116.08,907.328,9,23,5,14,0.244444,20978.7,118.661,84.1535,1.22466,106.968,120.678,112.383,86.2673,32.31976297,39.44391304,14.97636295,16.04222222,43.46909155,54.48785714,0.645277541,2.623596308,0.9140625
0093_TME10-3_30x_Str_02B_xyz-2625-11065-287,TME10-3,D2,Female,CPr,CPr_m,52.2008,74.3786,4,40.03,21586,134.16,1.03986,164.68,1148.61,14,30,2,16,0.339286,30235.3,161.392,108.32,1.31207,133.953,116.003,77.492,97.9447,32.05427043,38.28166667,13.62662545,15.155,48.17845978,58.5175,0.726151695,3.629569761,0.848765432
0095_TME10-3_30x_Str_02B_xyz-2837-11208-394,TME10-3,D1,Female,CPr,CPr_m,66.9903,87.736,3,104.46,32346.3,113.548,1.02508,176.5,1126.6,10,24,4,14,0.4,41314.6,165.305,143.45,1.31922,126.296,120.004,89.2717,107.503,40.2042671,46.93666667,21.62200398,22.909,53.47731218,64.09928571,0.706265979,3.325354004,0.81640625
0099_TME10-3_30x_Str_02B_xyz-3049-12863-289,TME10-3,D1,Female,CPr,CPr_m,77.5083,74.2624,3,99.7,55580.6,164.712,1.03097,254.46,1853.61,12,29,5,17,0.361111,71163.9,204.475,138.93,1.15736,121.575,119.575,113.867,107.224,52.71752565,63.91275862,17.87506915,19.44333333,77.31220082,95.30294118,0.747874921,4.023226668,0.786703601
0101_TME10-3_30x_Str_02B_xyz-3108-11305-124,TME10-3,D2,Female,CPr,CPr_imv,57.0649,83.3499,4,94.04,49552.9,130.914,1.03827,218.44,1838.08,15,35,5,20,0.311111,64734,174.123,140.498,1.28668,134.194,116.121,79.6422,76.465,42.11549024,52.51171429,29.70601859,33.10466667,51.42259397,67.067,0.642021357,2.593455704,0.865702479
0102_TME10-3_30x_Str_02B_xyz-3249-13100-359,TME10-3,D2,Female,CPr,CPr_m,80.6332,90.6628,4,107.35,37080,139.045,1.03684,201.111,1573.67,12,28,4,16,0.333333,49986.5,158.046,120.995,1.18154,114.624,105.344,87.1754,79.609,45.96056151,56.19785714,16.67517913,18.57333333,67.92459829,84.41625,0.669544646,2.868781428,0.87654321
0103_TME10-3_30x_Str_02B_xyz-3262-11661-324,TME10-3,D1,Female,CPr,CPr_m,66.7908,79.682,3,98.54,48581.4,153.451,1.04083,208.13,2122.38,17,39,5,22,0.372549,63859,183.535,139.968,1.15879,129.161,112.49,91.5038,95.1003,43.31474288,54.41487179,16.03185197,16.60117647,64.39697677,83.63454545,0.694538759,3.166374708,0.831597222
0104_TME10-3_30x_Str_02B_xyz-3279-10132-185,TME10-3,D2,Female,CPr,CPr_imv,71.0505,98.7975,4,74.56,39821.5,122.953,1.02907,159.139,1690.2,13,30,4,17,0.553846,56775.6,160.77,146.18,1.24107,122.153,105.424,100.133,94.0232,46.55915004,56.33466667,22.28505634,23.89153846,65.12169228,81.14411765,0.593005374,2.202560418,0.831024931
0109_TME10-3_30x_Str_02B_xyz-3382-13273-120,TME10-3,D1,Female,CPr,CPr_m,76.4031,65.8422,8,98.54,76144.2,134.638,1.02651,196.07,2877.79,30,63,3,33,0.520794,96962.8,166.428,133.799,1.30375,112.103,127.498,80.0584,85.6353,39.53521523,45.67412698,13.31519515,14.00766667,63.37159712,74.46181818,0.729937257,3.693124416,0.820408163
0112_TME10-3_30x_Str_02B_xyz-3540-15382-261,TME10-3,D1,Female,CPr,CPr_m,67.1989,70.1274,5,133.15,32341.6,188.571,1.02526,184.092,2103.41,18,39,3,21,0.462963,40456.4,230.468,134.649,1.21633,125.541,119.007,96.2766,72.9611,46.81456676,53.92897436,11.96543443,12.67888889,76.68525161,89.28619048,0.742394045,3.916943674,0.844990548
0113_TME10-3_30x_Str_02B_xyz-3550-10163-341,TME10-3,D1,Female,CPr,CPr_imv,76.177,81.2082,4,115.27,86809.6,207.96,1.03176,292.429,2662.31,18,39,3,21,0.453704,110872,225.722,194.279,1.18744,121.696,120.001,94.0057,112.787,56.87760221,68.25948718,18.33595346,19.13666667,89.91330115,110.3647619,0.742634715,3.921505193,0.81852552
0115_TME10-3_30x_Str_02B_xyz-3735-9844-268,TME10-3,D2,Female,CPr,CPr_imv,61.195,79.9098,5,150.02,45873.7,135.671,1.03557,187.585,1855.93,13,31,5,18,0.474359,59692.7,177.487,134.008,1.15385,132.629,113.002,120.254,103.886,48.27299601,59.86387097,18.9194353,20.67615385,69.47278986,88.16611111,0.659094638,2.758511228,0.8425
0117_TME10-3_30x_Str_02B_xyz-3917-9770-223,TME10-3,D1,Female,CPr,CPr_imv,61.4084,72.6621,5,92.99,62522.9,158.262,1.03472,241.929,1938.81,13,30,4,17,0.454945,79732.8,218.211,186.118,1.31378,129.521,117.678,83.5742,88.4984,52.87922191,64.62166667,31.0215758,35.84,69.59389246,86.63117647,0.670517519,2.87943832,0.891966759
0120_TME10-3_30x_Str_02B_xyz-3992-11569-219,TME10-3,D1,Female,CPr,CPr_imv,56.7807,77.7968,3,174.93,27258.8,148.985,1.03383,200.85,2210.89,11,28,6,17,0.272727,34396.6,181.194,171.539,1.13684,131.166,119.685,81.6468,67.3028,64.73311337,78.95535714,14.21417026,14.68909091,97.42184126,120.5394118,0.75251436,4.117289361,0.889196676
0122_TME10-3_30x_Str_02B_xyz-4023-10390-43,TME10-3,D1,Female,CPr,CPr_imv,70.6327,80.728,3,79.33,37873.3,146.458,1.03711,182.26,1610.49,15,36,6,21,0.422222,52312.6,192.289,133.809,1.302,123.209,112.205,76.6333,74.8355,36.76942663,44.73111111,23.59564674,26.56533333,46.1792694,57.70666667,0.636707904,2.54553582,0.848771267
0124_TME10-3_30x_Str_02B_xyz-4099-11814-289,TME10-3,D2,Female,CPr,CPr_m,68.5351,79.9209,4,66.76,28486.9,111.357,1.03698,167.89,1335.26,12,28,4,16,0.178571,40499.1,139.451,108.411,1.26981,122.434,114.75,100.096,95.1603,36.6511423,47.68321429,22.00234478,24.34416667,47.63774044,65.1875,0.611096268,2.334433559,0.87962963
0128_TME10-3_30x_Str_02B_xyz-4315-10622-380,TME10-3,D1,Female,CPr,CPr_imv,74.9811,78.4086,3,87.06,40696.4,150.432,1.04022,235.559,1695.92,12,28,4,16,0.35,53148.6,177.353,116.939,1.09063,130.111,119.992,72.7769,90.9249,50.57306571,60.56357143,11.05481786,11.19166667,80.21175159,97.5925,0.720308129,3.535199715,0.904320988
0129_TME10-3_30x_Str_02B_xyz-4443-8759-141,TME10-3,D1,Female,CPr,CPr_imv,94.9328,86.0509,3,103.49,56701.3,131.555,1.03552,173.989,2338.09,18,42,6,24,0.407407,75443.5,159.381,130.784,1.20657,97.0606,112.683,78.3981,86.761,45.38938373,55.66357143,18.57217353,20.20888889,65.50229139,82.25458333,0.704118604,3.295201302,0.792899408
0132_TME10-3_30x_Str_02B_xyz-4599-13264-394,TME10-3,D2,Female,CPr,CPr_m,74.5286,73.4138,5,50.28,29178.8,124.641,1.04368,138.529,1347.58,14,31,3,17,0.447619,41221.2,162.983,109.119,1.33594,123.132,105.257,93.9957,91.2525,34.91398193,43.46516129,19.97674094,22.72928571,47.21523922,60.54176471,0.674934025,2.928698841,0.789473684
0133_TME10-3_30x_Str_02B_xyz-4631-15738-106,TME10-3,D2,Female,CPr,CPr_m,61.7754,75.1868,5,126.34,51470.8,145.281,1.02745,177.302,2058.4,20,43,3,23,0.345833,66078.4,197.254,170.467,1.32108,129.431,114.118,87.7432,83.8624,41.01230955,47.8644186,18.50663739,20.2045,60.58245926,71.91652174,0.726515615,3.6355948,0.8608
0134_TME10-3_30x_Str_02B_xyz-4653-12720-367,TME10-3,D1,Female,CPr,CPr_m,66.81,74.5571,7,115.49,57968.7,145.135,1.04558,202.86,2094.67,15,34,4,19,0.427778,79043.1,203.953,126.11,1.33544,115.454,107.268,101.402,91.9735,49.33323307,61.60352941,23.11914866,26.988,70.02856286,88.93157895,0.658772002,2.755224424,0.922902494
0135_TME10-3_30x_Str_02B_xyz-4658-16246-19,TME10-3,D2,Female,CPr,CPr_m,74.8112,80.4967,4,99.96,26409.8,126.631,1.02912,75.5991,1185.12,11,25,3,14,0.336364,35363.5,160.544,158.197,1.31557,122.176,121.665,109.557,106.405,39.51597997,47.3996,15.5887063,16.72545455,58.31598072,71.50071429,0.671433032,2.889530199,0.91015625
0137_TME10-3_30x_Str_02B_xyz-4999-14756-344,TME10-3,D1,Female,CPr,CPr_imd,71.4024,71.3053,5,76.84,52697.2,163.482,1.0376,144.668,1645.04,13,28,2,15,0.58547,66883.1,199.484,117.249,1.1351,122.392,105.951,89.9625,86.7566,48.1779721,58.74642857,9.305341052,9.556153846,81.86758567,101.378,0.73685214,3.814464417,0.892733564
0138_TME10-3_30x_Str_02B_xyz-5175-14921-147,TME10-3,D2,Female,CPr,CPr_m,80.9892,87.1613,5,150.08,96042.1,143.99,1.02838,191.672,3610.29,28,63,7,35,0.468452,127192,191.301,159.973,1.21545,111.543,111.566,88.8418,94.6702,49.08204118,57.30126984,18.33487091,19.7775,73.67977739,87.32028571,0.705188823,3.31016827,0.872899927
0139_TME10-3_30x_Str_02B_xyz-5247-10348-148,TME10-3,D1,Female,CPr,CPr_imv,67.8629,71.5892,5,113.87,71620.5,165.126,1.02921,101.451,1778.99,15,33,3,18,0.344444,84444.7,195.136,164.17,1.49593,131.784,128.538,80.0641,67.3747,46.26310312,53.90363636,29.84371686,31.95466667,59.94592501,72.19444444,0.718596685,3.508381943,0.8075
0140_TME10-3_30x_Str_02B_xyz-5283-9020-341,TME10-3,D2,Female,CPr,CPr_l,67.8356,78.5183,5,73.13,42714.7,151,1.0349,120.81,1449.87,13,29,3,16,0.288462,53115.8,179.895,181.82,1.33659,124.063,119.551,82.7906,91.6042,40.88969363,49.99103448,25.01979475,27.63076923,53.78398648,68.15875,0.680566615,2.993699375,0.904320988
0141_TME10-3_30x_Str_02B_xyz-5348-9259-316,TME10-3,D2,Female,CPr,CPr_imv,61.29,78.8952,4,63.65,54004.2,143.874,1.04061,231.7,1767.4,11,27,5,16,0.318182,67816.4,205.362,124.52,1.10112,133.276,125.509,72.8411,70.5347,53.30068971,65.45481481,16.33241621,16.94727273,78.71637775,98.80375,0.768371036,4.470592578,0.87345679
0142_TME10-3_30x_Str_02B_xyz-5481-15489-407,TME10-3,D1,Female,CPr,CPr_imd,62.1506,58.7939,5,69.07,77480.8,136.372,1.02861,207.428,2571,19,45,7,26,0.403509,92794.3,174.998,180.537,1.15653,130.409,135.236,85.9192,92.7995,48.95570211,57.12822222,16.66927785,17.98578947,72.54962754,85.73230769,0.782292886,4.82836003,0.924744898
0143_TME10-3_30x_Str_02B_xyz-5571-11051-349,TME10-3,D1,Female,CPr,CPr_imv,79.5071,78.6162,5,62.28,80154.4,181.414,1.03741,267.78,2425.05,20,43,3,23,0.335714,101834,228.512,145.17,1.31191,121.98,116.359,81.3856,68.4414,47.24140673,56.39186047,25.10927289,27.5045,66.48674049,81.51130435,0.73400884,3.76372376,0.8672
0144_TME10-3_30x_Str_02B_xyz-5571-13669-320,TME10-3,D1,Female,CPr,CPr_imd,73.8488,84.2672,4,55.37,36421.7,128.776,1.03697,165.881,1881.39,18,40,4,22,0.383333,49356.2,158.634,89.7221,1.33019,117.143,106.701,108.754,99.8775,38.61817642,47.02975,19.45573471,20.97166667,54.29653781,68.35,0.670000144,2.873762383,0.762152778
0146_TME10-3_30x_Str_03A_xyz-5790-15551-133,TME10-3,D1,Female,CPr,CPi_dl,83.8523,72.7822,5,172.3,84679.2,172.991,1.03771,206.093,2852.18,21,47,5,26,0.330159,105390,199.217,189.496,1.20826,112.681,122.244,83.3659,82.8769,50.33619352,60.6793617,21.87896939,23.84380952,73.32087454,90.43115385,0.736125601,3.801383397,0.910714286
0148_TME10-3_30x_Str_02B_xyz-6035-11061-269,TME10-3,D1,Female,CPr,CPr_imv,71.6973,79.3939,4,160.84,98208.1,160.623,1.02946,217.278,3161.3,20,47,7,27,0.466667,123438,191.583,164.004,1.15516,123.09,115.971,94.8928,85.6332,57.29669882,67.25723404,19.28339683,20.701,85.45470029,101.7433333,0.735705003,3.79384717,0.828775268
0149_TME10-3_30x_Str_02B_xyz-6064-9726-279,TME10-3,D1,Female,CPr,CPr_imv,65.8483,69.8695,4,120.68,53019.8,180.414,1.03491,215.936,2309.84,15,34,4,19,0.422222,65631.7,209.16,222.281,1.19572,127.604,126.867,83.6405,73.6199,54.82315401,67.93088235,16.80771679,17.50466667,84.83534128,107.7410526,0.734049571,3.764442134,0.854875283
0150_TME10-3_30x_Str_02B_xyz-6238-10476-227,TME10-3,D2,Female,CPr,CPr_imv,81.2286,79.8751,5,163.34,91511.2,180.307,1.03268,244.11,2794.94,19,43,5,24,0.487719,115831,209.701,156.21,1.16035,108.949,117.66,82.3181,98.7723,54.28639798,64.99325581,18.67956778,19.70736842,82.47513855,100.8445833,0.732732043,3.741327854,0.844674556
0152_TME10-3_30x_Str_02B_xyz-6558-10232-161,TME10-3,D2,Female,CPr,CPr_imv,80.2194,80.5401,4,127.4,71648.3,143.105,1.02955,208.2,2462.35,16,37,5,21,0.429167,92468,179.96,184.862,1.2016,114.622,119.306,85.9032,77.7412,55.62628646,66.54513514,22.96752466,24.78875,80.5091526,98.35952381,0.71185018,3.406095146,0.916824197
0153_TME10-3_30x_Str_02B_xyz-6851-12280-328,TME10-3,D1,Female,CPr,CPr_imv,71.2538,64.693,6,147.89,114879,166.691,1.02568,212.109,3365.58,27,57,3,30,0.378034,138721,182.784,245.676,1.19512,122.808,127.654,98.2269,94.973,52.16776056,59.03982456,16.74786147,17.81925926,84.04566973,96.13833333,0.800904363,5.394562856,0.91015625
0154_TME10-3_30x_Str_02B_xyz-6917-15366-121,TME10-3,D1,Female,CPr,CPr_imd,58.0028,63.3605,6,145.19,60404.6,162.316,1.0225,249.519,3406.16,28,61,5,33,0.429592,73593.9,181.15,141.958,1.35,129.609,126.796,102.198,94.8196,49.71309992,55.83327869,18.72118943,19.76285714,76.00926639,86.43848485,0.786951794,4.959765238,0.85877551
0156_TME10-3_30x_Str_02B_xyz-7190-12469-35,TME10-3,D1,Female,CPr,CPr_imv,66.0615,68.9772,5,126.64,75849.6,182.14,1.02185,225.461,2333.45,21,45,3,24,0.343764,89913.5,215.975,215.694,1.31628,130.514,130.381,67.0202,73.5542,46.03037602,51.84933333,21.53081529,23.33238095,67.46749167,76.80166667,0.788904486,5.016766742,0.912721893
0157_TME10-3_30x_Str_02B_xyz-7200-11850-103,TME10-3,D2,Female,CPr,CPr_imv,71.996,71.1222,5,115.1,85823.6,143.369,1.02458,216.5,2856.08,26,56,4,30,0.236172,107479,162.348,156.689,1.21474,122.585,124.417,98.0517,95.7609,44.62702657,50.99678571,14.22924754,15.03,70.97176839,82.168,0.759038968,4.256404798,0.834960938
0158_TME10-3_30x_Str_02B_xyz-7327-11164-26,TME10-3,D2,Female,CPr,CPr_imv,96.3971,83.9274,4,113.15,55192.4,130.648,1.02528,195.718,1969.76,14,33,5,19,0.238095,69546.6,165.184,128.611,1.2263,106.547,107.869,82.5291,84.3951,51.01689901,59.68454545,20.17534181,21.52857143,73.74225695,87.79947368,0.732112946,3.730553695,0.904761905
0159_TME10-3_30x_Str_02B_xyz-7403-11744-205,TME10-3,D2,Female,CPr,CPr_imv,82.5255,77.9832,5,110.68,65942.2,134.336,1.03227,189.089,2400.68,22,48,4,26,0.369697,84824.8,172.465,148.809,1.24195,106.799,115.659,85.4459,92.2201,41.26506471,50.00916667,19.23722435,20.52045455,59.90400655,74.96115385,0.697473586,3.204884656,0.808673469
0160_TME10-3_30x_Str_02B_xyz-7642-15400-168,TME10-3,D2,Female,CPr,CPr_imd,64.153,71.2881,5,124.06,85162.9,150.562,1.02766,213.449,2798.39,21,47,5,26,0.436508,103632,174.809,187.959,1.21765,131.836,127.462,106.084,93.2202,50.85122508,59.53510638,18.22699111,19.34714286,77.20156791,91.99461538,0.756521096,4.20173702,0.848214286
0161_TME10-3_30x_Str_02B_xyz-7770-13064-396,TME10-3,D2,Female,CPr,CPr_imd,56.6676,76.7955,5,54.49,63696.6,158.083,1.03834,215.391,2148.4,24,51,3,27,0.505556,80143.4,185.478,169.833,1.50054,130.033,116.581,91.7846,84.0662,35.33990651,42.12039216,17.18159265,18.81583333,51.48062994,62.83555556,0.732528519,3.737779821,0.744351962
0163_TME10-3_30x_Str_03A_xyz-2387-13846-203,TME10-3,D1,Female,CPi,CPi_vl,68.6618,64.9219,5,176.02,142753,231.393,1.02528,314.46,3849.93,27,62,8,35,0.443034,165462,256.199,205.008,1.15108,118.774,126.383,80.1641,82.2192,55.37175868,62.09048387,19.08844491,20.17740741,83.36174359,94.42342857,0.846793426,7.463583544,0.833455077
0164_TME10-3_30x_Str_03A_xyz-2629-14245-341,TME10-3,D2,Female,CPi,CPi_vl,80.4893,70.572,4,104.12,87328.4,138.829,1.02406,199.277,2818.57,23,52,6,29,0.362319,110220,171.529,169.752,1.21641,111.123,121.172,91.2513,103.124,46.06259188,54.19788462,20.42317796,21.53434783,66.39729947,80.10344828,0.74560205,3.978534598,0.890738814
0165_TME10-3_30x_Str_03A_xyz-2638-17341-463,TME10-3,D1,Female,CPi,CPi_dl,70.0686,55.3314,6,90.58,92703.9,167.036,1.02329,259.32,2890.76,29,64,6,35,0.354023,106866,190.43,165.33,1.39105,121.874,138.2,88.4969,87.8847,40.64334498,45.16328125,20.62789472,22.02034483,57.2275752,64.33885714,0.823330364,6.25594324,0.811541271
0166_TME10-3_30x_Str_03A_xyz-2831-13062-449,TME10-3,D2,Female,CPi,CPi_vl,67.3245,56.2529,5,121.46,100501,144.253,1.02599,207.41,3325.59,27,60,6,33,0.381481,119192,168.509,169.911,1.20714,124.306,134.292,101.118,103.596,48.23813712,55.42116667,15.73720022,16.48740741,74.82981276,87.27606061,0.795215739,5.209310623,0.909387755
0167_TME10-3_30x_Str_03A_xyz-2953-9999-395,TME10-3,D1,Female,CPi,CPi_vl,70.2168,81.0053,6,27.01,71330.8,133.367,1.04032,224.56,2396.22,23,49,3,26,0.350518,98977.5,185.444,153.67,1.34093,122.078,115.671,76.0339,77.0762,39.14345665,48.89632653,18.62839988,19.54652174,57.29139148,74.85961538,0.695248592,3.175613903,0.890306122
0168_TME10-3_30x_Str_03A_xyz-3084-11817-444,TME10-3,D1,Female,CPi,CPi_vl,93.3431,64.9878,6,126.76,105935,140.802,1.02131,209.58,3911.98,40,83,3,43,0.415541,134026,196.951,194.75,1.32105,97.6556,126.266,87.2659,84.3696,41.33991856,47.12698795,16.91488584,17.7745,64.06087924,74.43162791,0.77425959,4.615923374,0.838024691
0169_TME10-3_30x_Str_03A_xyz-3353-10423-407,TME10-3,D2,Female,CPi,CPi_vl,79.203,66.7243,5,80.03,85969.8,144.671,1.02652,229.61,2723.1,25,53,3,28,0.370381,103380,164.666,169.819,1.26244,114.229,123.784,97.9991,100.5,44.81574269,51.3745283,15.11198964,16.1244,71.33695077,82.84785714,0.776611309,4.676352606,0.902222222
0170_TME10-3_30x_Str_03A_xyz-3433-15399-339,TME10-3,D2,Female,CPi,CPi_dl,87.0033,75.6329,6,118.12,90204.6,132.391,1.03092,192.499,3120.55,30,63,3,33,0.409597,115925,188.452,186.067,1.27294,103.524,115.434,90.882,81.1505,42.71701955,49.52825397,15.25116305,16.527,67.68598,79.52939394,0.753061617,4.128644008,0.796734694
0172_TME10-3_30x_Str_03A_xyz-3629-15119-140,TME10-3,D1,Female,CPr,CPi_dl,77.7241,62.0845,5,126.43,118560,154.552,1.02464,251.359,3474.49,27,61,7,34,0.441975,138765,184.583,197.728,1.26612,120.897,132.968,86.5649,79.9302,49.964734,56.95377049,24.11223752,25.70333333,70.49465768,81.77029412,0.803901345,5.496993401,0.867283951
0174_TME10-3_30x_Str_03A_xyz-3753-10839-329,TME10-3,D1,Female,CPi,CPi_vl,69.3142,67.7105,6,94.19,97253.4,195.786,1.0411,222.349,2988.33,20,44,4,24,0.269545,121961,212.757,229.169,1.20298,122.212,126.358,82.9408,85.0422,56.62033934,67.91159091,21.68890707,24.275,85.72986624,104.2754167,0.754879722,4.166771539,0.872781065
0176_TME10-3_30x_Str_03A_xyz-3776-15926-136,TME10-3,D2,Female,CPr,CPi_dl,62.9516,63.2026,4,132.64,92400,141.964,1.02636,206.471,2982.64,23,53,7,30,0.362319,111988,184.355,156.734,1.17201,127.083,126.02,95.983,84.3645,48.88548688,56.27132075,18.83895007,19.79478261,71.9211651,84.23666667,0.791289649,5.088007682,0.893554688
0177_TME10-3_30x_Str_03A_xyz-3881-9343-422,TME10-3,D1,Female,CPi,CPi_vl,61.8072,71.4598,4,132.54,93740,155.776,1.02645,214.279,3059.67,20,47,7,27,0.426667,113455,179.078,185.32,1.20151,130.688,125.279,95.7495,88.789,56.31112871,65.09382979,23.7286117,25.0645,80.4463265,94.74518519,0.7655144,4.403011741,0.912009512
0178_TME10-3_30x_Str_03A_xyz-3990-8493-457,TME10-3,D2,Female,CPi,CPi_vl,67.702,62.8096,8,36.97,36702,139.065,1.02792,168.41,1516.52,21,46,4,25,0.488604,45351.2,149.008,103.286,1.44068,124.523,121.152,78.9174,74.7449,28.36686945,32.96326087,16.77897778,17.62333333,38.10069845,45.8488,0.786121329,4.935874344,0.77914952
0180_TME10-3_30x_Str_03A_xyz-4163-13396-301,TME10-3,D2,Female,CPi,CPi_vl,77.624,70.4339,4,143.02,114992,143.745,1.02855,214.19,3608.05,30,64,4,34,0.251429,143562,169.415,186.32,1.23314,117.908,127.155,78.4747,79.6751,48.07269475,56.37046875,17.67738012,18.909,74.89209001,89.42470588,0.758312691,4.240505935,0.898148148
0181_TME10-3_30x_Str_03A_xyz-4193-11319-478,TME10-3,D1,Female,CPi,CPi_vl,78.1923,67.3853,4,77.92,77168.8,150.539,1.02467,231.34,2608.84,22,49,5,27,0.354978,92940.2,174.916,189.93,1.17346,116.95,129.993,68.0532,66.2018,46.8055924,53.23632653,13.8313783,14.24727273,73.67347056,85.00518519,0.806389797,5.584736017,0.913198573
0183_TME10-3_30x_Str_03A_xyz-4450-16938-424,TME10-3,D1,Female,CPi,CPi_dl,59.2273,58.6722,6,165.52,114700,145.571,1.02246,187.4,3653.3,31,67,5,36,0.38341,138559,170.168,184.36,1.28048,131.58,136.035,92.7943,90.5869,47.76709782,54.5219403,16.69546892,17.43193548,74.5232227,86.46055556,0.766866015,4.43475781,0.896121884
0184_TME10-3_30x_Str_03A_xyz-4616-11056-349,TME10-3,D1,Female,CPi,CPi_vl,67.3683,74.1415,7,131.16,76842.6,223.539,1.05478,192.569,2686.4,26,56,4,30,0.357753,100606,261.921,143.4,1.33268,122.817,114.778,73.9119,82.3772,36.94127854,47.96589286,21.76182708,23.38,50.09680315,69.27366667,0.648002018,2.649283283,0.782226563
0185_TME10-3_30x_Str_03A_xyz-4665-14527-404,TME10-3,D1,Female,CPi,CPi_vl,71.4288,51.5652,4,128.39,123652,154.097,1.02221,234.08,3727.74,30,65,5,35,0.275185,148176,177.598,149.221,1.27151,123.704,131.612,97.528,94.3732,51.07991478,57.34461538,23.24538254,24.52333333,74.93808528,85.47714286,0.810844724,5.748264983,0.743608473
0187_TME10-3_30x_Str_03A_xyz-4848-18168-466,TME10-3,D2,Female,CPi,CPi_dl,70.2146,56.7108,5,131.45,70431.5,129.295,1.02052,205.53,2525.73,30,65,5,35,0.438889,85590.9,149.633,136.49,1.3256,123.012,132.575,92.2214,84.9731,34.93436939,38.85307692,14.59491492,15.63566667,52.36818751,58.75371429,0.813620464,5.854575731,0.771365961
0188_TME10-3_30x_Str_03A_xyz-4997-7684-462,TME10-3,D1,Female,CPi,CPi_vl,68.1059,67.4346,5,52.61,30951.2,117.357,1.02896,162.027,1277.7,14,31,3,17,0.473469,39592.4,156.733,144.183,1.25967,124.53,126.262,98.5998,101.267,35.23156157,41.21096774,12.62883687,13.29428571,53.84557015,64.20117647,0.753578314,4.139416077,0.891966759
0189_TME10-3_30x_Str_03A_xyz-5094-14365-269,TME10-3,D1,Female,CPi,CPi_dl,72.8308,74.2076,5,176.67,81615.5,196.257,1.02973,244.029,2253.11,13,30,4,17,0.288462,100220,238.466,185.24,1.08214,122.633,119.692,92.8883,78.3337,64.36197513,75.099,14.68509925,15.14923077,102.3501743,120.9429412,0.774023715,4.609939656,0.861495845
0190_TME10-3_30x_Str_03A_xyz-5176-16962-308,TME10-3,D2,Female,CPi,CPi_dl,71.5319,64.9439,7,115.97,97633.8,144.945,1.0275,194.64,3025.77,27,57,3,30,0.406702,123762,175.132,183.88,1.27431,124.497,129.876,85.8614,85.756,45.84547949,53.07894737,15.905477,16.80740741,72.79148173,85.72333333,0.756182686,4.194485185,0.893554688
0191_TME10-3_30x_Str_03A_xyz-5272-17683-127,TME10-3,D2,Female,CPr,CPi_dl,71.502,60.6485,5,137.34,90658.4,132.188,1.01997,209.601,3103.02,27,60,6,33,0.334568,108885,159.096,182.45,1.23857,123.003,131.842,91.482,83.7594,46.29674474,51.71183333,18.21271902,19.29555556,69.27458397,78.23424242,0.802200223,5.438427737,0.907755102
0192_TME10-3_30x_Str_03A_xyz-5425-9288-271,TME10-3,D1,Female,CPi,CPi_vl,79.6837,63.7835,5,163.67,122878,156.097,1.02321,240.18,3744.45,31,68,6,37,0.433333,143184,177.965,175.142,1.29382,117.822,135.642,95.0453,91.8833,49.05292498,55.06,21.33806098,22.68129032,72.27348672,82.18810811,0.810146142,5.722055313,0.792899408
0194_TME10-3_30x_Str_03A_xyz-5448-12782-424,TME10-3,D1,Female,CPi,CPi_vl,67.9618,65.5526,6,208.91,102564,152.108,1.02404,182.167,3180.47,25,53,3,28,0.426234,127014,181.582,183.675,1.1997,125.747,131.461,82.47,82.7302,52.17168982,60.00433962,13.87560086,14.3932,86.3646264,100.7285714,0.774749544,4.628397267,0.916666667
0195_TME10-3_30x_Str_03A_xyz-5453-18697-230,TME10-3,D2,Female,CPi,CPi_dl,58.7105,64.9486,4,128.1,84476.8,153.713,1.02368,233.44,2563.18,19,42,4,23,0.298246,99399.1,185.415,199.39,1.20696,132.302,132.56,91.8808,88.6639,54.27463358,61.02238095,20.84524254,21.74105263,81.89021748,93.47217391,0.787368863,4.971842016,0.864
0196_TME10-3_30x_Str_03A_xyz-5553-15762-121,TME10-3,D2,Female,CPr,CPi_dl,67.8753,72.3624,4,103.84,63321.7,116.591,1.02972,169.459,2394.38,25,54,4,29,0.414667,80486.1,149.548,148.531,1.27422,126.809,125.595,89.8846,72.9948,38.16456996,44.33555556,16.5938437,17.5868,56.76002363,67.39482759,0.73483921,3.77841748,0.888657648
0197_TME10-3_30x_Str_03A_xyz-5564-17736-475,TME10-3,D2,Female,CPi,CPi_dl,72.734,79.8446,5,80.08,72316.5,139.228,1.02143,216.569,2292.79,21,48,6,27,0.346032,88393.4,174.624,174.32,1.26417,119.871,120.751,89.5715,98.6313,42.26504318,47.76125,18.79478224,19.73,60.51969058,69.56333333,0.757198174,4.216313739,0.778834721
0198_TME10-3_30x_Str_03A_xyz-5624-14085-137,TME10-3,D2,Female,CPr,CPi_dl,64.1921,71.3356,6,120.11,95148.8,139.42,1.02453,203.925,3144.76,33,70,4,37,0.42684,116982,162.017,162.27,1.32745,132.018,126.365,90.5183,83.3461,39.86864821,44.92042857,15.68867227,16.60030303,61.4345727,70.17891892,0.740604044,3.883311858,0.882314267
0199_TME10-3_30x_Str_03A_xyz-5646-10659-337,TME10-3,D2,Female,CPi,CPi_vl,79.5929,71.6208,4,124.4,97775.3,137.14,1.03215,186.451,3401.42,23,53,7,30,0.391304,124733,175.263,186.88,1.17376,116.288,125.916,82.5615,80.4011,53.27289634,64.17339623,19.29365032,21.0326087,79.32365162,97.248,0.762630236,4.33661358,0.8359375
0201_TME10-3_30x_Str_03A_xyz-5851-7752-287,TME10-3,D1,Female,CPi,CPi_vl,43.5231,52.584,4,57.48,42906.2,186.74,1.03071,236.39,1598.4,11,26,4,15,0.5,50440.5,214.754,139.869,1.19784,144.247,133.373,88.5092,90.7437,53.33048131,61.47192308,24.54693771,25.79454545,74.43841327,87.63533333,0.821325755,6.169086739,0.795847751
0202_TME10-3_30x_Str_03A_xyz-5937-7943-469,TME10-3,D2,Female,CPi,CPi_vl,61.9227,77.7738,6,110.41,62357.4,151.219,1.02969,193.49,2462.81,22,49,5,27,0.459235,78389.2,206.687,137.777,1.29584,129.907,115.127,97.4862,84.2897,41.91040545,50.25714286,18.49802374,20.00363636,60.98716092,74.90814815,0.717744097,3.495156502,0.829964328
0203_TME10-3_30x_Str_03A_xyz-5965-19510-148,TME10-3,D1,Female,CPi,CPi_dl,62.9404,53.1478,6,78.15,117014,177.306,1.02189,274.65,3447.72,30,64,4,34,0.514646,135073,198.548,189.84,1.26828,130.059,135.374,74.6268,74.3624,48.35951136,53.86609375,18.82759345,19.64866667,74.41708599,84.05794118,0.838325429,6.982524178,0.849537037
0204_TME10-3_30x_Str_03A_xyz-5973-7372-308,TME10-3,D1,Female,CPi,CPi_vl,62.4513,57.5226,3,42.81,45314.4,157.037,1.02108,216.55,1544.71,15,34,4,19,0.266667,52999.4,174.551,140.97,1.28482,131.565,133.674,83.5145,76.7237,40.6918662,45.42823529,20.90715391,22.05533333,56.3113759,63.88052632,0.79433504,5.181650559,0.784580499
0206_TME10-3_30x_Str_03A_xyz-6011-18790-256,TME10-3,D1,Female,CPi,CPi_dl,71.7942,67.2875,6,130.58,134776,155.919,1.02196,219.86,4103.72,33,72,6,39,0.495449,162714,181.2,166.931,1.23929,121.523,128.508,88.4073,95.7725,50.46485925,56.99166667,17.4917106,18.04636364,78.3652158,89.94538462,0.783168406,4.852574295,0.832242713
0207_TME10-3_30x_Str_03A_xyz-6217-19956-200,TME10-3,D1,Female,CPi,CPi_dm,57.0638,62.4717,7,45.8,58791.8,182.648,1.03345,260.83,1984.18,14,33,5,19,0.589286,73460.3,238.265,124.84,1.19634,133.743,126.926,96.5266,79.8173,49.51656773,60.12121212,17.45019018,19.19785714,73.14442487,90.27526316,0.755390991,4.177606943,0.777777778
0208_TME10-3_30x_Str_03A_xyz-6289-12311-457,TME10-3,D1,Female,CPi,CPi_vl,67.3792,70.2443,5,158.75,95283.2,139.522,1.02536,211.915,3327.43,31,67,5,36,0.343113,115469,165.139,175.222,1.27553,128.779,125.405,93.8356,96.8482,43.5636656,49.65865672,18.71892549,19.83451613,64.95774736,75.34055556,0.751183413,4.089906082,0.779085873
0210_TME10-3_30x_Str_03A_xyz-6372-7432-219,TME10-3,D1,Female,CPi,CPi_vl,63.194,49.7887,3,71.25,32940.4,125.684,1.02307,196.949,1216.51,7,19,5,12,0.142857,36680.4,156.038,169.092,1.1697,128.319,141.352,95.4604,85.6585,57.24683503,64.02157895,27.32735181,30.23428571,74.6998669,83.73083333,0.865358314,8.757898559,0.857142857
0211_TME10-3_30x_Str_03A_xyz-6526-9699-421,TME10-3,D1,Female,CPi,CPi_vl,70.5435,63.6147,5,163.36,95600.3,167.569,1.02846,236.94,3303.86,26,56,4,30,0.274512,121307,188.44,195.589,1.22713,123.664,127.378,80.7099,91.0608,50.99918073,58.99303571,17.20528066,17.97692308,80.28722746,94.54033333,0.728888156,3.675314231,0.836914063
0212_TME10-3_30x_Str_03A_xyz-6571-18642-485,TME10-3,D1,Female,CPi,CPi_dm,70.7343,68.8999,4,96.11,44756.2,127.519,1.03323,170.79,1770.68,16,36,4,20,0.3125,56083.7,154.104,159.2,1.23338,120.642,121.088,88.7408,98.865,42.41960806,49.18055556,18.43071876,20.27375,61.61071951,72.306,0.73962822,3.865193508,0.92768595
0213_TME10-3_30x_Str_03A_xyz-6596-18051-385,TME10-3,D2,Female,CPi,CPi_dm,66.6791,69.8569,5,109.02,86208.4,151.705,1.0223,185.61,2860.73,23,53,7,30,0.308696,103162,171.379,165.371,1.24879,128.507,126.717,96.7857,90.5782,47.77406434,53.97018868,21.11666894,22.84956522,68.21140082,77.82933333,0.77776725,4.706577979,0.856445313
0214_TME10-3_30x_Str_03A_xyz-6600-7939-406,TME10-3,D1,Female,CPi,CPi_vm,79.1076,72.3082,5,141.16,89487.3,146.868,1.02495,193.801,3493.73,28,62,6,34,0.474405,114019,183.014,161.417,1.22906,118.102,121.075,84.5742,93.3938,48.46040826,56.34516129,14.46426654,15.38357143,76.45723085,90.07823529,0.725032037,3.61114359,0.80787037
0215_TME10-3_30x_Str_03A_xyz-6802-10412-448,TME10-3,D2,Female,CPi,CPi_vl,75.4842,69.4757,6,153.12,97768.1,168.556,1.02277,228.48,3501.02,28,60,4,32,0.539796,117327,197.325,181.273,1.26935,121.469,127.559,86.5426,88.3406,51.12504342,58.34566667,17.47128376,18.61785714,80.57208312,93.1075,0.782323063,4.829191014,0.832179931
0217_TME10-3_30x_Str_03A_xyz-6818-8931-318,TME10-3,D2,Female,CPi,CPi_vl,68.2474,73.3921,5,133.75,98898.6,157.478,1.02805,201.711,3184.53,26,55,3,29,0.351465,131907,204.398,206.371,1.2562,124.945,117.847,96.6061,93.8683,49.30222984,57.89581818,18.77489805,20.17153846,76.67156179,91.71758621,0.705848947,3.319460111,0.868886576
0218_TME10-3_30x_Str_03A_xyz-6910-12702-481,TME10-3,D2,Female,CPi,CPi_vm,72.0584,67.9911,4,124.79,59626.6,122.213,1.02509,174.071,2390.03,22,49,5,27,0.362554,76032.1,165.401,155.574,1.19403,120.507,125.857,82.1242,96.4251,41.8334003,48.77122449,14.33075372,15.00318182,64.24296418,76.28592593,0.730489791,3.702566414,0.83353151
0220_TME10-3_30x_Str_03A_xyz-6976-15183-124,TME10-3,D1,Female,CPr,CPr_imd,81.4077,79.8322,5,108.18,65667.3,119.12,1.02362,189.91,2554.24,24,53,5,29,0.506019,87357.8,188.711,138.739,1.29487,114.105,124.025,100.937,101.507,41.65173536,48.18811321,17.67612751,18.85416667,61.49361772,72.46448276,0.719177862,3.517448214,0.915712799
0221_TME10-3_30x_Str_03A_xyz-7002-15427-423,TME10-3,D2,Female,CPi,CPi_dl,65.4159,65.6588,5,170.03,111517,131.898,1.02784,194.51,3586.32,30,65,5,35,0.389091,140305,156,168.79,1.21687,128.278,126.033,102.695,96.7332,47.1352322,55.16846154,15.03248736,15.748,74.65187063,88.95742857,0.744287386,3.953086602,0.833455077
0222_TME10-3_30x_Str_03A_xyz-7050-14153-326,TME10-3,D1,Female,CPi,CPi_dl,63.5118,69.2773,5,146.6,99979.9,157.115,1.02905,212.219,3355.77,25,55,5,30,0.385333,122491,185.023,193.71,1.21429,125.594,121.554,87.7304,86.1257,52.1437141,61.00945455,17.48854402,18.4704,81.0230225,96.45866667,0.756968408,4.211357023,0.811523438
0223_TME10-3_30x_Str_03A_xyz-7125-14123-113,TME10-3,D2,Female,CPr,CPr_imv,70.3785,72.0699,4,136.35,83567.5,149.929,1.03066,184.12,2928.36,21,48,6,27,0.393651,102257,179.965,149.11,1.12925,121.16,124.415,93.8608,86.9614,51.63321574,61.00208333,13.74707912,14.64190476,81.1002109,97.06,0.755800711,4.186326605,0.927467301
0224_TME10-3_30x_Str_03A_xyz-7136-17832-316,TME10-3,D1,Female,CPi,CPi_dm,71.3042,60.7041,4,114.93,87439.8,172.458,1.0262,239.633,2768.14,18,42,6,24,0.462963,102352,199.678,258.147,1.19083,121.932,131.695,92.2559,110.827,57.0113418,65.90285714,23.41271214,24.67333333,82.21031404,96.825,0.793215779,5.14687686,0.875739645
0227_TME10-3_30x_Str_03A_xyz-7227-14564-232,TME10-3,D1,Female,CPi,CPi_dl,68.3195,71.3153,6,146.48,107101,165.96,1.02779,247.292,3559.68,32,67,3,35,0.431464,134960,190.785,198.958,1.25426,127.591,123.624,78.2335,77.875,46.00939375,53.12343284,15.46900351,16.4871875,73.93203626,86.61942857,0.721679718,3.556955891,0.833455077
0230_TME10-3_30x_Str_03A_xyz-7381-11260-185,TME10-3,D1,Female,CPi,CPr_imv,74.1721,68.1609,5,149.86,83892.6,134.913,1.03672,207.919,3113.67,21,49,7,28,0.345805,103504,167.769,189.271,1.18189,121.335,123.983,96.2079,92.9433,51.50097976,63.53938776,18.92780602,19.95190476,75.93086007,96.23,0.739767262,3.86776592,0.9
0232_TME10-3_30x_Str_03A_xyz-7417-7327-457,TME10-3,D1,Female,CPi,CPi_vm,75.6024,89.6994,3,48.37,23940.2,151.471,1.03478,179.98,1097.46,7,19,5,12,0.285714,29402.1,167.685,143.25,1.14692,123.34,107.954,97.9185,101.486,48.95701508,57.75578947,19.34951908,20.88571429,66.22805441,79.26333333,0.773299477,4.591653638,0.892857143
0233_TME10-3_30x_Str_03A_xyz-7507-19425-410,TME10-3,D2,Female,CPi,CPi_dm,64.3479,63.2164,5,118.18,89649.3,147.813,1.02576,210.533,2874.94,23,51,5,28,0.40207,109431,172.6,173.88,1.2214,127.274,124.419,91.3414,99.2653,48.91393504,56.36588235,17.69465795,19.24130435,74.55834122,86.86107143,0.777642761,4.703306058,0.856666667
0234_TME10-3_30x_Str_03A_xyz-7673-19930-122,TME10-3,D1,Female,CPi,CPr_imd,67.3449,53.488,4,109.78,94307,164.467,1.02195,248.46,3056.37,27,60,6,33,0.414815,107297,178.869,141.851,1.25679,129.837,139.105,90.92,97.065,46.05913438,50.93433333,17.2541445,17.8962963,69.62685338,77.96545455,0.823835079,6.278159769,0.817142857
0236_TME10-3_30x_Str_03A_xyz-7845-12349-195,TME10-3,D2,Female,CPi,CPr_imv,81.2231,75.5291,4,153.6,90670.1,143.132,1.03079,194.032,3391.93,23,52,6,29,0.362319,117924,192.287,196.752,1.17791,116.061,119.232,92.0727,95.8467,53.58686136,65.22442308,17.54363961,18.95347826,82.17286482,101.922069,0.719454007,3.521770608,0.85119667
0237_TME10-3_30x_Str_03A_xyz-7913-20604-172,TME10-3,D1,Female,CPi,CPi_dm,64.1687,68.9074,4,33,42739.1,150.926,1.03226,221.2,1492,12,29,5,17,0.475,50952.8,172.67,154.24,1.29461,117.442,114.305,87.1406,75.1529,43.82706682,51.44344828,23.70486239,25.41583333,58.03097583,69.81588235,0.750446817,4.07489064,0.886426593
0239_TME10-3_30x_Str_03A_xyz-7939-21043-354,TME10-3,D1,Female,CPi,CPi_dm,64.5309,62.4444,5,138.13,82746.2,158.993,1.02773,239.3,2692.9,21,46,4,25,0.329025,99912.3,179.259,157.152,1.20163,130.406,132.179,80.3038,87.7076,50.80282124,58.53652174,18.96115574,20.78904762,77.54982025,90.2444,0.786620191,4.950200808,0.901234568
0240_TME10-3_30x_Str_03A_xyz-7976-19906-338,TME10-3,D2,Female,CPi,CPi_dm,69.3073,72.9955,6,146.56,90864.6,143.343,1.02077,191,3375.22,32,69,5,37,0.415774,115446,169.421,176.099,1.27912,125.174,124.453,92.0266,105.691,43.12439804,48.91144928,18.32349893,19.3290625,64.5738243,74.49621622,0.746207349,3.990349879,0.852071006
0241_TME10-3_30x_Str_03A_xyz-8015-16489-202,TME10-3,D2,Female,CPi,CPi_dm,70.583,72.4489,4,188.02,74143.1,130.996,1.02939,195.489,2723.55,21,48,6,27,0.24127,95967.8,178.942,149.267,1.27103,127.17,126.95,107.499,99.1367,47.6540304,56.73604167,21.86614727,24.13047619,67.71127284,82.09592593,0.750222681,4.070341169,0.854934602
0242_TME10-3_30x_Str_03A_xyz-8229-7923-346,TME10-3,D1,Female,CPi,CPi_vm,71.5128,75.1683,4,192.91,78513.8,163.3,1.0284,243.69,2556.32,18,40,4,22,0.325926,96163.2,230.282,193.154,1.20082,120.806,116.877,81.8699,85.1115,55.6864917,63.903,20.29028378,21.44388889,84.64702545,98.64227273,0.767139671,4.44123526,0.798611111
0243_TME10-3_30x_Str_03A_xyz-8330-12169-437,TME10-3,D2,Female,CPi,CPi_vm,72.3017,78.8099,5,129.78,82633.4,127.32,1.03037,199.15,3001.14,24,54,6,30,0.372222,105141,175.085,149.047,1.17457,122.501,118.706,83.907,88.1463,46.99631618,55.57203704,15.60342023,16.52875,72.11063293,86.80666667,0.732578257,3.738646348,0.8359375
0244_TME10-3_30x_Str_03A_xyz-8393-12197-314,TME10-3,D1,Female,CPi,CPi_vm,69.248,65.515,6,192.06,107763,178.581,1.03207,230.11,3427.38,24,54,6,30,0.3125,133023,209.855,188.95,1.22704,125.345,126.134,91.4433,88.9059,53.11706291,63.465,24.56561352,26.49541667,75.95822242,93.04066667,0.719668169,3.525129304,0.8359375
0246_TME10-3_30x_Str_03A_xyz-8473-8407-371,TME10-3,D1,Female,CPi,CPi_vm,74.5965,77.7245,5,143.79,111150,166.278,1.02432,261.27,3268.18,19,44,6,25,0.403509,139548,222.147,186.719,1.12921,124.569,115.223,96.6262,88.6923,64.07267666,74.27181818,16.06431022,16.72894737,100.5590352,118.0044,0.775752089,4.654110621,0.901234568
0247_TME10-3_30x_Str_03A_xyz-8539-17238-306,TME10-3,D1,Female,CPi,CPi_dm,68.4044,67.9481,4,169.18,133251,151.18,1.02575,210.912,4016.22,30,65,5,35,0.392063,163516,179.37,185.961,1.20225,121.431,125.559,98.3932,89.4563,53.98470579,61.78353846,16.69820347,17.535,85.94456492,99.71085714,0.76152591,4.311662928,0.888970051
0248_TME10-3_30x_Str_03A_xyz-8578-15918-444,TME10-3,D1,Female,CPi,CPi_dm,51.2546,63.6545,5,58.38,27764.4,158.518,1.03976,150.807,1221.55,13,30,4,17,0.692308,34447,184.335,222.11,1.36073,133.37,121.045,94.7476,114.935,32.97727994,40.71233333,15.98478959,16.99692308,45.97153726,58.84764706,0.739514604,3.863093754,0.736842105
0250_TME10-3_30x_Str_03A_xyz-8633-9573-163,TME10-3,D1,Female,CPr,CPi_vm,84.3584,78.2239,5,115.97,75993.7,172.232,1.03545,185.36,2882.19,26,56,4,30,0.412821,97336.4,193.084,187.53,1.28196,109.171,115.168,92.4256,88.8653,42.70507027,51.46232143,17.3895636,18.46,64.64517604,80.06433333,0.726596124,3.636930103,0.859375
0251_TME10-3_30x_Str_03A_xyz-8660-20318-283,TME10-3,D2,Female,CPi,CPi_dm,64.4334,73.9141,5,145.9,80682,140.622,1.02093,196.231,2864.04,21,49,7,28,0.507937,98359.6,178.303,193.39,1.19003,130.919,129.364,87.2244,82.3204,51.60298412,58.44530612,19.82503998,21.0052381,75.43644222,86.52535714,0.786326005,4.941743258,0.841111111
0253_TME10-3_30x_Str_03A_xyz-8719-20602-247,TME10-3,D1,Female,CPi,CPi_dm,74.0566,64.6589,6,134.21,78061,212.791,1.03086,266.03,2028.5,16,35,3,19,0.4625,93244.1,243.619,160.93,1.22642,119.387,124.127,99.5212,93.0498,50.81121124,57.95228571,18.25936702,19.055625,78.22329057,90.70736842,0.783188303,4.853127103,0.775510204
0254_TME10-3_30x_Str_03A_xyz-8741-15989-342,TME10-3,D2,Female,CPi,CPi_dm,67.4107,84.7467,4,138.63,74151.7,122.24,1.03026,185.559,3063.94,24,54,6,30,0.297222,94783.4,162.161,152.65,1.20958,124.621,113.453,86.0172,79.0754,47.45141603,56.735,17.15897523,18.58666667,71.68536867,87.25366667,0.716534083,3.476537779,0.897460938
0255_TME10-3_30x_Str_03A_xyz-9082-7041-367,TME10-3,D1,Female,CPi,CPi_vm,75.7048,64.4557,6,96.6,52203.7,146.347,1.03828,213.692,1811.22,14,32,4,18,0.595238,62099.5,186.082,161.698,1.22665,118.239,127.112,114.852,116.63,47.52854277,56.5959375,20.35119353,21.25071429,68.66648106,84.08666667,0.748054942,4.02680478,0.895
0256_TME10-3_30x_Str_03A_xyz-9101-13750-168,TME10-3,D2,Female,CPr,CPr_imv,71.5487,71.6694,7,151.26,79550.8,146.952,1.02815,192.83,2805.61,24,53,5,29,0.421775,97572.2,175.965,155.924,1.24481,125.067,125.608,84.2192,83.4194,45.28604096,52.93132075,15.59881465,16.37375,69.85477997,83.18586207,0.727598505,3.653628648,0.848074922
0257_TME10-3_30x_Str_03A_xyz-9277-20962-491,TME10-3,D2,Female,CPi,CPi_dm,67.1437,67.6882,4,121.14,39109.1,137.165,1.02244,210.45,1404.03,12,28,4,16,0.486111,47301.5,164.027,133.369,1.24227,132.488,123.168,98.8253,98.438,43.73035059,50.13892857,19.09513411,19.75833333,62.20676295,72.924375,0.768749448,4.479684331,0.901234568
0258_TME10-3_30x_Str_03A_xyz-9284-10071-472,TME10-3,D1,Female,CPi,CPi_vm,77.5103,69.2125,4,122,59216.2,147.502,1.02681,218.201,2454.33,25,56,6,31,0.385714,75153.2,184.784,167.183,1.29053,118.938,126.274,93.4898,83.6888,37.65497587,43.82214286,21.46254134,22.8244,50.71339082,60.75580645,0.732463574,3.736648891,0.822773186
0259_TME10-3_30x_Str_03A_xyz-9329-11079-302,TME10-3,D1,Female,CPi,CPi_vm,61.0596,71.9769,4,157.64,84809.6,141.405,1.03989,210.599,3071.35,18,43,7,25,0.427778,105281,174.199,177.158,1.11499,139.953,125.715,85.2965,86.6068,57.38413473,71.42186047,15.16088627,15.98944444,87.78487363,111.3332,0.733759732,3.759335526,0.919067215
0260_TME10-3_30x_Str_03A_xyz-9332-8074-206,TME10-3,D1,Female,CPi,CPi_vm,66.505,54.8855,4,74.9,71959.5,175.603,1.02226,275.98,2388.83,20,45,5,25,0.413333,83804.5,197.121,160.92,1.24183,126.53,133.809,100.755,118.021,47.41321828,53.08,22.67108203,23.496,67.20692728,76.7472,0.799952067,5.362731465,0.88340192
0261_TME10-3_30x_Str_03A_xyz-9370-14937-114,TME10-3,D1,Female,CPr,CPr_imv,69.6066,71.3987,6,100.62,82706.7,137.883,1.02862,172.51,3272.41,30,67,7,37,0.45746,101000,158.447,173.17,1.16885,126.052,125.967,83.0615,90.8298,42.66642167,48.83671642,11.1728976,11.56666667,68.20171145,79.05567568,0.764224182,4.373085366,0.831032216
0263_TME10-3_30x_Str_03A_xyz-9581-19674-256,TME10-3,D2,Female,CPi,CPi_dm,69.7623,69.4928,6,131.2,69449.1,142.057,1.02475,164.486,2745.92,22,50,6,28,0.395105,86638.4,168.547,182.274,1.23107,127.558,123.994,86.612,94.7738,47.55836292,54.9134,17.21532603,18.15318182,71.39932049,83.79642857,0.760815446,4.295746475,0.817777778
0265_TME10-3_30x_Str_03A_xyz-9625-19274-379,TME10-3,D2,Female,CPi,CPi_dm,66.3532,82.8133,5,121.65,78681.1,156.726,1.02536,170.34,3134.36,22,51,7,29,0.277273,98758.2,190.757,157.233,1.15544,130.965,118.06,89.291,97.5418,52.87192623,61.45333333,14.33862123,15.08136364,82.10408864,96.63206897,0.722821244,3.575244747,0.82830385
0266_TME10-3_30x_Str_03A_xyz-9674-14507-416,TME10-3,D1,Female,CPi,CPi_dm,73.7734,69.3006,4,131.16,113863,170.436,1.03294,264.32,3397.07,25,57,7,32,0.373333,137041,206.43,188.18,1.25,127.214,126.062,88.5486,77.0144,50.02578638,59.59263158,24.22754951,26.0224,70.18065893,85.819375,0.761770122,4.317158396,0.828719723
0267_TME10-3_30x_Str_03A_xyz-9690-13035-157,TME10-3,D1,Female,CPr,CPr_imv,66.2547,73.6832,5,150.05,85044,143.242,1.03073,204.81,3031.47,25,55,5,30,0.461333,107131,187.198,163.33,1.18846,130.009,124.434,83.5227,86.5511,45.86010181,55.11381818,13.9759835,14.8516,72.4302004,88.66566667,0.729522922,3.68607211,0.8125
0269_TME10-3_30x_Str_03A_xyz-9745-21455-455,TME10-3,D1,Female,CPi,CPi_dm,74.1881,70.376,5,122.65,62457.3,148.219,1.02663,187.85,2292.77,22,48,4,26,0.35368,77288.3,176.027,127.47,1.29437,122.523,126.195,81.2033,79.5811,41.09748927,47.76083333,17.63584326,20.00818182,60.94965128,71.24384615,0.76053965,4.289596152,0.820153061
0270_TME10-3_30x_Str_03A_xyz-9840-10357-155,TME10-3,D2,Female,CPr,CPi_vm,80.3508,60.938,4,70.12,33480,126.817,1.02901,174.43,1267.57,13,29,3,16,0.302198,40333.4,152.113,65.3363,1.2919,111.137,132.322,90.2582,88.0857,37.29681576,43.70482759,18.99215069,20.75153846,52.16935612,62.354375,0.772454157,4.570474317,0.922839506
0271_TME10-3_30x_Str_03A_xyz-9865-12773-409,TME10-3,D1,Female,CPi,CPi_vm,70.4369,67.0276,4,120.7,79988.4,147.59,1.02853,206.228,2819.05,21,47,5,26,0.444444,97565.3,192.776,185.428,1.17477,123.599,126.643,69.5029,66.4971,51.12544354,59.97468085,16.93546293,17.69095238,78.74042787,94.12692308,0.763217654,4.349990991,0.868622449
0272_TME10-3_30x_Str_03A_xyz-9894-5616-465,TME10-3,D1,Female,CPi,CPi_vm,92.3921,76.0118,3,106.75,74107.9,200.902,1.02676,255.603,2077.08,11,28,6,17,0.393939,88612.6,242.033,217.83,1.14253,104.721,127.917,88.2402,89.425,64.21679411,74.17607143,23.80403059,25.78636364,90.36622933,105.4870588,0.805654279,5.558540655,0.925207756
0275_TME10-3_30x_Str_03A_xyz-9988-15176-286,TME10-3,D2,Female,CPi,CPi_dm,73.6649,71.9477,6,123.62,73645.8,154.028,1.02825,214.4,2666.47,22,48,4,26,0.504545,96229.3,191.491,144.342,1.23377,116.664,122.039,95.4281,87.1903,46.6266378,55.54666667,15.54813465,16.17272727,72.92383277,88.86307692,0.712720101,3.418986012,0.761479592
0277_TME10-3_30x_Str_03A_xyz-10063-12969-433,TME10-3,D1,Female,CPi,CPi_vm,56.1762,72.9122,5,170.37,57609.1,156.769,1.02338,187.049,2831.75,20,46,6,26,0.401429,69368.3,194.806,169.033,1.25523,137.188,122.649,106.726,128.833,54.4256719,61.55456522,24.17412328,25.7865,77.69609391,89.06846154,0.756640397,4.204298902,0.844387755
0279_TME10-3_30x_Str_03A_xyz-10112-9228-239,TME10-3,D1,Female,CPi,CPi_vm,74.0136,77.6119,3,166.47,84936.3,220.404,1.02666,255.24,2585.89,13,32,6,19,0.384615,100766,262.701,197.689,1.244,121.358,124.44,91.1981,97.1863,68.89121908,80.804375,26.31531877,28.72846154,98.02209825,116.4352632,0.771834834,4.555068186,0.879818594
0280_TME10-3_30x_Str_03A_xyz-10131-11918-297,TME10-3,D2,Female,CPi,CPi_vm,96.1346,87.8519,5,150.37,59386.3,138.729,1.04483,200.29,2500.11,20,44,4,24,0.388095,80581.8,183.121,142.03,1.15943,96.0056,105.067,102.365,95.9951,45.07416707,56.81522727,10.94191471,11.634,73.5177107,94.46625,0.685587194,3.053801016,0.847633136
0281_TME10-3_30x_Str_03A_xyz-10196-21010-398,TME10-3,D2,Female,CPi,CPi_dm,66.3453,72.655,5,122.93,36376.9,136.02,1.02908,175.424,2404.41,19,43,5,24,0.454887,45029.4,173.069,197.297,1.20394,127.328,124.132,105.277,102.457,48.02228675,55.91116279,14.43090201,14.96894737,74.61546634,88.32375,0.753733119,4.14265322,0.893491124
0282_TME10-3_30x_Str_03A_xyz-10218-18703-196,TME10-3,D2,Female,CPi,CPi_dm,66.22,64.1482,5,103.16,69572.8,133.99,1.02088,155.429,2532.1,22,48,4,26,0.414141,82557.8,153.219,145.391,1.18097,123.166,130.639,99.0478,89.2137,46.55782596,52.746875,13.71209901,14.16,74.35036416,85.39730769,0.808108805,5.646832687,0.889030612
0283_TME10-3_30x_Str_03A_xyz-10396-16688-179,TME10-3,D1,Female,CPi,CPr_m,65.925,73.1988,6,143.66,79049.3,128.744,1.03719,168.281,3184.45,28,63,7,35,0.382846,105807,171.487,157.141,1.30252,127.292,117.861,102.768,98.0424,41.0430658,50.54174603,18.3138995,20.16214286,59.22639884,74.84542857,0.671461608,2.889846191,0.788897005
0284_TME10-3_30x_Str_03A_xyz-10434-14724-163,TME10-3,D1,Female,CPr,CPr_m,74.0348,81.4569,4,97.9,40455.9,157.74,1.04434,250.35,2080.78,16,37,5,21,0.558333,52604.7,198.864,134.182,1.38973,119.423,102.588,91.5764,88.1904,44.29838409,56.23162162,25.07343948,27.3225,58.94596095,78.25761905,0.627667224,2.46741724,0.814744802
0285_TME10-3_30x_Str_03A_xyz-10441-18629-489,TME10-3,D1,Female,CPi,CPi_dm,65.9425,67.626,5,51.65,28953.3,131.092,1.05816,158.662,1448.21,17,37,3,20,0.544818,43096.5,154.564,118.805,1.37,124.999,112.386,76.0961,92.0425,28.19761583,39.13621622,13.25299802,14.20235294,40.90054098,60.33,0.539487037,1.876806604,0.886363636
0286_TME10-3_30x_Str_03A_xyz-10546-9201-338,TME10-3,D2,Female,CPi,CPi_vm,70.5722,72.3176,5,124.85,73804.4,166.197,1.02704,232.319,2612.07,23,49,3,26,0.41087,99586.5,216.613,174.999,1.38971,117.517,116.439,90.8513,94.1002,46.23127551,53.30244898,20.31013172,22.03217391,69.16151808,80.96461538,0.711996598,3.408258804,0.795918367
0288_TME10-3_30x_Str_03A_xyz-10653-14523-352,TME10-3,D2,Female,CPi,CPi_dm,91.7439,85.3704,4,149.72,66998,123.126,1.03199,182.222,2618.13,18,42,6,24,0.358995,90955.6,173.243,152.56,1.17212,103.317,113.769,89.8735,85.0156,50.80915728,62.33166667,14.7238212,15.97777778,77.87315934,97.09708333,0.667409908,2.845637159,0.894970414
0289_TME10-3_30x_Str_03A_xyz-10709-20525-185,TME10-3,D2,Female,CPi,CPi_dm,65.9797,55.429,5,92.97,55911,159.654,1.02504,229.63,1935.75,16,36,4,20,0.358929,67952.7,196.067,158.759,1.1597,128.314,132.066,73.7197,79.0462,46.95918692,53.76583333,15.55540382,15.99125,72.0822134,83.9855,0.775982511,4.660056733,0.925619835
0290_TME10-3_30x_Str_03A_xyz-10815-10528-475,TME10-3,D1,Female,CPi,CPi_vm,67.4114,82.7924,2,59.62,26721.7,170.055,1.03086,193.401,1097.79,9,24,6,15,0.111111,32497.6,183.845,99.6306,1.27626,123.769,119.689,113.858,127.746,40.44291746,45.73583333,24.67416579,27.27666667,49.90416847,56.81133333,0.81420836,5.877547463,0.871972318
0291_TME10-3_30x_Str_03A_xyz-10863-17890-455,TME10-3,D2,Female,CPi,CPi_dm,54.2335,72.9678,4,95.03,49102.2,138.205,1.02952,162.12,2236.63,19,43,5,24,0.289474,61295.9,163.755,145.351,1.17723,134.984,120.493,90.1949,87.616,44.3864867,52.00906977,16.74152974,17.92947368,66.27207762,78.98875,0.742014988,3.909778423,0.852071006
0292_TME10-3_30x_Str_03A_xyz-10901-12831-224,TME10-3,D2,Female,CPi,CPi_vm,74.9979,80.034,4,122.56,73097.9,153.453,1.03205,226.92,2965.88,22,51,7,29,0.408009,97287,195.018,160.65,1.23661,113.955,110.266,92.6612,93.4667,48.11830024,58.15,15.36660203,16.31318182,72.96441612,89.88827586,0.685962369,3.058377284,0.71383975
0293_TME10-3_30x_Str_03A_xyz-10929-19584-265,TME10-3,D2,Female,CPi,CPi_dm,82.2442,63.0974,6,102.56,55261.8,117.945,1.03989,183.099,2168.68,18,41,5,23,0.430556,71922,170.99,158.361,1.21805,112.528,121.43,78.5574,75.0674,44.15811559,52.8895122,12.75214566,14.43666667,68.73670074,82.98304348,0.7432713,3.933616421,0.8816
0295_TME10-3_30x_Str_03A_xyz-11070-14887-282,TME10-3,D2,Female,CPi,CPi_dm,62.3186,65.2295,4,122.3,68574.6,139.027,1.03111,191.135,2648.93,17,41,7,24,0.243697,87031.5,175.013,188.798,1.18421,134.966,118.721,72.1802,74.8889,54.65412873,64.60317073,20.20178065,21.72529412,79.05787529,94.975,0.74143816,3.898919488,0.872781065
0296_TME10-3_30x_Str_03A_xyz-11100-14569-473,TME10-3,D2,Female,CPi,CPi_dm,62.815,76.2628,6,91.14,52941.8,152.064,1.02821,194.909,1978.65,18,42,6,24,0.496296,64983,187.117,206.29,1.2398,128.724,119.174,95.234,95.4406,40.35771095,47.10642857,17.63078184,18.19777778,57.40290779,68.78791667,0.735207094,3.784960037,0.825443787
0297_TME10-3_30x_Str_03A_xyz-11122-15396-380,TME10-3,D1,Female,CPi,CPi_dm,70.9787,71.837,5,131.3,93349.2,147.567,1.02875,243.409,3183.49,26,58,6,32,0.479487,118386,187.433,156.371,1.24125,124.369,120.876,81.6955,99.536,46.81398494,54.88206897,17.49421676,18.70076923,70.63629659,84.279375,0.732292201,3.733667592,0.80449827
0298_TME10-3_30x_Str_03A_xyz-11316-16613-263,TME10-3,D2,Female,CPi,CPi_dm,50.412,55.8347,3,93.3,32099.2,154.738,1.02696,217.511,2186.66,17,38,4,21,0.254902,40908.2,174.301,125.27,1.30455,132.474,123.36,87.6324,83.4599,48.66114892,57.53815789,23.99096675,27.62235294,68.63224877,81.75571429,0.766446687,4.424865081,0.899810964
0299_TME10-3_30x_Str_03A_xyz-11361-15679-376,TME10-3,D2,Female,CPi,CPi_dm,76.6404,72.3603,5,115.59,68812.5,154.262,1.04676,203.08,2333.1,12,30,6,18,0.508333,91385.6,198.48,164.796,1.1039,111.421,112.369,107.584,79.9027,57.87434437,77.76466667,11.18363944,12.27583333,89.001481,121.4238889,0.697133457,3.200379376,0.845
0300_TME10-3_30x_Str_03A_xyz-11401-14474-252,TME10-3,D1,Female,CPi,CPr_m,72.9428,72.1865,5,149.12,98338.2,156.153,1.02566,221.381,2988.24,25,54,4,29,0.331636,122720,207.504,179.862,1.25632,116.82,121.23,94.2645,80.5077,48.00726398,55.33296296,17.4488693,18.4736,74.35070767,87.10827586,0.731582286,3.721362467,0.826222685
0301_TME10-3_30x_Str_03A_xyz-11441-11955-95,TME10-3,D2,Female,CPr,CPr_imv,101.968,83.5924,2,65.23,26427.9,133.737,1.02759,193.343,1009.14,6,16,4,10,0.333333,33687.4,168.292,123.564,1.09926,97.6394,116.965,111.66,108.071,52.53076128,63.066875,15.92992928,17.04666667,74.49126048,90.679,0.744554258,3.958228916,0.868055556
0302_TME10-3_30x_Str_03A_xyz-11493-18058-358,TME10-3,D1,Female,CPi,CPi_dm,62.3801,60.2245,6,99.74,71687.3,155.655,1.0189,226.47,2517.84,25,55,5,30,0.450667,83172.3,171.248,154.59,1.28814,125.01,134.829,90.8815,87.392,41.36986013,45.77381818,18.3315011,19.1756,60.56849266,67.939,0.815792171,5.940249112,0.815429688
0303_TME10-3_30x_Str_03A_xyz-11622-11824-371,TME10-3,D1,Female,CPi,CPi_vm,60.156,70.7272,3,158.05,71076.2,148.227,1.02692,202.467,2602.81,18,42,6,24,0.344444,88072.5,186.83,219.898,1.21809,134.249,121.112,76.4634,82.3894,53.72024102,61.96642857,23.57336646,25.305,76.33039694,89.4625,0.758478143,4.244118482,0.825443787
0304_TME10-3_30x_Str_03A_xyz-11690-12013-296,TME10-3,D2,Female,CPi,CPi_vm,60.1665,73.0796,2,117.36,41351.5,153.369,1.03592,207.19,1384.24,7,19,5,12,0.428571,50487.6,197.256,136.111,1.14065,128.127,112.642,97.6993,104.1,61.08222452,72.84894737,20.92161753,22.94714286,84.50924526,101.9583333,0.773996934,4.609261152,0.918367347
0305_TME10-3_30x_Str_03A_xyz-11758-15379-184,TME10-3,D2,Female,CPr,CPr_m,88.6137,87.5871,4,101.76,54049.1,131.59,1.03461,206.541,2378.2,20,45,5,25,0.376667,73269.4,199.864,155.689,1.22054,106.926,112.771,102.743,90.4194,43.46177277,52.84444444,17.62806517,19.234,64.12873885,79.7328,0.668745161,2.860075264,0.742112483
0309_TME10-3_30x_Str_03A_xyz-11910-13476-301,TME10-3,D2,Female,CPi,CPi_dm,60.4347,56.1587,4,50.27,47715.9,163.609,1.02462,271.831,1714.72,15,35,5,20,0.377778,56290.3,204.278,126.01,1.34615,126.433,133.859,97.3501,95.0726,42.94818981,48.988,22.54784268,24.66733333,58.24845015,67.2285,0.816099873,5.952570659,0.76446281
0310_TME10-3_30x_Str_03B_xyz-2220-15466-311,TME10-3,D2,Female,CPi,CPi_dm,69.3043,66.3817,6,47.54,43776.6,164.803,1.03407,169.911,1783.99,12,29,5,17,0.638889,55654.7,214.329,168.961,1.15625,122.073,123.111,81.7771,70.1218,49.64437916,61.51206897,15.49431707,16.66083333,73.75030534,93.17176471,0.689734989,3.105072927,0.861495845
0311_TME10-3_30x_Str_03B_xyz-2296-14647-152,TME10-3,D2,Female,CPr,CPr_m,64.5521,75.7006,7,63.1,56222.6,148.633,1.0296,182.101,2153.32,22,47,3,25,0.458874,76122.6,192.018,170.022,1.40359,123.408,113.105,102.847,104.364,39.62479523,45.81,19.00522619,20.94818182,57.77001598,67.6884,0.701335436,3.256833237,0.862825789
0312_TME10-3_30x_Str_03B_xyz-2402-16289-414,TME10-3,D1,Female,CPi,CPi_dm,77.1174,86.2801,3,99.49,21232.6,133.08,1.03184,138.165,991.776,6,16,4,10,0.5,25067,156.912,144.348,1.09091,112.705,103.311,81.2342,83.2029,53.11960346,61.98125,13.93447537,14.28833333,76.63068032,90.597,0.790125237,5.053003054,0.868055556
0313_TME10-3_30x_Str_03B_xyz-2407-18478-186,TME10-3,D2,Female,CPr,CPr_m,65.4684,69.5508,3,123.33,54650.4,136.679,1.03022,181.641,2075.33,14,34,6,20,0.228571,70744.4,186.635,147.209,1.16629,122.04,121.514,91.5102,90.7728,50.87681064,61.03441176,23.7808567,25.67571429,69.84397839,85.7855,0.7114352,3.399976061,0.92768595
0314_TME10-3_30x_Str_03B_xyz-2435-13712-340,TME10-3,D1,Female,CPi,CPi_dm,60.8886,67.3426,5,73.27,76229.3,172.216,1.02586,289.08,2766.72,21,46,4,25,0.488889,91888.5,215.008,176.671,1.33953,126.205,127.555,81.9083,86.1387,52.70837597,60.14130435,24.78723069,26.36619048,76.16213799,88.5124,0.775069754,4.636582291,0.90260631
0316_TME10-3_30x_Str_03B_xyz-2564-16165-213,TME10-3,D2,Female,CPr,CPr_m,58.798,78.9819,3,140.16,56311.6,154.246,1.03215,230.219,2184.68,14,34,6,20,0.285714,69715.4,197.303,151.243,1.14035,131.965,124.265,93.0487,79.1199,53.75211337,64.25058824,18.51610929,19.54428571,78.41731623,95.545,0.747958922,4.02489558,0.892561983
0319_TME10-3_30x_Str_03B_xyz-2739-18277-503,TME10-3,D2,Female,CPi,CPi_dm,66.7567,57.7439,3,36.01,9319.93,124.066,1.03794,181.97,997.705,9,21,3,12,0.333333,11415.3,150.679,126.201,1.2236,122.413,122.169,100.181,85.0788,39.84382653,47.50571429,15.35656361,17.03,58.20927371,70.3625,0.75859513,4.24667613,0.892857143
0322_TME10-3_30x_Str_03B_xyz-2894-15893-319,TME10-3,D2,Female,CPi,CPi_dm,81.1105,72.3335,4,119.91,79004.6,144.652,1.02763,201.31,2854.01,25,55,5,30,0.38781,100803,169.431,145.661,1.26957,114.198,118.73,92.8309,100.128,44.26611183,51.88509091,18.06642106,19.3152,66.09918747,79.02666667,0.722525856,3.570496223,0.8125
0323_TME10-3_30x_Str_03B_xyz-3477-19704-320,TME10-3,D1,Female,CPi,CPi_dm,56.1952,69.7717,7,150.2,52316.6,132.031,1.02233,196.999,3005.34,26,58,6,32,0.487637,63817.8,154.337,158.152,1.29744,138.237,124.202,83.4273,83.6164,46.00840201,51.81137931,17.06401744,17.66115385,69.52571447,79.5584375,0.748936609,4.044411196,0.830449827
0325_TME10-3_30x_Str_03B_xyz-3512-20805-410,TME10-3,D2,Female,CPi,CPi_dm,54.4894,72.8225,4,117.69,58037.3,142.772,1.03149,222.58,2244.84,16,38,6,22,0.339583,73248.1,171.331,138.811,1.25224,131.272,119.914,99.3241,104.315,49.76654987,59.06921053,21.70510517,23.805625,70.17487328,84.71545455,0.743893281,3.945514424,0.831597222
0326_TME10-3_30x_Str_03B_xyz-3723-14608-371,TME10-3,D2,Female,CPi,CPi_vm,75.8535,83.4013,6,165.31,71290,158.542,1.03189,195.51,2570.04,19,42,4,23,0.307018,93686.3,188.761,184.271,1.22297,120.274,117.594,87.3684,94.9072,51.6124484,61.18642857,19.3569212,21.28631579,78.2583187,94.1473913,0.719794377,3.527111276,0.8928
0330_TME10-3_30x_Str_03B_xyz-3856-13494-249,TME10-3,D2,Female,CPi,CPi_vm,67.2112,73.8181,7,148.11,51372.7,154.196,1.02749,199.421,2706.84,22,47,3,25,0.568182,65130.2,184.311,178.021,1.20383,127.821,122.155,92.0631,83.7017,49.83573092,57.58702128,10.76885013,10.98954545,84.21458601,98.5928,0.727068055,3.644775005,0.77914952
0331_TME10-3_30x_Str_03B_xyz-3856-14724-419,TME10-3,D2,Female,CPi,CPi_dm,67.7757,64.2632,5,135.8,79712.3,135.146,1.02469,204.539,2997.64,27,60,6,33,0.371605,97664.5,169.514,170.879,1.31902,128.048,130.503,97.6564,81.8727,43.24917141,49.95516667,20.45117557,22.17222222,61.90207709,72.68666667,0.769666227,4.50184884,0.794285714
0334_TME10-3_30x_Str_03B_xyz-3996-15845-210,TME10-3,D1,Female,CPr,CPr_m,52.4633,69.4227,5,126.6,32629.8,143.858,1.02735,189.157,2119.76,14,35,7,21,0.5,38554,164.478,193.638,1.14451,133.928,120.825,77.6686,62.7189,53.06843395,60.55971429,14.26590476,14.77928571,78.93678674,91.08,0.804043255,5.501930325,0.914933837
0335_TME10-3_30x_Str_03B_xyz-4016-15002-226,TME10-3,D1,Female,CPi,CPr_m,85.1957,79.3686,6,155,100416,137.893,1.0289,204.036,3651.44,32,69,5,37,0.362103,127308,178.721,192.107,1.26302,103.536,115.81,81.1245,89.4327,44.82141629,52.91449275,16.73493173,17.8190625,69.11242996,83.2672973,0.729875391,3.692069892,0.792241946
0336_TME10-3_30x_Str_03B_xyz-4077-17203-146,TME10-3,D1,Female,CPr,CPr_m,78.5806,76.4306,7,115.57,83624.9,140.032,1.02772,180.1,3213.31,32,69,5,37,0.380729,117596,194.275,132.131,1.26156,115.897,115.364,87.5896,75.6965,39.37322104,46.56478261,16.78717927,18.5103125,58.90709501,70.82810811,0.679332299,2.979240301,0.765943458
0337_TME10-3_30x_Str_03B_xyz-4079-13579-296,TME10-3,D1,Female,CPi,CPi_vm,43.7525,72.8156,5,159.84,60723.6,177.337,1.02882,240.931,3424.51,21,50,8,29,0.301587,72325.4,195.64,187.12,1.14319,146.341,126.217,85.0794,90.1363,58.73294269,68.4852,16.12352857,16.77761905,89.58803566,105.9286207,0.789656488,5.039033448,0.872008325
0338_TME10-3_30x_Str_03B_xyz-4154-11861-431,TME10-3,D2,Female,CPi,CPi_vm,68.6726,70.251,5,141.64,91321.8,154.768,1.02495,237.499,2835.95,21,46,4,25,0.361678,113154,207.72,176.97,1.21546,126.666,122.598,90.8167,92.3993,52.97104624,61.64608696,15.06048083,15.85857143,84.81592118,100.1076,0.739133703,3.856069135,0.803840878
0339_TME10-3_30x_Str_03B_xyz-4196-14676-488,TME10-3,D2,Female,CPi,CPi_dm,72.2034,65.3237,6,88.8,64545.5,159.659,1.03413,210.609,2616.73,30,66,6,36,0.488095,86032.2,231.688,116.408,1.3786,123.428,125.608,78.1694,83.7338,33.07550161,39.64257576,15.45202082,16.90466667,47.76173561,58.59083333,0.705899962,3.320180111,0.758310249
0340_TME10-3_30x_Str_03B_xyz-4208-7931-434,TME10-3,D2,Female,CPi,CPi_vm,62.9085,62.2655,4,90.3,25220.9,122.698,1.03277,159.24,1119.01,14,32,4,18,0.464286,30185.6,159.506,74.5316,1.35991,128.514,128.556,98.3314,80.5625,30.01344192,34.9646875,20.95805579,23.00714286,37.05652001,44.265,0.747274797,4.011339479,0.805
0342_TME10-3_30x_Str_03B_xyz-4304-18587-239,TME10-3,D2,Female,CPi,CPr_m,74.1081,75.6526,4,107.82,62988,126.458,1.03157,188.752,2817.88,23,52,6,29,0.281573,84352.5,164.688,150.078,1.17029,124.6,118.389,90.7288,97.0245,45.46941244,54.185,16.62903337,18.63391304,68.34281653,82.38068966,0.709335235,3.369307295,0.872008325
0344_TME10-3_30x_Str_03B_xyz-4339-10068-181,TME10-3,D1,Female,CPr,CPi_vm,56.6119,72.3869,5,62.5,29259.2,164.917,1.02987,222.78,1686.11,15,33,3,18,0.435556,36678.6,211.474,130.711,1.26636,132.919,117.923,88.0706,94.3061,43.27496676,51.08878788,17.09921059,17.85533333,65.08809691,78.78333333,0.738609503,3.84643891,0.8925
0345_TME10-3_30x_Str_03B_xyz-4398-8887-403,TME10-3,D1,Female,CPi,CPi_vm,61.5295,57.9026,4,118.21,54912.4,168.282,1.02675,236.198,1932.26,13,30,4,17,0.358974,66175.2,193.442,192.37,1.20177,131.985,128.15,96.3932,95.7122,55.71022599,64.40433333,22.7271403,24.75461538,80.93258565,94.72470588,0.792169372,5.114744137,0.889196676
0348_TME10-3_30x_Str_03B_xyz-4450-13270-474,TME10-3,D2,Female,CPi,CPi_vm,68.145,77.2456,5,114.21,69611.8,137.337,1.02753,202.393,2605.27,23,52,6,29,0.367909,87724.2,172.298,156.352,1.22274,120.69,118.225,80.1954,98.2045,42.73863357,50.09557692,17.89118137,19.13478261,62.44523359,74.65068966,0.724418727,3.601120694,0.849115505
0349_TME10-3_30x_Str_03B_xyz-4493-17139-308,TME10-3,D1,Female,CPi,CPi_dm,59.5599,56.734,5,112.02,60335.4,140.556,1.0423,183.748,1814.37,13,29,3,16,0.533333,73416.8,183.176,152.778,1.10262,129.899,124.999,69.9349,87.8713,50.14620761,62.55827586,10.88856553,11.37692308,82.04304181,104.143125,0.740780547,3.886605204,0.762345679
0351_TME10-3_30x_Str_03B_xyz-4726-20145-129,TME10-3,D2,Female,CPr,CPr_m,69.4516,86.0551,4,155.1,50275.1,161.297,1.03394,191.46,1818.77,12,29,5,17,0.291667,63666,190.884,151.05,1.19041,120.152,115.053,88.3171,94.5389,52.7984425,62.71068966,23.63046984,26.055,73.38759968,88.58529412,0.751312307,4.092543724,0.911357341
0352_TME10-3_30x_Str_03B_xyz-4740-12118-338,TME10-3,D1,Female,CPi,CPi_vm,71.9109,78.965,5,118.15,82845.2,153.066,1.03135,244.781,2751.3,21,45,3,24,0.516327,105136,183.994,177.052,1.13568,120.487,124.824,88.3248,95.3948,51.40069822,61.13511111,11.223409,11.45571429,86.5558263,104.6045833,0.733913817,3.762048775,0.76035503
0353_TME10-3_30x_Str_03B_xyz-4790-18294-423,TME10-3,D1,Female,CPi,CPi_dm,65.3305,76.0277,4,132.34,86589.5,150.142,1.02685,203.618,3164.87,25,55,5,30,0.347238,110671,190.603,163.035,1.21556,128.131,117.872,102.68,102.713,48.27735099,57.538,16.18551925,16.9996,75.02054411,91.32,0.725793654,3.623659348,0.836914063
0354_TME10-3_30x_Str_03B_xyz-4812-14790-350,TME10-3,D2,Female,CPi,CPi_vm,81.4196,84.509,5,136.7,95069.2,154.648,1.0304,202.73,3351.14,23,50,4,27,0.290373,128769,200.355,162.688,1.17105,115.032,116.958,90.2225,89.6483,55.67602631,67.0168,12.74714132,13.23,92.24507648,112.8351852,0.66093171,2.777356775,0.876337693
0355_TME10-3_30x_Str_03B_xyz-4855-15772-393,TME10-3,D1,Female,CPi,CPi_dm,66.0506,69.7292,4,155.41,98613.1,157.905,1.02763,188.25,3181.33,24,53,5,29,0.326786,121179,180.118,188.72,1.19492,130.272,125.301,99.3183,106.1,50.88578782,60.02037736,19.35390613,20.34666667,76.98113818,92.8537931,0.756953406,4.211033754,0.774193548
0356_TME10-3_30x_Str_03B_xyz-5044-7292-438,TME10-3,D1,Female,CPi,CPi_vm,78.0774,68.1154,5,153.79,94379.4,194.506,1.02147,246.64,2828.02,18,39,3,21,0.437037,117513,238.771,163.118,1.19043,114.626,121.53,92.0323,85.7603,63.720874,72.50717949,15.63026317,16.55,104.9413976,120.4704762,0.781423742,4.804535803,0.784499055
0358_TME10-3_30x_Str_03B_xyz-5187-17551-314,TME10-3,D1,Female,CPi,CPi_dm,64.3703,66.8724,6,120.9,53078.2,155.424,1.03163,238.54,2952.49,25,56,6,31,0.436571,67957.1,172.458,166.422,1.27792,124.792,121.119,83.3698,73.9796,45.08528565,52.71803571,19.63921118,21.002,65.60631346,78.29548387,0.727702524,3.655369284,0.867768595
0361_TME10-3_30x_Str_03B_xyz-5280-9162-171,TME10-3,D2,Female,CPr,CPi_vm,92.8433,80.9104,4,124.99,60422.5,176.873,1.03052,203.872,2303.12,17,38,4,21,0.470588,79176.9,224.828,192.253,1.20585,104.652,115.497,101.509,95.1624,51.13028718,60.60289474,20.94192754,22.53294118,75.56848307,91.42142857,0.716935911,3.482701241,0.844990548
0364_TME10-3_30x_Str_03B_xyz-5374-16389-424,TME10-3,D1,Female,CPi,CPi_dm,71.3653,63.8023,5,154.64,138409,146.105,1.03397,222.839,4470.43,35,76,6,41,0.368095,177056,247.142,187.649,1.24932,123.051,126.825,87.767,99.5806,49.24846455,58.81671053,18.64893333,20.64314286,75.37001559,91.40390244,0.728631661,3.670983043,0.804218496
0365_TME10-3_30x_Str_03B_xyz-5478-10669-305,TME10-3,D2,Female,CPi,CPi_vm,73.1965,74.4378,5,161.49,73539.7,155.398,1.04427,210.321,2809.94,21,45,3,24,0.434694,106102,237.949,139.71,1.23573,122.021,118.29,85.3816,80.5237,47.25022095,62.43822222,15.44587786,17.74380952,75.07902115,101.5458333,0.655267945,2.719960977,0.849112426
0366_TME10-3_30x_Str_03B_xyz-5493-7909-445,TME10-3,D1,Female,CPi,CPi_vm,71.5884,70.3962,5,135.58,83613.9,156.786,1.02177,234.71,2728.79,21,47,5,26,0.275132,101495,191.633,197.39,1.25256,121.43,126.151,91.6744,85.928,51.35215493,58.05425532,23.6257639,25.01761905,73.74654768,84.73769231,0.766458889,4.425152389,0.820153061
0367_TME10-3_30x_Str_03B_xyz-5542-9523-322,TME10-3,D1,Female,CPi,CPi_vm,80.712,68.113,3,88.28,95285.7,171.453,1.03273,225.332,3081.85,20,45,5,25,0.0916667,120951,206.052,189.207,1.20392,115.05,118.776,89.6468,86.198,56.80702095,68.48088889,26.54302799,28.8185,81.01821532,100.2108,0.745104903,3.968877012,0.903978052
0368_TME10-3_30x_Str_03B_xyz-5620-11401-265,TME10-3,D2,Female,CPi,CPi_vm,88.8383,90.3063,4,162.94,65961.2,129.103,1.0322,164.399,2831.5,21,48,6,27,0.261905,86214.4,182.998,150.51,1.17248,111.432,111.522,81.065,94.3743,48.02055352,58.98458333,15.24424886,16.2547619,73.51323493,92.21888889,0.717151458,3.48601541,0.744351962
0370_TME10-3_30x_Str_03B_xyz-5749-14335-155,TME10-3,D1,Female,CPr,CPr_imv,101.223,74.9635,6,138.63,92357.2,158.602,1.02795,241.65,2855.38,23,49,3,26,0.476467,119299,202.613,186.221,1.2239,98.1218,121.033,82.2178,81.7461,48.75435389,58.26795918,15.78020295,16.89695652,77.9237951,94.86538462,0.735339217,3.787314669,0.908163265
0371_TME10-3_30x_Str_03B_xyz-5775-17686-166,TME10-3,D2,Female,CPr,CPr_imd,83.5121,58.9655,7,141.36,78744.2,123.15,1.02779,178.798,3030.96,29,63,5,34,0.414459,104353,163.848,144.322,1.24837,104.649,123.842,105.042,98.9429,40.71981523,48.1052381,14.30631282,14.92827586,63.24897904,76.40323529,0.749959935,4.06501955,0.900462963
0373_TME10-3_30x_Str_03B_xyz-5929-19152-321,TME10-3,D2,Female,CPi,CPi_dm,63.6087,66.3064,4,132.23,77488,152.734,1.02457,193.529,2651.81,23,51,5,28,0.314493,98783,169.783,164.984,1.26232,128.995,123.846,89.9694,78.1774,45.72217681,51.99019608,20.04234711,21.53913043,66.81632264,77.00357143,0.753754391,4.143098391,0.855555556
0374_TME10-3_30x_Str_03B_xyz-5980-14694-347,TME10-3,D1,Female,CPi,CPi_dm,82.6545,77.3124,5,141.69,101530,150.005,1.0351,200.729,3618.93,29,64,6,35,0.325287,132994,180.516,143.292,1.24604,114.613,120.066,95.4531,79.3857,46.17954815,56.54109375,16.16321305,17.35034483,71.05022581,89.01342857,0.688138916,3.085165572,0.887509131
0375_TME10-3_30x_Str_03B_xyz-6047-16183-171,TME10-3,D2,Female,CPr,CPr_imd,77.0409,72.7896,5,132.18,95736.7,127.167,1.03563,197.71,3318.65,29,63,5,34,0.348112,123023,158.806,149.739,1.27591,118.209,121.866,88.5042,91.7249,44.31097802,52.67206349,18.28871596,19.68793103,66.50643684,80.80558824,0.705222032,3.310634613,0.827160494
0376_TME10-3_30x_Str_03B_xyz-6057-16619-302,TME10-3,D2,Female,CPi,CPi_dl,69.3981,74.1652,4,140.6,68236,117.483,1.02865,186.75,2621.06,22,50,6,28,0.408009,88630.9,195.598,139.109,1.20683,123.95,115.449,87.1981,80.4624,44.24098289,52.4156,16.12522299,17.51409091,66.3319371,79.83821429,0.736106248,3.801036044,0.816666667
0378_TME10-3_30x_Str_03B_xyz-6119-17390-256,TME10-3,D2,Female,CPi,CPi_dl,88.3582,85.2901,5,119.15,71001.8,139.489,1.0338,194.4,2926.94,25,55,5,30,0.35581,95243.6,181.816,154.699,1.24356,106.863,117.953,86.5988,90.4993,42.90606798,53.21163636,18.05080594,19.338,63.61878634,81.43966667,0.665666015,2.826970936,0.87890625
0379_TME10-3_30x_Str_03B_xyz-6158-12622-247,TME10-3,D2,Female,CPi,CPr_imv,75.8978,82.5688,8,140.81,75496.2,151.737,1.03568,192.108,3039.85,27,58,4,31,0.410802,104755,189.287,165.462,1.38462,114.135,117.559,90.112,89.7846,43.6208002,52.40603448,15.26743508,16.56592593,68.31566659,83.6216129,0.719275879,3.518981357,0.794306703
0380_TME10-3_30x_Str_03B_xyz-6257-7783-485,TME10-3,D1,Female,CPi,CPi_vm,76.1434,73.3897,3,108.13,49544,152.768,1.02538,193.12,2118.69,19,44,6,25,0.484211,60908.4,176.606,141.448,1.18357,118.38,117.78,75.9716,80.9329,42.24134574,48.14704545,16.70656098,17.33473684,61.64778215,71.5644,0.761211509,4.30460644,0.772290809
0383_TME10-3_30x_Str_03B_xyz-6388-14366-483,TME10-3,D2,Female,CPi,CPi_vm,84.9145,70.2894,5,128.71,97164.6,151.657,1.02788,178.69,3373.22,35,77,7,42,0.411293,120546,181.695,134.973,1.33639,110.007,124.95,88.4864,86.7635,36.98007527,43.80298701,18.35785227,19.49457143,52.49859445,64.06,0.76558334,4.4046211,0.707644628
0384_TME10-3_30x_Str_03B_xyz-6391-11443-195,TME10-3,D2,Female,CPr,CPr_imv,79.5734,80.4351,8,148.52,100260,142.031,1.02639,214.761,3642.57,32,69,5,37,0.414789,130454,168.042,181.702,1.32788,111.391,117.039,77.4249,78.9756,45.88535847,52.78565217,20.64335525,23.0515625,67.71628017,78.50162162,0.725114806,3.612500015,0.827087442
0385_TME10-3_30x_Str_03B_xyz-6397-8942-160,TME10-3,D2,Female,CPr,CPr_l,77.7819,76.8105,6,135.07,71948.3,131.773,1.03751,165.719,2840.93,26,56,4,30,0.305523,101116,187.824,157.904,1.2862,111.763,116.428,67.018,78.5383,41.4644867,50.72607143,15.99115934,18.00769231,63.54137041,79.082,0.682111667,3.011972704,0.838867188
0386_TME10-3_30x_Str_03B_xyz-6428-10998-477,TME10-3,D1,Female,CPi,CPi_vm,62.896,61.6302,4,116.74,90085.3,148.983,1.03294,226.269,3258.08,24,54,6,30,0.378373,112283,189.844,174.58,1.1871,132.819,128.884,96.3351,98.8919,50.35688369,60.33,17.46612331,19.91458333,76.66949199,92.66233333,0.761863425,4.319261277,0.856445313
0387_TME10-3_30x_Str_03B_xyz-6445-20254-389,TME10-3,D2,Female,CPi,CPi_dm,62.2977,54.9237,4,116.25,91781.9,163.547,1.02215,238.339,2908.85,22,50,6,28,0.515152,107394,182.828,182.989,1.21328,132.193,133.913,102.975,97.7537,51.47176977,58.1718,18.78169965,19.64772727,77.15682486,88.44071429,0.806000126,5.57083035,0.881111111
0388_TME10-3_30x_Str_03B_xyz-6548-7548-417,TME10-3,D2,Female,CPi,CPi_vm,77.0714,79.5714,4,126.75,63216.6,154.96,1.03626,211.212,2327.57,15,35,5,20,0.253968,79635.9,182.308,174.467,1.10494,118.361,117.944,105.436,104.656,55.25769908,66.49742857,11.82281193,12.18066667,87.83386444,107.235,0.741678997,3.903446764,0.797520661
0389_TME10-3_30x_Str_03B_xyz-6569-9826-378,TME10-3,D2,Female,CPi,CPi_vm,64.8255,98.3049,3,147.55,18207.2,142.584,1.04664,178.645,1558.94,9,21,3,12,0.481481,23655.8,180.61,228.147,1.15102,132.733,106.988,94.3204,84.2548,59.7426877,74.22952381,14.62613389,15.18444444,93.58010306,118.5133333,0.642617136,2.598925703,0.862244898
0390_TME10-3_30x_Str_03B_xyz-6604-18957-189,TME10-3,D2,Female,CPr,CPr_imd,83.7837,68.1969,5,64.22,44277.3,147.24,1.03472,198.26,1657.93,15,34,4,19,0.351111,61127.7,161.997,112.382,1.28552,108.321,111.19,86.2412,96.299,40.6140871,48.75705882,19.95643216,21.684,56.92276205,70.13052632,0.663227051,2.801220282,0.825396825
0392_TME10-3_30x_Str_03B_xyz-6663-9455-461,TME10-3,D1,Female,CPi,CPi_vm,89.1982,70.8959,4,138.27,66883.6,148.018,1.03892,181.11,3052.57,24,54,6,30,0.421627,86737.6,173.301,169.551,1.24801,108.884,124.012,90.0129,100.12,44.88118052,56.52444444,20.79232177,22.5175,64.15226753,83.73,0.687622028,3.078766623,0.875976563
0393_TME10-3_30x_Str_03B_xyz-6763-18423-264,TME10-3,D2,Female,CPi,CPi_dl,63.0408,69.3426,6,117.31,93647.6,149.428,1.03389,219.891,3272.27,31,65,3,34,0.392851,119570,178.882,186.591,1.34246,125.103,126.534,90.2277,88.7525,43.03491899,50.33738462,17.21788384,18.79967742,66.57398045,79.09235294,0.759204643,4.260046519,0.80787037
0394_TME10-3_30x_Str_03B_xyz-6779-14998-410,TME10-3,D2,Female,CPi,CPi_dm,67.0247,74.8293,6,155.79,88962.4,137.333,1.03092,170.449,3120.73,31,66,4,35,0.402867,116528,160.18,183.052,1.34537,127.283,121.882,90.6898,91.243,40.08511223,47.27924242,19.81013619,21.96903226,58.04294816,69.69685714,0.709933061,3.377988185,0.899196494
0395_TME10-3_30x_Str_03B_xyz-6882-13016-479,TME10-3,D1,Female,CPi,CPi_vm,72.6593,69.7853,6,111.83,90113,151.523,1.03143,207.904,3177.57,28,63,7,35,0.316667,110028,174.26,143.142,1.26621,121.859,129.583,99.5223,84.8131,43.08089907,50.43285714,18.23404322,19.44107143,62.95838375,75.22628571,0.754243885,4.153366059,0.791088386
0396_TME10-3_30x_Str_03B_xyz-6919-19903-438,TME10-3,D2,Female,CPi,CPi_dm,64.6952,68.5446,5,182.15,40967.9,167.823,1.03331,198.341,2292.37,17,38,4,21,0.472549,52303.4,217.219,149.811,1.24014,127.438,126.886,93.451,108.78,50.68706287,60.32,15.36327486,16.36176471,79.28251032,95.9052381,0.711157108,3.395886348,0.873345936
0397_TME10-3_30x_Str_03B_xyz-7034-18402-99,TME10-3,D1,Female,CPr,CPr_imd,93.787,72.1059,5,131.96,70462.1,175.479,1.02205,221.78,2057.41,17,38,4,21,0.495798,88515.8,194.967,181.435,1.39647,106.004,119.787,92.2531,95.5084,47.99801622,54.13763158,26.93096854,28.46470588,65.05229291,74.92047619,0.734949287,3.780373015,0.897920605
0398_TME10-3_30x_Str_03B_xyz-7037-20218-383,TME10-3,D2,Female,CPi,CPi_dm,60.5608,47.1972,5,99.42,61805.8,153.521,1.01774,236.1,2861.73,24,53,5,29,0.320767,71097,173.716,210.299,1.30818,125.859,136.189,80.8386,83.58,48.93524062,53.99,22.3240757,23.58458333,70.95827366,79.15310345,0.831073874,6.613163283,0.827263267
0399_TME10-3_30x_Str_03B_xyz-7044-15702-332,TME10-3,D1,Female,CPi,CPi_dl,84.3643,67.7872,6,193.35,131658,150.157,1.02936,231.42,4187.09,33,72,6,39,0.249663,166023,186.53,173.44,1.33373,111.685,126.747,100.683,95.6345,49.41164881,58.14916667,25.70560551,28.35454545,69.47060851,83.36,0.720348152,3.53583121,0.864366449
0401_TME10-3_30x_Str_03B_xyz-7132-8881-145,TME10-3,D1,Female,CPr,CPr_l,69.4382,77.3896,4,135.36,64962.1,148.017,1.02394,218.07,2485,20,46,6,26,0.51,77531.5,168.736,152.471,1.156,128.13,121.392,103.982,108.9,47.46074221,54.0176087,13.52777043,13.918,73.56302819,84.86346154,0.778075974,4.714709814,0.846938776
0402_TME10-3_30x_Str_03B_xyz-7159-10987-453,TME10-3,D1,Female,CPi,CPi_vl,85.5931,69.9114,4,142.36,98574.4,142.351,1.02805,210.1,3118.48,22,50,6,28,0.401515,123546,191.424,186.788,1.2182,106.723,123.295,99.9991,98.6357,53.50019284,62.365,20.37340066,21.73454545,79.52838669,94.28892857,0.75282832,4.123796655,0.901111111
0403_TME10-3_30x_Str_03B_xyz-7273-18492-437,TME10-3,D1,Female,CPi,CPi_dl,56.0096,62.003,7,112.55,61965.2,165.987,1.02326,255.8,3398.37,29,63,5,34,0.481938,73468.9,194.493,165.651,1.31818,136.656,131.653,79.975,88.024,48.31549257,53.93746032,15.05996886,15.80103448,76.68049809,86.46558824,0.816466002,5.967291972,0.808641975
0404_TME10-3_30x_Str_03B_xyz-7413-9294-211,TME10-3,D1,Female,CPr,CPi_vl,65.5805,62.7526,8,128.41,100222,171.459,1.02405,167.101,3414.61,31,66,4,35,0.469892,121732,206.423,196.55,1.36336,125.341,126.955,95.3156,96.5944,46.16493308,51.73136364,24.09870166,25.63129032,65.70930948,74.84857143,0.812533419,5.812523328,0.772096421
0405_TME10-3_30x_Str_03B_xyz-7424-16750-373,TME10-3,D1,Female,CPi,CPi_dl,84.7732,74.2954,5,114.96,118379,175.245,1.02949,266.599,3530.46,27,59,5,32,0.401235,146400,199.365,157.959,1.27949,116.735,124.663,89.6487,82.0944,50.44048534,59.83305085,21.44778019,22.99037037,74.9030803,90.9190625,0.734394386,3.77053348,0.832179931
0406_TME10-3_30x_Str_03B_xyz-7436-13833-401,TME10-3,D1,Female,CPi,CPi_vl,64.5827,51.5492,5,133.93,88596.4,161.559,1.02817,232.49,2731.83,21,48,6,27,0.346032,105845,185.996,206.338,1.18776,126.116,132.725,91.2422,89.6412,48.76456167,56.90895833,18.69168992,19.95857143,72.15457304,85.64814815,0.757691017,4.226981085,0.801426873
0408_TME10-3_30x_Str_03B_xyz-7480-15129-195,TME10-3,D1,Female,CPr,CPi_dl,78.2592,71.8171,5,118.44,85870.8,142.917,1.02615,223.379,2884.69,24,52,4,28,0.402679,106184,176.684,178.95,1.2098,121.197,125.581,86.7202,88.7538,47.62612228,55.46942308,16.25309682,16.94166667,74.51728696,88.49321429,0.747690664,4.019570243,0.813333333
0410_TME10-3_30x_Str_03B_xyz-7488-13775-491,TME10-3,D2,Female,CPi,CPi_vl,65.0965,71.3645,6,133.53,66131,130.79,1.02677,160.931,2399.15,23,52,6,29,0.471014,83005.5,157.544,136.691,1.2375,127.327,125.192,72.3833,67.2633,39.75812773,46.13269231,16.38725219,17.3726087,58.29364972,68.94241379,0.723851421,3.591893504,0.870967742
0412_TME10-3_30x_Str_03B_xyz-7563-17742-389,TME10-3,D1,Female,CPi,CPi_dl,82.1492,73.89,4,124.22,110510,153.748,1.02819,242.62,3462.94,26,58,6,32,0.419231,135079,181.292,221.57,1.24295,111.249,119.832,103.475,104.439,51.13938406,59.70103448,22.2956976,23.36538462,74.57487931,89.22375,0.773251209,4.590439561,0.832179931
0413_TME10-3_30x_Str_03B_xyz-7653-8346-327,TME10-3,D2,Female,CPi,CPi_vl,85.68,72.9957,7,144.67,97762,164.734,1.03923,193.07,3357.5,25,55,5,30,0.416,129218,206.15,189.618,1.23401,108.241,119.756,83.8416,77.0763,49.5283194,61.04072727,21.16568965,22.7488,73.16384419,92.95066667,0.699772273,3.235628208,0.810546875
0414_TME10-3_30x_Str_03B_xyz-7673-19487-133,TME10-3,D1,Female,CPr,CPr_imd,50.0568,52.4724,5,78.78,89684.3,166.495,1.02787,254.54,2914.62,24,53,5,29,0.413194,105157,189.371,196.61,1.29639,139.863,135.777,93.4523,97.844,48.27113486,54.98773585,21.3354798,22.55708333,70.56271147,81.82689655,0.800656335,5.38623961,0.887617066
0415_TME10-3_30x_Str_03B_xyz-7674-19846-210,TME10-3,D1,Female,CPi,CPi_dl,70.6241,68.3111,4,128.84,64452.5,148.421,1.02616,242.35,2455.57,19,43,5,24,0.45614,77584.8,177.353,108.174,1.17049,127.7,127.766,96.3185,114.963,50.61849463,57.10139535,17.00618273,17.59736842,77.22824156,88.37541667,0.789608088,5.037594971,0.897928994
0417_TME10-3_30x_Str_03B_xyz-7733-18479-357,TME10-3,D1,Female,CPi,CPi_dl,68.153,75.908,4,109.25,37694.5,163.265,1.0316,204.5,1800.8,14,33,5,19,0.585714,46645.5,187.526,140.64,1.19203,129.886,113.695,90.5888,92.7386,46.34797603,54.56484848,16.99362118,17.67142857,67.97750066,81.74947368,0.738779008,3.849548232,0.782312925
0419_TME10-3_30x_Str_03B_xyz-7852-11910-349,TME10-3,D1,Female,CPi,CPi_vl,54.3536,58.8127,5,147.67,77457.6,144.718,1.02497,202.179,2554.28,25,54,4,29,0.459238,94483.9,180.622,190.464,1.29836,132.308,125.043,83.4147,86.9437,41.48203562,47.29685185,17.35772536,18.6836,62.2788548,71.96344828,0.745093451,3.968655049,0.744016649
0420_TME10-3_30x_Str_03B_xyz-7888-8903-410,TME10-3,D1,Female,CPi,CPi_vl,67.7316,67.0786,6,138.79,94646.7,190.823,1.02486,266.949,2779.12,21,46,4,25,0.385714,113724,232.425,209.509,1.21934,121.151,127.067,104.858,106.366,53.03305878,60.41,21.29763493,22.84142857,79.69081481,91.9676,0.798018219,5.299120071,0.780521262
0421_TME10-3_30x_Str_03B_xyz-7933-8028-294,TME10-3,D1,Female,CPi,CPi_vl,59.3994,72.1675,5,93.41,45761,133.551,1.03813,177.224,1669.88,15,34,4,19,0.361111,56218.1,158.344,148.004,1.25678,129.689,122.907,90.7876,82.8158,40.97505383,49.11,17.05103846,18.836,59.86243438,73.01052632,0.742752883,3.923748334,0.882086168
0422_TME10-3_30x_Str_03B_xyz-7980-10292-307,TME10-3,D2,Female,CPi,CPi_vl,74.0522,71.1613,6,150.53,103643,159.173,1.02407,213.915,3637.47,31,66,4,35,0.447926,128956,181.623,167.346,1.27729,124.968,126.272,83.2579,96.97,47.68962829,55.10878788,18.26737151,19.27967742,73.74934143,86.84314286,0.733686619,3.758049296,0.837107378
0423_TME10-3_30x_Str_03B_xyz-8048-16361-205,TME10-3,D1,Female,CPi,CPi_dl,48.2894,82.9472,2,130.34,52684.6,153.312,1.03536,194.431,2101.41,11,31,9,20,0.181818,65165.4,193.215,148.453,1.13872,140.052,115.856,82.468,85.448,55.66885462,67.78290323,24.20301446,26.77545455,72.97506671,90.337,0.732167691,3.731504191,0.834710744
0424_TME10-3_30x_Str_03B_xyz-8283-12743-99,TME10-3,D2,Female,CPr,CPr_l,74.0636,68.7114,5,87.91,68410,152.285,1.03093,207.34,2313.19,22,48,4,26,0.527056,84038.3,182.263,170.28,1.3051,115.356,128.331,91.8071,93.3649,41.88693232,48.18625,14.62131276,15.82227273,64.95784118,75.57115385,0.771907778,4.556877896,0.818877551
0425_TME10-3_30x_Str_03B_xyz-8314-15301-259,TME10-3,D1,Female,CPi,CPi_dl,97.6329,95.1989,8,84.89,40112.5,120.449,1.04231,172.94,1796.23,26,55,3,29,0.467917,60419.4,164.3,80.8409,1.52911,103.449,100.158,87.4782,89.5553,26.43880465,32.65309091,14.3740406,15.59115385,37.25548966,47.95,0.585070553,2.148609785,0.744016649
0426_TME10-3_30x_Str_03B_xyz-8351-13268-173,TME10-3,D2,Female,CPr,CPi_vl,82.2505,73.2802,6,123.63,50872.2,119.957,1.0366,153.15,1862.82,17,39,5,22,0.378539,65364.8,152.009,186.784,1.33122,115.26,116.197,93.834,104.217,39.92957941,47.76025641,20.68669758,22.63058824,54.799079,67.17863636,0.714509465,3.44577504,0.767361111
0427_TME10-3_30x_Str_03B_xyz-8493-9661-211,TME10-3,D2,Female,CPr,CPi_vl,80.7211,64.8069,5,142.38,81397.4,159.604,1.03797,183.443,3002.59,24,52,4,28,0.317063,103215,186.508,176.498,1.17765,112.191,126.919,88.6203,78.9647,47.96956634,57.73673077,14.69778638,15.93666667,76.48823487,93.56535714,0.747508803,4.015967181,0.903333333
0428_TME10-3_30x_Str_03B_xyz-8615-12362-311,TME10-3,D2,Female,CPi,CPi_vl,63.4631,67.082,5,134.13,104326,151.976,1.03087,188.05,3620.58,32,69,5,37,0.45625,133230,191.331,171.68,1.39511,127.022,127.606,82.3525,88.6233,44.3817695,52.46637681,18.9495048,21.0590625,66.37724167,79.62945946,0.738704683,3.848184293,0.810650888
0429_TME10-3_30x_Str_03B_xyz-8818-9726-184,TME10-3,D2,Female,CPr,CPr_l,70.3511,77.7015,3,49.2,48364.9,132.459,1.03373,217.92,1717.09,14,32,4,18,0.309524,61698.8,158.137,162.359,1.33866,119.186,116.986,86.6597,86.576,44.99624692,53.654375,26.24957393,28.72857143,59.57699257,73.04111111,0.701000131,3.252264045,0.8425
0431_TME10-3_30x_Str_03B_xyz-9328-12302-411,TME10-3,D1,Female,CPi,CPi_vl,80.3954,68.136,4,174.95,118115,174.322,1.02625,281.4,3243.26,23,51,5,28,0.42029,143804,204.589,182.7,1.2218,113.052,133.328,104.228,96.5141,54.48801544,63.58803922,24.67442738,26.00565217,78.97774848,94.45928571,0.756123303,4.19321495,0.863333333
0432_TME10-3_30x_Str_03B_xyz-9376-9445-426,TME10-3,D2,Female,CPi,CPi_vl,78.9657,78.2681,6,186.56,99019.4,167.196,1.0281,210.29,3374.55,26,57,5,31,0.347253,124561,193.422,200.75,1.24755,115.245,122.35,78.5228,80.6593,50.0308659,59.19789474,16.27034811,16.86961538,78.34613888,94.69903226,0.725740251,3.622779261,0.797061524
0433_TME10-3_30x_Str_03B_xyz-9620-13806-247,TME10-3,D2,Female,CPi,CPi_vl,81.1066,74.5536,8,103.14,95024.3,136.367,1.02909,176.65,3354.46,33,69,3,36,0.446706,122298,170.226,149.9,1.28374,110.516,123.528,101.891,89.5426,41.30855071,48.61014493,14.44196419,15.78848485,65.93625502,78.69666667,0.739458636,3.862060166,0.778393352
0434_TME10-3_30x_Str_03B_xyz-9643-15150-149,TME10-3,D2,Female,CPr,CPi_dl,75.8328,68.0152,3,131.41,66809.2,123.325,1.03283,201.011,2498.81,19,43,5,24,0.236842,83779.4,151.198,176.751,1.15748,114.222,121.668,87.2309,91.5122,48.71908963,58.10627907,17.12584533,17.95052632,73.73040804,89.89625,0.727015483,3.643899617,0.896449704
0435_TME10-3_30x_Str_03B_xyz-9756-12428-442,TME10-3,D1,Female,CPi,CPi_vl,73.1892,59.2167,4,153.44,147409,159.805,1.02543,246.261,4307.26,31,69,7,38,0.425806,176070,188.711,210.9,1.21863,120.254,130.024,91.5097,82.5312,54.10335656,62.41884058,21.10495759,22.6016129,81.02310309,94.90131579,0.802754458,5.457385017,0.780625
0436_TME10-3_30x_Str_03B_xyz-9911-17789-202,TME10-3,D2,Female,CPi,CPi_dl,64.4237,56.1793,5,58.61,96325.8,162.369,1.02695,242.809,2749.58,24,51,3,27,0.4125,112094,179.744,173.946,1.27953,129.043,134.638,96.7883,94.489,46.69069393,53.90882353,16.68317181,17.39791667,73.36404692,86.36296296,0.804299035,5.510848832,0.77764566
0438_TME10-3_30x_Str_03B_xyz-10355-11336-456,TME10-3,D1,Female,CPi,CPi_vl,72.362,73.2667,4,149.66,104685,157.608,1.02941,253.431,3179.31,24,53,5,29,0.176091,126274,194.368,209.116,1.18645,126.549,125.174,75.8185,81.0487,52.15533897,59.98264151,20.55855714,21.50416667,78.30439979,91.82689655,0.77794892,4.711360146,0.901144641
0439_TME10-3_30x_Str_03B_xyz-10763-13822-437,TME10-3,D2,Female,CPi,CPi_vl,78.8607,65.3787,6,139.15,96684.8,148.381,1.02977,191.301,3306.59,31,68,6,37,0.347643,119290,171.443,186.532,1.35372,112.858,126.663,98.4012,80.4644,41.75011742,48.62073529,19.85476108,21.51096774,60.09487544,71.33432432,0.735298332,3.786585767,0.79355687
0447_TME10-3_30x_Str_04A_xyz-2922-13089-429,TME10-3,D1,Female,CPi,CPi_vl,75.1597,64.8564,5,30.08,52597.2,134.291,1.02971,172.609,1852.83,21,46,4,25,0.356009,65834.4,183.72,175.17,1.3101,111.766,121.171,84.8815,84.4956,34.0485373,40.27347826,15.65058094,16.77809524,49.50282065,60.0096,0.762610369,4.336162451,0.898491084
0448_TME10-3_30x_Str_04A_xyz-2968-14608-113,TME10-3,D2,Female,CPi,CPi_vl,82.5333,73.0945,6,131.35,80425.8,129.435,1.03465,177.461,2673.47,26,55,3,29,0.387179,104338,173.779,174.127,1.26342,103.428,121.548,82.9594,78.6994,40.97759699,48.60381818,14.14766128,14.99076923,65.03202211,78.73965517,0.745277866,3.972232255,0.889698231
0449_TME10-3_30x_Str_04A_xyz-3026-14436-217,TME10-3,D1,Female,CPi,CPi_vl,63.1848,62.3973,5,168.94,114337,139.574,1.03033,230.663,3544.46,28,60,4,32,0.256009,136595,178.165,221.963,1.30198,128.953,132.453,93.9964,98.2346,50.79980988,59.06933333,19.90259115,21.27928571,77.83487626,92.135625,0.773786708,4.603941199,0.870242215
0450_TME10-3_30x_Str_04A_xyz-3337-12643-288,TME10-3,D2,Female,CPi,CPi_vl,63.7004,62.8056,3,138.95,72969.5,117.037,1.03076,175.228,2894.34,23,53,7,30,0.269565,88467.4,138.421,146.571,1.15541,132.091,130.706,92.3471,103.289,45.93230323,54.60528302,15.86450969,16.42565217,68.98427828,83.87633333,0.760121036,4.280290981,0.908203125
0452_TME10-3_30x_Str_04A_xyz-3779-12775-460,TME10-3,D1,Female,CPi,CPi_vl,59.4869,61.4574,5,137.49,60001.9,143.875,1.02881,122.12,1983.9,19,42,4,23,0.382319,70280.6,166.754,180.651,1.37339,130.868,135.335,79.9856,76.1795,41.94526273,47.23119048,20.42466188,21.74,59.72315038,68.28913043,0.812256716,5.801905789,0.912
0453_TME10-3_30x_Str_04A_xyz-3828-10913-60,TME10-3,D2,Female,CPi,CPi_vl,92.3011,70.9963,4,95.53,72771.7,118.585,1.02775,185.49,2584.6,29,63,5,34,0.302627,89678,149.996,142.958,1.29947,103.382,120.799,87.3216,77.6863,35.3443722,41.02047619,15.95757524,16.77310345,51.88016961,61.70205882,0.745380643,3.974228363,0.896604938
0454_TME10-3_30x_Str_04A_xyz-4061-12943-258,TME10-3,D2,Female,CPi,CPi_vl,70.7934,64.5608,6,157.92,85248.1,126.895,1.02274,193.249,2957.96,29,63,5,34,0.477011,105584,153.591,167.721,1.32443,116.82,122.104,75.2317,73.0565,41.00617639,46.94698413,16.62285865,17.66689655,61.80371212,71.92117647,0.746783363,4.001651819,0.899691358
0455_TME10-3_30x_Str_04A_xyz-4068-8785-184,TME10-3,D2,Female,CPi,CPi_vl,54.2914,58.7572,5,152.97,49763.9,149.431,1.02232,233.319,2797.83,23,51,5,28,0.257971,59216.3,169.929,169.981,1.24645,139.273,130.583,86.3293,82.1036,49.36420872,54.85372549,21.73585396,22.75869565,72.05892871,81.2175,0.813626827,5.854823473,0.916666667
0456_TME10-3_30x_Str_04A_xyz-4069-15868-270,TME10-3,D2,Female,CPi,CPi_dl,47.0509,57.6338,4,129.64,51885.9,148.063,1.02359,229.45,2624.64,21,47,5,26,0.290476,62259.5,183.557,211.791,1.34019,138.645,134.698,82.5936,82.594,49.03627344,55.83787234,26.6461392,29.44904762,67.12061264,77.15192308,0.771178962,4.538854079,0.846938776
0458_TME10-3_30x_Str_04A_xyz-4173-11671-369,TME10-3,D1,Female,CPi,CPi_vl,55.7143,60.557,6,174.17,92265.8,151.435,1.01756,226.581,4515.93,38,81,5,43,0.381989,107537,181.644,186.282,1.34726,135.75,135.527,81.2565,82.2537,49.87218178,55.74765432,18.89098491,19.57552632,77.2509139,87.71372093,0.785207085,4.90981125,0.907654321
0460_TME10-3_30x_Str_04A_xyz-4496-10297-232,TME10-3,D1,Female,CPi,CPi_vl,73.1975,61.1689,4,161.95,129871,157.362,1.02889,190.318,4144.43,33,73,7,40,0.152597,153650,181.889,186.796,1.24654,122.432,131.129,91.4522,95.3069,49.33435388,56.76876712,20.99219141,22.24424242,72.71663792,85.2515,0.798338399,5.309557987,0.815759637
0462_TME10-3_30x_Str_04A_xyz-4565-9711-417,TME10-3,D2,Female,CPi,CPi_vl,51.6337,63.637,6,130.86,41038.8,133.393,1.0277,192.039,2861.91,26,56,4,30,0.518343,50092.3,162.161,171.158,1.24275,137.728,122.896,113.123,105.753,44.19463276,51.10107143,12.16382012,12.93884615,71.95467039,84.175,0.777039794,4.687515861,0.897460938
0463_TME10-3_30x_Str_04A_xyz-4669-14692-432,TME10-3,D2,Female,CPi,CPi_dl,72.6824,65.8936,6,84.42,45827.4,133.889,1.04338,179.52,1838.81,17,39,5,22,0.446906,58284.8,163.993,81.3492,1.23786,117.221,122.18,70.7136,66.7274,37.02823382,47.14333333,14.49007678,15.72470588,54.44408244,71.42136364,0.722384309,3.568224746,0.857638889
0466_TME10-3_30x_Str_04A_xyz-4847-17917-57,TME10-3,D1,Female,CPi,CPi_dl,50.5979,63.8015,6,135.64,87597.9,150.498,1.0319,208.201,3063.64,28,60,4,32,0.468723,112865,189.476,166.64,1.26238,131.336,130.679,73.1483,71.7264,43.21500318,51.05516667,13.22936462,14.21928571,69.45243692,83.2865625,0.746770656,4.001401885,0.85467128
0467_TME10-3_30x_Str_04A_xyz-4850-9191-156,TME10-3,D2,Female,CPi,CPi_vl,91.0609,72.6895,6,151.61,92421.2,127.906,1.02868,176.87,3443.6,36,76,4,40,0.458642,115112,148.863,181.89,1.26972,102.618,123.252,87.0949,84.0625,39.34016493,45.30565789,13.80051199,14.45972222,62.32585258,73.067,0.770411198,4.520004831,0.837301587
0469_TME10-3_30x_Str_04A_xyz-5049-12225-90,TME10-3,D2,Female,CPi,CPi_vl,67.1177,66.2381,6,112.65,60751.6,120.129,1.02571,185.551,3250.55,39,83,5,44,0.485144,77227.2,144.542,139.369,1.34909,125.485,130.07,81.408,80.6134,34.42103232,39.15783133,15.05077435,16.00641026,51.59012461,59.67840909,0.735638924,3.792665588,0.775519849
0470_TME10-3_30x_Str_04A_xyz-5326-17593-48,TME10-3,D2,Female,CPi,CPi_dl,57.0357,61.3728,6,73.94,86003.8,158.917,1.02708,210.46,2612.02,26,56,4,30,0.525275,107659,187.75,176.15,1.47392,132.53,130.894,93.1683,100.265,40.46958462,46.63839286,20.21599601,22.09038462,58.02269475,67.91333333,0.747885669,4.023440133,0.787109375
0471_TME10-3_30x_Str_04A_xyz-5417-17847-317,TME10-3,D1,Female,CPi,CPi_dl,68.322,65.0391,5,145.32,115533,137.927,1.02096,213.909,3558.18,32,68,4,36,0.426379,144610,166.171,155.324,1.31275,124.481,129.871,99.6106,91.8669,47.19055017,52.32161765,19.75388706,20.8296875,71.57869516,80.31444444,0.764821263,4.386889125,0.843490305
0472_TME10-3_30x_Str_04A_xyz-5489-10121-421,TME10-3,D2,Female,CPi,CPi_vl,62.8031,67.487,5,144.99,47478.8,133.385,1.02385,186.669,2972.75,28,62,6,34,0.467262,55975.2,164.081,167.012,1.3863,135.371,127.588,109.298,115.202,42.53121691,47.94241935,18.88173389,19.83785714,62.00726174,71.08735294,0.781180425,4.797903956,0.867283951
0473_TME10-3_30x_Str_04A_xyz-5507-18494-35,TME10-3,D1,Female,CPi,CPi_dl,60.3951,49.9335,7,84.2,57494.5,150.537,1.02969,226.949,2026.54,20,43,3,23,0.532684,70295.2,176.163,130.951,1.27791,132.652,138.066,101.01,90.4579,40.16544921,47.12418605,14.81290575,15.746,62.21113918,74.40956522,0.779435284,4.750816026,0.9248
0474_TME10-3_30x_Str_04A_xyz-5548-12467-233,TME10-3,D2,Female,CPi,CPi_vl,74.8313,68.4017,6,131.64,57097.2,146.459,1.02671,222.33,3400.73,32,68,4,36,0.49421,71623.9,184.297,179.619,1.30445,117.513,121.378,101.992,88.8723,43.22406859,50.00558824,14.52069708,15.5040625,68.7381766,80.67361111,0.766432796,4.424538045,0.824099723
0475_TME10-3_30x_Str_04A_xyz-5555-13663-160,TME10-3,D1,Female,CPi,CPi_vl,62.8571,70.99,5,112.67,78822.2,146.277,1.03577,214.58,2701.4,24,53,5,29,0.4125,104123,200.722,157.15,1.37062,125.22,121.699,84.7124,86.8123,41.58056759,50.96471698,20.86334941,23.30875,58.7258516,73.85241379,0.69535603,3.17701646,0.738813736
0476_TME10-3_30x_Str_04A_xyz-5621-9050-451,TME10-3,D1,Female,CPi,CPi_vl,67.8186,63.9268,6,111.49,40658.5,143.424,1.01986,209.549,2403.55,26,55,3,29,0.413364,47271.7,178.475,146.31,1.49023,128.963,126.76,85.2693,72.5684,39.48203661,43.69654545,21.6123299,22.65076923,55.50315296,62.56517241,0.821292989,6.167685088,0.873048907
0477_TME10-3_30x_Str_04A_xyz-5755-11047-455,TME10-3,D1,Female,CPi,CPi_vl,61.6013,74.1839,5,110.99,45160.8,156.035,1.0242,205.403,2923.01,27,59,5,32,0.366667,57193.3,187.885,155.281,1.34815,134.77,123.432,87.8806,87.569,43.67864172,49.53661017,19.10427939,20.15592593,64.41325994,74.3265625,0.725974683,3.626645565,0.783737024
0479_TME10-3_30x_Str_04A_xyz-5945-11627-273,TME10-3,D1,Female,CPi,CPi_vl,59.6869,61.9283,6,184.18,112690,155.05,1.03013,210.14,3827.64,29,63,5,34,0.377668,136976,178.489,178.245,1.24232,126.59,129.941,102.873,98.6696,52.22702257,60.75174603,15.85897414,16.95827586,83.24682859,98.105,0.795140017,5.206922022,0.786265432
0480_TME10-3_30x_Str_04A_xyz-5977-9583-337,TME10-3,D2,Female,CPi,CPi_vl,79.2909,65.0611,5,157.58,102421,148.481,1.02694,193.332,3749.31,31,68,6,37,0.41129,126640,200.965,158.899,1.21429,114.997,127.911,104.821,98.5062,48.37562224,55.13205882,13.77938281,14.80354839,77.36166068,88.92081081,0.778760776,4.732837846,0.881656805
0481_TME10-3_30x_Str_04A_xyz-6079-9891-453,TME10-3,D1,Female,CPi,CPi_vl,64.276,73.4943,6,102.12,47649,144.962,1.02979,190.86,2848.38,28,60,4,32,0.494388,60238.9,171.062,145.871,1.30654,127.426,120.849,94.7143,90.4515,40.73056252,47.46833333,12.82783485,13.18107143,65.14544923,77.4696875,0.729900722,3.692501604,0.871972318
0482_TME10-3_30x_Str_04A_xyz-6081-18700-411,TME10-3,D2,Female,CPi,CPi_dl,65.5984,57.0176,4,87.65,91556.8,161.943,1.01887,262.02,3062.56,29,65,7,36,0.264368,105406,178.095,119.03,1.21482,124.053,131.683,103.127,101.564,42.68694867,47.11169231,14.75641782,15.21034483,65.18654297,72.81,0.842367674,7.204958066,0.860803324
0483_TME10-3_30x_Str_04A_xyz-6143-17252-234,TME10-3,D1,Female,CPi,CPi_dl,77.7203,71.4041,4,145.09,54169.2,151.405,1.03564,193.819,2105.97,15,35,5,20,0.351111,68570.3,182.415,126.411,1.13688,113.934,124.209,105.296,89.3226,49.91436032,60.16514286,13.40295832,14.76133333,77.29791182,94.218,0.763516587,4.356827058,0.768595041
0485_TME10-3_30x_Str_04A_xyz-6420-6955-446,TME10-3,D1,Female,CPi,CPi_vl,77.2094,73.8106,5,75.52,40847.3,135.65,1.03837,199.65,1730.79,17,38,4,21,0.29972,53410.9,167.379,108.59,1.37239,119.67,120.165,110.769,108.695,37.28631458,45.54263158,25.62119695,27.37823529,46.72950504,60.24714286,0.696468698,3.191606278,0.918714556
0486_TME10-3_30x_Str_04A_xyz-6540-5856-208,TME10-3,D2,Female,CPi,CPi_vm,64.3164,78.6442,5,158.08,77004.1,147.235,1.03011,236.688,2947.5,22,48,4,26,0.286501,99906.6,198.94,181.294,1.30674,132.182,123.176,93.1729,93.3196,52.44956701,61.40166667,20.60398286,22.09954545,79.39583051,94.65730769,0.72353675,3.586793506,0.867346939
0487_TME10-3_30x_Str_04A_xyz-6559-18173-243,TME10-3,D1,Female,CPi,CPi_dl,63.3639,58.728,5,132.45,106178,163.744,1.02836,241.56,3263.27,24,52,4,28,0.413194,129771,197.826,184.22,1.27672,125.419,129.217,84.8552,79.6522,54.23601217,62.75057692,18.60830995,19.74541667,84.77404265,99.61214286,0.778244374,4.719156122,0.865555556
0488_TME10-3_30x_Str_04A_xyz-6565-9989-231,TME10-3,D2,Female,CPi,CPi_vl,78.2604,77.8397,7,147.36,87712.3,118.4,1.0349,168.069,3462.63,31,67,5,36,0.438351,116568,156.921,162.22,1.23741,113.889,119.128,92.9574,81.873,43.21498679,51.67626866,17.21324936,18.73290323,65.6053718,80.04416667,0.684835866,3.044672627,0.878808864
0490_TME10-3_30x_Str_04A_xyz-6610-8929-214,TME10-3,D1,Female,CPi,CPi_vl,74.6422,59.767,4,141.4,84452.9,142.879,1.03603,210.606,3427.16,22,53,9,31,0.401515,104158,172.144,197.494,1.18218,111.426,131.077,85.8663,76.0772,52.1510569,64.65886792,18.88244903,20.15818182,75.76103668,96.24,0.738373394,3.842115263,0.865932048
0491_TME10-3_30x_Str_04A_xyz-6753-16696-356,TME10-3,D1,Female,CPi,CPi_dl,66.8327,71.9837,5,143.79,138643,140.226,1.03119,222.76,4182.82,34,73,5,39,0.37528,172167,182.731,174.382,1.21058,128.922,126.216,85.1558,87.7139,49.29256465,57.29369863,18.7053409,19.98676471,75.95834945,89.81769231,0.758352061,4.241365041,0.919095776
0492_TME10-3_30x_Str_04A_xyz-6798-13332-343,TME10-3,D2,Female,CPi,CPi_vl,68.7098,67.9348,5,156.02,102669,145.099,1.0305,204.131,3485.51,26,58,6,32,0.374359,128530,179.165,171.54,1.23287,126.592,126.256,95.3938,93.8704,50.3881021,60.09017241,20.32483691,22.24269231,74.81450507,90.84125,0.729440127,3.684665747,0.9316609
0495_TME10-3_30x_Str_04A_xyz-6997-15690-291,TME10-3,D1,Female,CPi,CPi_dl,80.6099,77.7397,5,153.86,132417,139.785,1.03081,220.14,4207.15,36,77,5,41,0.385516,167020,184.298,159.024,1.26082,116.905,121.915,94.2408,96.4134,46.14542291,54.63324675,17.66291163,18.44472222,71.15445721,86.40853659,0.737243857,3.821550447,0.783126014
0496_TME10-3_30x_Str_04A_xyz-7123-11762-127,TME10-3,D2,Female,CPi,CPi_vl,88.6414,75.8823,5,122.94,85814.4,156.918,1.03035,232.15,2751.01,21,48,6,27,0.404762,107273,188.337,146.68,1.29563,106.896,124.182,97.5573,92.0301,48.53959253,57.3075,22.1690264,24.26952381,69.05003286,83.0037037,0.724856481,3.60826954,0.913198573
0498_TME10-3_30x_Str_04A_xyz-7396-16296-128,TME10-3,D1,Female,CPi,CPi_dl,56.7833,69.0713,6,93.83,71654.8,142.9,1.02849,202.562,2326.97,20,44,4,24,0.485317,87006.6,173.955,144.873,1.22233,128.499,123.394,90.8453,85.2675,45.98130963,52.88022727,16.54491605,17.6325,70.51163762,82.25333333,0.7950102,5.202831549,0.794378698
0499_TME10-3_30x_Str_04A_xyz-7480-11354-313,TME10-3,D1,Female,CPi,CPi_vm,63.7631,73.0599,5,145.68,99362.5,130.749,1.03811,200.08,3660.55,29,64,6,35,0.407106,123658,160.968,156.278,1.19803,127.571,126.628,88.465,92.3022,46.93959238,57.19078125,14.5357306,15.10448276,73.78850643,92.06228571,0.706880295,3.334069882,0.840029218
0500_TME10-3_30x_Str_04A_xyz-7505-13129-336,TME10-3,D1,Female,CPi,CPi_vm,71.7878,78.7633,4,124.6,101518,160.949,1.03329,203.662,3590.29,22,51,7,29,0.280303,128427,178.532,189.549,1.14175,121.678,116.667,98.3244,97.1355,57.76605776,70.39215686,16.78227626,17.57272727,88.85720235,110.462069,0.727875638,3.658269439,0.920915713
0504_TME10-3_30x_Str_04A_xyz-7753-9561-221,TME10-3,D1,Female,CPi,CPi_vm,80.8104,69.8588,4,154.06,89274.9,171.196,1.02419,222.931,2833.72,16,39,7,23,0.4375,106144,199.699,221.027,1.14626,113.5,129.184,71.4293,75.0355,64.15308677,72.65461538,16.62782468,17.5325,97.21413866,111.0004348,0.828403873,6.485922978,0.8624
0506_TME10-3_30x_Str_04A_xyz-7786-14099-154,TME10-3,D1,Female,CPi,CPi_vm,66.5369,66.9967,5,160.78,118945,150.375,1.03146,205.309,3817.99,28,62,6,34,0.5,146515,177.072,201.072,1.15198,127.527,127,75.8958,91.6931,52.0392648,61.57564516,15.2590163,16.36857143,82.32888122,98.805,0.753153641,4.130558858,0.898919753
0507_TME10-3_30x_Str_04A_xyz-7884-12018-270,TME10-3,D2,Female,CPi,CPi_vm,69.105,82.0199,6,165.82,97675.6,133.227,1.0282,180.731,3660.34,32,69,5,37,0.417174,125916,173.735,176.947,1.32041,122.904,120.429,90.8682,87.3667,44.95439765,53.04362319,16.41032707,17.46875,69.6411614,83.81108108,0.708635486,3.359196413,0.833662064
0508_TME10-3_30x_Str_04A_xyz-7935-15108-156,TME10-3,D1,Female,CPi,CPi_dm,49.3801,58.1769,6,146.5,93231.6,176.627,1.02461,233.449,4090.1,34,73,5,39,0.371429,113024,203.415,193.39,1.29602,139.736,133.225,87.4305,90.3244,49.46524194,56.0239726,19.66883018,20.93529412,75.4416009,86.61410256,0.771845135,4.55532367,0.810826889
0510_TME10-3_30x_Str_04A_xyz-7993-8929-346,TME10-3,D1,Female,CPi,CPi_vm,76.9539,75.7161,4,153.31,88130.2,172.587,1.03672,259.703,3348.51,21,49,7,28,0.374603,110874,215.409,179.748,1.14531,116.602,123.232,79.1527,79.2241,56.11859086,68.33183673,16.11848767,16.82285714,86.11866826,106.9635714,0.724342399,3.599876772,0.841111111
0511_TME10-3_30x_Str_04A_xyz-8028-13329-450,TME10-3,D1,Female,CPi,CPi_vm,69.3626,66.6727,5,84.72,59842.6,149.678,1.0285,193.675,2224.15,19,45,7,26,0.259649,73146.3,179.984,167.138,1.17055,125.523,117.695,94.4495,97.6888,41.72940412,49.42066667,16.79076982,17.62789474,59.95379073,72.65384615,0.76380412,4.363420588,0.906887755
0512_TME10-3_30x_Str_04A_xyz-8050-18729-99,TME10-3,D2,Female,CPi,CPi_dm,62.2269,75.0524,8,107.4,78262.2,144.694,1.03378,217.139,2888.1,27,60,6,33,0.392122,98483.1,177.059,127.868,1.32477,124.479,118.77,93.6195,90.5069,41.07434958,48.13,13.76972008,15.29518519,63.41450099,74.99484848,0.75456708,4.1601704,0.81877551
0513_TME10-3_30x_Str_04A_xyz-8052-13115-193,TME10-3,D1,Female,CPi,CPi_vm,64.089,71.3161,4,177.41,107981,170.933,1.02819,195.252,3584.25,26,58,6,32,0.491667,134284,241.903,149.291,1.19903,128.766,123.301,75.2183,84.7252,52.21975131,61.79241379,17.15065959,18.12576923,80.71338834,97.2715625,0.748568729,4.037048146,0.809688581
0514_TME10-3_30x_Str_04A_xyz-8066-13115-408,TME10-3,D2,Female,CPi,CPi_vm,65.9452,71.9608,5,118.88,78496.3,133.41,1.03155,209.95,3019.47,25,55,5,30,0.38781,101901,157.213,142.8,1.19659,130.893,122.128,95.4528,82.2975,44.02767105,54.894,13.92317697,14.5092,69.11474946,88.548,0.674835513,2.927584024,0.924804688
0515_TME10-3_30x_Str_04A_xyz-8092-15596-363,TME10-3,D2,Female,CPi,CPi_dl,57.8837,77.133,4,92.33,31713.2,112.201,1.03528,188.681,1381.82,12,27,3,15,0.266667,41164,141.027,108.97,1.1823,127.208,115.953,93.4112,97.1574,42.08998764,51.1737037,12.29419579,12.98916667,65.92662113,81.72133333,0.704807409,3.304820459,0.930795848
0516_TME10-3_30x_Str_04A_xyz-8099-7985-202,TME10-3,D2,Female,CPi,CPi_vm,85.6927,75.7134,8,155.86,132829,147.456,1.03261,223.64,5035.8,44,95,7,51,0.482765,174672,212.445,178.829,1.2902,108.23,120.594,89.0581,93.1769,44.60523869,53.00389474,14.93552706,15.86204545,70.20263696,85.04784314,0.702026737,3.266289447,0.780348879
0520_TME10-3_30x_Str_04A_xyz-8225-10099-108,TME10-3,D1,Female,CPi,CPi_vm,74.974,78.2548,5,109.16,64453.5,127.111,1.02971,182.574,2651.75,23,52,6,29,0.449275,82561.1,168.581,173.089,1.21772,119.94,121.776,95.0538,95.0337,42.58386382,50.99038462,15.83164093,16.81304348,63.80114405,78.09655172,0.735638722,3.792661979,0.85119667
0521_TME10-3_30x_Str_04A_xyz-8291-11291-336,TME10-3,D1,Female,CPi,CPi_vm,58.7089,69.3632,4,125.06,94875,187.734,1.03073,213.949,3351.33,22,51,7,29,0.318182,116023,218.149,150.123,1.16568,135.326,127.658,82.7568,83.1426,54.39486983,65.70705882,17.72396617,18.74,82.21417606,101.3372414,0.734298441,3.768836791,0.845993757
0522_TME10-3_30x_Str_04A_xyz-8443-15502-327,TME10-3,D2,Female,CPi,CPi_dm,75.9952,79.7073,5,95.74,71501.4,137.791,1.03051,219.551,3729.12,30,67,7,37,0.29291,91249.6,180.06,153.688,1.26551,121.755,115.595,97.6167,89.1039,46.9571562,55.65298507,17.13439568,18.26966667,71.13777283,85.96378378,0.731129585,3.713553317,0.767258383
0523_TME10-3_30x_Str_04A_xyz-8465-6824-116,TME10-3,D1,Female,CPi,CPi_vm,85.6354,55.0646,5,90.37,67457.5,208.327,1.0209,322.891,1971.94,14,32,4,18,0.387755,78594.2,235.448,157.998,1.17189,101.386,133.479,79.0874,90.2225,54.83322389,61.6184375,17.57881381,18.52785714,83.80887618,95.13333333,0.834395697,6.777877659,0.92
0524_TME10-3_30x_Str_04A_xyz-8503-17632-244,TME10-3,D1,Female,CPi,CPi_dm,70.662,76.7795,5,128.74,90473.6,141.853,1.03505,191.02,3085.01,27,59,5,32,0.41358,115406,174.259,159.3,1.31365,125.145,117.682,92.5536,99.8512,43.46911189,52.28338983,25.29281501,27.11407407,58.80536238,73.52,0.718064434,3.500115222,0.852941176
0525_TME10-3_30x_Str_04A_xyz-8509-18455-182,TME10-3,D2,Female,CPi,CPi_dm,62.9969,80.0255,4,60.97,43830.9,148.881,1.05431,238.04,1808.05,13,30,4,17,0.45641,58722.8,191.915,113.939,1.2177,126.234,119.5,107.086,92.5604,44.29626344,60.26333333,19.59651181,21.03384615,63.18430879,90.26235294,0.671079749,2.885628576,0.692520776
0526_TME10-3_30x_Str_04A_xyz-8521-8865-313,TME10-3,D1,Female,CPi,CPi_vm,68.2047,68.818,4,179.01,90270.4,178.535,1.03658,227.05,3347.96,21,49,7,28,0.349206,109441,202.044,179.705,1.15989,128.699,127.701,87.191,85.941,56.50286372,68.32061224,22.08271324,23.02952381,82.31797657,102.2889286,0.757424625,4.221209189,0.841111111
0528_TME10-3_30x_Str_04A_xyz-8609-7954-433,TME10-3,D2,Female,CPi,CPi_vm,70.5726,84.4863,4,107.61,60699.7,155.447,1.03082,223.791,2619.21,20,45,5,25,0.316667,80285.7,203.399,171.979,1.17635,125.89,114.798,77.613,90.2936,48.13854321,58.2,13.24392686,14.492,76.0542363,93.1664,0.719063018,3.515653376,0.777777778
0529_TME10-3_30x_Str_04A_xyz-8663-6238-191,TME10-3,D2,Female,CPi,CPi_vm,76.272,56.8596,5,140.66,122068,210.55,1.02026,279.01,3229.06,21,48,6,27,0.210317,141831,228.051,198.569,1.2768,114.383,139.359,76.0038,84.145,60.81939394,67.26708333,30.63319715,32.88761905,84.297547,94.00666667,0.837224434,6.924074733,0.895362663
0531_TME10-3_30x_Str_04A_xyz-8676-6461-271,TME10-3,D2,Female,CPi,CPi_vm,73.4829,62.7448,5,156.47,63455.5,165.018,1.01971,224.311,2247.93,17,38,4,21,0.358824,75638.6,182.919,176.824,1.17849,121.387,131.742,113.231,104.166,53.40069134,59.15105263,15.21996483,15.9,84.30889851,94.16380952,0.81272806,5.820012995,0.814744802
0532_TME10-3_30x_Str_04A_xyz-8690-10202-411,TME10-3,D1,Female,CPi,CPi_vm,56.0126,53.3822,3,131.26,38946.2,138.475,1.0379,204.89,2595.12,16,40,8,24,0.1875,45902.2,161.136,162.05,1.13475,137.275,134.332,76.9707,78.756,54.81601222,64.87175,18.35718877,19.036875,79.12189453,95.42833333,0.795402001,5.21519458,0.893491124
0534_TME10-3_30x_Str_04A_xyz-8786-9670-117,TME10-3,D2,Female,CPi,CPi_vm,75.4313,73.1584,6,109.55,60283.3,131.725,1.02141,182.87,2211.45,25,54,4,29,0.527333,76765.9,156.458,152.72,1.33649,118.343,124.387,105.602,96.6811,36.63462367,40.94814815,15.0610832,15.8996,55.23250338,62.54172414,0.730598296,3.704425645,0.869927159
0535_TME10-3_30x_Str_04A_xyz-8791-9753-262,TME10-3,D2,Female,CPi,CPi_vm,70.9216,69.0306,4,136.95,80342.5,149.488,1.02762,193.685,2772.39,18,42,6,24,0.332011,99130.2,180.048,166.809,1.17722,125.244,125.224,81.0829,73.3511,56.48101505,66.005,19.0229171,20.63222222,84.57458851,100.0345833,0.766376571,4.423214759,0.877218935
0539_TME10-3_30x_Str_04A_xyz-8919-7480-95,TME10-3,D2,Female,CPi,CPi_vm,74.4868,70.5595,6,73.64,38772.4,115.517,1.02651,161.781,1699.4,19,42,4,23,0.346491,47464.2,135.348,124.521,1.31555,120.429,124.877,79.3505,87.27,35.82805868,40.45690476,17.08972255,18.01736842,51.30755374,58.99391304,0.776733364,4.679527634,0.8896
0541_TME10-3_30x_Str_04A_xyz-9062-10251-343,TME10-3,D2,Female,CPi,CPi_vm,76.8031,72.7621,3,166.88,69070.8,164.385,1.03592,238.146,2445.08,17,39,5,22,0.2,88438.1,194.943,192.885,1.18661,120.654,124.772,93.7488,102.303,51.25332814,62.68948718,18.42100488,19.64882353,76.62375975,95.94818182,0.69966096,3.234127482,0.723958333
0543_TME10-3_30x_Str_04A_xyz-9104-8488-387,TME10-3,D2,Female,CPi,CPi_vm,70.5775,84.9347,4,120.39,60798.2,141.684,1.03069,209.66,2467.9,21,46,4,25,0.373016,77864.8,190.162,141.637,1.20682,123.652,116.484,91.8213,89.9813,46.21736813,53.64521739,15.38357364,16.47761905,72.1177555,84.866,0.714205808,3.441202749,0.836762689
0544_TME10-3_30x_Str_04A_xyz-9131-19708-282,TME10-3,D2,Female,CPi,CPi_dm,61.993,66.0617,5,125.92,86321.3,147.283,1.02837,229.55,3279.17,29,63,5,34,0.363437,110846,176.96,140.19,1.23906,127.148,122.921,90.7304,88.0827,45.27105987,52.0447619,14.94246389,15.74413793,71.1395682,83.00705882,0.774215437,4.614802253,0.757716049
0549_TME10-3_30x_Str_04A_xyz-9303-14527-178,TME10-3,D1,Female,CPi,CPi_dm,61.0414,69.8391,6,184.47,122030,152.875,1.03475,221.91,4246.03,28,64,8,36,0.340476,152426,194.375,193.252,1.21207,129.269,129.178,113.169,111.191,55.36659782,66.33953125,17.37759402,18.70642857,84.91360077,103.3875,0.746145432,3.989138404,0.835872576
0550_TME10-3_30x_Str_04A_xyz-9353-9973-170,TME10-3,D1,Female,CPi,CPi_vm,78.4029,69.7113,4,161.44,108211,168.499,1.02816,242.351,3424.91,23,52,6,29,0.326087,132184,203.074,200.7,1.15854,116.686,127.172,84.7086,95.8352,57.61090387,65.85865385,18.24232825,19.16913043,88.83425695,102.8882759,0.794711474,5.193440811,0.849115505
0551_TME10-3_30x_Str_04A_xyz-9406-12891-306,TME10-3,D2,Female,CPi,CPi_vm,75.9481,70.6226,5,146.28,90613.1,154.309,1.02637,208.392,3115.58,26,56,4,30,0.377564,121905,231.371,150.641,1.22435,113.141,122.15,97.2857,100.08,46.92038253,55.63017857,15.07229056,16.74038462,74.52206223,89.33466667,0.708385424,3.355596201,0.8359375
0552_TME10-3_30x_Str_04A_xyz-9426-9515-82,TME10-3,D1,Female,CPi,CPi_vm,88.4792,72.5594,4,73.59,49185.9,160.105,1.03051,230.301,2021.26,19,44,6,25,0.526316,58562.6,183.709,142.132,1.18765,105.746,120.424,89.1831,94.2964,38.77642029,45.93318182,14.38838638,15.18526316,57.31132607,69.3016,0.772236607,4.56505198,0.899862826
0555_TME10-3_30x_Str_04A_xyz-9482-8882-209,TME10-3,D2,Female,CPi,CPi_vm,79.6046,75.0824,5,138.92,73637.8,158.042,1.02945,239.301,2364.09,14,33,5,19,0.190476,89545.1,189.241,184.757,1.17963,118.436,127.652,74.0466,75.4582,61.72550253,71.63515152,18.85777072,19.93214286,93.31225228,109.7321053,0.760358821,4.285572149,0.879818594
0556_TME10-3_30x_Str_04A_xyz-9512-14567-367,TME10-3,D1,Female,CPi,CPi_dm,72.4987,65.345,5,154.93,113653,154.18,1.0307,227.27,3648.04,28,61,5,33,0.446429,141094,197.382,187.05,1.1784,122.218,127.684,85.2199,71.7705,50.89274065,59.79885246,16.76586836,17.82464286,79.84887472,95.41333333,0.742707273,3.922882272,0.79755102
0557_TME10-3_30x_Str_04A_xyz-9531-6771-243,TME10-3,D1,Female,CPi,CPi_vm,59.5662,56.3271,4,156.29,97813.9,227.733,1.02056,347.781,2068.63,9,22,4,13,0.444444,113208,280.008,246.59,1.12846,125.488,134.108,63.3731,61.6477,82.78815605,94.02318182,27.91995117,29.45,120.7738364,138.7276923,0.847307711,7.494724508,0.875555556
0558_TME10-3_30x_Str_04A_xyz-9633-9017-402,TME10-3,D2,Female,CPi,CPi_vm,86.7624,74.7812,3,126.38,55910.2,143.933,1.03774,211.8,2013.77,15,35,5,20,0.211111,69333,186.167,115.04,1.21681,103.407,117.672,85.7938,81.7742,48.62577749,57.53,23.27478528,25.25666667,67.63902165,81.735,0.729879406,3.692138312,0.892561983
0559_TME10-3_30x_Str_04A_xyz-9673-10843-383,TME10-3,D1,Female,CPi,CPi_vm,81.8377,73.3158,3,135.54,67153.6,139.36,1.0389,209.78,2484.65,14,36,8,22,0.321429,81415.5,173.37,184.321,1.10438,108.912,123.116,77.4337,80.3719,57.61423069,69.01333333,18.74091289,20.18357143,82.35179657,100.0868182,0.781629555,4.810158272,0.901041667
0560_TME10-3_30x_Str_04A_xyz-9682-10010-280,TME10-3,D1,Female,CPi,CPi_vm,66.5039,60.1862,5,136.01,100182,171.543,1.02847,259.081,3111.95,23,50,4,27,0.34058,120249,205.2,213.42,1.17637,131.507,132.49,77.1823,84.0193,53.61300636,62.2342,18.75213004,19.9726087,83.3093084,98.23481481,0.782877217,4.844496719,0.834720571
0561_TME10-3_30x_Str_04A_xyz-9786-12107-450,TME10-3,D1,Female,CPi,CPi_vm,88.2987,75.3234,7,97.08,77004.8,132.401,1.02999,208.371,2903.86,33,70,4,37,0.374026,106195,189.534,138.966,1.35768,106.914,119.308,94.5807,95.5892,34.75043685,41.47871429,15.98171121,17.18757576,51.49011107,63.14378378,0.706035239,3.32209068,0.743589744
0563_TME10-3_30x_Str_04A_xyz-10029-12808-97,TME10-3,D2,Female,CPi,CPi_vm,88.1622,66.849,5,90.91,78853.6,138.541,1.02571,211.909,2768.67,28,61,5,33,0.396429,99108.7,163.62,162.157,1.25084,102.645,119.436,90.9803,86.1417,40.0267876,45.38360656,15.40902962,16.47964286,60.91458224,69.90818182,0.767946866,4.460440663,0.768163265
0564_TME10-3_30x_Str_04A_xyz-10162-10364-403,TME10-3,D2,Female,CPi,CPi_vm,76.0943,68.2412,4,127.43,63250.6,139.314,1.02663,168.288,2540.34,18,43,7,25,0.362963,76876.5,165.607,184.598,1.19432,115.319,124.217,77.7541,76.1226,51.12684912,59.07302326,20.55999337,21.62055556,73.13498526,86.0388,0.777282299,4.693855006,0.88340192
0565_TME10-3_30x_Str_04A_xyz-10178-11115-156,TME10-3,D2,Female,CPi,CPi_vm,86.2684,86.9222,5,130.92,94248.8,188.027,1.03404,242.361,2950.05,15,35,5,20,0.542857,126842,242.109,210.98,1.12818,107.824,111.365,84.946,71.1157,68.30932993,84.28228571,16.89610487,17.908,106.8692487,134.063,0.710685908,3.388976575,0.834710744
0566_TME10-3_30x_Str_04A_xyz-10257-11197-462,TME10-3,D1,Female,CPi,CPi_vm,98.8059,72.8561,4,98.59,40159,160.434,1.0333,176.987,1362.03,10,24,4,14,0.433333,48469.7,189.311,125.527,1.20532,94.6177,119.013,97.9746,112.203,47.65713726,56.74666667,20.9691849,22.008,66.71996038,81.56,0.759781661,4.272773659,0.890625
0567_TME10-3_30x_Str_04A_xyz-10272-19566-411,TME10-3,D2,Female,CPi,CPi_dm,60.1258,65.0002,6,85.4,52936.8,172.854,1.02048,265.8,2878.33,27,58,4,31,0.402374,62381.1,190.368,168.48,1.33936,133.053,129.182,86.1844,84.2753,44.03500417,49.62172414,15.08539387,15.55518519,69.24918088,79.29258065,0.797573858,5.284694816,0.900826446
0568_TME10-3_30x_Str_04A_xyz-10303-9902-387,TME10-3,D2,Female,CPi,CPi_vm,65.9626,70.0893,5,140.55,89251.8,161.381,1.02508,224.64,3070.95,24,53,5,29,0.383796,111304,187.622,181.15,1.22083,127.126,121.866,75.4733,85.4543,50.23293692,57.93735849,17.22912154,18.15791667,77.54643931,90.85827586,0.770708911,4.527297266,0.921956296
0569_TME10-3_30x_Str_04A_xyz-10410-13828-261,TME10-3,D1,Female,CPi,CPi_dm,70.7544,61.3515,7,122.78,100074,141.899,1.02936,219.02,3351.8,31,68,6,37,0.45023,122057,181.285,159.188,1.24932,126.013,132.309,82.8211,81.8594,42.79994194,49.28602941,16.11375627,17.05354839,65.15863805,76.29162162,0.770034711,4.510812966,0.665351742
0571_TME10-3_30x_Str_04A_xyz-10592-16781-315,TME10-3,D2,Female,CPi,CPi_dm,68.5021,70.1694,5,106.97,86124.1,142.503,1.03262,200.051,3075.73,23,52,6,29,0.466874,112827,192.615,157.029,1.24537,119.586,119.201,77.4795,86.9703,49.50425716,59.14269231,14.74076258,15.91478261,77.07530458,93.42689655,0.72191406,3.560696812,0.801248699
0572_TME10-3_30x_Str_04A_xyz-10594-12883-247,TME10-3,D1,Female,CPi,CPi_dm,77.9412,71.3671,5,145.13,127976,156.349,1.02575,209.175,3989.76,30,67,7,37,0.259231,160317,194.069,205.784,1.24895,117.771,123.341,94.0807,96.3516,51.66387274,59.5441791,20.69724731,22.20733333,76.77194741,89.8172973,0.765537037,4.403540078,0.815253123
0573_TME10-3_30x_Str_04A_xyz-10594-19254-412,TME10-3,D1,Female,CPi,CPi_dm,83.3758,66.7515,5,104.57,71945.9,128.728,1.02524,184.121,2902.24,28,63,7,35,0.335714,88941.7,149.021,128.118,1.25168,112.078,127.081,105.314,106.214,40.41493499,46.06238095,16.35587576,17.25142857,59.66218237,69.11114286,0.756230984,4.195518787,0.889700511
0574_TME10-3_30x_Str_04A_xyz-10632-7788-378,TME10-3,D2,Female,CPi,CPi_vm,71.7446,78.1559,5,91.31,37092,140.72,1.02975,203.618,1490.76,14,32,4,18,0.447279,46026.3,158.977,122.123,1.26833,125.421,120.496,95.1912,73.3197,39.60455766,46.58125,19.78403881,20.89214286,55.02051676,66.56166667,0.729685017,3.688828235,0.8075
0575_TME10-3_30x_Str_04A_xyz-10679-14098-111,TME10-3,D1,Female,CPi,CPi_dm,73.9132,75.7103,7,139.53,66493,141.672,1.03204,190.301,2390.62,23,50,4,27,0.510145,82341.5,171.77,151.418,1.25759,118.686,121.433,73.985,85.7979,40.71496973,47.808,14.01161051,14.65695652,63.46227573,76.04777778,0.742818743,3.92499954,0.897740785
0576_TME10-3_30x_Str_04A_xyz-10695-8479-309,TME10-3,D2,Female,CPi,CPi_vm,78.0006,77.7351,5,99.85,53459.5,152.792,1.03184,243.69,1881.06,14,31,3,17,0.435374,71245.9,210.726,158.983,1.23338,117.942,116.315,100.172,83.9154,49.74151472,60.67516129,22.77938189,24.36714286,71.9456241,90.57588235,0.695650289,3.180863476,0.825484765
0577_TME10-3_30x_Str_04A_xyz-10705-11222-223,TME10-3,D1,Female,CPi,CPi_vm,74.1166,61.9128,4,188.87,134681,182.699,1.02269,265.46,3791.14,26,58,6,32,0.355128,159971,227.797,199.879,1.23118,127.219,131.213,85.0542,84.7408,57.77491988,65.35931034,25.84149568,27.38384615,83.72082703,96.214375,0.793870499,5.167166866,0.855536332
0578_TME10-3_30x_Str_04A_xyz-10714-11520-376,TME10-3,D1,Female,CPi,CPi_vm,74.2588,66.5791,4,159.25,103597,154.287,1.02958,219.06,3416.24,23,51,5,28,0.381643,127453,203.223,224.319,1.19892,117.603,131.975,92.3549,97.6764,56.3793462,66.98039216,19.53265853,20.60956522,86.64626822,105.0707143,0.736247585,3.80357408,0.92
0579_TME10-3_30x_Str_04A_xyz-10714-13971-417,TME10-3,D1,Female,CPi,CPi_dm,78.7686,69.6366,5,137.16,105156,165.535,1.03188,211.151,3552.61,29,63,5,34,0.417241,132439,209.73,174.539,1.22596,115.815,122.196,78.1694,75.1339,46.90914098,56.38603175,14.62612895,15.37241379,74.44465123,91.36823529,0.704755402,3.304092451,0.779320988
0581_TME10-3_30x_Str_04A_xyz-10733-8607-380,TME10-3,D1,Female,CPi,CPi_vm,82.3077,73.7648,5,141.54,71805.1,168.935,1.02395,259.39,2310.7,17,38,4,21,0.393137,88406.6,204.737,142.61,1.20616,115.464,117.005,87.8416,87.6265,54.18049681,60.80368421,22.06267696,22.86117647,80.18063669,91.51904762,0.804206851,5.507631568,0.916824197
0583_TME10-3_30x_Str_04A_xyz-10842-9619-163,TME10-3,D1,Female,CPi,CPi_vm,62.4107,63.8416,6,112.14,98824.2,212.01,1.0286,273.471,2818.21,21,46,4,25,0.506349,119460,239.31,209.087,1.2738,130.818,123.024,88.8222,90.5931,53.23330183,61.26043478,30.41340014,32.42285714,72.40201924,85.484,0.760929942,4.298304408,0.832647462
0584_TME10-3_30x_Str_04A_xyz-10850-12786-144,TME10-3,D1,Female,CPi,CPi_dm,66.1223,60.5174,5,98.76,78097,184.288,1.02291,246.161,2507.3,23,50,4,27,0.453623,95227.7,224.982,220.28,1.30197,124.741,131.012,75.7228,78.5593,44.0548948,50.1408,21.1894123,22.3973913,63.5328984,73.77407407,0.786739178,4.953628937,0.745541023
0585_TME10-3_30x_Str_04A_xyz-10907-13356-135,TME10-3,D2,Female,CPi,CPi_dm,76.3807,63.9663,7,81.02,66095.8,162.463,1.02864,244.26,2467.93,24,52,4,28,0.50463,82060.5,187.757,118.57,1.22773,118.953,126.244,76.4767,78.3109,40.17992782,47.455,13.99034953,14.48958333,62.62813778,75.71107143,0.73852401,3.844872343,0.84
0586_TME10-3_30x_Str_04A_xyz-10909-19042-143,TME10-3,D1,Female,CPi,CPi_dm,73.0503,63.7885,3,109.68,42625,122.663,1.03245,196.25,1408.84,12,28,4,16,0.361111,51939.4,156.635,119.362,1.22511,118.757,121.554,63.4892,45.7545,42.55944442,50.31035714,21.48708822,22.53,58.36371157,71.145625,0.741155356,3.893615262,0.901234568
0587_TME10-3_30x_Str_04A_xyz-10916-10750-272,TME10-3,D1,Female,CPi,CPi_vm,77.703,77.3011,3,175.81,59103.1,153.599,1.02508,230.709,2159.47,13,32,6,19,0.333333,71634.4,178.81,144.057,1.1383,118.88,119.629,89.6673,89.7227,59.13878605,67.4784375,20.81457174,21.99230769,85.3606169,98.60052632,0.798793636,5.324462629,0.882086168
0591_TME10-3_30x_Str_04A_xyz-11103-8259-373,TME10-3,D2,Female,CPi,CPi_vm,73.838,69.2358,4,98.34,35284.9,138.927,1.02052,197.929,1354.49,14,30,2,16,0.234127,43571.6,183.827,142.11,1.43384,127.722,127.34,97.3601,85.4546,40.26909626,45.144,27.10200581,29.00785714,51.79030041,59.263125,0.746999959,4.005916438,0.851851852
0593_TME10-3_30x_Str_04A_xyz-11119-16990-184,TME10-3,D2,Female,CPi,CPi_dm,69.3322,73.3734,4,121.21,76196,130.281,1.03725,175.904,3007.53,22,50,6,28,0.3,96579.1,160.491,155.24,1.14207,122.38,123.992,78.3611,89.6984,49.17335678,60.1462,13.00683642,13.54181818,77.58990849,96.76392857,0.729195883,3.680522546,0.901111111
0594_TME10-3_30x_Str_04A_xyz-11210-14068-112,TME10-3,D1,Female,CPi,CPi_dm,83.5582,82.5246,4,122.44,48132.1,141.217,1.02327,169.628,2032.88,23,49,3,26,0.314493,61532,172.675,150.909,1.34492,114.47,123.813,93.8539,84.7074,37.21506213,41.48265306,16.57859215,17.37434783,55.47040097,62.80923077,0.727605985,3.653753768,0.845663265
0595_TME10-3_30x_Str_04A_xyz-11232-15569-447,TME10-3,D2,Female,CPi,CPi_dm,85.5019,74.2036,5,128.86,81798.8,151.086,1.02751,230.73,3005.04,27,62,8,35,0.303704,99646.9,171.642,146.918,1.29922,105.283,123.739,88.5643,92.4523,42.03049546,48.4633871,22.62964611,24.55148148,56.99686495,66.90971429,0.768506314,4.473838982,0.830533236
0597_TME10-3_30x_Str_04A_xyz-11322-20122-248,TME10-3,D1,Female,CPi,CPi_dm,74.8352,71.5082,4,111.4,66729.7,160.781,1.02623,217.97,2352.23,17,39,5,22,0.588235,80967.9,183.151,132.821,1.19727,120.152,121.859,79.7327,83.2401,52.56914799,60.30820513,16.34602108,18.25235294,80.55974606,92.80590909,0.788974609,5.018835586,0.859375
0598_TME10-3_30x_Str_04A_xyz-11482-11827-289,TME10-3,D2,Female,CPi,CPi_vm,67.0224,69.7725,6,127.61,63531.2,139.202,1.02442,184.866,2360.25,23,49,3,26,0.493017,83469.8,177.964,173.349,1.27358,134.741,124.766,93.5394,90.6657,40.97349059,48.16346939,17.8336132,18.67304348,61.44338213,74.25115385,0.687339949,3.075284387,0.761479592
0599_TME10-3_30x_Str_04A_xyz-11507-9601-189,TME10-3,D1,Female,CPi,CPi_vm,66.0727,58.1504,4,65.21,62280.6,152.723,1.02625,181.939,2034.22,18,41,5,23,0.440476,74379.1,183.934,132.649,1.38828,123.384,129.029,96.8207,101.929,43.79735423,49.61097561,26.86677191,29.07611111,57.04737519,65.68173913,0.770446164,4.520860235,0.7472
0600_TME10-3_30x_Str_04A_xyz-11534-19419-151,TME10-3,D2,Female,CPi,CPi_dm,77.5413,65.0139,3,78.72,49564.4,107.832,1.03389,187.71,1977.3,16,39,7,23,0.333333,59645.6,135.732,125.479,1.15099,110.086,124.543,106.465,103.15,41.99725099,50.69410256,16.65803364,17.3675,59.62453262,73.87782609,0.746304913,3.992260178,0.928
0602_TME10-3_30x_Str_04A_xyz-11571-14728-238,TME10-3,D2,Female,CPi,CPi_dm,82.8199,72.4527,6,108.52,74288.1,146.363,1.02433,216.31,2746.6,25,54,4,29,0.401143,91166,184.608,179.891,1.27858,115.771,127.236,106.025,94.4455,44.82780845,50.85814815,19.09632097,20.3316,67.01012524,77.17413793,0.758105611,4.235992199,0.826222685
0603_TME10-3_30x_Str_04A_xyz-11643-19050-440,TME10-3,D1,Female,CPi,CPi_dm,62.5783,71.3514,5,67.98,29413,124.78,1.03371,158.871,1236.66,14,31,3,17,0.547619,35589.8,145.346,105.51,1.20548,133.199,122.284,89.5954,88.2769,34.18845895,39.88677419,14.65596205,15.53642857,50.27404462,59.94,0.749427952,4.054282801,0.891966759
0604_TME10-3_30x_Str_04B_xyz-11674-18011-332,TME10-3,D2,Female,CPi,CPi_vm,77.8665,73.7872,5,114.67,73830.4,137.541,1.026,205.23,2902.73,29,62,4,33,0.50106,93610.7,162.517,152.59,1.22129,118.165,124.54,107.559,102.424,40.84048232,46.81354839,11.86454248,12.30862069,66.30418703,77.13606061,0.759882859,4.275012778,0.840816327
0605_TME10-3_30x_Str_04A_xyz-11765-11127-401,TME10-3,D2,Female,CPi,CPi_vm,71.1202,67.595,6,75.48,63933.2,140.366,1.02914,199.64,2268.98,20,44,4,24,0.37,83554.2,188.399,177.101,1.30794,123.257,121.167,97.5608,88.7175,44.34641249,51.56272727,19.1696437,20.878,65.32705315,77.13333333,0.741727651,3.904362508,0.822485207
0606_TME10-3_30x_Str_04A_xyz-11768-8694-408,TME10-3,D1,Female,CPi,CPi_dm,85.0618,70.6519,5,133.78,84895.1,198.716,1.0231,276.8,2385.92,17,40,6,23,0.362745,100604,224.484,125.333,1.31467,114.964,123.791,103.589,108.537,53.28982203,59.6425,29.38065955,31.28352941,70.96181169,80.60347826,0.82497075,6.328673167,0.8896
0607_TME10-3_30x_Str_04A_xyz-11835-16575-126,TME10-3,D1,Female,CPi,CPi_dm,82.7349,57.8646,4,124.04,74690.7,145.923,1.02198,193.75,2542.96,21,49,7,28,0.422222,88388.5,165.621,160.89,1.32572,109.109,130.089,95.8186,101.549,46.2092568,51.89244898,28.01234555,29.9447619,59.85694024,68.35321429,0.81103538,5.755455694,0.757777778
0608_TME10-3_30x_Str_04A_xyz-11840-13246-317,TME10-3,D1,Female,CPi,CPi_dm,70,64.7294,4,139.07,96282,165.638,1.02693,254.049,3029.23,23,51,5,28,0.427536,117154,212.344,191.759,1.32521,123.418,128.197,91.2323,79.9886,51.45935481,59.39156863,23.88727495,25.21913043,74.10784898,87.46178571,0.78027439,4.773353038,0.858888889
0612_TME10-3_30x_Str_04A_xyz-12092-13173-146,TME10-3,D1,Female,CPi,CPi_dm,70.501,79.6838,3,101.1,37214.8,111.037,1.0306,163.451,1744.54,16,38,6,22,0.283333,47527.4,143.5,117.422,1.25857,117.65,117.137,88.4533,94.1045,39.35593524,45.90394737,22.41734635,25.18375,51.67490898,60.97318182,0.719070914,3.515776715,0.885416667
0615_TME10-3_30x_Str_04A_xyz-12209-17006-382,TME10-3,D1,Female,CPi,CPi_dm,76.7328,57.8397,5,84.95,71130.2,141.081,1.03111,202.688,2533.17,23,52,6,29,0.355072,89808.2,161.2,146.661,1.32836,119.168,126.255,88.2033,71.5487,41.36904721,48.71038462,20.94766225,22.90217391,57.56531803,69.17896552,0.742202273,3.91331572,0.850156087
0618_TME10-3_30x_Str_04A_xyz-12449-13900-335,TME10-3,D1,Female,CPi,CPi_dm,74.5471,65.5483,5,84.66,64728.3,130.603,1.02727,182.42,2547.51,31,66,4,35,0.53277,80502,161.673,148.419,1.28205,115.223,125.651,90.8385,90.6247,33.72231648,38.59348485,12.88260503,13.43935484,52.18034663,60.87285714,0.739323115,3.859559443,0.815193572
0619_TME10-3_30x_Str_04A_xyz-12602-15999-397,TME10-3,D2,Female,CPi,CPi_dm,79.0481,65.698,6,71.36,60795.5,141.475,1.03013,189.911,2149.46,17,40,6,23,0.490196,80031.3,179.037,137.429,1.26612,121.188,117.755,89.0053,103.01,44.53289016,53.7305,19.36085466,21.07176471,63.1383077,77.86956522,0.725100452,3.612264722,0.8896
0620_TME10-3_30x_Str_04A_xyz-12713-14710-433,TME10-3,D1,Female,CPi,CPi_dl,74.1905,69.2855,5,50.63,43427.2,147.852,1.02893,197.4,1810.68,18,41,5,23,0.403704,52762.4,177.285,118.839,1.28865,122.744,124.987,86.8044,83.6133,37.90497919,44.15756098,14.57909558,15.20611111,56.16001853,66.81521739,0.736832832,3.814115755,0.8064
0621_TME10-3_30x_Str_04B_xyz-2916-11099-102,TME10-3,D1,Female,CPi,CPi_dm,77.3152,76.5436,3,176.87,41060.5,161.384,1.02716,179.85,1611.34,12,28,4,16,0.416667,48829.4,180.687,193.472,1.17358,122.791,122.178,76.3585,74.044,51.21860785,57.54321429,22.07207781,23.07166667,73.07850538,83.396875,0.780002748,4.766036199,0.87962963
0625_TME10-3_30x_Str_04B_xyz-3195-16140-432,TME10-3,D2,Female,CPi,CPi_dm,72.6109,76.7398,5,93,47594,130.47,1.02733,207.621,1733.4,17,37,3,20,0.358824,59025.5,167.582,140.1,1.30499,125.362,120.628,75.0999,72.3575,40.19933305,46.84324324,18.70948808,19.76764706,58.46570126,69.8575,0.742736716,3.923441318,0.892561983
0626_TME10-3_30x_Str_04B_xyz-3270-11697-319,TME10-3,D1,Female,CPi,CPi_dm,60.0762,64.6063,5,48.06,29975.8,126.63,1.03121,145.33,1526.19,17,39,5,22,0.460784,37465.8,142.41,145.26,1.36996,132.149,128.285,110.379,100.977,33.83801112,39.12846154,17.49983546,18.64529412,46.46296505,54.95636364,0.790902926,5.07633378,0.762152778
0627_TME10-3_30x_Str_04B_xyz-3331-17526-291,TME10-3,D1,Female,CPi,CPi_dm,69.5402,65.7676,5,108.17,61871.6,130.042,1.02735,173.671,2017.8,16,36,4,20,0.572917,75251.4,159.027,161.711,1.1952,122.75,123.603,81.0864,64.6152,49.03593613,56.04472222,15.9654995,17.67,75.49228542,86.7445,0.796948451,5.264511547,0.865702479
0628_TME10-3_30x_Str_04B_xyz-3439-13977-109,TME10-3,D2,Female,CPi,CPi_dm,98.9558,86.1577,5,94.07,55003.1,145.769,1.02947,226.07,1921.49,18,39,3,21,0.361111,71648,188.729,136.199,1.33587,91.9406,111.914,98.978,85.2119,41.55105318,49.26282051,18.12323793,19.52222222,61.63203767,74.7547619,0.684212812,3.037139002,0.914933837
0629_TME10-3_30x_Str_04B_xyz-3633-14597-309,TME10-3,D2,Female,CPi,CPi_dm,89.6935,70.0521,6,98.88,81617.5,167.761,1.03333,228.21,2885.17,23,50,4,27,0.400966,135130,334.001,135.519,1.36527,103.892,114.449,79.4966,82.1408,45.26361046,57.6984,23.1676945,27.12869565,64.0860574,83.73925926,0.661637413,2.784655835,0.873959572
0630_TME10-3_30x_Str_04B_xyz-3672-15432-134,TME10-3,D2,Female,CPi,CPi_dm,78.7311,71.1966,5,73.07,50646.7,130.157,1.03219,195.55,1963.58,17,38,4,21,0.343978,67273.5,172.837,153.79,1.28917,116.455,125.909,76.6383,75.5209,42.98406849,51.66842105,16.96993111,19.29470588,64.04313209,77.87571429,0.680626794,2.994407472,0.896030246
0632_TME10-3_30x_Str_04B_xyz-3880-13911-375,TME10-3,D1,Female,CPi,CPi_dm,79.9254,71.4377,6,65.53,44598.1,117.107,1.02432,186.38,1514.59,15,34,4,19,0.284444,58313.9,164.627,125.541,1.33472,114.064,118.655,99.8428,98.055,38.76761733,44.54088235,18.83519656,20.98266667,54.50373898,63.13947368,0.720275136,3.534679292,0.879818594
0634_TME10-3_30x_Str_04B_xyz-3984-11309-373,TME10-3,D1,Female,CPi,CPi_vm,95.3717,73.2318,6,128.83,57697,141.038,1.02907,208.1,2147.22,23,50,4,27,0.425084,72494.3,172.443,162.072,1.51534,102.19,119.445,88.9761,81.1166,37.04001242,42.9388,27.70291331,30.45652174,44.99383759,53.57185185,0.756400264,4.199145114,0.804994055
0635_TME10-3_30x_Str_04B_xyz-4061-15118-102,TME10-3,D1,Female,CPi,CPi_dm,78.7768,63.9434,9,100.61,74548.2,153.168,1.02972,244.88,2472.63,28,60,4,32,0.502633,95153.5,201.684,116.08,1.42355,113.723,122.504,92.6892,88.8945,36.19628588,41.2065,21.15175801,22.54035714,49.36024777,57.539375,0.769178494,4.490032761,0.871107266
0636_TME10-3_30x_Str_04B_xyz-4092-12960-211,TME10-3,D2,Female,CPi,CPi_dm,73.9081,75.826,6,142.01,65404.2,154.775,1.0313,197.329,2320.59,17,38,4,21,0.508683,83716.7,209.248,161.136,1.19016,118.936,123.759,83.9266,75.2518,50.26064702,61.06210526,20.05813838,21.28882353,74.71029687,93.25952381,0.702891364,3.278184993,0.816635161
0637_TME10-3_30x_Str_04B_xyz-4328-16743-190,TME10-3,D1,Female,CPi,CPi_dm,92.5853,64.0072,6,118.39,95035.9,142.2,1.03013,200.38,3380.22,28,62,6,34,0.337755,116416,171.635,152.164,1.21368,100.327,130.716,85.1966,78.0101,46.23983172,54.51451613,17.34211828,18.77857143,70.03794867,83.94411765,0.795900911,5.231013976,0.883487654
0638_TME10-3_30x_Str_04B_xyz-4469-13875-282,TME10-3,D2,Female,CPi,CPi_dm,78.5344,79.7652,5,132.66,97146.2,161.856,1.02806,218.56,3341.19,27,61,7,34,0.328058,119793,185.338,152.71,1.26477,113.595,120.317,84.9063,75.8701,46.52477359,54.76868852,21.76120733,23.29703704,66.18995856,79.76088235,0.740962306,3.890001844,0.759259259
0639_TME10-3_30x_Str_04B_xyz-4479-7833-362,TME10-3,D1,Female,CPi,CPi_vm,73.8118,69.6616,4,105.42,48370.3,194.001,1.0275,238.819,1703.84,10,26,6,16,0.52,55827.9,211.676,176.819,1.27521,124.984,129.6,113.568,119.343,57.68103162,65.52692308,26.10160559,28.755,77.41817289,88.509375,0.805804795,5.563883255,0.882716049
0640_TME10-3_30x_Str_04B_xyz-4585-16341-187,TME10-3,D2,Female,CPi,CPi_dm,88.5161,85.7949,7,107.19,71001.3,117.708,1.02934,183.441,2715.25,31,68,6,37,0.535291,98033.5,176.115,133.71,1.4375,104.622,109.354,89.9007,85.7508,34.47087099,39.925,19.13723305,20.62032258,47.31797304,56.09918919,0.680649662,2.994676632,0.722550953
0641_TME10-3_30x_Str_04B_xyz-4658-6750-400,TME10-3,D1,Female,CPi,CPi_vm,94.2684,72.7459,3,97.62,41098.8,146.623,1.03429,252.58,1471.38,12,28,4,16,0.333333,51834.3,186.013,164.09,1.24339,102.81,132.185,94.8188,109.827,43.76803489,52.54392857,26.78019356,29.2525,56.5089159,70.0125,0.792310189,5.119047269,0.916666667
0642_TME10-3_30x_Str_04B_xyz-4690-17369-341,TME10-3,D1,Female,CPi,CPi_dm,87.5803,74.8589,4,150.66,101043,140.315,1.02478,199.878,3562.98,29,65,7,36,0.396552,123818,164.805,182.688,1.21677,110.08,125.84,89.2895,89.4881,48.11713318,54.81,18.81146214,19.95758621,71.72447929,82.88555556,0.786136658,4.936313442,0.85734072
0644_TME10-3_30x_Str_04B_xyz-4827-14543-381,TME10-3,D1,Female,CPi,CPi_dm,88.3453,72.3177,5,130.5,79870.4,156.046,1.02489,221.03,2738.66,25,54,4,29,0.46181,103821,191.044,150.594,1.26211,109.059,122.062,95.9343,79.736,42.29962474,50.71111111,16.82344952,17.898,64.26184475,78.99827586,0.718163227,3.501647029,0.845993757
0645_TME10-3_30x_Str_04B_xyz-4883-9520-314,TME10-3,D1,Female,CPi,CPi_vm,84.4083,68.3193,4,145.01,85798.4,180.717,1.02538,268.31,2705.55,20,45,5,25,0.346667,105019,215.275,245.1,1.34134,108.236,127.921,88.6817,83.7747,52.70734548,60.118,33.57477161,35.377,68.01340457,79.9108,0.775210969,4.640200216,0.882030178
0647_TME10-3_30x_Str_04B_xyz-4922-12533-76,TME10-3,D1,Female,CPi,CPi_dm,82.8258,64.7924,6,152.52,85752,163.009,1.02379,235.09,2590.68,26,59,7,33,0.452564,103019,197.443,190.552,1.41321,108.374,129.408,72.819,77.1037,39.28874034,43.90508475,23.70095251,25.21961538,51.57002772,58.6269697,0.795947726,5.232502809,0.772244898
0649_TME10-3_30x_Str_04B_xyz-5053-19261-153,TME10-3,D1,Female,CPi,CPi_dm,94.5331,72.0277,5,82.84,76077.4,147.66,1.02384,210.191,2775.91,21,49,7,28,0.460317,92098,191.051,120.031,1.25617,97.798,116.271,76.6633,78.6303,50.43606213,56.6455102,20.95876382,22.12904762,72.54403586,82.53285714,0.806677166,5.595031042,0.791111111
0650_TME10-3_30x_Str_04B_xyz-5087-10329-371,TME10-3,D2,Female,CPi,CPi_vm,82.3935,73.9521,8,103.31,70469.4,125.752,1.03051,140.099,2663.19,36,80,8,44,0.513289,97874.7,191.948,123.945,1.46593,106.103,111.736,98.7161,90.4697,28.7620377,33.285,16.94203868,18.52472222,38.43294598,45.36159091,0.69604482,3.186034293,0.667296786
0651_TME10-3_30x_Str_04B_xyz-5090-7402-178,TME10-3,D1,Female,CPi,CPi_vm,65.7413,51.9674,4,94.62,90490.8,178.611,1.02602,285.9,2612.25,18,42,6,24,0.344444,103659,214.371,147.32,1.21649,126.531,141.055,91.8219,91.4932,54.77122395,62.19095238,20.60381822,21.87666667,80.39677824,92.42666667,0.838628921,6.998792614,0.877218935
0652_TME10-3_30x_Str_04B_xyz-5139-6722-382,TME10-3,D1,Female,CPi,CPi_vm,75.6149,90.6223,5,92.79,40246.1,146.27,1.0538,158.816,1694.41,13,30,4,17,0.423077,55222.5,206.284,150.161,1.18769,124.576,112.645,74.0451,92.5243,42.2055369,56.47566667,18.36668654,20.60076923,60.43524601,83.90941176,0.637990828,2.556965648,0.889196676
0653_TME10-3_30x_Str_04B_xyz-5158-20376-84,TME10-3,D1,Female,CPi,CPi_dm,79.6793,69.8678,4,90.62,92262.2,158.399,1.02455,205.79,2766,23,52,6,29,0.32971,108237,185.956,165.62,1.26369,115.884,130.16,77.0728,82.3357,47.50233646,53.18769231,22.48777709,23.9626087,67.34146976,76.3662069,0.791593995,5.097228868,0.91987513
0654_TME10-3_30x_Str_04B_xyz-5283-16930-332,TME10-3,D2,Female,CPi,CPi_dm,91.9008,62.0778,5,86.75,111588,147.524,1.02401,247.04,3450.27,31,68,6,37,0.371275,133204,183.285,152.622,1.28283,103.312,131.515,83.1255,88.6068,44.83511591,50.73411765,19.90763311,21.7783871,65.72030421,74.99432432,0.814355531,5.883323528,0.827744905
0655_TME10-3_30x_Str_04B_xyz-5320-12168-275,TME10-3,D2,Female,CPi,CPi_vm,54.7518,67.6028,4,143.73,50129.2,141.527,1.02158,204.379,3229.95,26,58,6,32,0.304212,61615.4,178.194,192.209,1.26528,133.88,125.456,81.5262,82.0782,48.59420434,55.68327586,17.46753488,18.33230769,73.88462327,86.0309375,0.743351701,3.93515082,0.759515571
0656_TME10-3_30x_Str_04B_xyz-5324-8893-365,TME10-3,D1,Female,CPi,CPi_vm,61.6714,59.7759,6,119.48,67184.7,186.612,1.03794,242.18,2706.49,19,44,6,25,0.434211,81999.3,222.93,217.83,1.28889,133.968,126.794,84.5055,82.9946,51.95290948,61.50613636,29.09503761,31.81684211,69.32489209,84.07,0.754759916,4.164239725,0.901234568
0658_TME10-3_30x_Str_04B_xyz-5375-9051-368,TME10-3,D1,Female,CPi,CPi_vm,99.6509,73.6983,3,142.76,56763.7,155.618,1.03037,192.172,2133.77,13,32,6,19,0.246154,70695.3,186.748,183.673,1.11294,97.0068,122.809,70.7873,74.8251,55.91972548,66.675625,18.98781317,19.82153846,81.18892863,98.73368421,0.745227286,3.971250544,0.918367347
0659_TME10-3_30x_Str_04B_xyz-5429-14683-405,TME10-3,D1,Female,CPi,CPi_dm,96.1644,76.5902,5,81.71,74054.1,148.365,1.02522,246.81,2629.27,24,54,6,30,0.480556,90118.6,177.629,157.832,1.24547,97.6675,118.735,78.9225,91.5582,42.77294213,48.685,16.59638653,17.52333333,63.71418661,73.61433333,0.776620104,4.676581275,0.892578125
0662_TME10-3_30x_Str_04B_xyz-5620-9078-91,TME10-3,D1,Female,CPi,CPi_vm,74.6836,75.426,5,154.62,106124,184.112,1.03002,251.12,3209.26,25,55,5,30,0.44897,135268,240.377,172.07,1.27425,121.222,119.818,77.0282,83.6749,49.58827433,58.34490909,21.5906526,23.7208,72.91962577,87.19833333,0.741558978,3.901189467,0.859375
0663_TME10-3_30x_Str_04B_xyz-5621-11078-258,TME10-3,D2,Female,CPi,CPi_vm,67.4163,68.9112,6,165.3,94038.5,155.04,1.0372,192.188,3124.87,21,46,4,25,0.387302,123676,196.528,192.241,1.1557,127.081,121.838,83.4855,86.8224,54.3096468,67.92695652,15.03422202,15.8447619,87.30100361,111.676,0.688035042,3.083877767,0.916323731
0664_TME10-3_30x_Str_04B_xyz-5655-16414-57,TME10-3,D1,Female,CPi,CPi_dm,55.6579,65.2726,6,121.83,34616.2,124.743,1.02773,180.687,2232.33,17,41,7,24,0.431373,45048.9,175.959,157.501,1.23397,137.049,120.919,91.1495,102.403,46.74129466,54.44317073,20.42713551,22.88705882,65.38049073,76.79541667,0.748776617,4.041206031,0.872781065
0665_TME10-3_30x_Str_04B_xyz-5661-13464-350,TME10-3,D2,Female,CPi,CPi_dm,95.4037,68.8362,5,105.62,83985.4,127.756,1.02798,182.939,3320.62,28,63,7,35,0.230782,108345,167.033,153.542,1.18869,101.323,122.365,102.1,103.046,44.54832603,52.7031746,14.26882466,14.99714286,68.77192713,82.868,0.740348572,3.878553832,0.855368882
0666_TME10-3_30x_Str_04B_xyz-5712-8159-327,TME10-3,D1,Female,CPi,CPi_vm,68.2277,65.3787,5,122.56,102873,206.598,1.02654,311.77,2859.94,21,46,4,25,0.444898,124087,231.688,215.45,1.33427,122.423,127.503,59.4578,65.8292,54.76715526,62.16847826,23.2254308,24.87619048,81.2622038,93.494,0.78369781,4.867322039,0.864197531
0667_TME10-3_30x_Str_04B_xyz-5899-8372-405,TME10-3,D2,Female,CPi,CPi_vm,88.6403,70.9969,4,109.29,52075.7,177.474,1.02833,175.411,2275.25,19,44,6,25,0.421053,64292.7,214.066,202.02,1.1918,109.701,120.358,94.0536,89.8653,44.47629568,51.70545455,18.32790206,19.38,64.34907483,76.2728,0.760836454,4.296215594,0.835390947
0668_TME10-3_30x_Str_04B_xyz-5952-15050-244,TME10-3,D2,Female,CPi,CPi_dm,64.5231,70.1607,5,116.31,69550.9,151.139,1.02561,242.769,2713.32,27,57,3,30,0.455556,85716.8,199.212,194.188,1.29099,130.55,124.874,84.4817,79.9795,41.39205833,47.59736842,18.04258444,18.90222222,62.40658482,73.423,0.742165152,3.912614162,0.703125
0669_TME10-3_30x_Str_04B_xyz-6013-20211-366,TME10-3,D2,Female,CPi,CPi_dm,80.0776,66.2089,4,111.9,73514.7,154.039,1.0284,216.309,2709.27,17,43,9,26,0.392157,89670.9,192.352,136.168,1.15234,111.372,118.852,99.2584,90.3338,52.69798611,63.00093023,22.15687213,23.57705882,72.66717603,88.77807692,0.761233395,4.305096989,0.845663265
0670_TME10-3_30x_Str_04B_xyz-6096-9135-53,TME10-3,D1,Female,CPi,CPi_vm,95.2136,71.1976,4,104.25,89128,169.459,1.02934,237.779,2735.59,18,42,6,24,0.37963,111541,200.084,210.46,1.20018,101.379,116.823,68.7028,68.0309,54.95123058,65.12785714,19.76016004,21.04666667,81.34453347,98.18875,0.784124717,4.879273202,0.915680473
0671_TME10-3_30x_Str_04B_xyz-6141-17220-33,TME10-3,D1,Female,CPi,CPi_dm,67.2908,55.1016,4,133.86,69547.9,138.12,1.03001,136.79,2789.32,27,62,8,35,0.196296,82693.4,156.982,177.179,1.21435,128.112,133.776,84.6591,94.539,39.39581495,44.98435484,18.24205815,19.84259259,55.71442734,64.37942857,0.790652072,5.068787042,0.813732652
0672_TME10-3_30x_Str_04B_xyz-6147-14511-126,TME10-3,D1,Female,CPi,CPi_dm,77.9472,64.1261,6,131.54,105405,160.469,1.02501,249.65,3932.41,33,72,6,39,0.42375,128949,192.252,173.581,1.34301,122.177,130.768,99.4492,98.7223,47.19834653,54.61152778,23.44287696,25.02030303,67.29912847,79.65025641,0.762943168,4.343730867,0.826293873
0673_TME10-3_30x_Str_04B_xyz-6261-17988-40,TME10-3,D1,Female,CPi,CPi_dm,84.0247,71.6352,9,99.49,68288.7,162.054,1.02805,240.51,2494.62,29,63,5,34,0.383256,82894,187.671,134.3,1.3703,111.246,124.58,84.2467,83.5764,34.44312286,39.59238095,14.99260411,16.27034483,51.03327121,59.48470588,0.735258281,3.785871952,0.850308642
0674_TME10-3_30x_Str_04B_xyz-6305-15576-43,TME10-3,D1,Female,CPi,CPi_dm,67.2105,67.604,6,88.35,91007.4,174.072,1.02454,234.741,2978.73,27,60,6,33,0.49321,110137,212.522,160.939,1.26693,124.865,126.306,107.164,90.8433,43.79846468,49.64,17.06212538,18.27925926,65.67365138,75.29878788,0.758572601,4.246183366,0.768163265
0675_TME10-3_30x_Str_04B_xyz-6348-9283-197,TME10-3,D2,Female,CPi,CPi_vm,63.4802,69.9302,5,145.58,96875.4,164.325,1.02661,224.15,3141.07,21,48,6,27,0.440476,118080,186.41,167.87,1.16693,131.984,124.554,76.5269,75.7709,56.75292433,65.43375,16.84470926,17.83047619,87.79264716,102.4585185,0.765019633,4.39149248,0.873959572
0677_TME10-3_30x_Str_04B_xyz-6562-18219-119,TME10-3,D2,Female,CPi,CPi_dm,80.2252,71.91,4,133.24,95022.9,165.028,1.03024,256.57,3235.33,22,51,7,29,0.393939,117848,196.209,156.721,1.13815,110.542,117.184,86.0895,88.1329,54.20794743,63.43235294,16.32951418,17.21909091,82.94331058,98.49068966,0.77306745,4.585822752,0.822060354
0678_TME10-3_30x_Str_04B_xyz-6578-5002-381,TME10-3,D2,Female,CPi,CPi_vm,89.407,75.9852,5,122.03,71253.1,158.187,1.02182,225.22,2654.53,21,48,6,27,0.509524,86436.6,184.856,169.139,1.19698,104.826,120.205,90.3963,81.4205,48.58375382,55.29854167,16.14147223,16.81571429,73.8166395,85.22962963,0.798312122,5.30869998,0.909631391
0681_TME10-3_30x_Str_04B_xyz-6881-5731-376,TME10-3,D2,Female,CPi,CPi_vm,75.0569,67.394,6,137.91,80207.8,145.182,1.02707,198.4,2672.59,22,48,4,26,0.373737,104423,204.139,191.21,1.27685,118.708,127.869,81.596,97.1209,46.87436288,55.67354167,19.143178,20.45681818,70.33921163,85.47230769,0.717040382,3.484306858,0.887755102
0682_TME10-3_30x_Str_04B_xyz-6928-8727-342,TME10-3,D2,Female,CPi,CPi_vm,79.9029,68.8307,5,166.54,82212.2,172.857,1.02418,202.112,2772.11,22,49,5,27,0.463636,98591.6,205.757,227.911,1.25047,117.373,124.611,84.011,82.6513,49.74051056,56.56938776,25.11862336,26.31136364,69.80278902,81.22407407,0.75366318,4.141190157,0.831153389
0686_TME10-3_30x_Str_04B_xyz-7177-18992-84,TME10-3,D2,Female,CPi,CPi_dm,84.1458,78.3185,6,70.31,36756.9,124.615,1.04341,169.881,1489.51,14,33,5,19,0.566667,46374.8,165.227,101.161,1.34572,111.381,116.714,100.313,95.5972,35.6810679,45.13242424,19.02294446,20.605,47.95547465,63.20526316,0.62958625,2.483652616,0.920634921
0689_TME10-3_30x_Str_04B_xyz-7225-8729-94,TME10-3,D2,Female,CPi,CPi_vm,53.2176,60.8143,6,89.05,79091.1,178.854,1.02055,237.92,2607.11,23,50,4,27,0.525052,94534.2,206.494,166.37,1.27073,137.93,134.767,99.8392,107.246,46.77359271,52.1376,21.35692141,22.56521739,68.42483122,77.32888889,0.799681991,5.353765346,0.854934602
0690_TME10-3_30x_Str_04B_xyz-7242-12460-389,TME10-3,D2,Female,CPi,CPi_vm,72.3691,77.696,5,103.53,69063.3,131.266,1.03795,161.753,2948.39,24,55,7,31,0.4,89663,163.104,158.14,1.1794,122.476,119.031,90.9061,91.5378,43.60104495,53.602,14.16084733,14.93833333,66.39345601,83.53516129,0.702668163,3.275106877,0.844811754
0692_TME10-3_30x_Str_04B_xyz-7303-10922-377,TME10-3,D2,Female,CPi,CPi_vm,89.0751,77.682,5,125.62,76129.4,135.567,1.03436,189.08,2965.89,25,56,6,31,0.397229,98903.6,173.278,139.969,1.21544,105.922,117.011,82.9598,88.5641,43.88049185,52.95696429,14.82850289,15.9132,67.3095152,82.83096774,0.706569499,3.329655282,0.820936639
0693_TME10-3_30x_Str_04B_xyz-7305-15066-278,TME10-3,D2,Female,CPi,CPi_dm,82.0832,71.1423,8,143.63,82770.1,179.114,1.02448,202.973,2581.79,25,53,3,28,0.566359,107278,222.372,154.559,1.23806,108.663,121.264,85.3852,81.6961,42.1425457,48.7090566,12.12224576,12.8156,68.94638493,80.75678571,0.728571729,3.669972342,0.86
0694_TME10-3_30x_Str_04B_xyz-7318-13335-58,TME10-3,D2,Female,CPi,CPi_dm,82.1522,61.4407,4,95.19,66375.7,150.774,1.02713,184.793,2257.85,19,47,9,28,0.392982,79738.2,184.699,180.28,1.39772,112.635,125.401,93.2353,88.71,41.10262068,48.03531915,23.55712086,25.98210526,53.00849557,63,0.766325088,4.422003722,0.843333333
0695_TME10-3_30x_Str_04B_xyz-7395-15868-124,TME10-3,D2,Female,CPi,CPi_dm,56.5626,69.21,7,133.43,53692.5,141.918,1.02775,214.97,3344.93,28,60,4,32,0.460884,67426.8,173.721,156.62,1.30233,134.522,122.653,105.799,97.6036,47.53568841,55.74333333,16.99304878,17.97285714,74.2604981,88.7925,0.734460957,3.7717115,0.873702422
0696_TME10-3_30x_Str_04B_xyz-7425-17308-38,TME10-3,D2,Female,CPi,CPi_dm,59.1068,73.7628,5,126.63,62162.9,139.289,1.03003,207.669,2936.23,27,60,6,33,0.435185,77113.4,177.211,143.78,1.20603,131.586,125.047,86.7222,87.2463,42.71899544,48.9325,14.8464326,15.66185185,65.52381958,76.15393939,0.756875288,4.209351125,0.859591837
0697_TME10-3_30x_Str_04B_xyz-7493-16878-72,TME10-3,D1,Female,CPi,CPi_dm,67.015,71.5237,7,104.9,80532.8,168.07,1.02919,156.291,1993.22,16,35,3,19,0.46234,100921,201.082,205.159,1.14763,121.165,126.054,87.655,103.812,49.0681545,56.94371429,10.90839881,11.624375,81.2026856,95.10736842,0.745371571,3.9740521,0.850340136
0699_TME10-3_30x_Str_04B_xyz-7651-13592-361,TME10-3,D2,Female,CPi,CPi_dm,89.7566,68.6274,6,115.93,74657.3,129.299,1.03201,160.142,3006.9,29,63,5,34,0.402918,97316.9,165.359,169.651,1.24091,109.538,128.52,82.2222,98.9254,40.20976061,47.72380952,15.66889693,16.81655172,61.14167376,74.08588235,0.732412663,3.735762772,0.825617284
0700_TME10-3_30x_Str_04B_xyz-7738-11592-219,TME10-3,D1,Female,CPi,CPi_vm,82.8288,78.5664,5,150.71,125539,158.645,1.0292,239.76,4180.51,29,63,5,34,0.204926,163850,195.795,187.789,1.16074,113.624,117.663,88.0886,89.505,56.07413922,66.35285714,15.91039658,16.79034483,90.33144911,108.6267647,0.726536373,3.635939001,0.829475309
0701_TME10-3_30x_Str_04B_xyz-7743-20010-194,TME10-3,D2,Female,CPi,CPi_dm,85.4853,73.5729,6,137.93,98842.6,152.544,1.02631,231.991,3050.79,27,58,4,31,0.412834,126530,183.963,105.303,1.29851,110.547,119.829,85.621,78.6286,45.23271591,52.59448276,18.87528005,20.23814815,68.18919231,80.77580645,0.764370985,4.376472046,0.879706152
0703_TME10-3_30x_Str_04B_xyz-7791-9615-29,TME10-3,D1,Female,CPi,CPi_vm,67.3944,64.4683,5,123.04,66934.8,174.468,1.02974,209.803,2312.05,22,50,6,28,0.364738,80299.9,200.532,185.601,1.27457,126.417,130.074,87.5831,89.7158,40.0761778,46.2364,18.78254691,19.51727273,56.80688778,67.23,0.76789608,4.459227941,0.897777778
0704_TME10-3_30x_Str_04B_xyz-7830-10415-316,TME10-3,D1,Female,CPi,CPi_vm,56.4051,72.8785,3,170.5,76389.3,181.444,1.02907,266.352,3286.58,21,48,6,27,0.35873,93649.8,198.662,197.457,1.16242,140.35,125.15,89.0087,90.086,58.95729456,68.46541667,22.06165401,22.82619048,87.65390388,103.9625926,0.764852186,4.387606146,0.876337693
0707_TME10-3_30x_Str_04B_xyz-7869-7540-77,TME10-3,D1,Female,CPi,CPi_vm,76.2051,77.086,5,126.92,64963.3,157.309,1.02371,200.452,2690.43,24,55,7,31,0.458333,78615.8,179.528,199.096,1.28774,119.49,122.947,89.5722,101.283,44.04297627,48.912,21.76956336,23.46291667,61.28690885,68.61451613,0.786635946,4.950654483,0.863177227
0708_TME10-3_30x_Str_04B_xyz-7921-16976-20,TME10-3,D2,Female,CPi,CPi_dm,64.9654,55.9337,5,97.51,43131.4,147.733,1.02835,206.069,2477.66,24,53,5,29,0.40625,51284.4,164.594,150.232,1.23548,129.288,135.434,85.9859,85.5457,40.98000072,46.74283019,13.4532214,13.84291667,63.76078361,73.97034483,0.804939132,5.533282091,0.827263267
0709_TME10-3_30x_Str_04B_xyz-7939-7012-418,TME10-3,D1,Female,CPi,CPi_vm,85.1854,78.7273,4,77.13,42779.2,124.46,1.03029,197.121,1931.35,15,37,7,22,0.511111,54838.4,169.287,135.66,1.11827,113.617,118.391,101.161,95.6429,43.77544405,52.19405405,10.32055501,10.66066667,66.58559567,80.51227273,0.719527,3.522914717,0.795138889
0710_TME10-3_30x_Str_04B_xyz-7950-6500-180,TME10-3,D1,Female,CPi,CPi_vm,78.3026,71.0902,5,140.49,63278,168.629,1.02936,181.885,2119.66,16,34,2,18,0.386706,81463.3,197.048,208.151,1.21343,119.332,123.355,91.9512,95.078,52.3169249,62.33823529,17.08477692,18.215625,83.63438977,101.5583333,0.747122376,4.008330321,0.9175
0711_TME10-3_30x_Str_04B_xyz-8022-11832-103,TME10-3,D2,Female,CPi,CPi_vm,64.4748,66.8562,6,133.12,108768,152.347,1.03083,214.43,3721.2,31,68,6,37,0.383154,131354,168.534,191.74,1.19472,131.46,128.899,90.2533,85.4485,47.31705814,54.71794118,16.92379418,17.77290323,72.7816847,85.67189189,0.777686053,4.704443426,0.831689678
0712_TME10-3_30x_Str_04B_xyz-8029-12738-112,TME10-3,D1,Female,CPi,CPi_vm,84.4454,72.9198,5,153.06,145218,168.114,1.02683,248.51,4547.81,36,77,5,41,0.3625,186587,227.71,218.46,1.20555,113.507,119.632,84.3237,81.349,50.96253077,59.05779221,15.13924351,15.95722222,82.41712446,96.90219512,0.770188174,4.514555678,0.806922661
0714_TME10-3_30x_Str_04B_xyz-8302-5291-166,TME10-3,D2,Female,CPi,CPi_vm,65.7093,51.7363,3,107.86,86670.2,161.994,1.02139,252.14,2776.58,19,45,7,26,0.291228,99086,182.951,213.14,1.26468,129.464,138.746,99.7682,100.751,56.06655842,61.69688889,29.44224066,31.23157895,75.52279063,83.96,0.859198423,8.286090176,0.844387755
0715_TME10-3_30x_Str_04B_xyz-8340-8840-132,TME10-3,D2,Female,CPi,CPi_vm,79.3728,85.341,3,136.42,80208.6,130.597,1.03827,184.563,3045.3,21,50,8,29,0.31746,104955,160.043,166.689,1.19051,117.467,115.804,106.646,103.069,48.49224121,60.9008,19.50346916,21.28809524,69.48411063,89.58586207,0.686352287,3.063146168,0.803329865
0716_TME10-3_30x_Str_04B_xyz-8344-19641-253,TME10-3,D1,Female,CPi,CPi_dm,71.8333,66.0181,4,120.46,58762.9,139.193,1.02164,219.98,3061.28,28,62,6,34,0.32381,69467.6,156.893,166.26,1.35351,122.474,132.094,94.5562,80.4137,44.81264952,49.37032258,21.37321092,22.46214286,64.1157166,71.53,0.815352689,5.922730025,0.849537037
0717_TME10-3_30x_Str_04B_xyz-8392-12993-410,TME10-3,D1,Female,CPi,CPi_vl,92.8197,74.4668,4,92.86,54464.8,134.905,1.02491,200.289,2009.76,19,42,4,23,0.396491,68245,162.497,150.822,1.275,102.719,124.281,93.0925,96.254,41.96966517,47.84595238,20.63109567,22.34315789,59.5971791,68.91347826,0.761111472,4.302365528,0.784
0719_TME10-3_30x_Str_04B_xyz-8464-5383-442,TME10-3,D2,Female,CPi,CPi_vm,60.1361,61.0182,3,100.62,62625.4,231.795,1.02459,179.337,1628.5,11,25,3,14,0.257576,75063,296.586,224.368,1.37805,134.888,122.04,64.7203,71.5107,56.85565379,65.1348,45.92948735,50.34545455,65.44049885,76.755,0.792988485,5.139866377,0.890625
0720_TME10-3_30x_Str_04B_xyz-8511-17830-77,TME10-3,D1,Female,CPi,CPi_dm,60.0678,67.8976,8,115.81,82627.7,171.376,1.02752,215.65,4021.38,39,82,4,43,0.427656,105592,191.706,169,1.32,131.44,125.998,85.1976,79.8093,43.15643093,49.03646341,15.8232942,16.68,67.9469503,78.38302326,0.752377233,4.11445295,0.805432099
0721_TME10-3_30x_Str_04B_xyz-8626-13703-306,TME10-3,D2,Female,CPi,CPi_vl,86.2057,72.0329,6,143.37,90740.4,121.236,1.03212,174.668,3354,30,66,6,36,0.376869,112799,154.946,161.95,1.23793,111.126,126.36,96.8541,105.127,43.26104482,50.81333333,16.12473324,16.934,65.87463781,79.04611111,0.740633292,3.883857248,0.908587258
0722_TME10-3_30x_Str_04B_xyz-8640-10768-54,TME10-3,D2,Female,CPi,CPi_vl,69.7096,73.6052,5,126.58,87486.9,122.868,1.02951,182.477,3172.34,32,68,4,36,0.360187,109768,174.495,170.749,1.24698,123.486,124.962,99.4064,99.8683,39.9972357,46.64691176,13.99299808,14.6965625,63.11211358,75.04722222,0.737685342,3.829564907,0.842797784
0724_TME10-3_30x_Str_04B_xyz-8660-10087-162,TME10-3,D1,Female,CPi,CPi_vl,77.6475,71.3125,6,114.57,87142.3,134.65,1.03646,204.96,3126.41,22,51,7,29,0.382576,107753,164.653,170.501,1.17615,120.178,123.696,99.5617,93.6009,50.89053315,61.2972549,17.22005122,18.53272727,76.43365737,93.73931034,0.761455989,4.310091831,0.867845994
0725_TME10-3_30x_Str_04B_xyz-8661-9904-409,TME10-3,D1,Female,CPi,CPi_vl,86.352,71.2461,7,107.79,79922.1,185.897,1.03288,222.139,2827.85,22,49,5,27,0.393434,97527.9,216.651,166.618,1.16092,103.878,123.106,76.3672,76.8976,49.03578817,57.70653061,13.32433957,13.89090909,78.13400555,93.40814815,0.754275743,4.154035893,0.853745541
0728_TME10-3_30x_Str_04B_xyz-8906-17164-90,TME10-3,D1,Female,CPi,CPi_dl,61.8274,65.8757,6,139.67,97961.3,148.646,1.02509,207.737,3706.51,32,70,6,38,0.312514,118771,176.137,149.304,1.22844,130.328,128.01,103.594,98.4983,46.01015687,52.945,17.28945625,18.595625,70.19601002,81.87078947,0.782840699,4.843485412,0.819375
0729_TME10-3_30x_Str_04B_xyz-9004-16692-300,TME10-3,D1,Female,CPi,CPi_dl,68.964,69.294,7,127.04,91203,142.111,1.03315,218.31,3343.93,32,67,3,35,0.291201,117700,181.772,187.18,1.31011,124.073,122.181,83.0757,89.639,41.72059081,49.9041791,14.63012337,15.6475,66.48901819,81.22457143,0.71633698,3.473521566,0.816654492
0730_TME10-3_30x_Str_04B_xyz-9094-7669-220,TME10-3,D2,Female,CPi,CPi_vl,70.6519,69.4016,6,170.99,70026.8,136.027,1.02377,177.88,2820.82,23,50,4,27,0.519255,85339.8,161.706,179.548,1.2027,123.794,127.285,91.6529,101.302,49.0092058,56.4118,14.84416901,15.45130435,78.11275565,91.30407407,0.757985513,4.233378364,0.92627824
0731_TME10-3_30x_Str_04B_xyz-9107-13864-142,TME10-3,D2,Female,CPi,CPi_vl,69.623,78.4482,5,131.26,98590.6,145.283,1.02688,215.708,3430.67,30,65,5,35,0.208466,128006,163.837,169.12,1.24024,123.324,120.896,108.282,111.232,45.03497904,52.77476923,17.58435607,18.82866667,68.56408445,81.87142857,0.706533741,3.329148032,0.891891892
0732_TME10-3_30x_Str_04B_xyz-9110-9899-320,TME10-3,D2,Female,CPi,CPi_vl,66.3593,71.4382,5,148.21,90779.9,127.524,1.02985,202.551,3293.58,28,62,6,34,0.309524,116509,173.457,161.24,1.23927,128.105,126.441,94.917,99.4567,45.37626221,53.11677419,17.55540877,19.0625,68.28755328,81.16147059,0.745662183,3.979705583,0.885030864
0733_TME10-3_30x_Str_04B_xyz-9199-6143-211,TME10-3,D2,Female,CPi,CPi_vl,87.6161,65.236,6,166.76,107179,178.835,1.02197,258.769,3417.51,32,67,3,35,0.538566,134585,205.877,222.44,1.37607,104.662,126.667,81.2718,87.4614,45.01969556,51.00328358,21.08279667,22.3734375,66.90486025,77.17914286,0.753818752,4.144445831,0.792549306
0734_TME10-3_30x_Str_04B_xyz-9329-17744-328,TME10-3,D2,Female,CPi,CPi_dl,71.7348,63.6278,5,127.17,109203,145.551,1.02517,198.539,3517.39,31,67,5,36,0.345545,132441,176.792,212.43,1.26197,123.274,130.705,84.3186,77.7734,45.63813628,52.49328358,20.56270234,21.87903226,67.23087106,78.85555556,0.780836437,4.788556258,0.825484765
0735_TME10-3_30x_Str_04B_xyz-9350-7597-337,TME10-3,D1,Female,CPi,CPi_vl,78.0795,74.7304,5,150.18,101781,142.618,1.0228,198.1,3724.33,31,69,7,38,0.483333,123967,167.057,203.829,1.22531,121.851,124.382,85.3941,86.8481,48.14768583,53.97115942,18.37527113,19.21677419,72.43570835,82.32342105,0.780412482,4.777080346,0.871875
0736_TME10-3_30x_Str_04B_xyz-9382-9003-349,TME10-3,D2,Female,CPi,CPi_vl,75.0763,75.5077,6,144.08,88680.2,128.71,1.02917,191.828,3351.1,31,66,4,35,0.302688,111850,165.661,161.248,1.24265,119.748,125.728,84.4618,91.8719,43.05395451,50.76924242,16.76668115,17.77967742,66.33696806,79.98857143,0.730008555,3.694340395,0.874360847
0737_TME10-3_30x_Str_04B_xyz-9393-15535-98,TME10-3,D2,Female,CPi,CPi_dl,78.0826,61.6349,6,104.77,93666.8,134.471,1.02827,183.7,2956.39,30,63,3,33,0.286869,118496,160.888,166.17,1.32553,114.361,130.023,97.3836,100.482,40.29529528,46.92206349,16.32286624,17.262,62.0884126,73.88575758,0.744459396,3.956399674,0.921632653
0738_TME10-3_30x_Str_04B_xyz-9442-18264-391,TME10-3,D1,Female,CPi,CPi_dl,67.3165,51.6678,5,119.41,70672.5,144.539,1.02405,240.63,2413.1,24,53,5,29,0.3125,82687,168.494,113.893,1.24721,123.58,136.308,84.0289,85.6913,40.54064462,45.5245283,20.53435161,21.44291667,57.09757676,65.45413793,0.834281564,6.772095861,0.904266389
0739_TME10-3_30x_Str_04B_xyz-9630-11188-370,TME10-3,D2,Female,CPi,CPi_vl,88.3432,70.8745,7,149.77,79055.4,143.896,1.02568,185.59,3094.03,32,69,5,37,0.396542,98277.4,163.609,153.65,1.29191,108.955,122.937,91.5315,96.2232,39.45602455,44.83608696,17.08111174,18.3140625,58.8073005,67.77405405,0.766069966,4.416011193,0.769230769
0740_TME10-3_30x_Str_04B_xyz-9705-9437-41,TME10-3,D2,Female,CPi,CPi_vl,71.9187,61.0418,7,103,64919.7,144.228,1.03101,203.941,2600.43,26,57,5,31,0.408679,84664.5,173.142,166.44,1.31726,123.749,128.036,96.6359,95.9133,38.9377614,45.61701754,13.99861937,16.10384615,59.85446116,70.37,0.751501919,4.096429445,0.841138659
0741_TME10-3_30x_Str_04B_xyz-9846-12148-177,TME10-3,D2,Female,CPi,CPi_vl,86.2589,67.4006,4,136.91,107872,133.284,1.03562,190.04,3589.71,31,69,7,38,0.309524,134503,164.369,167.719,1.28608,107.757,128.186,84.0669,82.4267,43.04719059,52.02028986,22.2634373,23.72774194,60.00235775,75.10105263,0.756998731,4.212010586,0.91625
0742_TME10-3_30x_Str_04B_xyz-9987-8736-110,TME10-3,D1,Female,CPi,CPi_vl,73.4851,72.3057,7,156.87,91351.2,151.184,1.02659,235.621,3023.34,24,52,4,28,0.425,128953,232.548,187.909,1.37766,119.036,118.763,95.2261,80.1561,50.59768694,58.13596154,28.63432345,31.62958333,69.42342708,80.85571429,0.783090198,4.850402443,0.882222222
0743_TME10-3_30x_Str_04B_xyz-10016-11523-344,TME10-3,D2,Female,CPi,CPi_vl,74.2204,68.726,5,131.88,98972.9,124.784,1.02799,192.18,3324.18,31,68,6,37,0.350358,125804,184.52,146.83,1.27187,123.34,124.099,88.8012,87.5367,41.34364973,48.88014706,17.63552316,18.68451613,61.20721524,74.17918919,0.711422363,3.399787095,0.883629191
0744_TME10-3_30x_Str_04B_xyz-10018-10789-226,TME10-3,D1,Female,CPi,CPi_vl,61.9512,66.0661,6,160.38,147753,156.299,1.0283,218.924,4486.46,36,77,5,41,0.303496,182076,180.217,208.015,1.21443,133.062,130.389,89.0297,89.8318,50.39520887,58.26077922,18.55928148,20.29,78.34870609,91.60097561,0.793800839,5.165001265,0.844780963
0746_TME10-3_30x_Str_04B_xyz-10129-14663-301,TME10-3,D1,Female,CPi,CPi_dl,72.763,67.1441,5,146.84,112027,131.004,1.02083,184.112,3757.05,36,76,4,40,0.323302,136433,156.812,184.63,1.29319,120.618,128.242,80.8575,79.2213,44.08197592,49.42986842,15.93414344,16.59472222,69.41502516,78.9815,0.761666502,4.314825133,0.909863946
0747_TME10-3_30x_Str_04B_xyz-10156-15651-385,TME10-3,D2,Female,CPi,CPi_dl,82.198,81.717,4,58.85,54910.5,131.565,1.03239,216.12,2189.21,20,45,5,25,0.435,74031.1,167.48,91.5095,1.25335,110.609,117.437,83.0774,78.6624,40.13841702,48.64355556,17.91749134,19.35,57.91515756,72.0784,0.702761599,3.276394805,0.87654321
0749_TME10-3_30x_Str_04B_xyz-10305-16937-312,TME10-3,D1,Female,CPi,CPi_dl,83.2991,60.4326,6,128.33,103237,161.949,1.02504,229.077,3093.29,25,54,4,29,0.368667,126559,189.618,203.22,1.22064,107.292,125.256,84.3061,78.8197,49.83245596,57.27851852,16.81633422,17.724,78.29462986,91.37724138,0.764438186,4.378023916,0.869927159
0750_TME10-3_30x_Str_04B_xyz-10325-13580-275,TME10-3,D2,Female,CPi,CPi_vl,79.3876,71.4862,5,142.23,102112,177.001,1.02587,198.016,3466.86,34,73,5,39,0.466667,131998,212.793,160.569,1.28712,113.79,124.996,84.1678,81.7947,41.12094972,47.48616438,14.49092067,15.35970588,64.33687249,75.49384615,0.712396953,3.414187388,0.719809637
0751_TME10-3_30x_Str_04B_xyz-10475-13096-142,TME10-3,D2,Female,CPi,CPi_vl,64.0462,59.7451,5,104.09,47682.3,128.998,1.02879,184.67,3061.89,29,64,6,35,0.452299,59811.3,153.541,166.18,1.30707,126.867,131.381,98.7432,101.871,40.92716254,47.83703125,18.71710716,19.83896552,59.32977986,71.03542857,0.759078028,4.257262877,0.853907962
0753_TME10-3_30x_Str_04B_xyz-10551-12552-366,TME10-3,D2,Female,CPi,CPi_vl,78.7276,54.0604,5,125.12,65188.1,162.425,1.03907,197.21,2087.8,16,36,4,20,0.592262,80213.6,193.259,151.26,1.17093,110.06,124.587,93.6352,88.928,47.39409818,57.98972222,15.33898747,16.475625,73.03818676,91.201,0.774205779,4.614557077,0.861570248
0756_TME10-3_30x_Str_04B_xyz-10635-9663-257,TME10-3,D1,Female,CPi,CPi_vl,47.1245,62.0967,4,143.43,120731,153.552,1.02731,202.83,4260.33,32,72,8,40,0.433333,142061,176.377,186.361,1.23838,140.218,135.601,84.084,84.0218,51.3421733,59.16569444,21.8799101,23.2365625,74.91198385,87.909,0.800230325,5.371997494,0.896825397
0757_TME10-3_30x_Str_04B_xyz-10710-8665-91,TME10-3,D1,Female,CPi,CPi_vl,79.6139,71.6203,4,84.32,48132,131.051,1.0428,158.98,2138.06,17,39,5,22,0.421569,61868.2,177.508,197.36,1.25401,114.18,121.77,97.1776,90.587,44.41548355,54.81717949,22.8801406,24.44647059,61.05643038,78.28545455,0.705539765,3.315102357,0.859375
0761_TME10-3_30x_Str_04B_xyz-10984-13987-29,TME10-3,D1,Female,CPi,CPi_vl,81.0374,66.91,4,109.44,63336.6,162.635,1.02481,218.114,1997.88,16,37,5,21,0.404762,80528.8,189.491,150.724,1.12979,104.608,120.812,74.9235,73.9399,46.48645031,53.99189189,12.89503754,13.419375,72.07990766,84.90428571,0.749769615,4.061172599,0.911153119
0762_TME10-3_30x_Str_04B_xyz-11367-14682-331,TME10-3,D1,Female,CPi,CPi_dl,61.9944,57.0794,4,152.18,102245,149.68,1.02783,206.89,2834.51,22,48,4,26,0.275758,122277,169.66,172.04,1.26375,133.154,131.835,91.645,96.8165,51.0897501,59.046875,24.1976995,25.53454545,73.84456214,87.40346154,0.782454615,4.832816616,0.926020408
0763_TME10-3_30x_Str_04B_xyz-11430-10456-308,TME10-3,D2,Female,CPi,CPi_vl,82.3293,72.3636,6,123.71,95066.3,125.073,1.02743,193.99,3329.3,35,73,3,38,0.467468,120472,151.739,154.691,1.31796,111.603,123.981,94.9692,91.7906,39.44511983,45.60191781,14.2205442,15.21828571,62.6782816,73.58684211,0.725230499,3.614397534,0.84
0764_TME10-3_30x_Str_04B_xyz-11862-16120-188,TME10-3,D2,Female,CPi,CPi_dl,58.8771,66.6393,5,128.99,83542.9,131.299,1.02906,219.889,2974.29,26,57,5,31,0.358791,105678,172.854,137.299,1.23138,129.93,127.454,86.745,85.9237,44.51419924,52.1754386,16.07774367,17.20884615,68.36412972,81.50225806,0.744784571,3.962676392,0.866850321
0765_TME10-3_30x_Str_04B_xyz-11947-14897-296,TME10-3,D1,Female,CPi,CPi_dl,77.6783,70.0638,6,139.03,98035.8,148.612,1.02762,248.812,2856.77,22,48,4,26,0.613636,120296,196.001,222.089,1.24851,117.174,124.094,81.1065,86.3097,51.23033387,59.51145833,21.32087956,22.70727273,76.53833367,90.65346154,0.769643335,4.501293021,0.868622449
0767_TME10-3_30x_Str_04B_xyz-12109-10129-400,TME10-3,D2,Female,CPi,CPi_vl,70.3389,65.4421,6,99.92,69221.5,138.181,1.03048,180.981,2537.43,24,53,5,29,0.422054,83702.6,176.728,170.092,1.20077,127.561,132.352,100.497,90.9283,41.17679328,47.87150943,13.66390645,14.28,63.94607893,75.67137931,0.773534252,4.597567115,0.823100937
0769_TME10-3_30x_Str_04B_xyz-12317-11158-105,TME10-3,D1,Female,CPi,CPi_vl,79.707,64.1026,6,142.84,110554,150.238,1.02691,230.3,3470.76,34,72,4,38,0.404167,139910,183.544,159.44,1.36628,112.221,129.713,95.3194,105.034,42.07871879,48.20055556,20.25846233,21.77529412,61.60210614,71.84421053,0.773364411,4.593287822,0.8575
0770_TME10-3_30x_Str_04B_xyz-12480-12031-239,TME10-3,D1,Female,CPi,CPi_vl,84.863,64.6919,4,105.04,85304.9,137.453,1.02576,213.901,2457.74,19,41,3,22,0.393484,102103,169.246,204.718,1.16018,113.609,127.995,82.4198,92.3964,52.17746521,59.9395122,13.40865368,13.89052632,85.65962062,99.70909091,0.784700903,4.895487198,0.902777778
0772_TME10-3_30x_Str_04B_xyz-12710-13331-209,TME10-3,D1,Female,CPi,CPi_vl,63.6167,63.0632,3,131.87,57400.1,136.126,1.02532,196.17,1905.79,13,30,4,17,0.115385,69009.6,169.489,168.23,1.14829,129.179,129.165,59.0288,67.3455,55.2196932,63.52133333,19.12084154,19.77923077,82.82469741,96.97117647,0.766818225,4.433628352,0.911357341
0774_TME10-3_30x_Str_04B_xyz-12996-14673-277,TME10-3,D1,Female,CPi,CPi_vl,76.7531,57.177,4,147.41,101055,151.013,1.02963,203.462,3264.41,27,59,5,32,0.342504,119028,180.19,188.455,1.18839,117.563,129.788,77.916,67.8883,48.25899135,55.32491525,15.37116116,16.01407407,76.00809808,88.4934375,0.798725897,5.322240056,0.943771626
0775_TME10-3_30x_Str_04B_xyz-13015-14110-215,TME10-3,D1,Female,CPi,CPi_vl,80.6965,76.1239,5,137.24,77552.4,139.351,1.02767,206.981,2645.85,22,46,2,24,0.248141,99591,178.202,170.25,1.22744,119.057,123.471,81.6678,81.0127,49.80234084,57.51326087,16.60774384,17.66272727,80.23072143,94.04291667,0.762441904,4.332340246,0.896449704
0776_TME10-3_30x_Str_05A_xyz-2258-12673-361,TME10-3,D2,Female,CPc,CPc_i,49.3888,64.4035,4,134.78,31822.6,121.869,1.0332,199.14,2264.59,18,43,7,25,0.403704,40114,157.552,134.061,1.34592,137.416,120.176,88.2165,100.268,43.55393218,52.65976744,26.56798561,29.37777778,55.78381371,69.4228,0.710964858,3.393064154,0.807956104
0777_TME10-3_30x_Str_05A_xyz-2325-13149-173,TME10-3,D1,Female,CPc,CPc_i,56.864,56.8099,4,123.53,66798.9,149.369,1.02786,208.439,2206.86,17,38,4,21,0.466667,80212.5,181.594,164.542,1.13593,125.01,131.551,88.8856,86.8112,50.88426658,58.07026316,13.07551789,13.79235294,81.49134884,93.91428571,0.783413235,4.85938458,0.84120983
0778_TME10-3_30x_Str_05A_xyz-2532-12657-236,TME10-3,D1,Female,CPc,CPc_i,65.7274,68.8843,5,155.49,155853,138.95,1.02437,210.58,4438.21,41,88,6,47,0.376016,189847,163.989,179.42,1.30171,127.452,129.332,85.6992,86.9319,44.41101249,50.42920455,18.44668634,19.5195122,67.06074382,77.39297872,0.768817515,4.481323234,0.860891295
0779_TME10-3_30x_Str_05A_xyz-2725-9308-196,TME10-3,D2,Female,CPc,CPc_v,73.9283,41.4162,3,31.91,66371.8,138.201,1.03115,240.06,2204.26,16,39,7,23,0.28125,77208,156.262,143.57,1.27187,115.589,139.541,92.4006,89.8165,48.81588462,56.51461538,28.98140278,31.355,62.61378503,74.01695652,0.820831947,6.148023729,0.8432
0780_TME10-3_30x_Str_05A_xyz-2856-10744-205,TME10-3,D1,Female,CPc,CPc_v,60.1616,64.3931,6,144.06,40750.9,148.709,1.02255,223.04,3772.19,34,74,6,40,0.437255,47838.5,158.805,176.722,1.40646,134.777,130.937,106.431,100.428,45.58874817,50.97054054,21.01207957,22.40058824,66.47891647,75.255,0.79501348,5.202934841,0.853174603
0781_TME10-3_30x_Str_05A_xyz-2879-10130-34,TME10-3,D1,Female,CPi,CPi_vl,69.4781,50.1659,3,114.4,76649.2,159.732,1.02975,224.68,2306.07,17,41,7,24,0.217647,88332.9,197.307,109.579,1.19113,127.633,139.13,96.2432,85.4289,48.28785005,56.24097561,18.45824506,19.54235294,69.41715359,82.23583333,0.816706878,5.97701292,0.826923077
0783_TME10-3_30x_Str_05A_xyz-3248-9999-142,TME10-3,D2,Female,CPc,CPc_v,76.4642,63.7327,5,109.75,90475.6,132.036,1.02907,190.42,3326.21,33,71,5,38,0.32482,110010,152.427,149.651,1.21296,120.711,130.684,83.5481,88.5366,40.46678827,46.8428169,13.85544918,14.65848485,63.57663538,74.79236842,0.764795112,4.386282926,0.798125
0784_TME10-3_30x_Str_05A_xyz-3418-14411-353,TME10-3,D1,Female,CPc,CPc_i,72.7302,74.9909,5,146.23,59320.7,147.434,1.03258,182.422,2303.26,18,40,4,22,0.369048,73526.8,173.402,158.925,1.11738,119.43,119.854,90.7241,82.3773,49.4373894,57.57625,11.778838,12.215,80.24893146,94.69,0.775516443,4.648043769,0.798611111
0785_TME10-3_30x_Str_05A_xyz-3522-13577-225,TME10-3,D1,Female,CPc,CPc_i,66.9482,58.768,6,126.2,129625,149.093,1.02292,216.37,4134.2,42,87,3,45,0.354762,152309,167.282,193.559,1.30903,127.405,135.312,93.0065,92.2937,42.83504929,47.51448276,18.96477083,19.82071429,65.11397585,73.362,0.811710086,5.781033104,0.819375283
0786_TME10-3_30x_Str_05A_xyz-3572-11483-64,TME10-3,D2,Female,CPi,CPi_vl,81.8762,70.12,6,109.24,69931.5,117.806,1.02829,177.229,2713.08,27,59,5,32,0.431628,88241.3,139.492,146.159,1.28018,116.923,126.32,80.8904,73.9451,39.69933651,45.97966102,14.75167,15.66703704,60.74893013,71.5559375,0.763383835,4.35378887,0.851211073
0787_TME10-3_30x_Str_05A_xyz-3597-10880-310,TME10-3,D1,Female,CPc,CPc_v,88.1756,79.6094,4,172.28,96503.7,194.38,1.03516,205.227,3152.06,22,49,5,27,0.367424,124717,225.279,180.721,1.13919,106.189,115.344,90.4309,87.3886,51.53389217,64.32244898,14.22584438,15.23181818,81.93304222,104.3222222,0.680090014,2.988101812,0.775267539
0788_TME10-3_30x_Str_05A_xyz-3744-12182-61,TME10-3,D2,Female,CPi,CPi_vl,78.955,62.6608,5,136.19,97599.9,142.477,1.03105,201.939,3709.97,36,77,5,41,0.3875,118514,160.527,152.878,1.21892,111.048,129.372,97.1232,98.3404,41.70293671,48.17662338,12.93383346,13.65888889,66.96361273,78.48487805,0.79246712,5.123850507,0.806922661
0789_TME10-3_30x_Str_05A_xyz-3880-12401-336,TME10-3,D2,Female,CPc,CPc_i,79.4548,73.2868,5,164.67,114791,130.96,1.03311,177.727,3951.91,31,69,7,38,0.248592,141716,169.68,168.536,1.17876,114.685,120.311,83.8174,81.2368,48.53629576,57.26898551,16.28858643,17.77129032,74.84363758,89.49078947,0.768097059,4.464030592,0.874375
0790_TME10-3_30x_Str_05A_xyz-4218-13113-29,TME10-3,D2,Female,CPi,CPi_vl,75.0337,64.5383,6,86.25,83230,141.546,1.02794,206.679,2592.06,26,57,5,31,0.415582,100408,165.254,190.141,1.29598,121.319,131.295,80.682,85.6141,39.87795324,45.47035088,14.98124441,15.84807692,60.75906388,70.31483871,0.768897512,4.48325075,0.860422406
0791_TME10-3_30x_Str_05A_xyz-4400-14626-45,TME10-3,D2,Female,CPi,CPi_dl,73.7534,70.253,6,107.7,85757.7,154.475,1.02268,227.57,2673.3,28,60,4,32,0.396429,104024,183.275,148.461,1.37574,124.968,126.872,115.194,105.164,39.46016608,44.54983333,21.55069095,23.01571429,55.13095682,63.3921875,0.779053155,4.74061584,0.807958478
0792_TME10-3_30x_Str_05A_xyz-4547-14774-368,TME10-3,D2,Female,CPc,CPc_i,57.8419,58.5312,6,126.85,62397,148.177,1.02503,203.25,3780.04,36,79,7,43,0.375631,74964.8,194.099,157.32,1.36073,135.752,131.929,107.612,95.4157,41.85231361,47.84379747,20.73316263,22.19166667,59.53346327,69.32,0.759035874,4.256336845,0.855308642
0793_TME10-3_30x_Str_05A_xyz-4596-10692-295,TME10-3,D2,Female,CPc,CPc_v,82.4062,66.2896,6,128.2,112947,119.918,1.02166,192.48,3981.97,42,89,5,47,0.460518,137789,142.499,170.1,1.28547,113.209,129.779,90.2213,84.6121,39.98107666,44.73595506,13.36380953,13.96404762,63.76671962,72.23425532,0.798714147,5.321854708,0.862973761
0795_TME10-3_30x_Str_05A_xyz-4880-6925-137,TME10-3,D1,Female,CPc,CPc_v,75.9365,76.6525,4,115.12,83157.1,142.505,1.0312,188.755,3163.37,23,51,5,28,0.250518,103719,171.061,209.379,1.17339,123.858,122.202,100.072,82.6728,52.55085538,62.02137255,18.35986574,19.3726087,80.63631116,97.05428571,0.750859039,4.083281591,0.901111111
0796_TME10-3_30x_Str_05A_xyz-5093-16671-354,TME10-3,D1,Female,CPc,CPc_i,70.1489,65.5999,4,121.94,68612.5,180.068,1.02803,239,3615.76,33,73,7,40,0.288889,80282,198.398,164.86,1.2447,123.756,127.464,100.083,98.3392,43.70200989,49.52630137,16.97041819,17.75606061,65.75557304,75.73675,0.815105555,5.912919373,0.775510204
0797_TME10-3_30x_Str_05A_xyz-5110-7622-142,TME10-3,D2,Female,CPc,CPc_v,78.6595,65.965,5,124.92,95597.9,130.446,1.02722,170.219,3237.7,32,68,4,36,0.315476,117571,161.421,174.036,1.24767,114.879,127.855,96.7025,89.3331,41.44014791,47.60823529,15.6999873,16.6784375,64.32029066,75.10138889,0.763282224,4.351465952,0.862188366
0799_TME10-3_30x_Str_05A_xyz-5271-12786-402,TME10-3,D2,Female,CPc,CPc_i,65.4001,66.239,5,94.1,82519.2,133.652,1.03042,210.743,3144.27,33,73,7,40,0.273038,101577,159.478,146.539,1.25969,124.938,127.007,70.3558,72.7715,36.43025924,43.06767123,16.2476921,17.28757576,53.08087712,64.33625,0.766658128,4.429848414,0.755102041
0800_TME10-3_30x_Str_05A_xyz-5361-10110-242,TME10-3,D1,Female,CPc,CPc_v,60.8489,62.7939,5,129.84,47789.3,167.765,1.03159,231.91,2792.79,22,48,4,26,0.334848,56429.4,192.409,171.24,1.24715,132.145,131.005,91.1693,98.0412,50.10483596,58.17770833,18.52282895,19.095,76.82807266,91.24769231,0.7711157,4.537295627,0.843112245
0802_TME10-3_30x_Str_05A_xyz-5632-9388-313,TME10-3,D1,Female,CPc,CPc_v,75.2074,62.7016,4,140.19,160819,159.797,1.02576,210.01,4779.86,35,80,10,45,0.268707,189307,178.012,206.29,1.20768,122.414,131.728,93.0247,92.0031,52.19900323,59.7435,21.50258775,22.67342857,76.07399305,88.57577778,0.809314166,5.691120369,0.879583522
0803_TME10-3_30x_Str_05A_xyz-5642-6505-301,TME10-3,D2,Female,CPc,CPc_v,73.8717,58.8796,6,133.88,88618,137.358,1.02917,179.589,3294.76,33,71,5,38,0.437879,103199,153.193,161.811,1.2172,121.116,132.621,100.728,100.528,40.72201922,46.4,13.97852334,14.80272727,63.94663407,73.83973684,0.817410718,6.005581645,0.78125
0804_TME10-3_30x_Str_05A_xyz-5650-7481-423,TME10-3,D1,Female,CPc,CPc_v,70.8877,64.4645,5,108.93,46580.3,127.174,1.02031,203.688,2204.24,18,43,7,25,0.329365,53597.1,148.696,191.973,1.24066,130.682,133.586,105.494,98.6936,46.39062693,51.25697674,22.26529374,23.14777778,63.76086683,71.4956,0.82181465,6.190068621,0.85733882
0805_TME10-3_30x_Str_05A_xyz-5675-16024-363,TME10-3,D1,Female,CPc,CPc_i,70.8343,65.1038,5,57.94,44225.9,114.211,1.03915,161.72,1848.45,16,38,6,22,0.265625,54054.9,145.611,114.3,1.17286,120.709,125.096,79.7111,85.6926,40.92697674,48.63815789,13.9714669,14.698125,60.53098391,73.32181818,0.773141136,4.58767305,0.914930556
0807_TME10-3_30x_Str_05A_xyz-5702-17069-68,TME10-3,D2,Female,CPi,CPi_dl,64.0162,74.6383,6,133.16,42704.3,130.615,1.03479,125.51,1668.92,16,35,3,19,0.625,53880.8,164.903,182.541,1.24006,132.172,120.188,117.173,93.5188,39.17451459,47.67771429,14.57438779,15.225,59.89041084,75.00631579,0.722494833,3.569998161,0.818594104
0809_TME10-3_30x_Str_05A_xyz-5892-13786-192,TME10-3,D2,Female,CPi,CPi_vl,86.1484,76.0472,6,74.1,48272.6,126.011,1.04049,178.011,1690.88,16,35,3,19,0.416667,64167.3,154.873,129.27,1.31266,106.399,114.143,101.655,104.646,38.48562713,48.30485714,17.93531174,19.18625,55.79115588,72.82578947,0.6765868,2.947513933,0.786848073
0810_TME10-3_30x_Str_05A_xyz-5992-10711-320,TME10-3,D1,Female,CPc,CPc_v,78.0698,75.1728,7,147.88,107823,155.224,1.02699,215.771,3598.12,30,66,6,36,0.276032,133591,183.952,156.381,1.21756,124.079,128.385,97.2581,87.692,47.44561173,54.51151515,17.2588559,18.35833333,72.60124159,84.63916667,0.768009041,4.46192614,0.80401662
0811_TME10-3_30x_Str_05A_xyz-6070-6572-152,TME10-3,D2,Female,CPc,CPc_v,65.0929,62.2081,5,136.37,79287.3,126.01,1.02352,182.04,3172.85,34,73,5,39,0.451331,94830.1,145.263,150.769,1.27498,129.019,130.216,91.3625,93.4312,38.99379705,43.45958904,14.16148119,15.01529412,60.64248267,68.25717949,0.806074446,5.5734777,0.845925045
0812_TME10-3_30x_Str_05A_xyz-6082-10682-368,TME10-3,D2,Female,CPc,CPc_v,72.6339,61.3316,6,122.15,119976,143.869,1.02804,239.459,3760.26,29,65,7,36,0.333333,141046,175.638,204.597,1.20234,122.15,132.629,79.378,76.3919,50.15351349,57.84553846,17.45234862,18.25965517,76.49611852,89.73416667,0.790130786,5.053168853,0.823407202
0813_TME10-3_30x_Str_05A_xyz-6112-8082-424,TME10-3,D1,Female,CPc,CPc_v,77.3484,73.1998,4,89.69,38568.5,132.222,1.02586,173.118,1569.01,16,36,4,20,0.271875,48093.2,147.045,126.45,1.24664,106.42,127.312,87.4873,87.6619,38.86786825,43.57916667,12.76026062,13.936875,59.75395434,67.293,0.791751714,5.102019303,0.929752066
0815_TME10-3_30x_Str_05A_xyz-6187-7144-83,TME10-3,D1,Female,CPi,CPi_vl,77.438,73.5645,5,126.63,55093.6,146.921,1.04914,165.678,2169.49,12,30,6,18,0.583333,72383.6,201.355,199.802,1.16386,114.797,111.795,86.1616,78.3187,55.26945576,72.31066667,17.27103069,19.15,80.60173913,107.7511111,0.691806292,3.131246794,0.8975
0818_TME10-3_30x_Str_05A_xyz-6418-12666-57,TME10-3,D1,Female,CPi,CPi_vl,83.8298,73.2409,5,145.72,134589,139.647,1.03507,217.58,4548.77,32,72,8,40,0.329861,170009,173.621,190.93,1.1734,114.638,122.618,80.3317,75.223,52.48498921,63.17277778,17.74991128,18.8421875,80.27305155,98.63725,0.738914786,3.85204213,0.836734694
0820_TME10-3_30x_Str_05A_xyz-6701-14360-72,TME10-3,D2,Female,CPi,CPi_dl,68.0977,68.177,6,121.75,99359.9,139.352,1.03243,224.238,3374.17,31,68,6,37,0.267783,124652,171.324,185.782,1.34652,118.478,125.823,97.7726,97.2689,41.99042461,49.61485294,17.34679105,19.37451613,62.63779327,74.95135135,0.757875484,4.23098621,0.852071006
0821_TME10-3_30x_Str_05A_xyz-6747-10489-200,TME10-3,D2,Female,CPc,CPc_i,73.8884,63.8224,5,137.8,107638,133.839,1.03373,202.92,3850.79,30,68,8,38,0.421693,134386,152.916,158.539,1.19843,114.34,129.123,87.7246,88.7133,47.12238138,56.62470588,15.35104794,16.55,72.20501304,88.26263158,0.754658726,4.162103474,0.860625
0823_TME10-3_30x_Str_05A_xyz-6910-9273-157,TME10-3,D1,Female,CPi,CPc_v,70.7341,68.0667,7,160.18,136810,144.887,1.03263,208.369,4416.93,32,70,6,38,0.491369,168632,176.391,170.265,1.14756,128.538,128.837,82.0445,86.5159,53.01762127,63.09357143,14.30868263,14.9003125,85.61462222,103.6773684,0.748614753,4.037968003,0.858125
0824_TME10-3_30x_Str_05A_xyz-6920-12801-126,TME10-3,D1,Female,CPi,CPi_vl,78.5282,72.5769,7,137.78,116374,171.17,1.03329,210.779,4037.15,36,77,5,41,0.399628,151921,213.883,214.42,1.33413,117.104,119.737,89.6257,85.6428,43.87212402,52.4261039,19.54296987,20.75138889,65.23430815,80.23804878,0.733586604,3.756291094,0.72417523
0826_TME10-3_30x_Str_05A_xyz-7130-13818-62,TME10-3,D1,Female,CPi,CPi_dl,74.8935,62.4793,4,98,75166.3,178.711,1.02413,211.319,2352.71,22,50,6,28,0.474242,88505.2,194.637,144.102,1.22222,122.19,130.227,90.5543,85.4681,41.76457166,47.05,15.90150578,16.73636364,62.08555199,70.86785714,0.792196764,5.11558066,0.728888889
0827_TME10-3_30x_Str_05A_xyz-7322-11664-65,TME10-3,D1,Female,CPi,CPi_vl,75.8691,60.5969,5,118.68,176011,173.047,1.02795,255.59,5253.95,38,84,8,46,0.459649,213837,206.771,205.011,1.18182,121.717,129.126,96.2572,91.0138,53.20435791,62.54238095,16.42860153,17.45710526,83.58433056,99.78673913,0.768916553,4.483709767,0.772569444
0828_TME10-3_30x_Str_05A_xyz-7364-15236-364,TME10-3,D2,Female,CPc,CPc_d,49.9929,71.759,6,99.17,102198,141.312,1.0289,212.27,3758.12,33,72,6,39,0.374962,126960,173.979,169.088,1.24877,136.192,125.642,85.453,84.3395,44.61298484,52.19097222,11.78691173,12.57272727,72.38889287,85.71410256,0.76083229,4.296122615,0.766210589
0830_TME10-3_30x_Str_05A_xyz-7385-9383-167,TME10-3,D1,Female,CPi,CPc_v,93.2877,79.188,3,149.33,112594,158.412,1.0334,166.096,3870.07,25,61,11,36,0.28,140135,206.573,175.554,1.19276,102.762,123.923,80.9557,85.7272,53.05824958,63.43852459,22.31192649,24.206,74.40986284,90.68333333,0.736789493,3.813333333,0.804709141
0831_TME10-3_30x_Str_05A_xyz-7490-7830-70,TME10-3,D2,Female,CPi,CPi_vm,51.7496,63.2433,5,140.27,91871.9,143.179,1.03046,184.5,3582.83,32,69,5,37,0.402841,114357,169.366,161.132,1.2525,133.04,128.92,89.9219,85.4268,44.17586543,51.92028986,13.96549365,14.7859375,70.30375455,84.03648649,0.754019111,4.148645544,0.846811308
0832_TME10-3_30x_Str_05A_xyz-7573-8977-63,TME10-3,D1,Female,CPi,CPi_vm,66.9905,65.78,5,131.42,90573.1,144.881,1.03709,210.269,3361.61,23,52,6,29,0.436232,109823,178.102,176.681,1.12326,127.957,131.722,94.0581,87.1372,52.23214736,64.64096154,13.68098557,14.45347826,82.80720671,104.4448276,0.775554462,4.649021627,0.870967742
0833_TME10-3_30x_Str_05A_xyz-7587-15085-224,TME10-3,D1,Female,CPc,CPi_dl,88.141,88.1412,4,64.83,27319.7,108.39,1.03433,157.14,882.779,8,19,3,11,0.541667,35254.6,138.522,116.45,1.17613,101.352,117.905,107.077,101.545,38.93371825,46.45789474,10.69009826,11.09,59.47453278,72.18,0.673906741,2.917109907,0.852071006
0834_TME10-3_30x_Str_05A_xyz-7882-11276-131,TME10-3,D1,Female,CPi,CPi_vl,67.1845,67.7196,5,161.27,142361,181.1,1.02989,262.701,4438.9,31,69,7,38,0.296774,170510,253.077,207.63,1.20068,122.883,127.114,84.0201,90.9618,55.62074443,64.32637681,18.69597817,19.67677419,85.74358006,100.7510526,0.787602317,4.978625057,0.83875
0835_TME10-3_30x_Str_05A_xyz-8038-7383-360,TME10-3,D1,Female,CPc,CPc_v,75.88,66.9487,5,102.84,44687.1,131.086,1.02778,186.93,2010.75,21,47,5,26,0.345238,54520.7,170.163,152.851,1.30792,116.485,123.43,94.7868,96.868,36.82403572,42.77765957,16.61453949,18.04047619,53.14709036,62.75769231,0.787731204,4.982377026,0.821428571
0836_TME10-3_30x_Str_05A_xyz-8089-9845-258,TME10-3,D1,Female,CPc,CPc_i,77.9241,61.1252,5,113.49,60328.4,130.876,1.02517,196.609,1901.47,16,36,4,20,0.454167,74196.9,172.805,188.027,1.2488,118.311,128.822,88.2755,96.164,46.25725451,52.81361111,17.28394393,18.545625,69.43590297,80.228,0.781571851,4.808580706,0.859504132
0837_TME10-3_30x_Str_05A_xyz-8119-15265-110,TME10-3,D2,Female,CPi,CPi_dl,92.3971,76.504,7,124.4,123272,194.79,1.0313,252.27,4014.66,35,76,6,41,0.380309,168114,309.388,146.509,1.27848,102.667,113.632,90.8911,88.3505,44.69713238,52.81960526,15.88842572,17.566,69.28993074,82.91414634,0.726892772,3.641857774,0.744726879
0844_TME10-3_30x_Str_05A_xyz-8593-8099-354,TME10-3,D1,Female,CPc,CPc_v,64.0543,55.8621,4,71.07,52693.6,154.782,1.02487,183.952,1907.5,20,44,4,24,0.33381,62639.6,183.845,162.679,1.3657,130.677,131.968,73.6212,82.8531,38.25848857,43.34681818,17.19339639,18.2275,55.81273205,64.27958333,0.781755209,4.813596745,0.819526627
0845_TME10-3_30x_Str_05A_xyz-8649-14697-254,TME10-3,D1,Female,CPc,CPc_d,85.7945,67.8,5,84.38,84634,146.173,1.03092,201.441,3027.86,27,60,6,33,0.403439,104262,181.454,154.534,1.27214,104.885,125.991,98.0653,100.557,43.2017137,50.45916667,19.49393568,20.72851852,62.59898663,74.78424242,0.759614855,4.269087492,0.839183673
0847_TME10-3_30x_Str_05A_xyz-9387-17969-182,TME10-3,D1,Female,CPi,CPi_dm,61.1387,65.3152,5,129.96,102835,148.611,1.02595,232.92,3372.66,26,57,5,31,0.376557,123962,174.9,186.93,1.17647,130.479,126.197,91.6261,90.0606,51.95124914,59.16438596,15.2152292,16.02769231,82.76210458,95.34354839,0.794092838,5.174089984,0.8640955
0849_TME10-3_30x_Str_05A_xyz-10789-16753-361,TME10-3,D2,Female,CPc,CPc_d,84.7108,68.9414,5,131.63,56550.3,126.457,1.03498,179.88,2274.51,18,43,7,25,0.37037,70068.8,160.523,131.997,1.18698,111.207,127.794,78.1911,69.6509,44.87460388,52.89093023,17.11046069,18.37166667,64.86478699,77.7448,0.756076317,4.192210398,0.880658436
0850_TME10-3_30x_Str_05A_xyz-10850-17039-401,TME10-3,D1,Female,CPc,CPc_d,67.3274,68.487,5,88.23,75023.6,161.757,1.01937,201.971,2527.87,25,57,7,32,0.456571,90770.4,187.262,143.02,1.32097,125.665,124.7,81.231,80.1022,40.15663891,44.34421053,21.24932165,22.8016,54.92798052,61.174375,0.779086169,4.74149553,0.831314879
0851_TME10-3_30x_Str_05A_xyz-11057-15680-144,TME10-3,D1,Female,CPi,CPi_dm,67.7092,62.2073,6,76.34,70480.7,143.487,1.02737,225.731,2823.84,28,61,5,33,0.413203,86120.6,170.41,140.112,1.27256,124.607,128.033,110.574,104.915,40.57220638,46.28770492,16.75012016,18.15535714,60.78488559,70.15757576,0.788990251,5.019297302,0.817142857
0853_TME10-3_30x_Str_05A_xyz-11337-16654-271,TME10-3,D2,Female,CPc,CPc_d,91.1499,72.5735,5,100.43,84989,133.456,1.02356,168.745,2737.03,20,48,8,28,0.491667,107776,182.944,183.482,1.18404,101.849,118.501,102.236,106.575,49.2681939,57.01583333,15.67734471,16.4615,73.26165762,85.98321429,0.727957285,3.659638681,0.863333333
0854_TME10-3_30x_Str_05A_xyz-11635-16502-326,TME10-3,D2,Female,CPc,CPc_d,65.9921,50.8113,4,33.38,39300.3,119.453,1.03155,203.079,1303.84,13,29,3,16,0.251282,47765.8,145.278,177.631,1.2736,125.213,131.088,117.094,103.476,38.14492729,44.95344828,17.81156166,19.54153846,54.66578686,65.600625,0.738786695,3.84968935,0.848765432
0855_TME10-3_30x_Str_05A_xyz-11683-17007-144,TME10-3,D2,Female,CPi,CPi_dm,62.4887,72.1047,4,127.29,63603.8,124.168,1.03088,182.071,2562.91,22,50,6,28,0.348485,78863.6,149.266,149.618,1.22083,133.459,122.176,76.6739,83.4261,43.28844252,51.2526,18.78714977,19.83045455,62.53945826,75.94142857,0.733373742,3.752553956,0.837777778
0856_TME10-3_30x_Str_05B_xyz-3110-16790-426,TME10-3,D2,Female,CPc,CPc_d,69.2849,57.9372,5,41.35,31346.1,168.035,1.02566,280.68,1848.53,16,36,4,20,0.619643,37833.4,192.823,133.719,1.29957,127.84,129.184,74.7112,75.9234,44.72331851,51.34305556,21.4156069,23.089375,63.3694878,73.946,0.814109216,5.873662105,0.907024793
0857_TME10-3_30x_Str_05B_xyz-3217-19373-331,TME10-3,D1,Female,CPc,CPc_d,67.766,70.5702,6,69.71,44212.4,144.661,1.0389,197.09,1728.98,17,38,4,21,0.633053,54856.7,159.701,97.5501,1.32133,121.864,121.827,69.4695,73.0404,37.12760864,45.495,16.40931557,17.39294118,53.89956018,68.24428571,0.755290034,4.175463345,0.871455577
0859_TME10-3_30x_Str_05B_xyz-3572-16508-399,TME10-3,D1,Female,CPc,CPc_d,73.8737,67.0584,6,81.17,72765.6,153.95,1.02885,213.621,2238.69,28,59,3,31,0.453005,88013.4,183.899,157.592,1.40142,120.933,121.383,92.1424,94.3176,33.46419708,37.93864407,19.86339299,21.09357143,45.74879432,53.15354839,0.748981029,4.045301882,0.862258953
0861_TME10-3_30x_Str_05B_xyz-4601-20256-396,TME10-3,D1,Female,CPc,CPc_d,74.731,70.2299,3,80.19,53542.6,147.247,1.02215,199.45,2137.85,19,45,7,26,0.212281,63329.7,163.288,119.731,1.1846,120.159,121.802,84.6037,84.7619,42.42333954,47.50288889,18.73445651,19.84105263,59.73444637,67.71730769,0.795847475,5.229315499,0.845663265
0863_TME10-3_30x_Str_05B_xyz-4837-20667-398,TME10-3,D2,Female,CPc,CPc_d,69.0584,60.6216,5,105.54,45779.9,143.409,1.02696,189.82,1957.68,19,43,5,24,0.429825,57005,170.874,170.873,1.206,119.393,131.311,91.0348,94.9524,39.44690117,45.52255814,14.49081121,15.65210526,59.20380571,69.17,0.78455408,4.89134638,0.850591716
0864_TME10-3_30x_Str_05B_xyz-4856-19579-363,TME10-3,D2,Female,CPc,CPc_d,72.4968,70.972,5,112.41,87699,137.621,1.02738,175.978,3341.83,32,71,7,39,0.293967,110619,189.19,157.98,1.25225,119.763,121.915,87.5379,84.7082,40.53039361,47.06295775,16.58414947,17.6675,60.17859394,71.18230769,0.74610233,3.988295455,0.844735277
0865_TME10-3_30x_Str_05B_xyz-4861-20755-65,TME10-3,D1,Female,CPi,CPi_dm,58.7546,67.4,4,92.62,58091.1,155.852,1.02595,190.958,2125.09,20,45,5,25,0.49,69776,167.886,137.282,1.22834,134.736,129.46,76.1956,74.0642,41.65771682,47.21911111,17.64257719,18.2205,60.86982853,70.418,0.778218497,4.718472407,0.88340192
0866_TME10-3_30x_Str_05B_xyz-4866-15934-427,TME10-3,D1,Female,CPc,CPc_d,63.1912,62.9888,8,65.95,94875.5,147.719,1.02475,234.28,2987.5,31,67,5,36,0.377329,114108,177.222,177.44,1.43507,121.908,132.733,78.0541,76.1779,39.14067736,44.58522388,19.07430358,20.55064516,56.42005477,65.28166667,0.774249267,4.615661226,0.801939058
0869_TME10-3_30x_Str_05B_xyz-5514-19978-162,TME10-3,D1,Female,CPi,CPi_dm,84.787,95.3231,5,78.19,41355.2,143.207,1.0354,159.24,1531.04,15,33,3,18,0.277778,57401.4,176.729,170.32,1.22493,112.16,106.026,75.23,81.199,37.9333842,46.39030303,15.83574403,17.26533333,56.34808433,70.66111111,0.645474068,2.625434791,0.8025
0870_TME10-3_30x_Str_05B_xyz-5657-18692-192,TME10-3,D2,Female,CPi,CPi_dm,71.0294,61.9811,5,131.38,108023,165.959,1.02538,216.031,3039.07,27,59,5,32,0.448148,129533,196.215,188.843,1.27436,122.45,125.176,88.4193,75.5425,44.5394259,51.50474576,19.24932804,20.22925926,65.87794597,77.8934375,0.761336293,4.307404646,0.784602076
0871_TME10-3_30x_Str_05B_xyz-5708-19248-311,TME10-3,D1,Female,CPc,CPc_d,69.3502,74.5319,3,113.41,43418.3,134.749,1.03123,194.69,1796.79,12,29,5,17,0.25,59072.9,177.439,118.233,1.17671,124.659,109.635,104.458,114.13,51.35997563,61.95344828,18.19135361,20.33833333,74.77312059,91.32882353,0.694631051,3.167573306,0.781163435
0872_TME10-3_30x_Str_05B_xyz-5750-16691-113,TME10-3,D2,Female,CPi,CPi_dl,71.5908,65.3916,6,101.08,114330,137.019,1.02534,221.59,3651.87,35,75,5,40,0.362698,137480,167.618,142.77,1.30177,121.664,129.781,81.6283,93.9132,41.68706951,48.6864,16.00953349,16.90057143,64.15491353,76.499,0.76620849,4.419263156,0.775510204
0873_TME10-3_30x_Str_05B_xyz-5858-20555-168,TME10-3,D1,Female,CPi,CPi_dm,81.3702,61.9592,6,140.35,64000.9,153.451,1.02409,207.471,3207.53,25,57,7,32,0.368087,74181.9,164.495,173.966,1.19473,112.522,128.38,83.9913,86.7113,50.85776468,56.26754386,16.75461101,17.6464,77.50085348,86.4403125,0.842891648,7.23472839,0.9316609
0876_TME10-3_30x_Str_05B_xyz-5959-15857-75,TME10-3,D2,Female,CPi,CPi_dm,52.5819,68.5025,6,117.2,42706.1,127.538,1.02347,174.609,2795.89,29,62,4,33,0.447236,53343.1,157.571,156.101,1.33382,131.534,122.197,86.5161,95.9627,39.74615165,45.09032258,15.56007508,16.66413793,61.00058257,70.07090909,0.773081355,4.586171816,0.844081633
0877_TME10-3_30x_Str_05B_xyz-6366-16804-278,TME10-3,D2,Female,CPc,CPc_d,73.015,62.7212,5,102.54,106714,136.525,1.03202,216,3270.67,26,56,4,30,0.270513,133851,173.355,179.35,1.21565,113.595,129.873,98.9649,101.705,49.42298028,58.40035714,15.62019561,16.56038462,78.71872699,94.66166667,0.749752715,4.060831297,0.836914063
0878_TME10-3_30x_Str_05B_xyz-6502-16852-192,TME10-3,D2,Female,CPi,CPi_dl,68.2815,63.7654,5,133.93,115453,127.741,1.02973,202.309,3440.27,30,67,7,37,0.359259,138998,155.745,178.58,1.29154,124.644,128.768,84.6758,93.4615,44.15406955,51.3419403,22.01305725,23.55666667,62.10624168,73.87054054,0.768833561,4.481709734,0.851413544
0879_TME10-3_30x_Str_05B_xyz-6660-20103-85,TME10-3,D2,Female,CPi,CPi_dm,72.0045,67.6951,7,129.87,69928.8,143.392,1.02585,210.787,2841.15,27,61,7,34,0.464577,88424.5,168.991,144.357,1.21644,117.557,124.897,77.5115,79.7234,40.39627712,46.57131148,14.61400919,15.49407407,60.87043106,71.25029412,0.760565194,4.290165129,0.825617284
0880_TME10-3_30x_Str_05B_xyz-6954-16703-48,TME10-3,D1,Female,CPi,CPi_dl,71.2962,66.582,6,87.93,80332.7,135.719,1.02497,185.26,2804.52,31,68,6,37,0.417204,99144.5,173.293,173.33,1.31161,126.328,128.141,85.642,83.8081,36.36284596,41.23779412,15.05244869,16.05806452,54.21750313,62.33432432,0.760456343,4.287741464,0.79355687
0881_TME10-3_30x_Str_05B_xyz-7051-20127-315,TME10-3,D1,Female,CPc,CPc_d,67.3813,57.5805,5,123.04,88513.9,143.373,1.03143,217.2,3303.31,30,66,6,36,0.241501,107771,181.149,146.408,1.25837,124.418,129.205,96.7296,89.5459,42.51095688,50.04484848,15.23289185,16.35166667,65.24267773,78.1225,0.795008318,5.202772295,0.894044321
0883_TME10-3_30x_Str_05B_xyz-7187-15820-151,TME10-3,D1,Female,CPi,CPi_dl,69.2899,67.0951,5,104.97,85293.2,131.602,1.03566,196.48,3099.34,29,63,5,34,0.445402,103161,186.251,188.86,1.25422,125.265,125.342,82.9739,84.7518,40.53307361,49.19126984,15.0773799,15.57551724,62.24528295,77.86352941,0.744851101,3.963962777,0.730709877
0885_TME10-3_30x_Str_05B_xyz-7222-18684-406,TME10-3,D2,Female,CPc,CPc_d,76.8711,60.0369,6,93.85,102200,143.966,1.02617,207.21,3497.28,31,68,6,37,0.404832,122220,174.18,158.8,1.21032,117.849,132.575,92.6317,89.4645,44.90319188,51.42558824,11.8608392,12.34387097,72.58732521,84.16972973,0.790287953,5.057868603,0.849441157
0886_TME10-3_30x_Str_05B_xyz-7259-19654-162,TME10-3,D1,Female,CPi,CPi_dl,69.7913,82.795,6,125.61,62960.4,160.885,1.04086,223.08,2237.47,16,36,4,20,0.532143,85447.1,196.036,147.56,1.16109,123.195,113.619,96.9383,85.0811,49.8756545,62.14805556,12.08561553,13.0875,80.10768567,101.3965,0.670575912,2.88008016,0.838842975
0887_TME10-3_30x_Str_05B_xyz-7301-9173-183,TME10-3,D2,Female,CPc,CPi_vm,81.0196,79.6015,4,72.14,43179.3,144.105,1.03517,202.051,1781.97,16,36,4,20,0.529762,56983.7,182.012,130.531,1.40958,110.584,108.272,83.0598,95.4139,40.68756372,49.49305556,30.42723248,34.433125,48.89582871,61.541,0.744287789,3.953094348,0.886363636
0888_TME10-3_30x_Str_05B_xyz-7449-15130-429,TME10-3,D1,Female,CPc,CPc_d,68.5337,58.7981,6,80.95,60864,150.915,1.01986,212.829,2885.87,32,71,7,39,0.486756,72153.9,184.045,168.199,1.35918,128.904,131.796,78.5305,77.4897,36.42074788,40.64070423,18.61504188,19.4459375,51.03055794,58.03128205,0.789942017,5.047534472,0.694229625
0889_TME10-3_30x_Str_05B_xyz-7485-11706-423,TME10-3,D2,Female,CPc,CPc_i,74.1517,73.171,4,100.4,45994.8,137.338,1.02867,208.94,1700.17,15,36,6,21,0.533333,57114,182.406,149.52,1.21828,118.09,119.616,81.9781,81.3164,40.47816269,47.22194444,15.36895038,16.334,58.41331434,69.2847619,0.765187675,4.395398806,0.865784499
0890_TME10-3_30x_Str_05B_xyz-7603-18801-216,TME10-3,D2,Female,CPc,CPc_d,60.7951,58.1107,4,99.54,95791.6,137.525,1.02111,200.143,3378.86,31,68,6,37,0.345699,113863,155.254,191.333,1.2052,126.929,130.089,94.7281,94.9093,43.89413208,49.68411765,14.559874,15.51129032,68.47148343,78.31540541,0.80927703,5.689746593,0.767915845
0891_TME10-3_30x_Str_05B_xyz-7629-19185-279,TME10-3,D1,Female,CPc,CPc_d,67.5233,70.2776,6,111.41,55451.3,146.14,1.02898,193.391,2393.57,18,43,7,25,0.5,68259.1,166.723,133.6,1.20622,123.162,117.56,85.8703,89.6936,48.70185972,55.65930233,19.60944859,21.33055556,69.64839573,80.376,0.772701053,4.576642106,0.809327846
0892_TME10-3_30x_Str_05B_xyz-7663-11404-81,TME10-3,D2,Female,CPi,CPi_vl,80.9076,73.1721,4,126.01,74880.8,137.213,1.04297,178.151,2947,26,57,5,31,0.364103,96621.8,179.966,153.292,1.21812,112.883,119.896,93.4734,101.554,41.6774461,51.69649123,15.60766665,17.43307692,63.54242241,80.43354839,0.702164232,3.268176001,0.84389348
0893_TME10-3_30x_Str_05B_xyz-7716-16642-184,TME10-3,D1,Female,CPi,CPi_dl,72.6851,65.8917,5,153.71,131433,160.605,1.02616,190.501,4441.19,34,75,7,41,0.421569,157260,189.019,231.219,1.14217,124.303,125.04,93.4941,92.1277,51.55918537,59.21106667,12.06630882,12.39617647,84.30937568,98.03317073,0.794624209,5.190703307,0.747431044
0894_TME10-3_30x_Str_05B_xyz-7790-10850-328,TME10-3,D1,Female,CPc,CPc_v,75.9216,70.1706,5,133.4,105176,144.036,1.03582,209.991,3793.45,31,67,5,36,0.376651,130620,175.306,195.907,1.21399,115.974,122.705,91.0763,87.5595,47.27567516,56.6138806,16.59302901,17.37967742,73.69684267,90.39888889,0.755229426,4.174177415,0.782548476
0895_TME10-3_30x_Str_05B_xyz-7845-17517-278,TME10-3,D2,Female,CPc,CPc_d,66.2162,73.3818,4,121.94,88937.5,135.651,1.03165,188.46,3529.64,29,66,8,37,0.410345,113234,177.092,127.11,1.14589,127.302,122.37,93.3962,93.04,44.75983947,53.475,12.14462777,12.93689655,70.3231135,85.24810811,0.72237346,3.568050765,0.867850099
0896_TME10-3_30x_Str_05B_xyz-7884-15373-158,TME10-3,D1,Female,CPi,CPi_dl,74.9392,67.2705,7,111.89,124077,140.37,1.03096,187.711,4727.21,43,92,6,49,0.498265,154741,217.918,205.418,1.25229,120.708,128.451,93.7755,90.0873,43.70154976,51.3776087,15.15451647,16.39186047,68.75302796,82.07938776,0.766819163,4.433650527,0.78200692
0897_TME10-3_30x_Str_05B_xyz-7894-11107-55,TME10-3,D2,Female,CPi,CPi_vl,76.8083,67.7292,6,112.21,87978.6,131.757,1.03232,182.56,3083.33,31,65,3,34,0.422427,110927,160.951,185.303,1.23923,115.693,125.403,72.4943,68.3826,39.91501509,47.43092308,15.64715959,16.25483871,62.04158923,75.85617647,0.738996561,3.853545509,0.912037037
0898_TME10-3_30x_Str_05B_xyz-7910-10536-112,TME10-3,D1,Female,CPi,CPi_vl,74.524,60.8714,6,123.08,100981,163.557,1.03244,214.22,3332.63,29,62,4,33,0.481632,132157,213.966,151.471,1.37245,117.416,125.877,92.7832,100.493,45.41907243,53.7466129,18.05084889,19.3737931,69.46993554,83.9530303,0.72838935,3.666899696,0.746122449
0899_TME10-3_30x_Str_05B_xyz-7977-12362-333,TME10-3,D1,Female,CPc,CPc_i,72.9614,67.7606,7,150.77,119815,142.082,1.0299,216.511,4197.63,40,84,4,44,0.4603,150410,169.422,152.798,1.24666,120.386,120.465,85.4126,90.5478,43.27063363,49.96666667,14.9025329,15.94825,69.05981611,80.8925,0.759693167,4.270817361,0.715028355
0900_TME10-3_30x_Str_05B_xyz-7997-11187-312,TME10-3,D1,Female,CPc,CPc_v,79.3825,63.8727,5,143.61,123894,146.702,1.02563,197.1,3917.29,32,72,8,40,0.3625,150729,169.822,188.092,1.24766,116.409,131.229,80.8788,86.0667,47.91364279,54.40263889,20.78013749,22.208125,69.62044703,80.15825,0.775643705,4.651318432,0.853741497
0901_TME10-3_30x_Str_05B_xyz-8230-16256-80,TME10-3,D1,Female,CPi,CPi_dl,59.0139,61.46,3,129.49,33932.9,139.889,1.03443,205.719,2088.93,13,33,7,20,0.435897,41771,198.74,177.166,1.075,136.274,127.445,98.4414,89.2616,53.10668769,63.29727273,15.03563509,15.28461538,77.85287187,94.5055,0.773823788,4.604878735,0.909090909
0902_TME10-3_30x_Str_05B_xyz-8337-19655-307,TME10-3,D1,Female,CPc,CPc_d,79.2773,63.467,8,125.52,139405,145.955,1.02717,217.42,4562.75,45,95,5,50,0.420635,173887,198.043,153.311,1.27572,112.848,127.738,83.4907,78.0028,41.96874295,48.02357895,15.68611339,16.39733333,65.62310956,76.4872,0.771257036,4.540778755,0.752218935
0904_TME10-3_30x_Str_05B_xyz-8540-8674-366,TME10-3,D2,Female,CPc,CPc_v,80.1237,94.3922,5,86.7,51923.7,178.671,1.03989,245.02,1665.15,14,31,3,17,0.396825,75868.1,277.726,169.821,1.32103,114.632,100.44,90.8883,103.43,43.99752934,53.70967742,25.25783473,29.15357143,59.43021902,73.93235294,0.579647376,2.112988708,0.789473684
0906_TME10-3_30x_Str_05B_xyz-8622-16023-271,TME10-3,D2,Female,CPc,CPc_i,70.7088,73.4057,5,139.59,64149.4,130.642,1.03162,173.27,3609.95,33,72,6,39,0.447258,80992.5,161.064,150.97,1.28686,122.673,120.77,83.419,77.3855,42.62609771,50.13236111,14.8667016,15.49878788,66.11481749,79.43769231,0.71453025,3.446088402,0.791195717
0907_TME10-3_30x_Str_05B_xyz-8680-14925-314,TME10-3,D1,Female,CPc,CPc_i,74.7071,65.9472,6,139.09,128919,168.612,1.03263,199.68,4318.4,35,76,6,41,0.489524,159831,196.386,199.74,1.18961,119.455,129.07,81.8108,84.2109,48.04962711,56.81592105,15.29498367,16.30657143,76.01090809,91.39707317,0.744641932,3.959920907,0.82747431
0908_TME10-3_30x_Str_05B_xyz-8880-8116-323,TME10-3,D2,Female,CPc,CPc_v,69.0542,68.8132,4,121.89,105814,153.562,1.03121,182.03,3782,34,75,7,41,0.27549,136120,232.074,195.073,1.3062,126.616,125.716,102.583,101.418,42.80830444,50.42146667,18.76260018,20.75058824,62.74864457,75.02658537,0.750335376,4.072627495,0.783126014
0909_TME10-3_30x_Str_05B_xyz-8916-17685-85,TME10-3,D2,Female,CPi,CPi_dl,81.9948,65.9022,6,112.53,76272.7,129.38,1.02973,183.1,2672.37,28,61,5,33,0.290476,95830.5,183.708,159.31,1.29241,104.107,127.873,83.0178,77.2557,37.10576953,43.8042623,15.85696956,17.26214286,55.13505435,66.32484848,0.774618385,4.625052134,0.856326531
0911_TME10-3_30x_Str_05B_xyz-9236-8106-266,TME10-3,D2,Female,CPc,CPc_v,69.6828,63.975,5,120.94,89152.4,147.704,1.0334,202.23,3214.18,28,60,4,32,0.333929,108931,196.131,190.313,1.18813,127.648,130.022,105.101,98.5086,45.69289553,53.5645,15.04385936,16.03571429,72.51080219,86.4021875,0.768212769,4.466799826,0.833044983
0912_TME10-3_30x_Str_05B_xyz-9247-9901-397,TME10-3,D2,Female,CPc,CPc_v,78.2969,67.2996,5,111.52,78256.1,127.192,1.03537,170.25,2923.62,28,63,7,35,0.427891,103180,179.571,145.562,1.23991,109.299,120.986,88.7375,84.1744,37.39111344,46.40142857,13.83754485,14.66571429,56.23396832,71.79,0.714790605,3.450017871,0.795471147
0913_TME10-3_30x_Str_05B_xyz-9281-14360-128,TME10-3,D2,Female,CPi,CPi_vl,69.9125,71.3423,5,85.93,66072.8,124.019,1.03265,157.82,2500.75,31,66,4,35,0.293465,87732.9,156.857,104.16,1.54991,121.777,120.726,80.8572,92.2115,31.68129954,37.88545455,23.16036431,26.52419355,39.2284136,47.94828571,0.630270198,2.48948325,0.7706355
0914_TME10-3_30x_Str_05B_xyz-9455-8996-387,TME10-3,D1,Female,CPc,CPc_v,73.7003,64.4205,6,132.69,97980.8,133.594,1.0293,211.46,3483.1,32,71,7,39,0.332463,117523,158.196,146.247,1.22797,122.012,128.727,87.1677,85.9788,42.4574557,49.05239437,13.34477761,14.145,66.34478131,77.69435897,0.7847522,4.896935383,0.745984533
0915_TME10-3_30x_Str_05B_xyz-9631-12856-152,TME10-3,D2,Female,CPc,CPc_i,70.5554,68.8799,6,135.02,104622,134.719,1.02734,177.081,3640.39,34,75,7,41,0.461086,127492,184.604,160.789,1.23678,123.984,124.147,88.6501,89.3242,41.43863403,48.5336,14.28777317,14.73117647,63.95398207,76.56487805,0.768077465,4.463561953,0.84424013
0916_TME10-3_30x_Str_05B_xyz-9651-18836-400,TME10-3,D2,Female,CPc,CPc_i,67.376,65.0315,6,90.41,92289.7,142.75,1.02274,214.32,2938.35,32,68,4,36,0.415869,113744,174.715,117.61,1.35071,126.142,123.585,92.1881,89.8174,38.2822307,43.20632353,15.82271227,16.85,58.24624709,66.63416667,0.760902925,4.297700576,0.804709141
0917_TME10-3_30x_Str_05B_xyz-9789-9979-253,TME10-3,D1,Female,CPc,CPc_v,81.4496,62.1758,6,134.28,132319,132.765,1.02531,187,4353.8,44,93,5,49,0.346735,164884,159.467,168.801,1.28564,110.194,129.856,96.7833,96.7571,41.40011429,46.80978495,16.35577045,17.50295455,63.88891284,73.12612245,0.789907867,5.046516377,0.814302191
0919_TME10-3_30x_Str_05B_xyz-9954-16100-292,TME10-3,D2,Female,CPc,CPc_i,79.3846,69.9254,5,135.66,82486.7,128.286,1.03108,180.359,3047.35,28,61,5,33,0.36158,104052,160.382,136.74,1.21775,115.359,124.265,93.2795,86.4361,42.77652082,49.95163934,14.9707636,15.75571429,66.36928452,78.96636364,0.749659611,4.058952041,0.795102041
0920_TME10-3_30x_Str_05B_xyz-10248-14466-373,TME10-3,D2,Female,CPc,CPc_i,66.1835,66.6933,6,143.99,105415,128.919,1.02494,176.75,3553.99,35,74,4,39,0.404637,131467,155.025,176.62,1.26156,125.268,128.454,99.5194,93.3599,41.95282344,48.0227027,13.85690578,14.51257143,67.16710851,78.09589744,0.754652422,4.161970448,0.790600833
0921_TME10-3_30x_Str_05B_xyz-10410-15218-210,TME10-3,D1,Female,CPc,CPc_i,75.829,60.2618,7,127.95,154618,156.257,1.02487,244.01,4365.38,36,76,4,40,0.357826,188022,183.26,205.801,1.227,116.79,129.834,87.8115,85.6278,50.40895255,57.43394737,14.84968573,15.84083333,82.4122927,94.86775,0.794167778,5.176427165,0.778344671
0923_TME10-3_30x_Str_05B_xyz-10668-15128-322,TME10-3,D2,Female,CPc,CPc_i,69.5661,65.6082,5,112.09,122655,132.854,1.02428,189.179,4063.13,42,89,5,47,0.394651,149199,157.237,163.482,1.2891,124.161,127.913,77.8616,82.6097,39.8914105,45.64853933,15.94503444,16.77714286,61.29029975,71.44851064,0.768026236,4.462337126,0.781757601
0925_TME10-3_30x_Str_05B_xyz-10876-15330-116,TME10-3,D2,Female,CPi,CPi_vl,66.8066,59.1731,6,111.8,100999,136.98,1.02839,206.321,3190.97,28,60,4,32,0.394466,122627,160.702,146.99,1.17109,122.632,131.65,83.1371,81.8758,45.34831592,53.1775,11.34958363,11.86321429,75.09720668,89.3275,0.77943544,4.750820175,0.833910035
0926_TME10-3_30x_Str_05B_xyz-10884-9575-355,TME10-3,D1,Female,CPc,CPc_v,65.9031,58.1766,5,136.38,60746.7,140.529,1.02225,203.01,4013.1,34,77,9,43,0.389216,71538.8,165.685,176.13,1.29266,128.039,132.079,84.9961,74.827,46.91351883,52.11350649,18.53462233,19.69647059,69.3526463,77.7455814,0.8134186,5.846725255,0.824197531
0927_TME10-3_30x_Str_05B_xyz-10925-13706-118,TME10-3,D1,Female,CPi,CPi_vl,91.5469,67.3069,6,139.55,111542,149.243,1.02558,225.4,3256.04,29,61,3,32,0.531691,141032,212.597,184.39,1.26025,98.651,124.726,89.6073,88.8478,46.50104318,53.37278689,16.43526282,17.41413793,73.74815662,85.9603125,0.772513306,4.571950584,0.906574394
0928_TME10-3_30x_Str_05B_xyz-10964-15790-226,TME10-3,D2,Female,CPc,CPc_i,69.8897,64.4277,6,144.85,113946,130.19,1.02333,187.716,3678.9,31,67,5,36,0.489475,134872,160.525,185.561,1.20506,124.453,130.064,107.286,107.097,48.54395261,54.9038806,15.86512626,16.35451613,76.68405309,88.09916667,0.792229052,5.116567067,0.909279778
0930_TME10-3_30x_Str_05B_xyz-11052-10452-392,TME10-3,D2,Female,CPc,CPc_v,76.8008,66.5429,4,98.46,111867,134.217,1.02577,188.259,3770.93,33,74,8,41,0.262626,133752,153.911,174.989,1.22306,122.398,130.511,95.9248,94.3409,44.89012353,50.95324324,17.77092771,18.78424242,66.71776895,76.84536585,0.796401562,5.24697552,0.858842618
0931_TME10-3_30x_Str_05B_xyz-11068-16610-183,TME10-3,D2,Female,CPc,CPc_i,66.779,65.9754,6,79.94,74682.6,128.317,1.03,180.46,2879.11,25,55,5,30,0.454949,92747.7,157.098,163.48,1.1812,129.85,126.923,85.074,84.7057,44.22550009,52.34309091,13.04839928,13.596,70.20641744,84.63233333,0.7579639,4.23290828,0.790039063
0932_TME10-3_30x_Str_05B_xyz-11187-11482-438,TME10-3,D2,Female,CPc,CPc_v,69.0596,68.2686,7,101.97,86394,128.739,1.03201,163.861,3195.51,36,78,6,42,0.468033,106196,143.423,159.97,1.24065,126.011,125.678,68.2529,66.5894,35.24086321,40.96307692,12.30125993,13.08222222,54.90338031,64.86095238,0.766999258,4.437909554,0.79803719
0933_TME10-3_30x_Str_05B_xyz-11338-12835-336,TME10-3,D2,Female,CPc,CPc_v,68.9966,76.3196,5,121.6,87156.9,132.914,1.02431,168.673,3290.12,35,74,4,39,0.328277,108249,160.064,148.079,1.275,128.321,126.573,88.8922,85.9452,39.01997733,44.45621622,13.29452296,13.78542857,62.10692356,71.98128205,0.735572172,3.791472653,0.879238548
0934_TME10-3_30x_Str_05B_xyz-11339-11190-266,TME10-3,D2,Female,CPc,CPc_d,76.2893,72.1669,5,137.71,88681.1,117.225,1.02946,167.478,3193.71,33,71,5,38,0.494108,112194,149.338,173.197,1.27164,122.638,122.914,66.098,78.3495,38.7080115,44.97647887,13.41499976,14.08393939,60.67299539,71.80421053,0.735157816,3.784082493,0.841875
0935_TME10-3_30x_Str_05B_xyz-11429-15556-286,TME10-3,D1,Female,CPc,CPc_i,61.3366,64.4403,7,158.83,113495,152.493,1.02123,211.082,3463.81,33,68,2,35,0.520832,137800,178.862,150.705,1.27586,131.797,130.503,79.1771,70.076,45.69123091,50.93338235,15.57949091,16.22363636,74.08230005,83.65971429,0.772046244,4.560316715,0.838568298
0936_TME10-3_30x_Str_05B_xyz-11580-14132-383,TME10-3,D1,Female,CPc,CPc_i,53.2615,64.6797,6,129.56,107032,142.368,1.03254,203.04,4028.03,42,88,4,46,0.444235,134288,165.681,158.811,1.35579,136.288,132.763,81.5435,91.7996,39.42068142,45.76772727,15.95753215,17.38047619,60.84355684,71.68652174,0.747400926,4.013832626,0.871961806
0939_TME10-3_30x_Str_05B_xyz-11882-11950-217,TME10-3,D1,Female,CPc,CPc_v,73.9974,74.2512,5,133.87,78520.2,132.691,1.02908,206.01,2811.74,25,55,5,30,0.362222,96166.6,167.781,170.309,1.23846,118.155,122.332,95.4193,98.275,44.63610455,51.11763636,16.79486216,17.7052,67.83713987,78.96133333,0.759069253,4.257070098,0.943359375
0942_TME10-3_30x_Str_06A_xyz-1913-12645-235,TME10-3,D1,Female,CPc,CPc_v,75.8751,65.897,6,160.73,143652,150.772,1.02774,205.011,4774.37,40,85,5,45,0.387798,174492,173.017,217.782,1.18382,118.945,128.267,77.2368,75.6715,49.33918373,56.16411765,12.77612621,13.3325,81.83967931,94.23666667,0.776777175,4.680668227,0.724762336
0943_TME10-3_30x_Str_06A_xyz-2004-13982-209,TME10-3,D2,Female,CPc,CPc_i,83.286,74.9235,6,95.1,95971.4,135.984,1.0341,194.575,3884.15,36,79,7,43,0.411376,123773,211.14,174.606,1.24489,108.232,121.104,90.2009,95.3788,41.24344372,49.16189873,12.89116902,15.72,64.98023185,77.15976744,0.781771835,4.814052031,0.804938272
0944_TME10-3_30x_Str_06A_xyz-2232-15403-401,TME10-3,D2,Female,CPc,CPc_i,88.9619,91.1044,6,45.27,38546.6,125.453,1.04247,163.59,1873.69,14,33,5,19,0.571429,50993.2,144.283,142.79,1.14936,103.852,101.185,88.7439,92.3647,45.20925363,56.77333333,13.21459627,14.02,68.78426432,88.27578947,0.695959898,3.184920032,0.857142857
0946_TME10-3_30x_Str_06A_xyz-2518-14305-114,TME10-3,D2,Female,CPc,CPc_i,68.8694,61.5722,5,130.42,93008.6,133.042,1.02879,184.86,3414.2,32,70,6,38,0.412847,113789,162.28,153.239,1.24964,123.823,127.908,100.166,94.6767,42.35500097,48.76957143,16.16697572,17.5871875,64.40807486,75.02842105,0.786594244,4.949453801,0.91625
0947_TME10-3_30x_Str_06A_xyz-2555-11124-329,TME10-3,D1,Female,CPc,CPc_v,78.3364,60.3597,6,140.86,175401,183.374,1.01907,273.22,4837.21,40,87,7,47,0.383294,201449,198.294,189.36,1.30967,119.567,134.131,72.677,76.9359,50.85398386,55.59528736,25.55889874,26.6165,72.38171589,80.25808511,0.846419801,7.441105963,0.816743024
0948_TME10-3_30x_Str_06A_xyz-2599-15127-335,TME10-3,D2,Female,CPc,CPc_i,66.7418,68.1328,5,164.55,118128,139.599,1.02507,182.741,3764.65,31,69,7,38,0.36828,141776,164.659,181.792,1.16043,125.049,124.84,98.598,94.8952,47.71155932,54.55507246,13.91014779,14.4816129,75.28639504,87.24657895,0.785588086,4.920642642,0.915
0949_TME10-3_30x_Str_06A_xyz-3384-12903-257,TME10-3,D2,Female,CPc,CPc_i,67.3692,63.2057,7,132.36,108511,147.319,1.03052,218.119,3715.3,32,71,7,39,0.358482,132741,171.087,163.677,1.21241,124.009,129.889,103.443,97.1724,44.9967321,52.32380282,15.01641994,16.020625,69.59596259,82.11102564,0.7793164,4.747638414,0.792385485
0950_TME10-3_30x_Str_06A_xyz-3452-14362-389,TME10-3,D1,Female,CPc,CPc_i,78.0042,62.9922,4,140.71,92934.1,138.265,1.0273,195.122,3341.79,26,60,8,34,0.301282,110194,161.744,176.692,1.19986,120.425,129.905,93.7444,89.1542,48.56114466,55.69133333,16.91221083,17.54961538,72.76327052,84.85852941,0.816389871,5.964225489,0.808641975
0951_TME10-3_30x_Str_06A_xyz-3535-10934-331,TME10-3,D2,Female,CPc,CPc_v,68.2841,64.0319,5,146.87,45973.4,140.115,1.02834,152.9,3577.73,29,64,6,35,0.34023,56349.2,160.125,171.656,1.17275,128.002,124.191,87.0058,87.0874,48.25813782,55.89640625,14.03996485,14.37275862,76.61033829,90.30171429,0.756629652,4.204068035,0.875821768
0952_TME10-3_30x_Str_06A_xyz-3563-11507-260,TME10-3,D1,Female,CPc,CPc_v,99.8178,68.1789,4,152.58,125084,157.725,1.02956,219.981,4417.08,40,86,6,46,0.2075,152438,190.986,194.731,1.29846,94.6904,129.06,90.92,88.7622,45.52993307,51.35674419,20.93617708,22.58675,66.91580783,76.37413043,0.812452852,5.80942822,0.795572917
0953_TME10-3_30x_Str_06A_xyz-3606-14428-81,TME10-3,D1,Female,CPc,CPc_i,75.3549,68.6478,5,149.18,113562,162.087,1.0252,214.33,3860.69,34,76,8,42,0.427451,132405,185.351,188.272,1.24078,124.707,129.727,75.8975,88.5215,45.48174477,50.79328947,22.43990776,23.69294118,64.13466044,72.73166667,0.823444294,6.260945812,0.829545455
0954_TME10-3_30x_Str_06A_xyz-3623-12765-392,TME10-3,D2,Female,CPc,CPc_i,89.7813,70.7426,6,120.37,96891.2,132.315,1.02602,199.67,3815.59,39,85,7,46,0.539194,123824,156.974,135.541,1.24267,105.792,125.363,92.6914,89.9126,39.25161023,44.88447059,14.27145897,15.5125641,60.43043413,69.78673913,0.766840626,4.434157705,0.735677083
0955_TME10-3_30x_Str_06A_xyz-3632-14035-311,TME10-3,D2,Female,CPc,CPc_i,65.7091,68.4464,6,128.66,95650.3,121.468,1.0276,173.479,3634.69,34,73,5,39,0.495603,118544,142.369,164.419,1.22424,131.352,127.523,93.2296,99.2608,43.11129015,49.78534247,11.26879177,11.84676471,70.87141695,82.86,0.782618158,4.8373307,0.903628792
0956_TME10-3_30x_Str_06A_xyz-3774-11759-439,TME10-3,D2,Female,CPc,CPc_i,68.0291,67.1458,6,89.38,68352.9,130.753,1.02879,197.773,2810.58,28,62,6,34,0.300916,83634.2,153.52,156.972,1.15287,128.679,128.451,83.456,87.4562,39.39730285,45.3266129,10.10979491,10.62964286,63.51642703,73.90058824,0.790449599,5.062710484,0.847993827
0958_TME10-3_30x_Str_06A_xyz-4041-13641-188,TME10-3,D1,Female,CPc,CPc_i,73.989,63.455,6,142.66,121065,149.964,1.02907,230.31,4144.27,37,80,6,43,0.377821,148696,174.372,165.979,1.21794,121.52,129.353,88.2725,94.1587,44.29588851,51.798875,16.53824632,17.59162162,68.18037133,81.23302326,0.760349691,4.285369151,0.838024691
0959_TME10-3_30x_Str_06A_xyz-4092-9820-412,TME10-3,D2,Female,CPc,CPc_v,83.0506,68.8383,5,63.7,43818.8,154.626,1.02312,130.55,1400.47,13,29,3,16,0.5,55318.2,203.996,196.11,1.28696,112.426,126.34,98.6324,109.684,43.09008764,48.28758621,20.66301235,21.75461538,61.31208631,69.845625,0.775284832,4.642094578,0.851851852
0960_TME10-3_30x_Str_06A_xyz-4321-13607-327,TME10-3,D2,Female,CPc,CPc_i,64.7805,87.7604,5,71.67,42635.9,144.434,1.03483,199.05,1703.89,12,28,4,16,0.188889,57440.7,157.73,102.811,1.10897,129.355,101.092,86.7342,77.0927,49.35641648,60.84892857,13.35441016,13.85083333,76.35792122,96.0975,0.685427738,3.051859668,0.814814815
0961_TME10-3_30x_Str_06A_xyz-4394-9427-280,TME10-3,D1,Female,CPc,CPc_v,64.5542,59.9558,6,144.23,52276.2,171.428,1.01812,253.23,3606.11,28,63,7,35,0.406818,60593.1,183.674,233.57,1.34898,127.072,132.794,77.9334,78.51,52.75285315,57.23492063,21.86462058,22.51821429,77.4634392,85.00828571,0.837733251,6.950976621,0.813732652
0962_TME10-3_30x_Str_06A_xyz-4517-11005-257,TME10-3,D1,Female,CPc,CPc_v,79.0072,58.4977,6,196.17,145187,183.466,1.03012,237.902,4322.89,32,73,9,41,0.466518,173220,214.009,171.795,1.30546,110.437,131.119,107.354,97.5532,50.66111214,59.21246575,24.0259308,25.3925,71.44954636,85.60853659,0.786212809,4.938495895,0.719848567
0963_TME10-3_30x_Str_06A_xyz-4705-16431-238,TME10-3,D2,Female,CPc,CPc_i,55.7258,66.1072,6,120.08,88530.2,136.523,1.0333,199.71,3357.18,31,67,5,36,0.395699,112886,168.636,174.19,1.31902,130.752,129.603,87.2011,92.1352,42.16207831,50.10223881,17.10709132,18.6283871,63.73720599,77.20472222,0.721321367,3.551248824,0.734764543
0964_TME10-3_30x_Str_06A_xyz-4874-13046-324,TME10-3,D2,Female,CPc,CPc_i,70.4553,66.8896,5,150.7,108014,130.622,1.03277,202.072,3837.38,33,74,8,41,0.379076,131375,165.69,144.488,1.22196,124.741,129.156,91.1643,84.6476,43.88028309,51.85162162,17.23169481,18.6530303,65.32914682,78.57243902,0.772606781,4.574285317,0.767982693
0966_TME10-3_30x_Str_06A_xyz-5132-9163-236,TME10-3,D1,Female,CPc,CPc_v,54.0827,65.911,5,134.02,29355.4,151.496,1.02131,236.68,2712.14,26,56,4,30,0.386264,35035.2,186.022,174.609,1.37081,135.101,127.845,85.6915,85.3952,44.13577877,48.42625,20.81280806,21.54692308,64.34902005,71.72166667,0.799862794,5.359764736,0.779296875
0967_TME10-3_30x_Str_06A_xyz-5340-12807-183,TME10-3,D2,Female,CPc,CPc_i,82.2489,57.1404,8,143.31,119585,150.179,1.02705,216.319,3993.03,33,72,6,39,0.43843,142543,170.697,150.952,1.22272,108.283,132.478,87.7583,81.3257,48.8894435,55.45416667,13.2460976,14.01515152,79.04919772,90.51794872,0.814084507,5.872694494,0.722784057
0968_TME10-3_30x_Str_06A_xyz-5399-11504-352,TME10-3,D1,Female,CPc,CPc_i,62.1705,62.8046,7,124.49,46788.8,180.597,1.01975,246.581,3925.91,38,82,6,44,0.434593,56467.1,197.769,169.14,1.38715,128.936,127.288,90.7413,84.7955,43.54616143,47.87085366,18.10336409,18.74763158,65.51948641,73.02272727,0.820943712,6.15277963,0.776937618
0969_TME10-3_30x_Str_06A_xyz-5472-18665-295,TME10-3,D1,Female,CPc,CPc_d,70.5303,62.6011,6,225.12,131226,170.841,1.02321,221.34,4166.52,37,80,6,43,0.339768,158685,207.659,164.75,1.25618,118.959,130.253,93.7936,97.9467,45.81183308,52.07575,17.01405955,17.78135135,70.59131263,81.58488372,0.791366553,5.090334925,0.838518519
0970_TME10-3_30x_Str_06A_xyz-5518-10871-343,TME10-3,D1,Female,CPc,CPc_i,73.6325,67.0428,5,179.29,136158,146.157,1.02256,237.881,4429.72,38,84,8,46,0.463596,166372,175.634,179.589,1.2923,123.696,127.768,92.2893,89.6927,46.73298261,52.72988095,20.52457703,22.09657895,68.38340461,78.03565217,0.790718871,5.070794662,0.773003472
0971_TME10-3_30x_Str_06A_xyz-5759-13814-423,TME10-3,D2,Female,CPc,CPc_i,71.7964,82.5705,7,75.24,48390.5,133.968,1.03196,171.309,2309.42,27,58,4,31,0.392122,65494.2,170.599,163.339,1.3404,122.276,114.262,89.1762,89.4427,33.73268928,39.81275862,13.8927563,14.81925926,51.01263091,61.58129032,0.707339928,3.340617581,0.680440771
0973_TME10-3_30x_Str_06A_xyz-5802-8541-352,TME10-3,D1,Female,CPc,CPc_v,90.7091,72.985,5,78.58,53091.6,157.061,1.0289,165.64,1979.54,21,48,6,27,0.487982,63778.8,194.949,153.275,1.47849,112.195,126.988,112.326,106.149,36.08208367,41.235625,26.72950115,29.04142857,43.35631452,50.72,0.764064438,4.369405453,0.803804994
0974_TME10-3_30x_Str_06A_xyz-5864-9463-30,TME10-3,D1,Female,CPc,CPc_v,79.1503,71.5087,7,124.48,58296.3,146.701,1.0216,221.71,2057.26,21,48,6,27,0.573696,69968,180.104,142.027,1.43727,116.508,122.652,93.5506,84.1303,38.24578968,42.85458333,16.78578721,17.66047619,54.93690272,62.45,0.795400434,5.215145029,0.896551724
0975_TME10-3_30x_Str_06A_xyz-5929-19141-331,TME10-3,D2,Female,CPc,CPc_d,74.344,67.1489,5,91.09,79831,145.024,1.02711,197.78,3113.17,29,64,6,35,0.496305,98358.5,164.676,164.87,1.24216,117.492,126.343,83.0351,76.0871,42.52653157,48.63859375,12.56919718,13.24103448,67.34832292,77.968,0.791806568,5.103687304,0.815924032
0976_TME10-3_30x_Str_06A_xyz-6059-16528-313,TME10-3,D2,Female,CPc,CPc_d,72.5968,65.2485,7,96.97,88419.8,130.162,1.03399,193.029,2871.25,28,60,4,32,0.531122,113033,156.353,155.689,1.18084,119.731,120.775,93.1108,84.4365,40.68577228,47.849,10.1938069,11.02107143,67.36624198,80.0734375,0.770183157,4.514433239,0.871972318
0977_TME10-3_30x_Str_06A_xyz-6204-9353-223,TME10-3,D2,Female,CPc,CPc_v,63.0818,54.5762,5,98.16,80332.9,155.747,1.02391,237.131,2827.49,22,50,6,28,0.398268,94592.3,187.713,158.871,1.18247,128.54,133.643,95.4108,88.4763,49.48119822,56.5446,17.23862231,18.56590909,74.81465072,86.385,0.800624859,5.385185,0.862222222
0978_TME10-3_30x_Str_06A_xyz-6227-18197-457,TME10-3,D1,Female,CPc,CPc_d,74.616,55.5595,6,102.16,85125.8,149.544,1.02866,218.728,3171.62,30,67,7,37,0.587778,100491,163.96,162.84,1.31162,114.344,132.209,97.3582,85.6936,41.53108049,47.33253731,20.05265108,21.52366667,58.94602325,68.25864865,0.814439058,5.886606259,0.79026956
0979_TME10-3_30x_Str_06A_xyz-6252-16948-386,TME10-3,D1,Female,CPc,CPc_d,61.7958,67.4355,6,28.83,36518.5,116.745,1.03088,197.1,1603.86,15,34,4,19,0.580952,55893.8,247.21,119.452,1.55109,126.02,121.347,96.379,95.0729,40.18187721,47.16764706,22.18431904,23.628,54.39047577,65.75157895,0.792097803,5.112559583,0.882086168
0980_TME10-3_30x_Str_06A_xyz-6369-16078-461,TME10-3,D2,Female,CPc,CPc_d,69.0702,57.9515,6,67.47,50055.5,148.91,1.02803,195.09,1615.95,20,42,2,22,0.503593,61978.3,175.114,130.54,1.34573,123.081,130.319,80.5104,84.9311,34.04098728,38.46857143,14.58235361,15.1,51.73065425,59.71272727,0.840862725,7.120669235,0.916666667
0983_TME10-3_30x_Str_06A_xyz-6617-15374-415,TME10-3,D1,Female,CPc,CPc_d,72.9193,57.6817,5,73.51,84228.1,137.737,1.0274,214.54,2762.92,31,66,4,35,0.446697,104638,191.54,173.39,1.45164,118.139,131.966,73.0036,81.8388,37.41396417,41.85742424,22.53852277,24.06483871,50.58935513,57.61657143,0.786574923,4.948897711,0.872899927
0985_TME10-3_30x_Str_06A_xyz-6661-16295-349,TME10-3,D1,Female,CPc,CPc_d,82.9908,71.3326,7,112.97,73351.8,125.149,1.02536,168.895,3186.26,29,66,8,37,0.368309,91000.1,157.406,148.793,1.20586,114.368,124.233,86.1847,95.5539,42.79761542,48.2719697,14.82733006,15.8137931,64.72027151,73.71216216,0.804977717,5.534639606,0.813938199
0988_TME10-3_30x_Str_06A_xyz-6859-19009-481,TME10-3,D2,Female,CPc,CPc_d,70.7132,54.3278,5,108.62,76145.5,130.594,1.02702,196.86,2748.71,31,67,5,36,0.280031,92257.2,194.715,151.91,1.27058,120.008,134.711,87.523,88.3801,35.28755997,41.02074627,15.27931339,16.1383871,52.51688343,62.44722222,0.789992196,5.049031132,0.824099723
0989_TME10-3_30x_Str_06A_xyz-6929-18578-345,TME10-3,D1,Female,CPc,CPc_d,62.6092,62.6793,3,53.42,35948.4,132.299,1.02864,185.87,1489.26,14,33,5,19,0.380952,43117.2,140.395,108.69,1.26917,127.623,123.393,74.8161,74.4585,39.53048298,45.12363636,17.08420936,18.145,56.06984249,65.00263158,0.77923029,4.745339216,0.816326531
0991_TME10-3_30x_Str_06A_xyz-7677-18421-365,TME10-3,D1,Female,CPc,CPc_d,61.072,72.6282,7,153.21,118286,147.747,1.02229,205.312,3790.75,31,68,6,37,0.526882,145676,184.204,167.715,1.17461,131.636,124.335,84.3968,91.9436,49.84295815,55.74176471,13.84827404,14.33387097,80.00066645,90.43486486,0.773470183,4.595951992,0.864562788
0992_TME10-3_30x_Str_06A_xyz-7991-17737-464,TME10-3,D1,Female,CPc,CPc_d,88.0881,62.4295,5,80.11,62300.1,128.723,1.03135,216.34,2010.88,25,54,4,29,0.420658,74100.2,153.444,136.16,1.46868,107.613,129.132,105.352,104.803,32.65278242,37.23333333,18.95780544,20.1828,44.45879705,51.93206897,0.781632258,4.810232205,0.905306972
0993_TME10-3_30x_Str_06A_xyz-8407-17527-305,TME10-3,D2,Female,CPc,CPc_d,78.295,74.2629,6,107.64,65205.5,136.404,1.03321,198.27,2497.53,23,50,4,27,0.608006,85644.5,170.998,136.03,1.20549,115.99,117.478,87.4914,103.176,42.13386237,49.9454,11.93207991,12.96217391,67.86130669,81.44962963,0.733561694,3.755853414,0.894173603
0994_TME10-3_30x_Str_06A_xyz-8456-17489-467,TME10-3,D1,Female,CPc,CPc_d,67.1979,67.5101,5,51.57,61678.9,168.822,1.03427,204.128,2284.45,22,49,5,27,0.375541,74733.1,188.433,171.989,1.28652,122.538,124.747,98.5102,96.6054,39.91105159,46.61591837,18.28933939,19.32590909,57.52874301,68.85222222,0.757438931,4.221518794,0.876337693
0995_TME10-3_30x_Str_06A_xyz-8716-18140-386,TME10-3,D1,Female,CPc,CPc_d,72.2525,62.6081,6,135.08,85730.5,172.152,1.02254,266.94,2825.65,29,62,4,33,0.51757,101288,195.634,113.681,1.32574,122.249,130.559,80.4812,92.1696,40.7433639,45.56967742,18.21936591,19.49,60.53718033,68.48818182,0.795324165,5.212734312,0.79755102
0997_TME10-3_30x_Str_06A_xyz-8819-18829-337,TME10-3,D1,Female,CPc,CPc_d,78.5358,64.6883,5,125.23,92399.6,141.806,1.02241,201.6,3177.86,30,67,7,37,0.440476,110838,163.109,183.601,1.24607,116.336,131.552,88.5299,102.871,41.9625619,47.42552239,15.91937678,16.80933333,63.07865795,72.24945946,0.787824661,4.985100778,0.769230769
0998_TME10-3_30x_Str_06A_xyz-8854-17857-373,TME10-3,D2,Female,CPc,CPc_d,70.0281,59.6071,4,102.58,67569.4,148.369,1.02901,230.13,2343.26,20,45,5,25,0.466667,79608.4,173.85,141.52,1.23897,117.644,128.988,88.7154,89.5191,44.81699408,52.068,16.43942913,17.082,67.51904605,80.0568,0.775439859,4.646075115,0.899862826
1000_TME10-3_30x_Str_06B_xyz-2901-18501-389,TME10-3,D1,Female,CPc,CPc_d,61.7226,51.6379,4,98.29,75898.3,153.193,1.02429,237.61,2785.5,23,52,6,29,0.34058,87752.3,160.06,169.109,1.24525,132.783,137.097,77.1372,76.7344,47.42873926,53.5625,20.78629416,22.31391304,68.55895435,78.34586207,0.819625714,6.097113823,0.905306972
1001_TME10-3_30x_Str_06B_xyz-3174-18704-415,TME10-3,D2,Female,CPc,CPc_d,78.3837,71.222,6,81.32,68831.6,128.821,1.02618,195.749,2586.95,26,55,3,29,0.362721,85798.7,165.638,166.999,1.22304,118.529,124.285,88.571,88.7134,41.01449759,47.03,12.32518268,13.60730769,66.73595233,76.99517241,0.776753295,4.680046477,0.821019771
1004_TME10-3_30x_Str_06B_xyz-3480-18705-152,TME10-3,D1,Female,CPc,CPc_d,67.3605,59.115,6,114.78,86077.6,154.786,1.02393,222.831,2971.68,28,60,4,32,0.3625,102991,197.623,162.529,1.18787,126.602,127.889,85.6485,80.532,43.82852278,49.524,12.97080135,13.48178571,70.82902902,81.0609375,0.782030731,4.821151753,0.811418685
1005_TME10-3_30x_Str_06B_xyz-3485-19826-261,TME10-3,D2,Female,CPc,CPc_d,65.7408,70.7029,5,49.57,38565.4,127.454,1.03395,161.86,1471.83,16,36,4,20,0.520833,49679.5,147.043,107.16,1.40254,120.729,116.605,103.931,92.9731,33.99336498,40.88,18.83511568,19.79,46.11996442,57.752,0.696998404,3.198593591,0.892561983
1006_TME10-3_30x_Str_06B_xyz-3522-19753-455,TME10-3,D2,Female,CPc,CPc_d,60.9618,57.9705,3,60.32,32053.9,186.139,1.02388,231.03,1777.36,17,38,4,21,0.431373,36924.5,209.399,140.942,1.39329,135.914,133.789,99.6454,93.1708,42.31536619,46.76684211,24.34291817,25.81352941,56.86449078,63.72904762,0.833133997,6.714452692,0.897920605
1007_TME10-3_30x_Str_06B_xyz-3688-20745-213,TME10-3,D1,Female,CPc,CPc_d,56.0969,66.9976,4,134.52,113385,155.768,1.02137,231.001,3705.58,29,63,5,34,0.349425,135892,180.101,188.653,1.18404,138.233,127.308,91.6813,83.9165,52.28384289,58.81380952,16.33792848,17.38758621,82.94359342,94.14794118,0.79694748,5.264480314,0.847993827
1008_TME10-3_30x_Str_06B_xyz-3798-19551-407,TME10-3,D2,Female,CPc,CPc_d,64.1163,67.878,6,113.8,45032.3,121.349,1.02678,172.79,2910.75,32,69,5,37,0.465278,55008,159.234,154.33,1.26802,127.876,126.636,96.5584,92.1791,37.1149365,42.17927536,11.53141692,12.0696875,59.2412237,68.22,0.778241587,4.719082489,0.814595661
1009_TME10-3_30x_Str_06B_xyz-3881-19170-257,TME10-3,D2,Female,CPc,CPc_d,79.2382,69.9488,6,135.28,88110.3,157.733,1.02965,236.17,2987.13,27,58,4,31,0.320723,108879,193.157,141.27,1.2224,116.277,125.376,83.8038,83.9659,44.20120525,51.49724138,16.01744533,17.34777778,68.74835098,81.24032258,0.765845891,4.410759888,0.799816345
1010_TME10-3_30x_Str_06B_xyz-3919-18285-182,TME10-3,D2,Female,CPc,CPc_d,80.5236,63.8218,5,83.94,102014,160.427,1.02876,247.35,3105.12,27,59,5,32,0.508466,122041,188.467,120.32,1.25193,112.834,129.723,81.3441,83.4678,45.6181591,52.62355932,15.57614428,16.78148148,70.96610911,82.8653125,0.776385547,4.670490028,0.807958478
1012_TME10-3_30x_Str_06B_xyz-4454-18327-429,TME10-3,D2,Female,CPc,CPc_d,75.9749,64.7172,6,89.05,69616.7,137.492,1.02736,209.651,2684.75,30,65,5,35,0.439206,86112.9,170.624,139.389,1.3704,122.121,125.363,100.476,95.64,35.91080885,41.29907692,14.23382754,15.111,54.49107854,63.746,0.740717435,3.885427032,0.7706355
1014_TME10-3_30x_Str_06B_xyz-4843-19233-177,TME10-3,D1,Female,CPc,CPc_d,52.0381,66.967,4,106.03,83988.1,151.098,1.02841,192.446,3301.28,24,56,8,32,0.319444,99364.1,175.422,176.043,1.16627,139.689,128.412,99.6937,96.254,51.23695805,58.94642857,15.69307125,16.48541667,77.89487315,90.7921875,0.803894698,5.496762349,0.833044983
1015_TME10-3_30x_Str_06B_xyz-5200-8377-278,TME10-3,D2,Female,CPc,CPc_v,76.3461,66.3864,3,99.72,36492.5,113.453,1.02328,164.541,1681.63,15,37,7,22,0.466667,42745.9,136.629,142.538,1.18,121.127,127.328,101.264,109.489,39.9305227,45.44459459,15.90937134,16.62266667,56.30858044,65.09590909,0.789747484,5.041739872,0.798611111
1017_TME10-3_30x_Str_06B_xyz-5258-17989-439,TME10-3,D2,Female,CPc,CPc_d,87.0126,63.5622,7,69.49,98762.6,165.937,1.02491,248.209,2987.14,32,69,5,37,0.488889,123270,193.895,132.889,1.41474,107.991,133.613,84.1027,78.2033,38.35748463,43.28666667,19.25068678,21.3859375,54.88228277,62.22783784,0.772127853,4.562345655,0.743589744
1018_TME10-3_30x_Str_06B_xyz-5261-8950-223,TME10-3,D2,Female,CPc,CPc_v,70.0687,70.4112,5,95.22,47839.3,147.42,1.02308,205.669,1722.86,18,40,4,22,0.415344,58319.7,206.58,124.49,1.40955,127.976,126.81,82.5426,92.306,38.26535981,43.06725,17.62259466,18.37111111,55.15489493,63.27318182,0.773192089,4.588953298,0.855902778
1020_TME10-3_30x_Str_06B_xyz-5523-8491-234,TME10-3,D1,Female,CPc,CPc_v,85.338,63.1988,6,109.34,56752.1,142.03,1.03339,195.001,2208.62,23,52,6,29,0.364803,68674.4,166.894,118.97,1.37982,109.62,127.535,76.6799,77.5642,36.43071933,42.46788462,19.15093123,21.07826087,50.13537885,59.43206897,0.751134132,4.088898405,0.903225806
1022_TME10-3_30x_Str_06B_xyz-5554-8626-399,TME10-3,D1,Female,CPc,CPc_v,65.4548,74.292,5,89.36,52078.4,168.243,1.02485,184.481,2251.63,25,55,5,30,0.376667,63511,204.404,133.06,1.30958,124.774,122.034,79.3939,82.0689,36.63664328,40.93418182,18.40024142,19.5052,51.83364483,58.79166667,0.767476037,4.449220291,0.698242188
1024_TME10-3_30x_Str_06B_xyz-5625-15860-108,TME10-3,D1,Female,CPc,CPc_d,48.9958,59.5572,5,130.57,46892.1,159.247,1.02414,228.578,2679.41,19,46,8,27,0.275439,59171.8,207.809,189.86,1.27871,137.588,124.835,84.9342,90.623,50.77374486,58.24282609,22.88121693,23.98052632,70.40182007,82.35333333,0.74798563,4.025426462,0.746730083
1025_TME10-3_30x_Str_06B_xyz-5769-9378-392,TME10-3,D2,Female,CPc,CPc_v,75.1117,60.1075,5,89.05,49200.5,102.383,1.02714,157.8,2091.94,29,61,3,32,0.231154,59949.9,140.811,113.969,1.2935,116.23,134.278,89.5564,90.3351,30.01029726,34.2895082,14.91670541,15.77689655,43.68886488,51.0665625,0.754474427,4.15821771,0.891868512
1026_TME10-3_30x_Str_06B_xyz-5787-8995-368,TME10-3,D1,Female,CPc,CPc_v,76.2141,60.9688,4,108.92,36404.3,112.57,1.03276,143.145,1663.29,15,35,5,20,0.38,49477.2,165.552,146.259,1.22289,118.288,126.106,82.5246,88.5103,40.57698633,47.51771429,14.8083581,15.30066667,59.9034575,71.6805,0.768165101,4.465658637,0.890495868
1028_TME10-3_30x_Str_06B_xyz-5862-18758-114,TME10-3,D1,Female,CPc,CPc_d,61.9141,62.4527,4,93.82,52533.9,154.852,1.02243,211.5,1810.65,18,40,4,22,0.378307,61610.2,173.479,114.367,1.30026,133.808,130.144,84.2881,80.8563,39.82484273,45.26075,16.00247896,16.81833333,59.31586764,68.53181818,0.774719794,4.627638141,0.902777778
1029_TME10-3_30x_Str_06B_xyz-5863-16353-323,TME10-3,D1,Female,CPc,CPc_d,69.8131,66.8689,5,107.73,72863.3,144.455,1.02386,202.801,2227.34,17,40,6,23,0.351821,85917.3,168.923,160.259,1.14991,119.987,127.761,83.8993,95.2851,49.38324202,55.6785,18.42478469,19.16352941,72.26558004,82.66782609,0.78160004,4.809351258,0.7808
1031_TME10-3_30x_Str_06B_xyz-5946-16983-401,TME10-3,D2,Female,CPc,CPc_d,69.3322,58.1472,5,102.13,94101.6,141.919,1.02947,197.6,3250.57,29,65,7,36,0.451724,111625,163.711,149.08,1.27599,123.797,132.486,81.2737,73.5456,43.33736305,50.00338462,18.79011738,19.88310345,63.11153317,74.26694444,0.775944551,4.659076229,0.893351801
1034_TME10-3_30x_Str_06B_xyz-6078-15370-411,TME10-3,D1,Female,CPc,CPc_i,81.5038,60.7853,6,111.66,118512,140.56,1.02734,231.08,3837.33,33,73,7,40,0.431818,142650,184.101,180.729,1.32349,109.313,130.419,86.1932,83.4875,45.37243397,52.5609589,23.01418011,24.70212121,63.8179934,75.5445,0.793022468,5.140913431,0.835600907
1036_TME10-3_30x_Str_06B_xyz-6175-8938-355,TME10-3,D2,Female,CPc,CPc_v,82.1182,59.4153,6,120.05,43179,143.898,1.02903,182.37,1964.2,23,51,5,28,0.276087,52140.6,173.961,143.37,1.35897,114.888,130.635,103.724,96.7387,33.84714895,38.50901961,16.62164632,18.23913043,47.99666898,55.15928571,0.782069582,4.822218794,0.896666667
1037_TME10-3_30x_Str_06B_xyz-6260-14583-304,TME10-3,D1,Female,CPc,CPc_i,63.0579,63.9657,6,149.84,106396,168.709,1.02922,223.33,3031.02,19,44,6,25,0.492899,132834,211.53,155.627,1.10707,124.486,128.134,93.7741,83.7152,57.29171756,68.88204545,11.52920246,12.03842105,92.07122903,112.0832,0.762541894,4.334608133,0.776406036
1039_TME10-3_30x_Str_06B_xyz-6566-9503-50,TME10-3,D2,Female,CPc,CPc_v,91.7498,90.8828,5,66.92,29960.5,150.812,1.05079,217.669,1166.03,10,23,3,13,0.6,40174,205.755,107.459,1.31965,107.678,101.531,99.1335,82.3085,37.66588167,50.69217391,17.5090602,18.562,53.17112895,75.40769231,0.629638471,2.484096974,0.875555556
1040_TME10-3_30x_Str_06B_xyz-6575-10527-262,TME10-3,D2,Female,CPc,CPc_v,79.5103,66.838,6,63.26,44539.2,161.868,1.02652,266.571,1765,14,33,5,19,0.559524,54743,201.501,118.509,1.43238,111.517,129.279,77.1221,77.4079,46.70007063,53.47939394,27.26959707,29.75428571,61.01726168,70.96105263,0.742941983,3.927342749,0.875283447
1041_TME10-3_30x_Str_06B_xyz-6585-14772-139,TME10-3,D1,Female,CPc,CPc_i,75.6374,75.076,3,139.6,81094.4,164.082,1.0332,218.94,2445.69,11,30,8,19,0.30303,98958.9,188.625,144.572,1.13327,114.179,124.727,78.8234,73.5497,67.06358196,81.51733333,23.51026836,26.34545455,92.27865825,113.4589474,0.773608573,4.59944194,0.93877551
1042_TME10-3_30x_Str_06B_xyz-6631-18244-419,TME10-3,D1,Female,CPc,CPc_d,80.5619,78.2464,6,122.6,88392.5,148.612,1.03126,232.081,2941.23,21,47,5,26,0.441558,106146,168.483,180.541,1.1452,112.775,122.166,101.154,98.9133,54.42953154,62.57446809,13.54314806,14.61238095,87.45314896,101.3130769,0.806003855,5.570963109,0.871173469
1044_TME10-3_30x_Str_06B_xyz-6747-11929-48,TME10-3,D2,Female,CPc,CPc_v,74.0902,68.9423,4,113.73,68692.5,156.024,1.03124,179.631,2437.62,19,45,7,26,0.333333,83213.6,179.239,154.9,1.1848,122.852,127.435,80.0115,78.1576,46.38304304,54.16422222,15.98365961,16.87,68.59797709,81.41769231,0.772398352,4.569082296,0.868622449
1048_TME10-3_30x_Str_06B_xyz-7063-16664-272,TME10-3,D1,Female,CPc,CPc_i,66.3802,65.5546,6,122.99,140133,171.895,1.02339,226.242,4175.24,30,67,7,37,0.434444,166062,198.748,204.34,1.1932,129.765,131.896,100.345,101.851,54.73873279,62.3119403,16.21005049,17.02833333,85.97820492,99.02837838,0.798290671,5.30799971,0.831689678
1049_TME10-3_30x_Str_06B_xyz-7067-13221-87,TME10-3,D1,Female,CPc,CPc_i,89.9712,81.4565,5,96.23,53378,128.9,1.05989,121.159,2278.6,19,43,5,24,0.45614,75705.4,165.737,138.408,1.20276,92.8199,105.762,91.9061,104.872,38.6955155,52.98581395,13.44754071,14.81315789,58.68349555,83.20583333,0.580897995,2.121115821,0.852071006
1050_TME10-3_30x_Str_06B_xyz-7103-15800-220,TME10-3,D1,Female,CPc,CPc_i,85.501,58.7847,5,142.64,116465,150.194,1.03044,220.35,4134.92,32,74,10,42,0.366667,141004,183.851,173.23,1.22636,111.496,132.004,85.817,81.6942,48.06803695,55.87202703,21.49011435,23.275,68.31788273,80.70785714,0.768213734,4.466822935,0.754132231
1052_TME10-3_30x_Str_06B_xyz-7131-11166-284,TME10-3,D1,Female,CPc,CPc_v,85.4695,67.9074,6,155.77,110734,152.722,1.02641,214.205,3754.91,33,71,5,38,0.258201,137872,182.921,182.278,1.25521,108.068,120.588,97.9845,89.2166,46.64392325,52.88140845,19.50324232,20.66969697,70.21346195,80.85473684,0.764244286,4.373548881,0.81875
1053_TME10-3_30x_Str_06B_xyz-7183-18139-149,TME10-3,D1,Female,CPc,CPc_i,71.4749,63.37,4,132.43,88983.9,134.919,1.0274,208.439,3433.57,28,63,7,35,0.272959,105538,173.409,167.82,1.16848,123.087,130.715,95.3198,100.649,48.40038197,54.49634921,15.38610178,16.12892857,74.81180612,85.19028571,0.820857999,6.149131707,0.855368882
1054_TME10-3_30x_Str_06B_xyz-7262-13817-86,TME10-3,D1,Female,CPc,CPc_i,69.5628,58.0269,6,119.09,124318,159.582,1.02512,247.27,3728.61,36,77,5,41,0.322421,146729,173.342,169.05,1.29857,122.298,135.139,72.2679,78.3665,42.70068643,48.41805195,18.38894366,19.47138889,64.04758252,73.83463415,0.804516775,5.518461499,0.856679286
1055_TME10-3_30x_Str_06B_xyz-7423-14825-406,TME10-3,D1,Female,CPc,CPc_i,71.1257,67.0981,4,60.78,58912.2,144.876,1.04011,125.673,2041.82,14,34,6,20,0.380952,76100.7,199.802,159.59,1.30556,116.09,114.927,90.4942,94.5563,49.35115057,60.04941176,28.5406905,32.93071429,63.91847262,79.0325,0.707153463,3.337958556,0.830578512
1057_TME10-3_30x_Str_06B_xyz-7458-10314-209,TME10-3,D1,Female,CPc,CPc_v,68.2102,67.9086,5,164.04,145924,153.761,1.0265,236.67,4485.06,30,69,9,39,0.386667,172281,185.77,219.06,1.22493,126.77,128.644,88.6417,92.8847,57.13170636,64.99550725,25.83749307,27.627,81.20417812,93.74051282,0.805649524,5.55837203,0.8810232
1058_TME10-3_30x_Str_06B_xyz-7469-9489-455,TME10-3,D2,Female,CPc,CPc_v,88.1712,64.2217,4,84.81,35829,170.873,1.02549,208.14,993.914,7,17,3,10,0.27619,44598,219.051,109.569,1.30576,101.935,125.063,114.764,108.743,48.96925899,58.46117647,24.22346896,25.31428571,66.29131202,81.664,0.698494635,3.218476691,0.916666667
1059_TME10-3_30x_Str_06B_xyz-7541-15087-304,TME10-3,D1,Female,CPc,CPc_i,73.0079,69.7647,7,138.71,100349,161.011,1.0266,187.85,3921.38,36,78,6,42,0.370679,125995,214.596,187.79,1.28484,121.558,128.292,90.5485,97.4561,43.41948247,50.26910256,18.79606628,20.70416667,64.52526778,75.61047619,0.760066833,4.279088784,0.793904959
1060_TME10-3_30x_Str_06B_xyz-7548-11869-162,TME10-3,D2,Female,CPc,CPc_v,58.2714,65.5173,6,114.44,145512,147.295,1.03067,245.48,4510.77,35,79,9,44,0.430612,179760,182.856,203.11,1.26246,125.713,126.613,85.0446,86.5438,48.20565341,57.09379747,18.49318664,20.14971429,71.84057016,86.48113636,0.760490759,4.288507502,0.737712665
1061_TME10-3_30x_Str_06B_xyz-7610-14664-113,TME10-3,D1,Female,CPc,CPc_i,75.9994,72.8341,5,132.22,155730,195.716,1.02726,256.14,4598.86,35,77,7,42,0.469841,188281,274.974,202.871,1.18563,118.558,123.277,83.2602,87.4324,52.0566628,59.72064935,15.77687765,16.48685714,82.28981709,95.74880952,0.792713679,5.131413378,0.796487603
1063_TME10-3_30x_Str_06B_xyz-7719-13797-386,TME10-3,D1,Female,CPc,CPc_i,71.7686,65.785,5,134.64,107131,139.651,1.0252,211.461,3559,30,66,6,36,0.394834,128104,163.929,178.79,1.20368,119.972,130.201,82.8951,86.5623,47.29352779,53.91893939,17.06016402,18.00066667,72.48799759,83.85083333,0.787952606,4.988833997,0.759695291
1064_TME10-3_30x_Str_06B_xyz-7832-9936-259,TME10-3,D1,Female,CPc,CPc_v,76.2309,72.7453,7,153.34,165139,218.319,1.02587,331.669,3611.91,24,52,4,28,0.585119,200131,269.174,233.109,1.21364,119.167,119.286,92.3663,89.8631,60.60916316,69.45519231,17.34567642,18.24416667,97.69215181,113.3503571,0.798001871,5.298588101,0.842222222
1065_TME10-3_30x_Str_06B_xyz-7847-9841-433,TME10-3,D1,Female,CPc,CPc_v,80.1828,66.2489,7,116.61,112023,143.47,1.02151,223.651,3505.28,37,78,4,41,0.371264,139418,175.995,170.79,1.37169,108.084,126.712,86.4548,82.9572,40.54168632,44.93448718,19.69982969,21.1227027,59.35019108,66.42317073,0.765692437,4.407170081,0.826933478
1066_TME10-3_30x_Str_06B_xyz-7955-14297-488,TME10-3,D2,Female,CPc,CPc_i,78.1377,64.5498,6,98.25,73511.5,150.749,1.02607,179.868,2644.27,26,57,5,31,0.461905,90937.1,236.898,168.58,1.19641,110.247,124.12,86.6277,81.1791,38.69674531,46.38596491,10.64924062,10.97115385,62.22045892,76.08870968,0.777168236,4.690871456,0.77318641
1068_TME10-3_30x_Str_06B_xyz-8028-17146-370,TME10-3,D1,Female,CPc,CPc_i,55.0471,71.8389,4,132.15,72143.4,126.454,1.03664,194.87,2864.55,17,43,9,26,0.372549,91037.3,175.7,167.67,1.14387,133.546,118.942,95.0759,105.53,53.72436227,66.61186047,17.83902846,19.30352941,77.18784976,97.54423077,0.725461826,3.618196916,0.904336735
1069_TME10-3_30x_Str_06B_xyz-8042-12716-180,TME10-3,D1,Female,CPc,CPc_v,73.304,61.8966,5,158.98,165000,164.577,1.02735,239.03,4961.49,35,79,9,44,0.41102,192884,186.661,196,1.20558,120.465,133.813,69.305,72.0115,55.22163186,62.79848101,18.82055748,19.73828571,84.17703194,97.05090909,0.805252202,5.544314057,0.808128544
1070_TME10-3_30x_Str_06B_xyz-8088-16264-118,TME10-3,D2,Female,CPc,CPc_i,69.5267,71.9127,7,113.43,83924.9,118.486,1.02756,171.189,3298.92,34,74,6,40,0.464519,111347,165.829,147.959,1.3331,127.412,119.729,91.4468,90.6158,38.32888661,44.57459459,15.1530513,15.92735294,58.02834663,68.92475,0.744970317,3.966269741,0.837301587
1071_TME10-3_30x_Str_06B_xyz-8097-15641-157,TME10-3,D2,Female,CPc,CPc_i,72.0493,68.5083,6,137.81,120771,143.926,1.0215,213.13,3902.94,37,80,6,43,0.47651,148792,165.443,154.642,1.27395,126.743,127.627,94.939,96.8723,42.60176581,48.78175,17.22167632,18.27081081,64.44044746,75.03534884,0.77625622,4.667137614,0.883950617
1072_TME10-3_30x_Str_06B_xyz-8167-14615-185,TME10-3,D1,Female,CPc,CPc_i,100.834,67.7486,5,152.57,136147,155.105,1.02501,239.04,4433.68,36,79,7,43,0.36358,167031,182.135,185.72,1.22687,93.5477,129.534,83.9512,89.6762,49.10658965,56.11772152,16.70459735,17.845,76.23383902,88.16,0.80419721,5.507295301,0.821728395
1073_TME10-3_30x_Str_06B_xyz-8187-8796-462,TME10-3,D2,Female,CPc,CPc_v,75.8836,70.08,4,49.9,33323.9,138.199,1.0328,181.231,1233.82,14,31,3,17,0.404762,41646.7,161.673,103.919,1.49336,115.485,118.102,100.287,108.317,34.1340129,39.79612903,29.57016053,31.15857143,37.89247955,46.90941176,0.725146101,3.613013126,0.858725762
1074_TME10-3_30x_Str_06B_xyz-8332-11054-442,TME10-3,D2,Female,CPc,CPc_v,78.3102,63.7774,5,102.6,101821,144.885,1.02825,198.41,3252.29,28,62,6,34,0.419048,124291,200.098,202.312,1.27525,115.481,126.217,85.3495,98.2724,44.61545461,52.45048387,16.78669146,17.80785714,67.53325955,80.97970588,0.73436533,3.77001951,0.86882716
1075_TME10-3_30x_Str_06B_xyz-8425-12754-450,TME10-3,D2,Female,CPc,CPc_i,82.7007,70.0109,4,107.99,53392.9,118.642,1.03002,158.682,2465.17,26,58,6,32,0.423077,64906,146.187,169.22,1.19735,112.809,124.93,82.7909,86.9485,36.80368525,42.49758621,12.63637893,13.20153846,56.43962164,66.300625,0.788678931,5.010122514,0.809688581
1079_TME10-3_30x_Str_06B_xyz-8898-10371-200,TME10-3,D2,Female,CPc,CPc_v,74.2651,66.5515,5,129.98,110875,151.285,1.02376,231.33,3585.3,27,60,6,33,0.479012,133014,177.46,173.051,1.20013,117.789,126.618,74.6623,83.3582,52.44426143,59.74983333,17.77922406,18.62962963,80.80656473,93.39363636,0.787388495,4.972411798,0.840816327
1081_TME10-3_30x_Str_06B_xyz-9159-13939-248,TME10-3,D1,Female,CPc,CPc_i,72.3343,59.0767,5,187.89,142036,155.976,1.02565,239.54,4605.16,36,81,9,45,0.436111,167603,175.465,154.388,1.21042,110.94,134.258,90.1529,89.018,49.66385325,56.84876543,17.27672132,18.32777778,75.5735588,87.66555556,0.802762035,5.457644988,0.785423268
1082_TME10-3_30x_Str_06B_xyz-9230-15740-393,TME10-3,D1,Female,CPc,CPc_i,82.3699,64.2248,7,142.05,160518,143.651,1.0257,220.86,5621.54,53,112,6,59,0.380462,193566,167.532,181.94,1.26147,114.631,133.036,84.7167,83.3075,43.96403684,50.18758929,16.93711838,17.67207547,68.24245513,79.39644068,0.790313087,5.058620905,0.789572696
1083_TME10-3_30x_Str_06B_xyz-9276-13165-135,TME10-3,D1,Female,CPc,CPc_i,76.1696,57.1398,5,144.34,162122,155.171,1.02297,242.277,4794,41,89,7,48,0.341696,189398,183.204,210.493,1.27697,116.544,133.03,86.678,85.8001,47.65358932,53.86,18.83789741,19.81268293,72.26699282,82.94208333,0.816972731,5.98777501,0.8808
1084_TME10-3_30x_Str_06B_xyz-9572-11972-406,TME10-3,D1,Female,CPc,CPc_v,58.7397,60.4007,5,146.21,124366,160.076,1.03055,226.47,4076.74,31,70,8,39,0.327803,148384,187.571,176.961,1.27225,129.994,133.391,83.8262,83.7533,50.83999095,58.23428571,21.6482659,23.51322581,74.04366983,85.83307692,0.803012278,5.46624413,0.826293873
1085_TME10-3_30x_Str_06B_xyz-9677-14235-341,TME10-3,D1,Female,CPc,CPc_i,78.6009,97.196,4,153.83,87200.3,174.5,1.02853,265.721,2433.59,14,34,6,20,0.392857,112235,226.8,183.383,1.12557,117.125,108.788,59.8295,57.1867,60.6753646,71.57029412,20.9977816,21.92214286,88.44967269,106.324,0.693944375,3.158674563,0.76446281
1086_TME10-3_30x_Str_06B_xyz-9706-14002-442,TME10-3,D2,Female,CPc,CPc_i,68.3984,62.933,5,136.18,87595.9,134.22,1.02288,179.419,3418.24,33,72,6,39,0.384127,105696,160.963,186.742,1.201,127.446,133.188,85.688,83.4532,41.87173193,47.47013889,12.52515662,13.02818182,66.7034495,76.61333333,0.790329927,5.059125078,0.807257585
1088_TME10-3_30x_Str_06B_xyz-9816-11895-312,TME10-3,D2,Female,CPc,CPc_v,51.9442,62.6428,7,166.61,101008,148.531,1.02882,198.641,3674.44,30,65,5,35,0.388137,124954,168.532,163.801,1.24472,131.956,124.444,81.3575,96.6752,48.63840615,56.52461538,16.53692028,17.886,76.15396546,89.64342857,0.785452795,4.916791595,0.891891892
1092_TME10-3_30x_Str_06B_xyz-10158-13941-276,TME10-3,D2,Female,CPc,CPc_i,48.6353,60.4896,6,61.01,47861.7,133.863,1.03093,211.83,3383.84,27,62,8,35,0.488889,56804.8,174.714,178.069,1.23158,141.926,130.39,85.3115,83.1185,46.76463958,54.57290323,14.13578918,14.46,71.93546703,85.51714286,0.783570138,4.863758079,0.832724617
1093_TME10-3_30x_Str_06B_xyz-10298-13039-351,TME10-3,D2,Female,CPc,CPc_i,68.233,63.1744,5,113.12,89900.8,141.391,1.02746,198.63,3511.92,30,67,7,37,0.345202,108143,164.202,158.314,1.16173,127.471,130.741,103.822,99.7725,45.55930554,52.41149254,10.42958903,10.80566667,74.04285947,86.14594595,0.787165384,4.965943419,0.833004602
1095_TME10-3_30x_Str_06B_xyz-10641-12958-466,TME10-3,D1,Female,CPc,CPc_i,71.4422,75.1511,6,37.96,41381.4,150.701,1.02642,217.439,1609.78,14,34,6,20,0.531746,48175.9,162.776,112.93,1.23529,124.991,118.122,76.9235,92.4294,42.19405498,47.34117647,13.83061804,14.49428571,62.04846085,70.334,0.812046209,5.793851677,0.832644628
1097_TME10-3_30x_Str_06B_xyz-10814-12518-312,TME10-3,D1,Female,CPc,CPc_v,70.6807,78.9235,5,87.23,57209.8,170.763,1.0269,229.49,1848.11,13,33,7,20,0.384615,71782.4,255.988,147.38,1.14938,121.841,111.401,92.0597,80.8793,47.40206293,55.99818182,25.80324975,26.62538462,61.4412915,75.0905,0.739386602,3.860730587,0.865702479
1098_TME10-3_30x_Str_07A_xyz-1768-13359-253,TME10-3,D2,Female,CPc,CPc_i,68.8844,110.385,5,27.57,34742.4,132.385,1.03549,204.8,1429.18,10,24,4,14,0.45,47980.4,162.696,113.479,1.16949,127.054,97.053,88.1186,79.8905,48.91283036,59.54375,17.67910519,19.786,71.22263405,87.94214286,0.682148808,3.012414387,0.93359375
1101_TME10-3_30x_Str_07A_xyz-2345-15852-485,TME10-3,D2,Female,CPc,CPc_i,57.9782,47.9289,4,34.48,37491,156.961,1.02079,170.255,1516.41,15,34,4,19,0.387302,43210.4,178.206,164.087,1.26691,131.086,135.641,87.8483,85.9687,40.45532755,44.59441176,22.10801786,23.32133333,54.94004572,61.38894737,0.858129408,8.208862909,0.700680272
1102_TME10-3_30x_Str_07A_xyz-2568-15326-327,TME10-3,D2,Female,CPc,CPc_i,64.8287,60.9489,7,121.82,104764,181.639,1.0325,176.071,4071.25,39,85,7,46,0.410969,127027,236.937,171.495,1.17964,126.899,130.353,96.097,101.491,40.91985535,47.89211765,12.04748296,12.45410256,65.39860586,77.9373913,0.776768835,4.68045107,0.752604167
1103_TME10-3_30x_Str_07A_xyz-2584-13245-401,TME10-3,D2,Female,CPc,CPc_i,69.978,62.9071,5,73.9,82662.4,145.585,1.0343,229.42,3156.76,27,62,8,35,0.450617,96636.8,166.027,166.471,1.1828,122.216,127.656,88.9589,87.5239,44.03489694,50.91032258,13.05427658,13.3962963,67.93423264,79.84971429,0.793797862,5.164908736,0.745069394
1105_TME10-3_30x_Str_07A_xyz-2603-11001-470,TME10-3,D2,Female,CPc,CPc_v,78.5721,63.7882,6,100.47,53848.9,120.872,1.0287,205.76,1981.19,25,53,3,28,0.487316,64906.3,138.622,104.958,1.35138,119.062,130.369,88.0507,90.1031,32.98623677,37.37566038,12.23096285,12.8516,51.51773134,59.27214286,0.784987068,4.903575937,0.885555556
1106_TME10-3_30x_Str_07A_xyz-2657-11631-435,TME10-3,D1,Female,CPc,CPc_i,83.8588,62.8027,7,113.45,125523,144.719,1.02725,222.68,3923.83,31,70,8,39,0.422043,146496,169.552,187.5,1.17331,108.048,130.936,85.5999,87.0625,49.07993745,56.04971429,14.83832534,15.52741935,76.29762912,88.25974359,0.831348817,6.626521561,0.8810232
1107_TME10-3_30x_Str_07A_xyz-2755-14223-439,TME10-3,D1,Female,CPc,CPc_i,64.8233,58.0469,5,100.37,117723,177.655,1.02445,260.175,3683.32,27,60,6,33,0.373457,137563,235.073,219.395,1.16967,128.37,133.953,82.4162,78.7408,54.92619046,61.38383333,18.62246616,19.39851852,84.62923761,95.73545455,0.837901545,6.959916068,0.817142857
1108_TME10-3_30x_Str_07A_xyz-2772-13657-212,TME10-3,D2,Female,CPc,CPc_i,60.4416,58.8401,6,140.49,71622.5,161.968,1.03063,208.811,3519.76,30,66,6,36,0.470833,87087.9,192.424,166.206,1.29473,131.087,130.381,88.8057,78.7656,46.20629533,53.32454545,16.05785187,16.87233333,71.32999821,83.70138889,0.779373452,4.749162862,0.734764543
1110_TME10-3_30x_Str_07A_xyz-2852-11771-268,TME10-3,D1,Female,CPc,CPc_i,63.5211,52.9684,5,113.6,95200,160.675,1.01829,261.47,3576.82,31,68,6,37,0.370982,107025,181.794,124.64,1.25929,127.953,138.13,98.0235,94.182,48.26527176,52.59529412,19.37703287,20.00322581,72.46893138,79.90216216,0.849048018,7.601863933,0.89809336
1111_TME10-3_30x_Str_07A_xyz-2983-12545-488,TME10-3,D1,Female,CPc,CPc_i,72.4408,59.1135,5,90.31,75797.2,153.61,1.0232,211.209,2654.38,29,62,4,33,0.26798,88586.7,174.99,215.43,1.19611,119.589,132.531,90.7269,84.9571,38.8769119,42.80806452,13.73571946,14.25517241,60.97068707,67.9,0.829609826,6.542841848,0.909387755
1113_TME10-3_30x_Str_07A_xyz-3050-13821-144,TME10-3,D1,Female,CPc,CPc_i,80.5602,67.5667,5,139.27,86519.7,133.365,1.02347,193.499,3523.15,37,82,8,45,0.42381,106272,173.042,159.411,1.27765,112.906,127.918,86.3575,81.6385,38.72259831,42.96036585,16.78712505,17.60378378,56.75843187,63.80911111,0.791957223,5.108273442,0.657763694
1114_TME10-3_30x_Str_07A_xyz-3061-16088-399,TME10-3,D1,Female,CPc,CPc_i,72.8527,66.593,5,116.86,129467,220.312,1.02893,259.47,4218.37,37,81,7,44,0.431403,157396,351.214,146.488,1.20976,120.891,130.221,89.3661,90.3959,44.52770349,52.07395062,14.40571035,15.21594595,69.85756136,83.06818182,0.775288058,4.642177341,0.810964083
1115_TME10-3_30x_Str_07A_xyz-3340-12305-197,TME10-3,D1,Female,CPc,CPc_i,67.5306,61.0306,6,115.95,108273,162.164,1.02895,240.52,3650.95,32,69,5,37,0.445833,134508,324.537,193.25,1.2394,128.091,134.57,87.2397,82.0049,44.78119495,52.9073913,16.86460659,17.80125,68.92527137,83.26945946,0.802219165,5.439073699,0.867192636
1116_TME10-3_30x_Str_07A_xyz-3485-13130-466,TME10-3,D2,Female,CPc,CPc_i,75.924,69.142,5,79.1,59727.5,156.477,1.03222,227.25,2546.15,20,45,5,25,0.413333,73247.5,168.046,167.23,1.18794,122.162,125.158,83.1544,94.1443,47.82722792,56.57644444,15.31671739,16.874,73.83563635,88.3384,0.796372235,5.246038129,0.860082305
1119_TME10-3_30x_Str_07A_xyz-3656-14479-492,TME10-3,D2,Female,CPc,CPc_i,72.0418,56.7512,7,53.44,45587.8,118.577,1.02898,164.52,2054.84,23,56,10,33,0.484679,53375.3,133.485,156.07,1.23915,119.146,129.288,78.4597,87.5529,32.31312498,36.68910714,11.63826063,12.22086957,46.72287892,53.74272727,0.800456207,5.379540612,0.772244898
1120_TME10-3_30x_Str_07A_xyz-3835-11476-468,TME10-3,D1,Female,CPc,CPc_i,59.8769,69.5275,5,82.88,47797.4,159.179,1.02163,241.99,2790.89,23,51,5,28,0.453623,54888.2,187.362,179.189,1.21712,134.255,128.575,87.7267,83.5778,49.84183434,54.71901961,15.18573619,15.76695652,78.30934353,86.71535714,0.832084787,6.662519635,0.865555556
1121_TME10-3_30x_Str_07A_xyz-4243-13080-199,TME10-3,D1,Female,CPc,CPc_i,86.0326,72.0181,5,130.1,113638,144.444,1.02411,228.099,3986.53,34,75,7,41,0.473156,138674,174.339,138.78,1.26819,107.17,123.08,91.0548,91.974,46.63493718,53.14826667,17.0804375,18.08764706,71.14354667,82.22292683,0.774104623,4.611990568,0.807463494
1122_TME10-3_30x_Str_07B_xyz-4350-10397-241,TME10-3,D2,Female,CPc,CPc_i,77.5946,60.1407,5,109.42,96308.3,151.454,1.02994,239.35,3513.56,34,74,6,40,0.345588,113360,174.731,149.579,1.23336,118.187,135.604,86.7452,82.145,41.83232703,47.47540541,13.82619511,14.33676471,65.63753915,75.64325,0.806903537,5.603164885,0.795351474
1124_TME10-3_30x_Str_07A_xyz-4632-11873-509,TME10-3,D1,Female,CPc,CPc_d,73.5422,70.009,4,79.91,58318.1,193.461,1.02931,238.15,2013.56,19,46,8,27,0.368421,70062.2,229.084,117.871,1.36633,121.074,120.848,88.8067,94.6516,38.28742335,43.76804348,20.28511178,22.19105263,50.95571668,58.95185185,0.786884205,4.95781309,0.778834721
1126_TME10-3_30x_Str_07A_xyz-5569-17770-251,TME10-3,D1,Female,CPc,CPc_v,64.5598,62.9035,6,97.7,83164.6,161.988,1.01805,211.93,3144.72,31,68,6,37,0.410459,97180,172.178,164.82,1.20239,129.759,132.299,75.6687,83.9708,41.98651992,46.24073529,13.47584681,13.9083871,65.87384064,73.33,0.841144805,7.136332056,0.769888231
1128_TME10-3_30x_Str_07A_xyz-5773-9734-433,TME10-3,D1,Female,CPc,CPc_d,86.6786,64.6852,5,92.3,65829.1,145.228,1.0256,215.101,2655.77,20,46,6,26,0.45,77948.8,196.544,171.42,1.18486,105.89,123.948,73.6746,79.9189,49.87596838,57.72956522,19.49135652,20.8825,73.24874674,86.07346154,0.822090225,6.20195222,0.793367347
1129_TME10-3_30x_Str_07A_xyz-5838-18634-480,TME10-3,D2,Female,CPc,CPc_d,85.4036,62.4454,5,57.38,42882.1,134.914,1.02346,205.59,1743.56,20,45,5,25,0.575,52014.6,150.008,87.1531,1.27527,102.877,122.768,81.9803,75.4855,34.3050657,38.74088889,11.4187585,11.979,52.61411145,60.1504,0.811171895,5.76061438,0.777777778
1130_TME10-3_30x_Str_07A_xyz-6075-19271-178,TME10-3,D2,Female,CPc,CPc_v,69.1157,64.6908,4,93.14,59482.4,125.072,1.02628,176.93,2761.43,23,54,8,31,0.449275,74751.2,192.846,143.719,1.18265,121.825,126.722,93.3462,99.5287,43.79657211,51.13222222,17.52881445,18.35782609,63.28555359,75.44870968,0.788650735,5.009293025,0.821854913
1136_TME10-3_30x_Str_07B_xyz-4218-18643-161,TME10-3,D1,Female,CPc,CPc_d,68.2155,56.9964,6,119.42,84155,175.044,1.02865,237.02,2914.44,25,55,5,30,0.404,100959,206.047,131.852,1.23179,123.096,127.646,81.2675,68.8575,45.86731847,52.98454545,14.49415186,15.2976,72.01162398,84.39033333,0.797036225,5.267335829,0.857421875
1137_TME10-3_30x_Str_07B_xyz-4340-20220-398,TME10-3,D1,Female,CPc,CPc_d,77.7434,66.4362,6,93.83,86667.5,142.471,1.02209,216.801,2903.34,25,57,7,32,0.436825,103573,169.765,162.66,1.28408,113.575,127.421,97.2256,92.4189,45.18744196,50.93052632,20.18610849,21.4336,64.71973372,73.975,0.799279399,5.340449841,0.852076125
1138_TME10-3_30x_Str_07B_xyz-4712-18673-336,TME10-3,D1,Female,CPc,CPc_d,89.5117,81.8453,5,75.2,54709.5,155.804,1.02481,230.682,2120.38,15,39,9,24,0.506667,68820.4,176.563,163.48,1.19194,98.5104,113.511,88.109,90.1054,47.79595513,54.36461538,18.70542773,21.86933333,65.97753475,74.67416667,0.799669062,5.353336793,0.825443787
1142_TME10-3_30x_Str_07B_xyz-5562-12600-402,TME10-3,D1,Female,CPc,CPc_v,76.9026,67.3174,6,103.26,92709.4,160.754,1.02114,210.87,3460.37,32,72,8,40,0.382812,114116,178.583,150.971,1.2836,115.427,125.556,100.888,94.2232,43.37522967,48.05597222,20.32758387,21.4796875,61.81334632,69.317,0.760229171,4.282691201,0.816326531
1143_TME10-3_30x_Str_07B_xyz-5568-15569-119,TME10-3,D2,Female,CPc,CPc_i,65.5837,60.3648,5,70.78,85662.6,153.95,1.02041,200.398,2981.05,29,64,6,35,0.357417,103702,177.558,185.081,1.27364,129.826,134.11,93.2425,102.555,41.49102188,46.57390625,16.20424259,17.03965517,62.44292473,71.04514286,0.779875673,4.762620287,0.718042367
1144_TME10-3_30x_Str_07B_xyz-5614-11667-306,TME10-3,D2,Female,CPc,CPc_v,51.892,51.5838,5,93.82,58312,202.381,1.02298,260.579,2889.03,23,51,5,28,0.455487,67842,235.844,207.899,1.35744,137.241,133.636,86.7999,77.3084,51.18475026,56.64313725,21.30182964,22.25869565,75.73143505,84.8875,0.829987093,6.560833471,0.697777778
1145_TME10-3_30x_Str_07B_xyz-5699-11972-226,TME10-3,D2,Female,CPc,CPc_i,86.3771,84.3686,5,88.36,35305.5,117.48,1.04606,185.67,1600.35,15,35,5,20,0.413333,46407.7,147.339,100.091,1.29618,98.7237,104.098,93.9068,95.3693,37.43422281,45.71971429,21.73568808,24.84466667,49.20812386,61.376,0.731736787,3.724034314,0.768595041
1146_TME10-3_30x_Str_07B_xyz-5795-13140-435,TME10-3,D1,Female,CPc,CPc_i,80.2294,70.7852,3,54.25,33354.8,157.759,1.03356,246.23,1292.32,10,27,7,17,0.4,40142.6,173.15,83.1292,1.21747,108.557,120.453,80.6393,92.9374,41.01804896,47.85814815,20.36232828,21.039,53.16847289,63.63411765,0.800093525,5.367438457,0.822714681
1147_TME10-3_30x_Str_07B_xyz-5875-15010-236,TME10-3,D2,Female,CPc,CPc_i,63.3573,68.8928,5,60.87,57448.6,165.94,1.02931,257.69,2061.52,17,39,5,22,0.382353,67382,180.108,93.9608,1.22581,131.071,130.154,92.8671,99.6382,46.48330667,52.85410256,16.16512139,17.09588235,69.91099529,80.48545455,0.815804186,5.940729349,0.883680556
1148_TME10-3_30x_Str_07B_xyz-5881-14921-353,TME10-3,D2,Female,CPc,CPc_i,73.6573,75.7042,4,90.91,56565.7,157.4,1.02587,234.47,1856.01,17,38,4,21,0.312325,70170.9,177.779,144.429,1.40839,116.921,116.956,104.783,103.817,42.53620994,48.83736842,25.27850876,28.80823529,56.50672994,65.05142857,0.752995866,4.127276843,0.846880907
1149_TME10-3_30x_Str_07B_xyz-6044-12922-149,TME10-3,D2,Female,CPc,CPc_i,64.5639,64.2128,5,165.16,94175.3,133.848,1.02836,181.227,3560.98,33,73,7,40,0.633333,113474,157.805,164.692,1.25827,126.614,128.404,85.2459,88.8003,42.80666474,48.77561644,17.44118223,18.47272727,63.73318781,73.7755,0.789097894,5.022476617,0.777777778
1150_TME10-3_30x_Str_07B_xyz-6102-10808-445,TME10-3,D2,Female,CPc,CPc_v,70.4,68.2341,3,81.55,44281.8,154.02,1.0258,236.711,1484.67,9,22,4,13,0.481481,52611.7,172.989,152.232,1.1661,126.609,126.848,88.1952,80.8956,59.22186195,67.48,20.60950668,22.23666667,85.95349253,98.80230769,0.814711429,5.897333853,0.906666667
1151_TME10-3_30x_Str_07B_xyz-6137-11658-94,TME10-3,D1,Female,CPc,CPc_v,72.6715,63.0909,4,147.91,138101,186.942,1.02331,266.2,4293.63,31,70,8,39,0.265899,159774,210.29,218.13,1.18253,124.901,133.376,89.232,83.7909,55.12534219,61.33242857,19.59198859,20.82258065,83.36980275,93.5325641,0.823796085,6.276438248,0.843545509
1152_TME10-3_30x_Str_07B_xyz-6198-18257-438,TME10-3,D1,Female,CPc,CPc_i,55.3011,66.9614,4,105.28,29920.4,139.724,1.02464,195.021,2283.78,19,45,7,26,0.484211,35056.4,162.324,130.01,1.19886,136.54,121.904,87.4789,73.7387,44.71988064,50.74577778,14.70141175,15.28631579,66.65645405,76.65846154,0.809228114,5.687937934,0.789540816
1153_TME10-3_30x_Str_07B_xyz-6314-13232-80,TME10-3,D1,Female,CPc,CPc_i,86.3669,65.2021,7,148.29,98552.5,133.007,1.02272,204.301,3703.54,39,83,5,44,0.419103,124724,170.126,172.989,1.34379,104.776,124.748,99.3776,95.3426,39.54381547,44.61578313,20.31581937,21.7725641,56.58681202,64.86318182,0.765889925,4.411790951,0.792533081
1154_TME10-3_30x_Str_07B_xyz-6629-15980-323,TME10-3,D2,Female,CPc,CPc_i,82.4317,64.2749,7,98.47,123517,139.705,1.02442,207.511,4261.56,46,97,5,51,0.373833,153983,173.771,171.15,1.33007,114.044,125.583,97.001,98.4977,38.55829487,43.92845361,14.81942872,15.75782609,59.9698212,69.3372549,0.785327079,4.913217906,0.665361339
1156_TME10-3_30x_Str_07B_xyz-6722-17851-403,TME10-3,D2,Female,CPc,CPc_i,59.6769,57.2041,6,152.47,64155.5,134.211,1.02546,207.041,3437.3,27,62,8,35,0.319224,75797.4,161.05,162.611,1.1962,131.444,135.498,91.5421,82.4252,48.88898088,55.43548387,12.1511832,12.94185185,77.22956766,88.21628571,0.800957708,5.396356031,0.872899927
1157_TME10-3_30x_Str_07B_xyz-6825-11774-129,TME10-3,D1,Female,CPc,CPc_v,77.2928,67.6928,5,124.98,105969,170.468,1.02349,243.338,3781.19,31,69,7,38,0.430415,124683,197.955,184.539,1.20659,115.019,130.205,103.42,97.8455,49.06058204,54.79492754,15.96236764,16.7016129,76.06175695,85.87105263,0.809426054,5.695263117,0.799375
1158_TME10-3_30x_Str_07B_xyz-6886-16457-474,TME10-3,D1,Female,CPc,CPc_i,51.9647,77.5679,2,105.82,20860.6,149.231,1.03251,207.861,1552.58,11,28,6,17,0.454545,26351.8,182.709,153.753,1.125,132.718,109.442,76.9844,92.7357,46.27541463,55.44392857,16.65469005,17.09454545,65.44176582,80.25823529,0.774191362,4.614191116,0.825484765
1159_TME10-3_30x_Str_07B_xyz-7107-13766-403,TME10-3,D2,Female,CPc,CPc_i,72.5291,112.486,4,42.86,36564.6,124.27,1.04107,149.3,1638.67,10,26,6,16,0.32,57046.8,196.233,185.9,1.19096,121.749,79.319,97.7089,92.4071,45.50281247,63.02076923,24.40389574,28.746,58.68963542,84.4425,0.537993946,1.868857738,0.845679012
1162_TME10-3_30x_Str_07B_xyz-7261-14534-437,TME10-3,D1,Female,CPc,CPc_i,84.3904,85.7771,6,70.64,64388.3,159.605,1.02182,222.45,2016.05,22,47,3,25,0.524892,83357.2,203.075,145.99,1.45838,113.206,116.522,76.9399,86.9655,38.14867996,42.89,17.13440801,18.06454545,56.64123928,64.7364,0.718897033,3.513062139,0.801097394
1164_TME10-3_30x_Str_07B_xyz-7824-15444-429,TME10-3,D2,Female,CPc,CPc_i,64.4323,68.8199,8,101.11,73826.9,114.854,1.0352,181.471,3111.75,30,67,7,37,0.532222,90820.7,141.379,122.292,1.22031,123.575,119.751,75.7921,74.6682,39.82294198,46.43865672,11.47223637,12.22166667,62.81000057,74.18216216,0.762924498,4.343305653,0.850756082
1166_TME10-3_30x_Str_08A_xyz-3030-13561-367,TME10-3,D2,Female,CPc,CPc_i,67.3152,52.1286,6,83.92,91526.5,148.133,1.02505,214.07,3305.72,33,72,6,39,0.271638,109652,169.596,167.02,1.24461,126.07,136.827,90.281,81.9255,40.79601944,45.90763889,16.29199045,17.49393939,61.53019783,69.95,0.822339068,6.212718435,0.786436645
1167_TME10-3_30x_Str_08A_xyz-3189-16283-213,TME10-3,D2,Female,CPc,CPc_i,73.9885,56.3592,6,71.73,69647.1,125.259,1.0317,201.59,2757.96,29,64,6,35,0.490722,80641,135.596,113.04,1.24979,120.42,132.632,101.383,103.751,37.34500275,43.0884375,14.53381321,15.24965517,56.24570266,66.15485714,0.807448898,5.62284818,0.791088386
1168_TME10-3_30x_Str_08A_xyz-3205-13739-216,TME10-3,D1,Female,CPc,CPc_i,82.2634,74.785,4,126.37,83595.8,142.026,1.02623,205.378,2898.48,22,49,5,27,0.289394,102415,160.158,188.63,1.11076,111.706,122.874,76.3011,67.5678,52.21795884,59.14795918,12.14186334,12.75863636,84.87255518,96.94666667,0.795209322,5.209108136,0.858501784
1169_TME10-3_30x_Str_08A_xyz-3519-17635-267,TME10-3,D2,Female,CPc,CPc_i,93.8768,83.4362,6,96.57,79929.8,143.004,1.03512,190.96,3342.66,31,69,7,38,0.42788,104278,169.129,134.7,1.22435,98.9667,115.477,84.77,84.2684,40.84769081,48.44028986,14.51079403,15.8083871,62.33305397,75.06105263,0.740183594,3.875486733,0.839375
1170_TME10-3_30x_Str_08A_xyz-3587-13238-203,TME10-3,D2,Female,CPc,CPc_i,90.6172,71.3662,5,152.64,89251.2,162.48,1.03319,208.01,2935.42,22,52,8,30,0.461039,104500,186.042,216.929,1.23401,98.013,120.91,68.0559,70.2541,48.86611501,56.44442308,19.86468917,21.19863636,70.13382729,82.29133333,0.815858371,5.942896112,0.784179688
1172_TME10-3_30x_Str_08A_xyz-4113-14889-399,TME10-3,D1,Female,CPc,CPc_i,63.8379,63.0649,6,89.27,94047.3,174.442,1.01966,181.01,2955.53,21,49,7,28,0.549206,111063,192.132,220.39,1.17923,126.555,126.711,100.33,97.7277,54.11062287,60.3122449,16.22112033,16.95095238,82.52774978,92.83321429,0.798496526,5.314726628,0.881111111
1174_TME10-3_30x_Str_08A_xyz-4293-15056-82,TME10-3,D1,Female,CPc,CPc_i,62.1587,57.8996,4,105.36,55590.7,145.429,1.04157,197.381,2233.34,17,42,8,25,0.361345,66223.1,168.633,141.62,1.21021,127.837,133.058,96.5052,93.4681,45.32927757,53.1697619,20.55460764,22.01823529,62.17605312,74.3528,0.796828399,5.260653051,0.934156379
1176_TME10-3_30x_Str_08A_xyz-4355-15859-450,TME10-3,D1,Female,CPc,CPc_i,69.003,79.0636,4,108.54,40297.6,188.387,1.02663,286.98,1207.46,10,23,3,13,0.45,51614.9,218.646,139.37,1.37925,121.413,113.475,97.9015,88.023,46.48083084,52.49217391,26.7755207,29.157,61.63876172,70.44230769,0.748415489,4.033988127,0.795555556
1177_TME10-3_30x_Str_08A_xyz-4370-13993-365,TME10-3,D1,Female,CPc,CPc_i,79.1749,67.4495,5,133.04,129141,165.896,1.02684,239.848,3694.97,29,63,5,34,0.410153,154721,197.84,233.499,1.23175,113.767,130.599,69.9085,74.3941,52.07884193,58.64507937,20.27255341,21.64068966,79.20773507,90.20764706,0.785973838,4.931652901,0.883487654
1178_TME10-3_30x_Str_08A_xyz-4470-14522-179,TME10-3,D2,Female,CPc,CPc_i,69.0829,66.9552,4,119.61,56021.5,139.148,1.03708,183.759,2186.4,18,41,5,23,0.425926,67897.3,173.19,153.1,1.17473,126.238,123.645,94.0454,86.4705,45.65047182,53.32195122,15.27430019,15.78055556,69.42312788,82.70217391,0.76326502,4.351072893,0.664
1180_TME10-3_30x_Str_08A_xyz-4634-17161-292,TME10-3,D2,Female,CPc,CPc_i,62.3033,58.4981,5,98.43,66965.1,131.49,1.0239,216.081,2611.12,25,55,5,30,0.304952,81151.7,162.191,145.591,1.2475,128.701,129.352,101.543,102.663,42.35111472,47.47,12.93280611,13.5944,66.86637189,75.69966667,0.818725054,6.0595938,0.834960938
1183_TME10-3_30x_Str_08A_xyz-5957-11691-354,TME10-3,D1,Female,CPc,CPc_v,75.225,69.2397,3,99.14,94575.4,224.19,1.01967,281.44,2620.05,15,36,6,21,0.288889,112602,249.129,190.409,1.14795,119.564,122.37,103.573,114.891,65.55564784,72.77361111,23.09550051,24.25533333,95.8843245,107.4295238,0.805579722,5.555897691,0.844990548
1185_TME10-3_30x_Str_08B_xyz-3880-20712-420,TME10-3,D2,Female,CPc,CPc_d,86.5056,67.7101,5,85.65,48448.1,112.109,1.02813,148.758,2297.95,26,61,9,35,0.32967,60319.8,143.593,175.729,1.26355,107.754,116.403,91.6827,95.7166,32.38017021,37.66688525,13.97973463,14.825,46.04906521,54.63514286,0.734867715,3.778923702,0.872899927
1186_TME10-3_30x_Str_08B_xyz-4602-17521-356,TME10-3,D2,Female,CPc,CPc_i,85.1101,66.863,6,64.39,58838.1,149.408,1.02961,160.411,2189.64,18,41,5,23,0.435185,71174.6,169.39,218.84,1.16026,104.461,121.898,110.824,113.761,46.02225683,53.40121951,14.45922893,15.01666667,70.72375693,83.44130435,0.815868968,5.943320057,0.8448
1188_TME10-3_30x_Str_08B_xyz-4689-12318-343,TME10-3,D2,Female,CPc,CPc_v,76.5618,63.5328,4,131.05,80248,145.885,1.02505,222.84,2644.58,16,39,7,23,0.3125,94418.2,173.257,186.861,1.12161,122.44,134.694,72.5722,66.6195,59.97633627,67.80487179,17.54465685,18.46625,89.4940263,102.1273913,0.827528154,6.445147351,0.8912
1190_TME10-3_30x_Str_08B_xyz-4862-13468-223,TME10-3,D2,Female,CPc,CPc_i,68.6808,66.615,6,78.51,44673.7,139.956,1.03248,204.89,1751.2,15,35,5,20,0.533333,53364.3,155.186,112.48,1.34615,121.146,117.564,72.0089,64.4838,41.60838014,50.02885714,23.68101146,25.52,55.05390665,68.4105,0.767889713,4.459075943,0.865702479
1191_TME10-3_30x_Str_08B_xyz-4907-11370-320,TME10-3,D2,Female,CPc,CPc_v,59.6008,61.1213,4,87.16,38619.2,123.457,1.02784,194.91,1609.98,15,33,3,18,0.311111,47876.5,146.056,143.039,1.19651,129.677,122.095,100.627,102.398,42.98405318,48.78242424,14.68636302,15.306,66.56546164,76.67944444,0.767972621,4.461055896,0.8975
1192_TME10-3_30x_Str_08B_xyz-4963-13461-51,TME10-3,D2,Female,CPc,CPc_i,61.2723,67.5673,4,102.99,50211.9,196.737,1.01739,286.81,2118.38,16,36,4,20,0.213393,61412.2,267.227,252.09,1.35951,125.704,123.79,104.379,83.4914,53.18604388,58.83916667,31.47769838,34.901875,70.55272028,77.989,0.778518136,4.726400409,0.83677686
1193_TME10-3_30x_Str_08B_xyz-5167-18989-419,TME10-3,D2,Female,CPc,CPc_d,80.9489,67.8662,4,108.49,68499.9,117.586,1.03113,170.31,2893.49,26,59,7,33,0.217033,87285.2,147.835,154.318,1.19541,108.859,123.897,89.1282,90.7301,41.35277505,49.03711864,14.23587582,15.33153846,62.71760474,75.5930303,0.735110014,3.783231587,0.879183673
1194_TME10-3_30x_Str_08B_xyz-5253-15872-403,TME10-3,D2,Female,CPc,CPc_i,85.5827,79.2432,6,80.37,73360.3,143.693,1.02829,221.971,2705.53,25,55,5,30,0.507048,93315.4,190.688,156.811,1.25472,110.655,113.084,102.218,102.345,42.47956762,49.18636364,14.32286039,15.63,65.94349031,77.15,0.78394052,4.874110193,0.893554688
1196_TME10-3_30x_Str_08B_xyz-5375-13002-81,TME10-3,D2,Female,CPc,CPc_v,57.6831,57.6808,3,96.62,35999.7,144.38,1.02783,214.073,1810.63,13,31,5,18,0.179487,41712.7,178.719,230.583,1.27664,132.56,132.389,91.4585,91.938,51.25135829,58.40322581,31.87322525,34.47230769,65.24667661,75.68666667,0.813920225,5.866268497,0.8925
1199_TME10-3_30x_Str_08B_xyz-5485-18954-227,TME10-3,D2,Female,CPc,CPc_d,74.8562,66.0912,5,107.6,69911.6,131.754,1.02908,214.89,2773.73,29,63,5,34,0.419048,85635.6,146.673,141.461,1.31095,118.375,124.877,81.3659,78.6258,38.65434085,44.02253968,16.69870161,17.44586207,57.38120962,66.69088235,0.761873824,4.319495769,0.830246914
1200_TME10-3_30x_Str_08B_xyz-5509-17958-303,TME10-3,D1,Female,CPc,CPc_d,67.9146,68.1064,4,109.58,77773.8,174.756,1.02283,254.108,2468.8,17,41,7,24,0.431373,91028.6,187.96,166.469,1.20112,129.003,128.145,89.4309,82.0425,53.65436631,60.20902439,20.12401222,21.46764706,77.40503379,87.65083333,0.812690137,5.818552352,0.877218935
1201_TME10-3_30x_Str_08B_xyz-5640-13322-347,TME10-3,D1,Female,CPc,CPc_i,71.996,58.6128,6,160.21,105101,155.046,1.02737,227.159,3353.01,27,58,4,31,0.429742,123085,182.847,198.693,1.17264,124.467,135.551,102.35,91.7051,50.71051035,57.80568966,13.53432298,14.1337037,83.08977032,95.84258065,0.807753834,5.633908329,0.867768595
1202_TME10-3_30x_Str_08B_xyz-5831-14575-149,TME10-3,D2,Female,CPc,CPc_i,80.1106,67.8665,5,108.36,60331.7,125.994,1.02669,176.04,2410.62,24,53,5,29,0.493056,73318.4,136.212,148.34,1.22019,116.471,125.918,77.6282,92.604,40.34254255,45.47830189,13.43618123,14.03166667,62.60987606,71.50310345,0.788344492,5.000299907,0.921956296
1203_TME10-3_30x_Str_08B_xyz-5935-16654-157,TME10-3,D1,Female,CPc,CPc_i,69.4328,63.4918,5,104.66,52186.2,121.651,1.0318,197.11,2268.85,22,50,6,28,0.408081,62268.5,147.965,153.74,1.21381,125.227,126.537,97.5865,86.073,39.0489569,45.371,12.95720811,13.40454545,59.54961666,70.4875,0.793889654,5.167762661,0.84
1204_TME10-3_30x_Str_08B_xyz-6014-17365-151,TME10-3,D2,Female,CPc,CPc_i,68.0688,59.7125,6,99.49,51916.7,120.002,1.02611,183.59,2047.72,18,41,5,23,0.385185,62442.6,146.972,84.2106,1.18213,122.248,126.707,81.7322,69.3189,43.64551373,49.93878049,12.86530894,13.95555556,67.73436965,78.09956522,0.814789753,5.900425224,0.8432
1205_TME10-3_30x_Str_08B_xyz-6041-14907-267,TME10-3,D2,Female,CPc,CPc_i,76.0455,65.4758,7,127.63,67869.3,145.951,1.02571,213.68,2707.59,26,58,6,32,0.493162,81817.5,167.629,155.861,1.17898,121.332,126.203,98.1203,86.893,41.47746633,46.67775862,12.58856266,12.92923077,64.94970056,74.0984375,0.794382949,5.18314844,0.85467128
1207_TME10-3_30x_Str_08B_xyz-6114-15940-244,TME10-3,D1,Female,CPc,CPc_i,79.0653,60.593,5,92.03,84321.4,143.983,1.01985,195.75,2740.17,28,62,6,34,0.395833,100814,169.049,168.988,1.23039,108.551,126.956,89.0173,79.3496,39.87257572,44.19129032,15.82019971,16.77928571,59.68041478,66.76588235,0.816443725,5.966394397,0.808641975
1208_TME10-3_30x_Str_08B_xyz-6304-16475-451,TME10-3,D2,Female,CPc,CPc_i,74.6106,70.8873,5,78.65,62709.4,147.36,1.02122,201.341,2707.05,32,71,7,39,0.459722,76287.4,159.653,148.91,1.22273,121.456,127.594,88.1671,101.168,33.93849332,38.12267606,12.33562199,12.724375,51.66392621,58.96230769,0.766462572,4.425239111,0.839976205
1209_TME10-3_30x_Str_08B_xyz-6322-14741-355,TME10-3,D2,Female,CPc,CPc_i,75.7378,61.2736,6,149.34,105327,148.369,1.02763,188.28,3691.34,31,68,6,37,0.408525,127266,170.689,212.579,1.196,116.356,130.406,94.1879,84.8612,46.89624897,54.27985294,14.23488791,14.99193548,74.26117309,87.19675676,0.79289863,5.137099714,0.790927022
1210_TME10-3_30x_Str_08B_xyz-6400-14016-287,TME10-3,D1,Female,CPc,CPc_i,72.4198,63.3635,5,126.22,72692,151.789,1.02333,235.781,2747.49,22,50,6,28,0.45202,87613.6,173.389,164.252,1.21594,117.466,122.242,77.1015,73.6214,48.54178353,54.9446,20.87249755,21.69727273,70.28193681,81.0675,0.809689866,5.705052444,0.864444444
1211_TME10-3_30x_Str_08B_xyz-6433-14693-392,TME10-3,D2,Female,CPc,CPc_i,72.6516,50.4649,6,96.19,69951.1,161.436,1.02504,211.623,2761.72,28,61,5,33,0.426576,87111.6,197.844,172.299,1.22321,123.659,134.134,86.5996,97.3508,40.0194228,45.26901639,12.4503989,13.46428571,63.41132187,72.25484848,0.808071367,5.645467075,0.689795918
1212_TME10-3_30x_Str_08B_xyz-6576-15187-176,TME10-3,D1,Female,CPc,CPc_i,73.3385,64.2159,4,104.84,62796.9,122.04,1.03167,194.038,2481.13,20,46,6,26,0.5,76014.7,159.221,172.974,1.18756,124.896,126.539,93.6924,88.6857,45.95439196,53.93282609,14.04986685,14.587,70.49633436,84.19884615,0.789735339,5.041378501,0.869897959
1213_TME10-3_30x_Str_09B_xyz-4009-11009-175,TME10-3,D1,Female,CPc,CPc_v,63.0153,70.4451,3,93.12,40528.7,177.155,1.02908,264.441,1188.94,6,14,2,8,0.333333,51735.1,259.744,151.73,1.18409,138.692,109.215,103.099,106.256,71.47895354,84.91857143,28.38674008,30.41666667,103.7981136,125.795,0.76415835,4.371568167,0.84
1214_TME10-3_30x_Str_09B_xyz-5151-16691-159,TME10-3,D2,Female,CPc,CPc_d,65.4974,57.2295,6,84.47,52101.9,145.405,1.03281,170.9,1840.9,18,40,4,22,0.316799,61630.4,161.99,127.691,1.21985,125.629,131.363,110.989,103.852,39.81620427,46.0175,14.53722252,15.66166667,60.49900752,70.85409091,0.774777364,4.62910736,0.824652778
1216_TME10-3_30x_Str_09B_xyz-5451-15518-79,TME10-3,D2,Female,CPc,CPc_i,80.6934,70.5533,5,102.66,54486.3,122.697,1.02888,196.492,2129.28,20,44,4,24,0.305,68234.1,152.387,136.543,1.24368,114.083,121.661,94.3486,93.4465,41.10292064,48.38772727,19.16329633,20.5385,59.38594091,71.59541667,0.743419863,3.936452493,0.912721893
1217_TME10-3_30x_Str_09B_xyz-5887-13411-193,TME10-3,D2,Female,CPc,CPc_i,86.7464,72.9305,5,106.78,48559,124.734,1.02688,171.724,1754.91,15,34,4,19,0.502222,61683.3,156.578,144.711,1.23684,114.719,123.94,110.536,95.2579,45.51893844,51.61,17.78823502,19.10266667,67.41159903,77.27368421,0.782184294,4.825371826,0.922902494
1218_TME10-3_30x_Str_09B_xyz-5908-16920-284,TME10-3,D1,Female,CPc,CPc_d,69.1451,55.0429,4,84.75,66435.4,145.178,1.02558,157.971,2817.41,27,61,7,34,0.365432,79781.9,175.258,118.18,1.26079,127.288,133.549,90.1119,78.241,41.1793532,46.18163934,17.14342687,18.48,60.26670647,68.18,0.822481545,6.218897885,0.781635802
1219_TME10-3_30x_Str_09B_xyz-6171-14015-112,TME10-3,D1,Female,CPc,CPc_i,82.5459,56.9834,5,96.78,57482.1,125.756,1.02536,184.61,2265.74,20,46,6,26,0.358333,69245.9,144.78,138.78,1.20376,117.38,131.234,96.9527,94.3791,43.43484538,49.25108696,15.50674656,16.3295,64.91799832,74.57538462,0.80590318,5.567380441,0.909438776
1220_TME10-3_30x_Str_09B_xyz-6244-15830-248,TME10-3,D1,Female,CPc,CPc_i,64.0883,62.7211,5,79.3,61307.2,153.111,1.0205,201.11,2488.99,26,56,4,30,0.405678,74098.7,191.233,182.869,1.32566,129.394,129.788,95.2097,92.7762,40.3648107,44.44125,17.07668147,18.37115385,60.54785603,67.03533333,0.813119144,5.835114298,0.85546875
1221_TME10-3_30x_Str_09B_xyz-6419-13939-47,TME10-3,D2,Female,CPc,CPc_i,73.0107,48.7715,6,60.08,45659.7,147.865,1.01916,168.362,1732.65,19,42,4,23,0.54812,54388.7,174.985,138.599,1.28846,121.438,130.33,85.622,101.422,37.36802465,41.24785714,14.92381553,15.82578947,55.90889306,62.24869565,0.826234195,6.38573691,0.8672
